[13:24:47] [modloading-worker-0/INFO] ========================================
[13:24:47] [modloading-worker-0/INFO] Minecraft: 26.2
[13:24:47] [modloading-worker-0/INFO] Side: client
[13:24:47] [modloading-worker-0/INFO] Development: true
[13:24:47] [modloading-worker-0/INFO] Version: 26.2.820
[13:24:47] [modloading-worker-0/INFO] Loader:
[13:24:47] [modloading-worker-0/INFO] - Forge: null
[13:24:47] [modloading-worker-0/INFO] Dependencies:
[13:24:47] [modloading-worker-0/INFO] - Cloth Config: 26.2.155
[13:24:47] [modloading-worker-0/INFO] - Architectury: 21.0.7
[13:24:47] [modloading-worker-0/INFO] Mixin: 0.8.7
[13:24:47] [modloading-worker-0/INFO] OS: Linux 7.2.6-zen2-1-zen (amd64)
[13:24:47] [modloading-worker-0/INFO] Java: 26.0.2.1 (Arch Linux)
[13:24:47] [modloading-worker-0/INFO] ========================================
[13:24:47] [modloading-worker-0/INFO] Mods:
[13:24:47] [modloading-worker-0/INFO] - architectury: 21.0.7
[13:24:47] [modloading-worker-0/INFO] - cloth_config: 26.2.155
[13:24:47] [modloading-worker-0/INFO] - geckolib: 5.5.3
[13:24:47] [modloading-worker-0/INFO] - generated_63950e6: 1
[13:24:47] [modloading-worker-0/INFO] - minecraft: 26.2
[13:24:47] [modloading-worker-0/INFO] - neoforge: 26.2.0.52-beta
[13:24:47] [modloading-worker-0/INFO] - roughlyenoughitems: 26.2.820
[13:24:47] [modloading-worker-0/INFO] - stargazer: 0.0.8.1
[13:24:47] [modloading-worker-0/INFO] - starlib: 1.0.3
[13:24:47] [modloading-worker-0/INFO] ========================================
[13:24:47] [modloading-worker-0/DEBUG] [REI] Added filtering rule [roughlyenoughitems:search]: INSTANCE
[13:24:47] [modloading-worker-0/DEBUG] [REI] Added filtering rule [roughlyenoughitems:manual]: INSTANCE
[13:24:47] [modloading-worker-0/DEBUG] [REI] Added filtering rule [roughlyenoughitems:basic]: INSTANCE
[13:24:47] [modloading-worker-0/INFO] [REI] Config loaded
[13:24:47] [modloading-worker-0/DEBUG] [REI] Config saved
[13:24:47] [modloading-worker-0/DEBUG] [REI] Config saved
[13:24:47] [modloading-worker-0/DEBUG] [REI] Config saved
[13:24:47] [modloading-worker-0/INFO] [REI] Registered plugin provider DefaultPluginImpl [roughlyenoughitems] for REICommonPlugin
[13:24:47] [modloading-worker-0/INFO] [REI] Registered plugin provider DefaultRuntimePlugin [roughlyenoughitems] for REICommonPlugin
[13:24:47] [modloading-worker-0/INFO] [REI] Registered plugin provider DefaultClientPluginImpl [roughlyenoughitems] for REIClientPlugin
[13:24:47] [modloading-worker-0/INFO] [REI] Registered plugin provider DefaultClientRuntimePlugin [roughlyenoughitems] for REIClientPlugin
[13:24:47] [modloading-worker-0/DEBUG] [REI] Added filtering rule [roughlyenoughitems:hidden_from_recipe_viewers]: INSTANCE
[13:24:47] [modloading-worker-0/INFO] [REI] Registered plugin provider HideIngredientsFromTagsPlugin [roughlyenoughitems] for REIClientPlugin
[13:25:01] [Worker-Main-3/DEBUG] [REI] Processed 2 tags in 63.62 μs for minecraft:potion
[13:25:01] [Worker-Main-3/DEBUG] [REI] Processed 10 tags in 25.62 μs for minecraft:fluid
[13:25:01] [Worker-Main-3/DEBUG] [REI] Processed 3 tags in 21.20 μs for minecraft:point_of_interest_type
[13:25:01] [Worker-Main-3/DEBUG] [REI] Processed 53 tags in 104.6 μs for minecraft:entity_type
[13:25:01] [Worker-Main-3/DEBUG] [REI] Processed 389 tags in 1.430 ms for minecraft:block
[13:25:01] [Worker-Main-3/DEBUG] [REI] Processed 505 tags in 1.169 ms for minecraft:item
[13:25:01] [Worker-Main-3/DEBUG] [REI] Processed 5 tags in 43.47 μs for minecraft:game_event
[13:25:02] [Render thread/DEBUG] [REI] Player quit, clearing reload tasks!
[13:25:02] [Render thread/DEBUG] [REI] Did not fulfill the request of termination of REI reload tasks because there are no uninterrupted running tasks. This is not an error.
[13:25:03] [Render thread/DEBUG] [REI] Starting Reload Plugins of stage START
java.lang.Throwable
	at TRANSFORMER/roughlyenoughitems@26.2.820/me.shedaniel.rei.impl.common.plugins.ReloadManagerImpl.reloadPlugins(ReloadManagerImpl.java:110)
	at TRANSFORMER/roughlyenoughitems@26.2.820/me.shedaniel.rei.RoughlyEnoughItemsCoreClient.reloadPlugins(RoughlyEnoughItemsCoreClient.java:532)
	at TRANSFORMER/roughlyenoughitems@26.2.820/me.shedaniel.rei.RoughlyEnoughItemsCoreClient.lambda$registerEvents$0(RoughlyEnoughItemsCoreClient.java:342)
	at TRANSFORMER/minecraft@26.2/net.minecraft.client.multiplayer.ClientPacketListener.handler$zzc000$roughlyenoughitems$handleUpdateRecipes(ClientPacketListener.java:2999)
	at TRANSFORMER/minecraft@26.2/net.minecraft.client.multiplayer.ClientPacketListener.handleUpdateRecipes(ClientPacketListener.java)
	at TRANSFORMER/minecraft@26.2/net.minecraft.network.protocol.game.ClientboundUpdateRecipesPacket.handle(ClientboundUpdateRecipesPacket.java:32)
	at TRANSFORMER/minecraft@26.2/net.minecraft.network.protocol.game.ClientboundUpdateRecipesPacket.handle(ClientboundUpdateRecipesPacket.java:15)
	at TRANSFORMER/minecraft@26.2/net.minecraft.network.PacketProcessor$ListenerAndPacket.handle(PacketProcessor.java:66)
	at TRANSFORMER/minecraft@26.2/net.minecraft.network.PacketProcessor.processQueuedPackets(PacketProcessor.java:52)
	at TRANSFORMER/minecraft@26.2/net.minecraft.client.Minecraft.runTick(Minecraft.java:1191)
	at TRANSFORMER/minecraft@26.2/net.minecraft.client.Minecraft.run(Minecraft.java:928)
	at TRANSFORMER/minecraft@26.2/net.minecraft.client.main.Main.main(Main.java:294)
	at net.neoforged.fml.startup.Client.main(Client.java:19)
	at net.fabricmc.devlaunchinjector.Main.main(Main.java:86)
	at dev.architectury.transformer.TransformerRuntime.main(TransformerRuntime.java:220)
[13:25:03] [Render thread/DEBUG] [REI] Starting Reload Plugins of stage END
java.lang.Throwable
	at TRANSFORMER/roughlyenoughitems@26.2.820/me.shedaniel.rei.impl.common.plugins.ReloadManagerImpl.reloadPlugins(ReloadManagerImpl.java:110)
	at TRANSFORMER/roughlyenoughitems@26.2.820/me.shedaniel.rei.RoughlyEnoughItemsCoreClient.reloadPlugins(RoughlyEnoughItemsCoreClient.java:532)
	at TRANSFORMER/roughlyenoughitems@26.2.820/me.shedaniel.rei.RoughlyEnoughItemsCoreClient.reloadPlugins(RoughlyEnoughItemsCoreClient.java:519)
	at TRANSFORMER/roughlyenoughitems@26.2.820/me.shedaniel.rei.RoughlyEnoughItemsCoreClient.lambda$registerEvents$1(RoughlyEnoughItemsCoreClient.java:345)
	at TRANSFORMER/minecraft@26.2/net.minecraft.client.multiplayer.ClientPacketListener.handler$zbm001$architectury$handleUpdateRecipes(ClientPacketListener.java:3511)
	at TRANSFORMER/minecraft@26.2/net.minecraft.client.multiplayer.ClientPacketListener.handleUpdateRecipes(ClientPacketListener.java:1716)
	at TRANSFORMER/minecraft@26.2/net.minecraft.network.protocol.game.ClientboundUpdateRecipesPacket.handle(ClientboundUpdateRecipesPacket.java:32)
	at TRANSFORMER/minecraft@26.2/net.minecraft.network.protocol.game.ClientboundUpdateRecipesPacket.handle(ClientboundUpdateRecipesPacket.java:15)
	at TRANSFORMER/minecraft@26.2/net.minecraft.network.PacketProcessor$ListenerAndPacket.handle(PacketProcessor.java:66)
	at TRANSFORMER/minecraft@26.2/net.minecraft.network.PacketProcessor.processQueuedPackets(PacketProcessor.java:52)
	at TRANSFORMER/minecraft@26.2/net.minecraft.client.Minecraft.runTick(Minecraft.java:1191)
	at TRANSFORMER/minecraft@26.2/net.minecraft.client.Minecraft.run(Minecraft.java:928)
	at TRANSFORMER/minecraft@26.2/net.minecraft.client.main.Main.main(Main.java:294)
	at net.neoforged.fml.startup.Client.main(Client.java:19)
	at net.fabricmc.devlaunchinjector.Main.main(Main.java:86)
	at dev.architectury.transformer.TransformerRuntime.main(TransformerRuntime.java:220)
[13:25:03] [Render thread/WARN] [REI] Found 1 existing reload task(s) after trying to terminate them!
[13:25:03] [REI-ReloadPlugins/DEBUG] [REI] ========================================
[13:25:03] [REI-ReloadPlugins/DEBUG] [REI] REICommonPlugin starting pre-reload for START.
[13:25:03] [REI-ReloadPlugins/DEBUG] [REI] Reloadables (9):
[13:25:03] [REI-ReloadPlugins/DEBUG] [REI]  - SlotAccessorRegistryImpl
[13:25:03] [REI-ReloadPlugins/DEBUG] [REI]  - EntryTypeRegistryImpl
[13:25:03] [REI-ReloadPlugins/DEBUG] [REI]  - EntrySettingsAdapterRegistryImpl
[13:25:03] [REI-ReloadPlugins/DEBUG] [REI]  - ItemComparatorRegistryImpl
[13:25:03] [REI-ReloadPlugins/DEBUG] [REI]  - FluidComparatorRegistryImpl
[13:25:03] [REI-ReloadPlugins/DEBUG] [REI]  - DisplaySerializerRegistryImpl
[13:25:03] [REI-ReloadPlugins/DEBUG] [REI]  - ServerDisplayRegistryImpl
[13:25:03] [REI-ReloadPlugins/DEBUG] [REI]  - FluidSupportProviderImpl
[13:25:03] [REI-ReloadPlugins/DEBUG] [REI]  - me.shedaniel.rei.plugin.client.runtime.PluginStageExecutionWatcher$1
[13:25:03] [REI-ReloadPlugins/DEBUG] [REI] Plugins (2):
[13:25:03] [REI-ReloadPlugins/DEBUG] [REI]  - (-100.00) DefaultPluginImpl of DefaultPluginImpl [roughlyenoughitems]
[13:25:03] [REI-ReloadPlugins/DEBUG] [REI]  - (0.00) DefaultRuntimePlugin of DefaultRuntimePlugin [roughlyenoughitems]
[13:25:03] [REI-ReloadPlugins/DEBUG] [REI] ========================================
[13:25:03] [REI-ReloadPlugins/TRACE] [REI] [REICommonPlugin START] Reloading Section: "pre-register/"
[13:25:03] [REI-ReloadPlugins/TRACE] [REI] [REICommonPlugin START] Reloading Section: "pre-register/DefaultPluginImpl of DefaultPluginImpl [roughlyenoughitems]/"
[13:25:03] [REI-ReloadPlugins/TRACE] [REI] [REICommonPlugin START] Reloading Section: "pre-register/DefaultPluginImpl of DefaultPluginImpl [roughlyenoughitems]/" done in 600.3 μs
[13:25:03] [REI-ReloadPlugins/TRACE] [REI] [REICommonPlugin START] Reloading Section: "pre-register/DefaultRuntimePlugin of DefaultRuntimePlugin [roughlyenoughitems]/"
[13:25:03] [REI-ReloadPlugins/TRACE] [REI] [REICommonPlugin START] Reloading Section: "pre-register/DefaultRuntimePlugin of DefaultRuntimePlugin [roughlyenoughitems]/" done in 35.55 μs
[13:25:03] [REI-ReloadPlugins/TRACE] [REI] [REICommonPlugin START] Reloading Section: "pre-register/" done in 5.891 ms
[13:25:03] [REI-ReloadPlugins/TRACE] [REI] [REICommonPlugin START] Reloading Section: "pre-stage/"
[13:25:03] [REI-ReloadPlugins/TRACE] [REI] [REICommonPlugin START] Reloading Section: "pre-stage/SlotAccessorRegistryImpl/"
[13:25:03] [REI-ReloadPlugins/TRACE] [REI] [REICommonPlugin START] Reloading Section: "pre-stage/SlotAccessorRegistryImpl/" done in 117.6 μs
[13:25:03] [REI-ReloadPlugins/TRACE] [REI] [REICommonPlugin START] Reloading Section: "pre-stage/EntryTypeRegistryImpl/"
[13:25:03] [REI-ReloadPlugins/TRACE] [REI] [REICommonPlugin START] Reloading Section: "pre-stage/EntryTypeRegistryImpl/" done in 19.14 μs
[13:25:03] [REI-ReloadPlugins/TRACE] [REI] [REICommonPlugin START] Reloading Section: "pre-stage/EntrySettingsAdapterRegistryImpl/"
[13:25:03] [REI-ReloadPlugins/TRACE] [REI] [REICommonPlugin START] Reloading Section: "pre-stage/EntrySettingsAdapterRegistryImpl/" done in 16.06 μs
[13:25:03] [REI-ReloadPlugins/TRACE] [REI] [REICommonPlugin START] Reloading Section: "pre-stage/ItemComparatorRegistryImpl/"
[13:25:03] [REI-ReloadPlugins/TRACE] [REI] [REICommonPlugin START] Reloading Section: "pre-stage/ItemComparatorRegistryImpl/" done in 17.35 μs
[13:25:03] [REI-ReloadPlugins/TRACE] [REI] [REICommonPlugin START] Reloading Section: "pre-stage/FluidComparatorRegistryImpl/"
[13:25:03] [REI-ReloadPlugins/TRACE] [REI] [REICommonPlugin START] Reloading Section: "pre-stage/FluidComparatorRegistryImpl/" done in 15.33 μs
[13:25:03] [REI-ReloadPlugins/TRACE] [REI] [REICommonPlugin START] Reloading Section: "pre-stage/DisplaySerializerRegistryImpl/"
[13:25:03] [REI-ReloadPlugins/TRACE] [REI] [REICommonPlugin START] Reloading Section: "pre-stage/DisplaySerializerRegistryImpl/" done in 15.29 μs
[13:25:03] [REI-ReloadPlugins/TRACE] [REI] [REICommonPlugin START] Reloading Section: "pre-stage/ServerDisplayRegistryImpl/"
[13:25:03] [REI-ReloadPlugins/TRACE] [REI] [REICommonPlugin START] Reloading Section: "pre-stage/ServerDisplayRegistryImpl/" done in 15.35 μs
[13:25:03] [REI-ReloadPlugins/TRACE] [REI] [REICommonPlugin START] Reloading Section: "pre-stage/FluidSupportProviderImpl/"
[13:25:03] [REI-ReloadPlugins/TRACE] [REI] [REICommonPlugin START] Reloading Section: "pre-stage/FluidSupportProviderImpl/" done in 15.00 μs
[13:25:03] [REI-ReloadPlugins/TRACE] [REI] [REICommonPlugin START] Reloading Section: "pre-stage/me.shedaniel.rei.plugin.client.runtime.PluginStageExecutionWatcher$1/"
[13:25:03] [REI-ReloadPlugins/TRACE] [REI] [REICommonPlugin START] Reloading Section: "pre-stage/me.shedaniel.rei.plugin.client.runtime.PluginStageExecutionWatcher$1/" done in 394.6 μs
[13:25:03] [REI-ReloadPlugins/TRACE] [REI] [REICommonPlugin START] Reloading Section: "pre-stage/" done in 976.6 μs
[13:25:03] [REI-ReloadPlugins/DEBUG] [REI] ========================================
[13:25:03] [REI-ReloadPlugins/DEBUG] [REI] REICommonPlugin finished pre-reload for START in 7.331 ms.
[13:25:03] [REI-ReloadPlugins/DEBUG] [REI] ========================================
[13:25:03] [REI-ReloadPlugins/DEBUG] [REI] ========================================
[13:25:03] [REI-ReloadPlugins/DEBUG] [REI] REIClientPlugin starting pre-reload for START.
[13:25:03] [REI-ReloadPlugins/DEBUG] [REI] Reloadables (18):
[13:25:03] [REI-ReloadPlugins/DEBUG] [REI]  - EntryRendererRegistryImpl
[13:25:03] [REI-ReloadPlugins/DEBUG] [REI]  - ViewsImpl
[13:25:03] [REI-ReloadPlugins/DEBUG] [REI]  - InputMethodRegistryImpl
[13:25:03] [REI-ReloadPlugins/DEBUG] [REI]  - SearchProviderImpl
[13:25:03] [REI-ReloadPlugins/DEBUG] [REI]  - ConfigManagerImpl
[13:25:03] [REI-ReloadPlugins/DEBUG] [REI]  - EntryRegistryImpl
[13:25:03] [REI-ReloadPlugins/DEBUG] [REI]  - CollapsibleEntryRegistryImpl
[13:25:03] [REI-ReloadPlugins/DEBUG] [REI]  - BasicFilteringRuleImpl
[13:25:03] [REI-ReloadPlugins/DEBUG] [REI]  - CategoryRegistryImpl
[13:25:03] [REI-ReloadPlugins/DEBUG] [REI]  - DisplayRegistryImpl
[13:25:03] [REI-ReloadPlugins/DEBUG] [REI]  - ScreenRegistryImpl
[13:25:03] [REI-ReloadPlugins/DEBUG] [REI]  - FavoriteEntryTypeRegistryImpl
[13:25:03] [REI-ReloadPlugins/DEBUG] [REI]  - SubsetsRegistryImpl
[13:25:03] [REI-ReloadPlugins/DEBUG] [REI]  - TransferHandlerRegistryImpl
[13:25:03] [REI-ReloadPlugins/DEBUG] [REI]  - SearchRuntime
[13:25:03] [REI-ReloadPlugins/DEBUG] [REI]  - REIRuntimeImpl
[13:25:03] [REI-ReloadPlugins/DEBUG] [REI]  - ConfigAddonRegistryImpl
[13:25:03] [REI-ReloadPlugins/DEBUG] [REI]  - me.shedaniel.rei.plugin.client.runtime.PluginStageExecutionWatcher$1
[13:25:03] [REI-ReloadPlugins/DEBUG] [REI] Plugins (3):
[13:25:03] [REI-ReloadPlugins/DEBUG] [REI]  - (-100.00) DefaultClientPluginImpl of DefaultClientPluginImpl [roughlyenoughitems]
[13:25:03] [REI-ReloadPlugins/DEBUG] [REI]  - (0.00) HideIngredientsFromTagsPlugin of HideIngredientsFromTagsPlugin [roughlyenoughitems]
[13:25:03] [REI-ReloadPlugins/DEBUG] [REI]  - (0.00) DefaultClientRuntimePlugin of DefaultClientRuntimePlugin [roughlyenoughitems]
[13:25:03] [REI-ReloadPlugins/DEBUG] [REI] ========================================
[13:25:03] [REI-ReloadPlugins/TRACE] [REI] [REIClientPlugin START] Reloading Section: "pre-register/"
[13:25:03] [REI-ReloadPlugins/TRACE] [REI] [REIClientPlugin START] Reloading Section: "pre-register/DefaultClientPluginImpl of DefaultClientPluginImpl [roughlyenoughitems]/"
[13:25:03] [REI-ReloadPlugins/TRACE] [REI] [REIClientPlugin START] Reloading Section: "pre-register/DefaultClientPluginImpl of DefaultClientPluginImpl [roughlyenoughitems]/" done in 27.88 μs
[13:25:03] [REI-ReloadPlugins/TRACE] [REI] [REIClientPlugin START] Reloading Section: "pre-register/HideIngredientsFromTagsPlugin of HideIngredientsFromTagsPlugin [roughlyenoughitems]/"
[13:25:03] [REI-ReloadPlugins/TRACE] [REI] [REIClientPlugin START] Reloading Section: "pre-register/HideIngredientsFromTagsPlugin of HideIngredientsFromTagsPlugin [roughlyenoughitems]/" done in 19.33 μs
[13:25:03] [REI-ReloadPlugins/TRACE] [REI] [REIClientPlugin START] Reloading Section: "pre-register/DefaultClientRuntimePlugin of DefaultClientRuntimePlugin [roughlyenoughitems]/"
[13:25:03] [REI-ReloadPlugins/TRACE] [REI] [REIClientPlugin START] Reloading Section: "pre-register/DefaultClientRuntimePlugin of DefaultClientRuntimePlugin [roughlyenoughitems]/" done in 17.08 μs
[13:25:03] [REI-ReloadPlugins/TRACE] [REI] [REIClientPlugin START] Reloading Section: "pre-register/" done in 207.3 μs
[13:25:03] [REI-ReloadPlugins/TRACE] [REI] [REIClientPlugin START] Reloading Section: "pre-stage/"
[13:25:03] [REI-ReloadPlugins/TRACE] [REI] [REIClientPlugin START] Reloading Section: "pre-stage/EntryRendererRegistryImpl/"
[13:25:03] [REI-ReloadPlugins/TRACE] [REI] [REIClientPlugin START] Reloading Section: "pre-stage/EntryRendererRegistryImpl/" done in 20.75 μs
[13:25:03] [REI-ReloadPlugins/TRACE] [REI] [REIClientPlugin START] Reloading Section: "pre-stage/ViewsImpl/"
[13:25:03] [REI-ReloadPlugins/TRACE] [REI] [REIClientPlugin START] Reloading Section: "pre-stage/ViewsImpl/" done in 20.94 μs
[13:25:03] [REI-ReloadPlugins/TRACE] [REI] [REIClientPlugin START] Reloading Section: "pre-stage/InputMethodRegistryImpl/"
[13:25:03] [REI-ReloadPlugins/TRACE] [REI] [REIClientPlugin START] Reloading Section: "pre-stage/InputMethodRegistryImpl/" done in 19.37 μs
[13:25:03] [REI-ReloadPlugins/TRACE] [REI] [REIClientPlugin START] Reloading Section: "pre-stage/SearchProviderImpl/"
[13:25:03] [REI-ReloadPlugins/TRACE] [REI] [REIClientPlugin START] Reloading Section: "pre-stage/SearchProviderImpl/" done in 17.14 μs
[13:25:03] [REI-ReloadPlugins/TRACE] [REI] [REIClientPlugin START] Reloading Section: "pre-stage/ConfigManagerImpl/"
[13:25:03] [REI-ReloadPlugins/TRACE] [REI] [REIClientPlugin START] Reloading Section: "pre-stage/ConfigManagerImpl/" done in 17.52 μs
[13:25:03] [REI-ReloadPlugins/TRACE] [REI] [REIClientPlugin START] Reloading Section: "pre-stage/EntryRegistryImpl/"
[13:25:03] [REI-ReloadPlugins/TRACE] [REI] [REIClientPlugin START] Reloading Section: "pre-stage/EntryRegistryImpl/" done in 16.01 μs
[13:25:03] [REI-ReloadPlugins/TRACE] [REI] [REIClientPlugin START] Reloading Section: "pre-stage/CollapsibleEntryRegistryImpl/"
[13:25:03] [REI-ReloadPlugins/TRACE] [REI] [REIClientPlugin START] Reloading Section: "pre-stage/CollapsibleEntryRegistryImpl/" done in 15.03 μs
[13:25:03] [REI-ReloadPlugins/TRACE] [REI] [REIClientPlugin START] Reloading Section: "pre-stage/BasicFilteringRuleImpl/"
[13:25:03] [REI-ReloadPlugins/TRACE] [REI] [REIClientPlugin START] Reloading Section: "pre-stage/BasicFilteringRuleImpl/" done in 14.65 μs
[13:25:03] [REI-ReloadPlugins/TRACE] [REI] [REIClientPlugin START] Reloading Section: "pre-stage/CategoryRegistryImpl/"
[13:25:03] [REI-ReloadPlugins/TRACE] [REI] [REIClientPlugin START] Reloading Section: "pre-stage/CategoryRegistryImpl/" done in 15.27 μs
[13:25:03] [REI-ReloadPlugins/TRACE] [REI] [REIClientPlugin START] Reloading Section: "pre-stage/DisplayRegistryImpl/"
[13:25:03] [REI-ReloadPlugins/TRACE] [REI] [REIClientPlugin START] Reloading Section: "pre-stage/DisplayRegistryImpl/" done in 14.03 μs
[13:25:03] [REI-ReloadPlugins/TRACE] [REI] [REIClientPlugin START] Reloading Section: "pre-stage/ScreenRegistryImpl/"
[13:25:03] [REI-ReloadPlugins/TRACE] [REI] [REIClientPlugin START] Reloading Section: "pre-stage/ScreenRegistryImpl/" done in 15.52 μs
[13:25:03] [REI-ReloadPlugins/TRACE] [REI] [REIClientPlugin START] Reloading Section: "pre-stage/FavoriteEntryTypeRegistryImpl/"
[13:25:03] [REI-ReloadPlugins/TRACE] [REI] [REIClientPlugin START] Reloading Section: "pre-stage/FavoriteEntryTypeRegistryImpl/" done in 15.02 μs
[13:25:03] [REI-ReloadPlugins/TRACE] [REI] [REIClientPlugin START] Reloading Section: "pre-stage/SubsetsRegistryImpl/"
[13:25:03] [REI-ReloadPlugins/TRACE] [REI] [REIClientPlugin START] Reloading Section: "pre-stage/SubsetsRegistryImpl/" done in 15.96 μs
[13:25:03] [REI-ReloadPlugins/TRACE] [REI] [REIClientPlugin START] Reloading Section: "pre-stage/TransferHandlerRegistryImpl/"
[13:25:03] [REI-ReloadPlugins/TRACE] [REI] [REIClientPlugin START] Reloading Section: "pre-stage/TransferHandlerRegistryImpl/" done in 15.84 μs
[13:25:03] [REI-ReloadPlugins/TRACE] [REI] [REIClientPlugin START] Reloading Section: "pre-stage/SearchRuntime/"
[13:25:03] [REI-ReloadPlugins/TRACE] [REI] [REIClientPlugin START] Reloading Section: "pre-stage/SearchRuntime/" done in 14.72 μs
[13:25:03] [REI-ReloadPlugins/TRACE] [REI] [REIClientPlugin START] Reloading Section: "pre-stage/REIRuntimeImpl/"
[13:25:03] [REI-ReloadPlugins/TRACE] [REI] [REIClientPlugin START] Reloading Section: "pre-stage/REIRuntimeImpl/" done in 24.84 μs
[13:25:03] [REI-ReloadPlugins/TRACE] [REI] [REIClientPlugin START] Reloading Section: "pre-stage/ConfigAddonRegistryImpl/"
[13:25:03] [REI-ReloadPlugins/TRACE] [REI] [REIClientPlugin START] Reloading Section: "pre-stage/ConfigAddonRegistryImpl/" done in 22.19 μs
[13:25:03] [REI-ReloadPlugins/TRACE] [REI] [REIClientPlugin START] Reloading Section: "pre-stage/me.shedaniel.rei.plugin.client.runtime.PluginStageExecutionWatcher$1/"
[13:25:03] [REI-ReloadPlugins/TRACE] [REI] [REIClientPlugin START] Reloading Section: "pre-stage/me.shedaniel.rei.plugin.client.runtime.PluginStageExecutionWatcher$1/" done in 21.81 μs
[13:25:03] [REI-ReloadPlugins/TRACE] [REI] [REIClientPlugin START] Reloading Section: "pre-stage/" done in 867.2 μs
[13:25:03] [REI-ReloadPlugins/DEBUG] [REI] ========================================
[13:25:03] [REI-ReloadPlugins/DEBUG] [REI] REIClientPlugin finished pre-reload for START in 1.124 ms.
[13:25:03] [REI-ReloadPlugins/DEBUG] [REI] ========================================
[13:25:03] [REI-ReloadPlugins/INFO] [REI] ########################################
[13:25:03] [REI-ReloadPlugins/INFO] [REI] REICommonPlugin starting main-reload for START.
[13:25:03] [REI-ReloadPlugins/DEBUG] [REI] Reloadables (9):
[13:25:03] [REI-ReloadPlugins/DEBUG] [REI]  - SlotAccessorRegistryImpl
[13:25:03] [REI-ReloadPlugins/DEBUG] [REI]  - EntryTypeRegistryImpl
[13:25:03] [REI-ReloadPlugins/DEBUG] [REI]  - EntrySettingsAdapterRegistryImpl
[13:25:03] [REI-ReloadPlugins/DEBUG] [REI]  - ItemComparatorRegistryImpl
[13:25:03] [REI-ReloadPlugins/DEBUG] [REI]  - FluidComparatorRegistryImpl
[13:25:03] [REI-ReloadPlugins/DEBUG] [REI]  - DisplaySerializerRegistryImpl
[13:25:03] [REI-ReloadPlugins/DEBUG] [REI]  - ServerDisplayRegistryImpl
[13:25:03] [REI-ReloadPlugins/DEBUG] [REI]  - FluidSupportProviderImpl
[13:25:03] [REI-ReloadPlugins/DEBUG] [REI]  - me.shedaniel.rei.plugin.client.runtime.PluginStageExecutionWatcher$1
[13:25:03] [REI-ReloadPlugins/INFO] [REI] Plugins (2):
[13:25:03] [REI-ReloadPlugins/INFO] [REI]  - (-100.00) DefaultPluginImpl of DefaultPluginImpl [roughlyenoughitems]
[13:25:03] [REI-ReloadPlugins/INFO] [REI]  - (0.00) DefaultRuntimePlugin of DefaultRuntimePlugin [roughlyenoughitems]
[13:25:03] [REI-ReloadPlugins/INFO] [REI] ########################################
[13:25:03] [REI-ReloadPlugins/TRACE] [REI] [REICommonPlugin START] Reloading Section: "start-reload/"
[13:25:03] [REI-ReloadPlugins/TRACE] [REI] [REICommonPlugin START] Reloading Section: "start-reload/SlotAccessorRegistryImpl/"
[13:25:03] [REI-ReloadPlugins/TRACE] [REI] [REICommonPlugin START] Reloading Section: "start-reload/SlotAccessorRegistryImpl/" done in 26.35 μs
[13:25:03] [REI-ReloadPlugins/TRACE] [REI] [REICommonPlugin START] Reloading Section: "start-reload/EntryTypeRegistryImpl/"
[13:25:03] [REI-ReloadPlugins/TRACE] [REI] [REICommonPlugin START] Reloading Section: "start-reload/EntryTypeRegistryImpl/" done in 40.08 μs
[13:25:03] [REI-ReloadPlugins/TRACE] [REI] [REICommonPlugin START] Reloading Section: "start-reload/EntrySettingsAdapterRegistryImpl/"
[13:25:03] [REI-ReloadPlugins/TRACE] [REI] [REICommonPlugin START] Reloading Section: "start-reload/EntrySettingsAdapterRegistryImpl/" done in 24.66 μs
[13:25:03] [REI-ReloadPlugins/TRACE] [REI] [REICommonPlugin START] Reloading Section: "start-reload/ItemComparatorRegistryImpl/"
[13:25:03] [REI-ReloadPlugins/TRACE] [REI] [REICommonPlugin START] Reloading Section: "start-reload/ItemComparatorRegistryImpl/" done in 24.47 μs
[13:25:03] [REI-ReloadPlugins/TRACE] [REI] [REICommonPlugin START] Reloading Section: "start-reload/FluidComparatorRegistryImpl/"
[13:25:03] [REI-ReloadPlugins/TRACE] [REI] [REICommonPlugin START] Reloading Section: "start-reload/FluidComparatorRegistryImpl/" done in 13.54 μs
[13:25:03] [REI-ReloadPlugins/TRACE] [REI] [REICommonPlugin START] Reloading Section: "start-reload/DisplaySerializerRegistryImpl/"
[13:25:03] [REI-ReloadPlugins/TRACE] [REI] [REICommonPlugin START] Reloading Section: "start-reload/DisplaySerializerRegistryImpl/" done in 16.77 μs
[13:25:03] [REI-ReloadPlugins/TRACE] [REI] [REICommonPlugin START] Reloading Section: "start-reload/ServerDisplayRegistryImpl/"
[13:25:03] [REI-ReloadPlugins/TRACE] [REI] [REICommonPlugin START] Reloading Section: "start-reload/ServerDisplayRegistryImpl/" done in 18.90 μs
[13:25:03] [REI-ReloadPlugins/TRACE] [REI] [REICommonPlugin START] Reloading Section: "start-reload/FluidSupportProviderImpl/"
[13:25:03] [REI-ReloadPlugins/TRACE] [REI] [REICommonPlugin START] Reloading Section: "start-reload/FluidSupportProviderImpl/" done in 20.23 μs
[13:25:03] [REI-ReloadPlugins/TRACE] [REI] [REICommonPlugin START] Reloading Section: "start-reload/me.shedaniel.rei.plugin.client.runtime.PluginStageExecutionWatcher$1/"
[13:25:03] [REI-ReloadPlugins/TRACE] [REI] [REICommonPlugin START] Reloading Section: "start-reload/me.shedaniel.rei.plugin.client.runtime.PluginStageExecutionWatcher$1/" done in 16.64 μs
[13:25:03] [REI-ReloadPlugins/TRACE] [REI] [REICommonPlugin START] Reloading Section: "start-reload/" done in 523.2 μs
[13:25:03] [REI-ReloadPlugins/DEBUG] [REI] ========================================
[13:25:03] [REI-ReloadPlugins/DEBUG] [REI] REICommonPlugin started main-reload for START.
[13:25:03] [REI-ReloadPlugins/DEBUG] [REI] ========================================
[13:25:03] [REI-ReloadPlugins/TRACE] [REI] [REICommonPlugin START] Reloading Section: "reloadable-plugin/SlotAccessorRegistryImpl/"
[13:25:03] [REI-ReloadPlugins/TRACE] [REI] [REICommonPlugin START] Reloading Section: "reloadable-plugin/SlotAccessorRegistryImpl/DefaultPluginImpl of DefaultPluginImpl [roughlyenoughitems]/"
[13:25:03] [REI-ReloadPlugins/TRACE] [REI] [REICommonPlugin START] Reloading Section: "reloadable-plugin/SlotAccessorRegistryImpl/DefaultPluginImpl of DefaultPluginImpl [roughlyenoughitems]/" done in 127.7 μs
[13:25:03] [REI-ReloadPlugins/TRACE] [REI] [REICommonPlugin START] Reloading Section: "reloadable-plugin/SlotAccessorRegistryImpl/DefaultRuntimePlugin of DefaultRuntimePlugin [roughlyenoughitems]/"
[13:25:03] [REI-ReloadPlugins/TRACE] [REI] [REICommonPlugin START] Reloading Section: "reloadable-plugin/SlotAccessorRegistryImpl/DefaultRuntimePlugin of DefaultRuntimePlugin [roughlyenoughitems]/" done in 19.53 μs
[13:25:03] [REI-ReloadPlugins/TRACE] [REI] [REICommonPlugin START] Reloading Section: "reloadable-plugin/SlotAccessorRegistryImpl/" done in 416.1 μs
[13:25:03] [REI-ReloadPlugins/TRACE] [REI] [REICommonPlugin START] Reloading Section: "reloadable-plugin/EntryTypeRegistryImpl/"
[13:25:03] [REI-ReloadPlugins/TRACE] [REI] [REICommonPlugin START] Reloading Section: "reloadable-plugin/EntryTypeRegistryImpl/DefaultPluginImpl of DefaultPluginImpl [roughlyenoughitems]/"
[13:25:03] [REI-ReloadPlugins/TRACE] [REI] [REICommonPlugin START] Reloading Section: "reloadable-plugin/EntryTypeRegistryImpl/DefaultPluginImpl of DefaultPluginImpl [roughlyenoughitems]/" done in 30.61 μs
[13:25:03] [REI-ReloadPlugins/TRACE] [REI] [REICommonPlugin START] Reloading Section: "reloadable-plugin/EntryTypeRegistryImpl/DefaultRuntimePlugin of DefaultRuntimePlugin [roughlyenoughitems]/"
[13:25:03] [REI-ReloadPlugins/TRACE] [REI] [REICommonPlugin START] Reloading Section: "reloadable-plugin/EntryTypeRegistryImpl/DefaultRuntimePlugin of DefaultRuntimePlugin [roughlyenoughitems]/" done in 4.689 ms
[13:25:03] [REI-ReloadPlugins/TRACE] [REI] [REICommonPlugin START] Reloading Section: "reloadable-plugin/EntryTypeRegistryImpl/" done in 4.898 ms
[13:25:03] [REI-ReloadPlugins/TRACE] [REI] [REICommonPlugin START] Reloading Section: "reloadable-plugin/EntrySettingsAdapterRegistryImpl/"
[13:25:03] [REI-ReloadPlugins/TRACE] [REI] [REICommonPlugin START] Reloading Section: "reloadable-plugin/EntrySettingsAdapterRegistryImpl/DefaultPluginImpl of DefaultPluginImpl [roughlyenoughitems]/"
[13:25:03] [REI-ReloadPlugins/TRACE] [REI] [REICommonPlugin START] Reloading Section: "reloadable-plugin/EntrySettingsAdapterRegistryImpl/DefaultPluginImpl of DefaultPluginImpl [roughlyenoughitems]/" done in 23.16 μs
[13:25:03] [REI-ReloadPlugins/TRACE] [REI] [REICommonPlugin START] Reloading Section: "reloadable-plugin/EntrySettingsAdapterRegistryImpl/DefaultRuntimePlugin of DefaultRuntimePlugin [roughlyenoughitems]/"
[13:25:03] [REI-ReloadPlugins/TRACE] [REI] [REICommonPlugin START] Reloading Section: "reloadable-plugin/EntrySettingsAdapterRegistryImpl/DefaultRuntimePlugin of DefaultRuntimePlugin [roughlyenoughitems]/" done in 32.66 μs
[13:25:03] [REI-ReloadPlugins/TRACE] [REI] [REICommonPlugin START] Reloading Section: "reloadable-plugin/EntrySettingsAdapterRegistryImpl/" done in 170.6 μs
[13:25:03] [REI-ReloadPlugins/TRACE] [REI] [REICommonPlugin START] Reloading Section: "reloadable-plugin/ItemComparatorRegistryImpl/"
[13:25:03] [REI-ReloadPlugins/TRACE] [REI] [REICommonPlugin START] Reloading Section: "reloadable-plugin/ItemComparatorRegistryImpl/DefaultPluginImpl of DefaultPluginImpl [roughlyenoughitems]/"
[13:25:03] [REI-ReloadPlugins/TRACE] [REI] [REICommonPlugin START] Reloading Section: "reloadable-plugin/ItemComparatorRegistryImpl/DefaultPluginImpl of DefaultPluginImpl [roughlyenoughitems]/" done in 313.8 μs
[13:25:03] [REI-ReloadPlugins/TRACE] [REI] [REICommonPlugin START] Reloading Section: "reloadable-plugin/ItemComparatorRegistryImpl/DefaultRuntimePlugin of DefaultRuntimePlugin [roughlyenoughitems]/"
[13:25:03] [REI-ReloadPlugins/TRACE] [REI] [REICommonPlugin START] Reloading Section: "reloadable-plugin/ItemComparatorRegistryImpl/DefaultRuntimePlugin of DefaultRuntimePlugin [roughlyenoughitems]/" done in 20.54 μs
[13:25:03] [REI-ReloadPlugins/TRACE] [REI] [REICommonPlugin START] Reloading Section: "reloadable-plugin/ItemComparatorRegistryImpl/" done in 433.4 μs
[13:25:03] [REI-ReloadPlugins/TRACE] [REI] [REICommonPlugin START] Reloading Section: "reloadable-plugin/FluidComparatorRegistryImpl/"
[13:25:03] [REI-ReloadPlugins/TRACE] [REI] [REICommonPlugin START] Reloading Section: "reloadable-plugin/FluidComparatorRegistryImpl/DefaultPluginImpl of DefaultPluginImpl [roughlyenoughitems]/"
[13:25:03] [REI-ReloadPlugins/TRACE] [REI] [REICommonPlugin START] Reloading Section: "reloadable-plugin/FluidComparatorRegistryImpl/DefaultPluginImpl of DefaultPluginImpl [roughlyenoughitems]/" done in 22.63 μs
[13:25:03] [REI-ReloadPlugins/TRACE] [REI] [REICommonPlugin START] Reloading Section: "reloadable-plugin/FluidComparatorRegistryImpl/DefaultRuntimePlugin of DefaultRuntimePlugin [roughlyenoughitems]/"
[13:25:03] [REI-ReloadPlugins/TRACE] [REI] [REICommonPlugin START] Reloading Section: "reloadable-plugin/FluidComparatorRegistryImpl/DefaultRuntimePlugin of DefaultRuntimePlugin [roughlyenoughitems]/" done in 16.65 μs
[13:25:03] [REI-ReloadPlugins/TRACE] [REI] [REICommonPlugin START] Reloading Section: "reloadable-plugin/FluidComparatorRegistryImpl/" done in 129.3 μs
[13:25:03] [REI-ReloadPlugins/TRACE] [REI] [REICommonPlugin START] Reloading Section: "reloadable-plugin/DisplaySerializerRegistryImpl/"
[13:25:03] [REI-ReloadPlugins/TRACE] [REI] [REICommonPlugin START] Reloading Section: "reloadable-plugin/DisplaySerializerRegistryImpl/DefaultPluginImpl of DefaultPluginImpl [roughlyenoughitems]/"
[13:25:03] [REI-ReloadPlugins/DEBUG] [REI] Added display serializer [minecraft:client/crafting/shaped] me.shedaniel.rei.api.common.display.DisplaySerializer$1@5b9b20a3
[13:25:03] [REI-ReloadPlugins/DEBUG] [REI] Added display serializer [minecraft:client/crafting/shapeless] me.shedaniel.rei.api.common.display.DisplaySerializer$1@219acf1
[13:25:03] [REI-ReloadPlugins/DEBUG] [REI] Added display serializer [minecraft:client/smelting] me.shedaniel.rei.api.common.display.DisplaySerializer$1@58c9579f
[13:25:03] [REI-ReloadPlugins/DEBUG] [REI] Added display serializer [minecraft:client/smoking] me.shedaniel.rei.api.common.display.DisplaySerializer$1@182c538e
[13:25:03] [REI-ReloadPlugins/DEBUG] [REI] Added display serializer [minecraft:client/blasting] me.shedaniel.rei.api.common.display.DisplaySerializer$1@6d6ddd2d
[13:25:03] [REI-ReloadPlugins/DEBUG] [REI] Added display serializer [minecraft:client/stone_cutting] me.shedaniel.rei.api.common.display.DisplaySerializer$1@7779a0eb
[13:25:03] [REI-ReloadPlugins/DEBUG] [REI] Added display serializer [minecraft:client/smithing] me.shedaniel.rei.api.common.display.DisplaySerializer$1@441bb38a
[13:25:03] [REI-ReloadPlugins/DEBUG] [REI] Added display serializer [minecraft:default/crafting/shaped] me.shedaniel.rei.api.common.display.DisplaySerializer$1@9150693
[13:25:03] [REI-ReloadPlugins/DEBUG] [REI] Added display serializer [minecraft:default/crafting/shapeless] me.shedaniel.rei.api.common.display.DisplaySerializer$1@26f781a
[13:25:03] [REI-ReloadPlugins/DEBUG] [REI] Added display serializer [minecraft:default/crafting/custom] me.shedaniel.rei.api.common.display.DisplaySerializer$1@13701923
[13:25:03] [REI-ReloadPlugins/DEBUG] [REI] Added display serializer [minecraft:default/crafting/custom_shaped] me.shedaniel.rei.api.common.display.DisplaySerializer$1@4a01d4a9
[13:25:03] [REI-ReloadPlugins/DEBUG] [REI] Added display serializer [minecraft:default/crafting/custom_shapeless] me.shedaniel.rei.api.common.display.DisplaySerializer$1@56eae7d4
[13:25:03] [REI-ReloadPlugins/DEBUG] [REI] Added display serializer [minecraft:extension/crafting/map_extending] me.shedaniel.rei.api.common.display.DisplaySerializer$1@2a7b0ac1
[13:25:03] [REI-ReloadPlugins/DEBUG] [REI] Added display serializer [minecraft:default/smelting] me.shedaniel.rei.api.common.display.DisplaySerializer$1@b091742
[13:25:03] [REI-ReloadPlugins/DEBUG] [REI] Added display serializer [minecraft:default/smoking] me.shedaniel.rei.api.common.display.DisplaySerializer$1@8c305d9
[13:25:03] [REI-ReloadPlugins/DEBUG] [REI] Added display serializer [minecraft:default/blasting] me.shedaniel.rei.api.common.display.DisplaySerializer$1@405e6483
[13:25:03] [REI-ReloadPlugins/DEBUG] [REI] Added display serializer [minecraft:default/campfire] me.shedaniel.rei.api.common.display.DisplaySerializer$1@613210ef
[13:25:03] [REI-ReloadPlugins/DEBUG] [REI] Added display serializer [minecraft:default/stone_cutting] me.shedaniel.rei.api.common.display.DisplaySerializer$1@44a6e830
[13:25:03] [REI-ReloadPlugins/DEBUG] [REI] Added display serializer [minecraft:default/stripping] me.shedaniel.rei.api.common.display.DisplaySerializer$1@35036bbb
[13:25:03] [REI-ReloadPlugins/DEBUG] [REI] Added display serializer [minecraft:default/brewing] me.shedaniel.rei.api.common.display.DisplaySerializer$1@5fea025c
[13:25:03] [REI-ReloadPlugins/DEBUG] [REI] Added display serializer [minecraft:default/composting] me.shedaniel.rei.api.common.display.DisplaySerializer$1@155aa0ea
[13:25:03] [REI-ReloadPlugins/DEBUG] [REI] Added display serializer [minecraft:default/fuel] me.shedaniel.rei.api.common.display.DisplaySerializer$1@52617f45
[13:25:03] [REI-ReloadPlugins/DEBUG] [REI] Added display serializer [minecraft:default/smithing] me.shedaniel.rei.api.common.display.DisplaySerializer$1@49957e59
[13:25:03] [REI-ReloadPlugins/DEBUG] [REI] Added display serializer [minecraft:default/smithing/trimming] me.shedaniel.rei.api.common.display.DisplaySerializer$1@7ccd6510
[13:25:03] [REI-ReloadPlugins/DEBUG] [REI] Added display serializer [minecraft:default/anvil] me.shedaniel.rei.api.common.display.DisplaySerializer$1@7b4f21c5
[13:25:03] [REI-ReloadPlugins/DEBUG] [REI] Added display serializer [minecraft:default/beacon_base] me.shedaniel.rei.api.common.display.DisplaySerializer$1@69670981
[13:25:03] [REI-ReloadPlugins/DEBUG] [REI] Added display serializer [minecraft:default/beacon_payment] me.shedaniel.rei.api.common.display.DisplaySerializer$1@3df8969c
[13:25:03] [REI-ReloadPlugins/DEBUG] [REI] Added display serializer [minecraft:default/tilling] me.shedaniel.rei.api.common.display.DisplaySerializer$1@701fe011
[13:25:03] [REI-ReloadPlugins/DEBUG] [REI] Added display serializer [minecraft:default/pathing] me.shedaniel.rei.api.common.display.DisplaySerializer$1@4b2abe67
[13:25:03] [REI-ReloadPlugins/DEBUG] [REI] Added display serializer [minecraft:default/waxing] me.shedaniel.rei.api.common.display.DisplaySerializer$1@5128118
[13:25:03] [REI-ReloadPlugins/DEBUG] [REI] Added display serializer [minecraft:default/waxing_scraping] me.shedaniel.rei.api.common.display.DisplaySerializer$1@7a43bf12
[13:25:03] [REI-ReloadPlugins/DEBUG] [REI] Added display serializer [minecraft:default/oxidizing] me.shedaniel.rei.api.common.display.DisplaySerializer$1@534b320c
[13:25:03] [REI-ReloadPlugins/DEBUG] [REI] Added display serializer [minecraft:default/oxidizing_scraping] me.shedaniel.rei.api.common.display.DisplaySerializer$1@7c2e05a2
[13:25:03] [REI-ReloadPlugins/DEBUG] [REI] Added display serializer [roughlyenoughitems:default/information] me.shedaniel.rei.api.common.display.DisplaySerializer$1@1ea604fe
[13:25:03] [REI-ReloadPlugins/TRACE] [REI] [REICommonPlugin START] Reloading Section: "reloadable-plugin/DisplaySerializerRegistryImpl/DefaultPluginImpl of DefaultPluginImpl [roughlyenoughitems]/" done in 46.96 ms
[13:25:03] [REI-ReloadPlugins/TRACE] [REI] [REICommonPlugin START] Reloading Section: "reloadable-plugin/DisplaySerializerRegistryImpl/DefaultRuntimePlugin of DefaultRuntimePlugin [roughlyenoughitems]/"
[13:25:03] [REI-ReloadPlugins/TRACE] [REI] [REICommonPlugin START] Reloading Section: "reloadable-plugin/DisplaySerializerRegistryImpl/DefaultRuntimePlugin of DefaultRuntimePlugin [roughlyenoughitems]/" done in 39.28 μs
[13:25:03] [REI-ReloadPlugins/TRACE] [REI] [REICommonPlugin START] Reloading Section: "reloadable-plugin/DisplaySerializerRegistryImpl/" done in 47.14 ms
[13:25:03] [REI-ReloadPlugins/TRACE] [REI] [REICommonPlugin START] Reloading Section: "reloadable-plugin/ServerDisplayRegistryImpl/"
[13:25:03] [REI-ReloadPlugins/TRACE] [REI] [REICommonPlugin START] Reloading Section: "reloadable-plugin/ServerDisplayRegistryImpl/DefaultPluginImpl of DefaultPluginImpl [roughlyenoughitems]/"
[13:25:03] [REI-ReloadPlugins/TRACE] [REI] [REICommonPlugin START] Reloading Section: "reloadable-plugin/ServerDisplayRegistryImpl/DefaultPluginImpl of DefaultPluginImpl [roughlyenoughitems]/" done in 32.11 μs
[13:25:03] [REI-ReloadPlugins/TRACE] [REI] [REICommonPlugin START] Reloading Section: "reloadable-plugin/ServerDisplayRegistryImpl/DefaultRuntimePlugin of DefaultRuntimePlugin [roughlyenoughitems]/"
[13:25:03] [REI-ReloadPlugins/TRACE] [REI] [REICommonPlugin START] Reloading Section: "reloadable-plugin/ServerDisplayRegistryImpl/DefaultRuntimePlugin of DefaultRuntimePlugin [roughlyenoughitems]/" done in 22.70 μs
[13:25:03] [REI-ReloadPlugins/TRACE] [REI] [REICommonPlugin START] Reloading Section: "reloadable-plugin/ServerDisplayRegistryImpl/" done in 184.2 μs
[13:25:03] [REI-ReloadPlugins/TRACE] [REI] [REICommonPlugin START] Reloading Section: "reloadable-plugin/FluidSupportProviderImpl/"
[13:25:03] [REI-ReloadPlugins/TRACE] [REI] [REICommonPlugin START] Reloading Section: "reloadable-plugin/FluidSupportProviderImpl/DefaultPluginImpl of DefaultPluginImpl [roughlyenoughitems]/"
[13:25:03] [REI-ReloadPlugins/TRACE] [REI] [REICommonPlugin START] Reloading Section: "reloadable-plugin/FluidSupportProviderImpl/DefaultPluginImpl of DefaultPluginImpl [roughlyenoughitems]/" done in 387.0 μs
[13:25:03] [REI-ReloadPlugins/TRACE] [REI] [REICommonPlugin START] Reloading Section: "reloadable-plugin/FluidSupportProviderImpl/DefaultRuntimePlugin of DefaultRuntimePlugin [roughlyenoughitems]/"
[13:25:03] [REI-ReloadPlugins/TRACE] [REI] [REICommonPlugin START] Reloading Section: "reloadable-plugin/FluidSupportProviderImpl/DefaultRuntimePlugin of DefaultRuntimePlugin [roughlyenoughitems]/" done in 20.85 μs
[13:25:03] [REI-ReloadPlugins/TRACE] [REI] [REICommonPlugin START] Reloading Section: "reloadable-plugin/FluidSupportProviderImpl/" done in 525.8 μs
[13:25:03] [REI-ReloadPlugins/TRACE] [REI] [REICommonPlugin START] Reloading Section: "reloadable-plugin/me.shedaniel.rei.plugin.client.runtime.PluginStageExecutionWatcher$1/"
[13:25:03] [REI-ReloadPlugins/TRACE] [REI] [REICommonPlugin START] Reloading Section: "reloadable-plugin/me.shedaniel.rei.plugin.client.runtime.PluginStageExecutionWatcher$1/DefaultPluginImpl of DefaultPluginImpl [roughlyenoughitems]/"
[13:25:03] [REI-ReloadPlugins/TRACE] [REI] [REICommonPlugin START] Reloading Section: "reloadable-plugin/me.shedaniel.rei.plugin.client.runtime.PluginStageExecutionWatcher$1/DefaultPluginImpl of DefaultPluginImpl [roughlyenoughitems]/" done in 17.34 μs
[13:25:03] [REI-ReloadPlugins/TRACE] [REI] [REICommonPlugin START] Reloading Section: "reloadable-plugin/me.shedaniel.rei.plugin.client.runtime.PluginStageExecutionWatcher$1/DefaultRuntimePlugin of DefaultRuntimePlugin [roughlyenoughitems]/"
[13:25:03] [REI-ReloadPlugins/TRACE] [REI] [REICommonPlugin START] Reloading Section: "reloadable-plugin/me.shedaniel.rei.plugin.client.runtime.PluginStageExecutionWatcher$1/DefaultRuntimePlugin of DefaultRuntimePlugin [roughlyenoughitems]/" done in 16.68 μs
[13:25:03] [REI-ReloadPlugins/TRACE] [REI] [REICommonPlugin START] Reloading Section: "reloadable-plugin/me.shedaniel.rei.plugin.client.runtime.PluginStageExecutionWatcher$1/" done in 121.0 μs
[13:25:03] [REI-ReloadPlugins/DEBUG] [REI] ========================================
[13:25:03] [REI-ReloadPlugins/DEBUG] [REI] REICommonPlugin ending main-reload for START.
[13:25:03] [REI-ReloadPlugins/DEBUG] [REI] ========================================
[13:25:03] [REI-ReloadPlugins/TRACE] [REI] [REICommonPlugin START] Reloading Section: "end-reload/"
[13:25:03] [REI-ReloadPlugins/TRACE] [REI] [REICommonPlugin START] Reloading Section: "end-reload/SlotAccessorRegistryImpl/"
[13:25:03] [REI-ReloadPlugins/TRACE] [REI] [REICommonPlugin START] Reloading Section: "end-reload/SlotAccessorRegistryImpl/" done in 18.90 μs
[13:25:03] [REI-ReloadPlugins/TRACE] [REI] [REICommonPlugin START] Reloading Section: "end-reload/EntryTypeRegistryImpl/"
[13:25:03] [REI-ReloadPlugins/TRACE] [REI] [REICommonPlugin START] Reloading Section: "end-reload/EntryTypeRegistryImpl/" done in 13.68 μs
[13:25:03] [REI-ReloadPlugins/TRACE] [REI] [REICommonPlugin START] Reloading Section: "end-reload/EntrySettingsAdapterRegistryImpl/"
[13:25:03] [REI-ReloadPlugins/TRACE] [REI] [REICommonPlugin START] Reloading Section: "end-reload/EntrySettingsAdapterRegistryImpl/" done in 11.63 μs
[13:25:03] [REI-ReloadPlugins/TRACE] [REI] [REICommonPlugin START] Reloading Section: "end-reload/ItemComparatorRegistryImpl/"
[13:25:03] [REI-ReloadPlugins/TRACE] [REI] [REICommonPlugin START] Reloading Section: "end-reload/ItemComparatorRegistryImpl/" done in 12.85 μs
[13:25:03] [REI-ReloadPlugins/TRACE] [REI] [REICommonPlugin START] Reloading Section: "end-reload/FluidComparatorRegistryImpl/"
[13:25:03] [REI-ReloadPlugins/TRACE] [REI] [REICommonPlugin START] Reloading Section: "end-reload/FluidComparatorRegistryImpl/" done in 11.32 μs
[13:25:03] [REI-ReloadPlugins/TRACE] [REI] [REICommonPlugin START] Reloading Section: "end-reload/DisplaySerializerRegistryImpl/"
[13:25:03] [REI-ReloadPlugins/TRACE] [REI] [REICommonPlugin START] Reloading Section: "end-reload/DisplaySerializerRegistryImpl/" done in 10.86 μs
[13:25:03] [REI-ReloadPlugins/TRACE] [REI] [REICommonPlugin START] Reloading Section: "end-reload/ServerDisplayRegistryImpl/"
[13:25:03] [REI-ReloadPlugins/TRACE] [REI] [REICommonPlugin START] Reloading Section: "end-reload/ServerDisplayRegistryImpl/" done in 10.75 μs
[13:25:03] [REI-ReloadPlugins/TRACE] [REI] [REICommonPlugin START] Reloading Section: "end-reload/FluidSupportProviderImpl/"
[13:25:03] [REI-ReloadPlugins/TRACE] [REI] [REICommonPlugin START] Reloading Section: "end-reload/FluidSupportProviderImpl/" done in 10.33 μs
[13:25:03] [REI-ReloadPlugins/TRACE] [REI] [REICommonPlugin START] Reloading Section: "end-reload/me.shedaniel.rei.plugin.client.runtime.PluginStageExecutionWatcher$1/"
[13:25:03] [REI-ReloadPlugins/TRACE] [REI] [REICommonPlugin START] Reloading Section: "end-reload/me.shedaniel.rei.plugin.client.runtime.PluginStageExecutionWatcher$1/" done in 10.27 μs
[13:25:03] [REI-ReloadPlugins/TRACE] [REI] [REICommonPlugin START] Reloading Section: "end-reload/" done in 365.3 μs
[13:25:03] [REI-ReloadPlugins/DEBUG] [REI] ========================================
[13:25:03] [REI-ReloadPlugins/DEBUG] [REI] REICommonPlugin ended main-reload for START in 56.10 ms.
[13:25:03] [REI-ReloadPlugins/DEBUG] [REI] ========================================
[13:25:03] [REI-ReloadPlugins/INFO] [REI] OOOOOOOOOOOOOOOOOOOOOOOOOOOOOOOOOOOOOOOO
[13:25:03] [REI-ReloadPlugins/INFO] [REI] REIClientPlugin starting main-reload for START.
[13:25:03] [REI-ReloadPlugins/DEBUG] [REI] Reloadables (18):
[13:25:03] [REI-ReloadPlugins/DEBUG] [REI]  - EntryRendererRegistryImpl
[13:25:03] [REI-ReloadPlugins/DEBUG] [REI]  - ViewsImpl
[13:25:03] [REI-ReloadPlugins/DEBUG] [REI]  - InputMethodRegistryImpl
[13:25:03] [REI-ReloadPlugins/DEBUG] [REI]  - SearchProviderImpl
[13:25:03] [REI-ReloadPlugins/DEBUG] [REI]  - ConfigManagerImpl
[13:25:03] [REI-ReloadPlugins/DEBUG] [REI]  - EntryRegistryImpl
[13:25:03] [REI-ReloadPlugins/DEBUG] [REI]  - CollapsibleEntryRegistryImpl
[13:25:03] [REI-ReloadPlugins/DEBUG] [REI]  - BasicFilteringRuleImpl
[13:25:03] [REI-ReloadPlugins/DEBUG] [REI]  - CategoryRegistryImpl
[13:25:03] [REI-ReloadPlugins/DEBUG] [REI]  - DisplayRegistryImpl
[13:25:03] [REI-ReloadPlugins/DEBUG] [REI]  - ScreenRegistryImpl
[13:25:03] [REI-ReloadPlugins/DEBUG] [REI]  - FavoriteEntryTypeRegistryImpl
[13:25:03] [REI-ReloadPlugins/DEBUG] [REI]  - SubsetsRegistryImpl
[13:25:03] [REI-ReloadPlugins/DEBUG] [REI]  - TransferHandlerRegistryImpl
[13:25:03] [REI-ReloadPlugins/DEBUG] [REI]  - SearchRuntime
[13:25:03] [REI-ReloadPlugins/DEBUG] [REI]  - REIRuntimeImpl
[13:25:03] [REI-ReloadPlugins/DEBUG] [REI]  - ConfigAddonRegistryImpl
[13:25:03] [REI-ReloadPlugins/DEBUG] [REI]  - me.shedaniel.rei.plugin.client.runtime.PluginStageExecutionWatcher$1
[13:25:03] [REI-ReloadPlugins/INFO] [REI] Plugins (3):
[13:25:03] [REI-ReloadPlugins/INFO] [REI]  - (-100.00) DefaultClientPluginImpl of DefaultClientPluginImpl [roughlyenoughitems]
[13:25:03] [REI-ReloadPlugins/INFO] [REI]  - (0.00) HideIngredientsFromTagsPlugin of HideIngredientsFromTagsPlugin [roughlyenoughitems]
[13:25:03] [REI-ReloadPlugins/INFO] [REI]  - (0.00) DefaultClientRuntimePlugin of DefaultClientRuntimePlugin [roughlyenoughitems]
[13:25:03] [REI-ReloadPlugins/INFO] [REI] OOOOOOOOOOOOOOOOOOOOOOOOOOOOOOOOOOOOOOOO
[13:25:03] [REI-ReloadPlugins/TRACE] [REI] [REIClientPlugin START] Reloading Section: "start-reload/"
[13:25:03] [REI-ReloadPlugins/TRACE] [REI] [REIClientPlugin START] Reloading Section: "start-reload/EntryRendererRegistryImpl/"
[13:25:03] [REI-ReloadPlugins/TRACE] [REI] [REIClientPlugin START] Reloading Section: "start-reload/EntryRendererRegistryImpl/" done in 16.60 μs
[13:25:03] [REI-ReloadPlugins/TRACE] [REI] [REIClientPlugin START] Reloading Section: "start-reload/ViewsImpl/"
[13:25:03] [REI-ReloadPlugins/TRACE] [REI] [REIClientPlugin START] Reloading Section: "start-reload/ViewsImpl/" done in 13.10 μs
[13:25:03] [REI-ReloadPlugins/TRACE] [REI] [REIClientPlugin START] Reloading Section: "start-reload/InputMethodRegistryImpl/"
[13:25:03] [REI-ReloadPlugins/TRACE] [REI] [REIClientPlugin START] Reloading Section: "start-reload/InputMethodRegistryImpl/" done in 18.43 μs
[13:25:03] [REI-ReloadPlugins/TRACE] [REI] [REIClientPlugin START] Reloading Section: "start-reload/SearchProviderImpl/"
[13:25:03] [REI-ReloadPlugins/TRACE] [REI] [REIClientPlugin START] Reloading Section: "start-reload/SearchProviderImpl/" done in 13.28 μs
[13:25:03] [REI-ReloadPlugins/TRACE] [REI] [REIClientPlugin START] Reloading Section: "start-reload/ConfigManagerImpl/"
[13:25:03] [REI-ReloadPlugins/TRACE] [REI] [REIClientPlugin START] Reloading Section: "start-reload/ConfigManagerImpl/" done in 11.29 μs
[13:25:03] [REI-ReloadPlugins/TRACE] [REI] [REIClientPlugin START] Reloading Section: "start-reload/EntryRegistryImpl/"
[13:25:03] [REI-ReloadPlugins/TRACE] [REI] [REIClientPlugin START] Reloading Section: "start-reload/EntryRegistryImpl/" done in 33.17 μs
[13:25:03] [REI-ReloadPlugins/TRACE] [REI] [REIClientPlugin START] Reloading Section: "start-reload/CollapsibleEntryRegistryImpl/"
[13:25:03] [REI-ReloadPlugins/TRACE] [REI] [REIClientPlugin START] Reloading Section: "start-reload/CollapsibleEntryRegistryImpl/" done in 15.37 μs
[13:25:03] [REI-ReloadPlugins/TRACE] [REI] [REIClientPlugin START] Reloading Section: "start-reload/BasicFilteringRuleImpl/"
[13:25:03] [REI-ReloadPlugins/TRACE] [REI] [REIClientPlugin START] Reloading Section: "start-reload/BasicFilteringRuleImpl/" done in 24.90 μs
[13:25:03] [REI-ReloadPlugins/TRACE] [REI] [REIClientPlugin START] Reloading Section: "start-reload/CategoryRegistryImpl/"
[13:25:03] [REI-ReloadPlugins/TRACE] [REI] [REIClientPlugin START] Reloading Section: "start-reload/CategoryRegistryImpl/" done in 21.42 μs
[13:25:03] [REI-ReloadPlugins/TRACE] [REI] [REIClientPlugin START] Reloading Section: "start-reload/DisplayRegistryImpl/"
[13:25:03] [REI-ReloadPlugins/TRACE] [REI] [REIClientPlugin START] Reloading Section: "start-reload/DisplayRegistryImpl/" done in 12.42 μs
[13:25:03] [REI-ReloadPlugins/TRACE] [REI] [REIClientPlugin START] Reloading Section: "start-reload/ScreenRegistryImpl/"
[13:25:03] [REI-ReloadPlugins/DEBUG] [REI] Added overlay decider: me.shedaniel.rei.impl.client.registry.screen.ExclusionZonesImpl@4da0fc23 [-5.00 priority]
[13:25:03] [REI-ReloadPlugins/DEBUG] [REI] Added overlay decider: me.shedaniel.rei.impl.client.registry.screen.ScreenRegistryImpl$1@7a19ede2 [-10.00 priority]
[13:25:03] [REI-ReloadPlugins/DEBUG] [REI] Added overlay decider: me.shedaniel.rei.impl.client.registry.screen.ScreenRegistryImpl$2@73403145 [-10.00 priority]
[13:25:03] [REI-ReloadPlugins/DEBUG] [REI] Added overlay decider: me.shedaniel.rei.impl.client.registry.screen.ScreenRegistryImpl$3@7dd7d5d2 [-20.00 priority]
[13:25:03] [REI-ReloadPlugins/DEBUG] [REI] Added focused stack provider: me.shedaniel.rei.impl.client.registry.screen.ScreenRegistryImpl$4@1dfadf [-10.00 priority]
[13:25:03] [REI-ReloadPlugins/DEBUG] [REI] Added draggable component provider: me.shedaniel.rei.api.client.gui.drag.component.DraggableComponentProviderWidget$1@2efb226f [0.00 priority]
[13:25:03] [REI-ReloadPlugins/DEBUG] [REI] Added draggable component visitor: me.shedaniel.rei.api.client.gui.drag.component.DraggableComponentVisitorWidget$2@6020f69e [0.00 priority]
[13:25:03] [REI-ReloadPlugins/TRACE] [REI] [REIClientPlugin START] Reloading Section: "start-reload/ScreenRegistryImpl/" done in 3.730 ms
[13:25:03] [REI-ReloadPlugins/TRACE] [REI] [REIClientPlugin START] Reloading Section: "start-reload/FavoriteEntryTypeRegistryImpl/"
[13:25:03] [REI-ReloadPlugins/TRACE] [REI] [REIClientPlugin START] Reloading Section: "start-reload/FavoriteEntryTypeRegistryImpl/" done in 43.69 μs
[13:25:03] [REI-ReloadPlugins/TRACE] [REI] [REIClientPlugin START] Reloading Section: "start-reload/SubsetsRegistryImpl/"
[13:25:03] [REI-ReloadPlugins/TRACE] [REI] [REIClientPlugin START] Reloading Section: "start-reload/SubsetsRegistryImpl/" done in 18.39 μs
[13:25:03] [REI-ReloadPlugins/TRACE] [REI] [REIClientPlugin START] Reloading Section: "start-reload/TransferHandlerRegistryImpl/"
[13:25:03] [REI-ReloadPlugins/TRACE] [REI] [REIClientPlugin START] Reloading Section: "start-reload/TransferHandlerRegistryImpl/" done in 14.68 μs
[13:25:03] [REI-ReloadPlugins/TRACE] [REI] [REIClientPlugin START] Reloading Section: "start-reload/SearchRuntime/"
[13:25:03] [REI-ReloadPlugins/DEBUG] [REI] Preparing collapsed entry groups cache with 0 entries and 0 stacks
[13:25:03] [REI-ReloadPlugins/DEBUG] [REI] Prepared collapsed entry groups cache with 0 entries and 0 stacks
[13:25:03] [REI-ReloadPlugins/TRACE] [REI] [REIClientPlugin START] Reloading Section: "start-reload/SearchRuntime/" done in 1.164 ms
[13:25:03] [REI-ReloadPlugins/TRACE] [REI] [REIClientPlugin START] Reloading Section: "start-reload/REIRuntimeImpl/"
[13:25:03] [REI-ReloadPlugins/TRACE] [REI] [REIClientPlugin START] Reloading Section: "start-reload/REIRuntimeImpl/" done in 152.3 μs
[13:25:03] [REI-ReloadPlugins/TRACE] [REI] [REIClientPlugin START] Reloading Section: "start-reload/ConfigAddonRegistryImpl/"
[13:25:03] [REI-ReloadPlugins/TRACE] [REI] [REIClientPlugin START] Reloading Section: "start-reload/ConfigAddonRegistryImpl/" done in 20.74 μs
[13:25:03] [REI-ReloadPlugins/TRACE] [REI] [REIClientPlugin START] Reloading Section: "start-reload/me.shedaniel.rei.plugin.client.runtime.PluginStageExecutionWatcher$1/"
[13:25:03] [REI-ReloadPlugins/TRACE] [REI] [REIClientPlugin START] Reloading Section: "start-reload/me.shedaniel.rei.plugin.client.runtime.PluginStageExecutionWatcher$1/" done in 15.05 μs
[13:25:03] [REI-ReloadPlugins/TRACE] [REI] [REIClientPlugin START] Reloading Section: "start-reload/" done in 6.014 ms
[13:25:03] [REI-ReloadPlugins/DEBUG] [REI] ========================================
[13:25:03] [REI-ReloadPlugins/DEBUG] [REI] REIClientPlugin started main-reload for START.
[13:25:03] [REI-ReloadPlugins/DEBUG] [REI] ========================================
[13:25:03] [REI-ReloadPlugins/TRACE] [REI] [REIClientPlugin START] Reloading Section: "reloadable-plugin/EntryRendererRegistryImpl/"
[13:25:03] [REI-ReloadPlugins/TRACE] [REI] [REIClientPlugin START] Reloading Section: "reloadable-plugin/EntryRendererRegistryImpl/DefaultClientPluginImpl of DefaultClientPluginImpl [roughlyenoughitems]/"
[13:25:03] [REI-ReloadPlugins/TRACE] [REI] [REIClientPlugin START] Reloading Section: "reloadable-plugin/EntryRendererRegistryImpl/DefaultClientPluginImpl of DefaultClientPluginImpl [roughlyenoughitems]/" done in 34.17 μs
[13:25:03] [REI-ReloadPlugins/TRACE] [REI] [REIClientPlugin START] Reloading Section: "reloadable-plugin/EntryRendererRegistryImpl/HideIngredientsFromTagsPlugin of HideIngredientsFromTagsPlugin [roughlyenoughitems]/"
[13:25:03] [REI-ReloadPlugins/TRACE] [REI] [REIClientPlugin START] Reloading Section: "reloadable-plugin/EntryRendererRegistryImpl/HideIngredientsFromTagsPlugin of HideIngredientsFromTagsPlugin [roughlyenoughitems]/" done in 18.13 μs
[13:25:03] [REI-ReloadPlugins/TRACE] [REI] [REIClientPlugin START] Reloading Section: "reloadable-plugin/EntryRendererRegistryImpl/DefaultClientRuntimePlugin of DefaultClientRuntimePlugin [roughlyenoughitems]/"
[13:25:03] [REI-ReloadPlugins/TRACE] [REI] [REIClientPlugin START] Reloading Section: "reloadable-plugin/EntryRendererRegistryImpl/DefaultClientRuntimePlugin of DefaultClientRuntimePlugin [roughlyenoughitems]/" done in 15.89 μs
[13:25:03] [REI-ReloadPlugins/TRACE] [REI] [REIClientPlugin START] Reloading Section: "reloadable-plugin/EntryRendererRegistryImpl/" done in 208.5 μs
[13:25:03] [REI-ReloadPlugins/TRACE] [REI] [REIClientPlugin START] Reloading Section: "reloadable-plugin/ViewsImpl/"
[13:25:03] [REI-ReloadPlugins/TRACE] [REI] [REIClientPlugin START] Reloading Section: "reloadable-plugin/ViewsImpl/DefaultClientPluginImpl of DefaultClientPluginImpl [roughlyenoughitems]/"
[13:25:03] [REI-ReloadPlugins/TRACE] [REI] [REIClientPlugin START] Reloading Section: "reloadable-plugin/ViewsImpl/DefaultClientPluginImpl of DefaultClientPluginImpl [roughlyenoughitems]/" done in 27.93 μs
[13:25:03] [REI-ReloadPlugins/TRACE] [REI] [REIClientPlugin START] Reloading Section: "reloadable-plugin/ViewsImpl/HideIngredientsFromTagsPlugin of HideIngredientsFromTagsPlugin [roughlyenoughitems]/"
[13:25:03] [REI-ReloadPlugins/TRACE] [REI] [REIClientPlugin START] Reloading Section: "reloadable-plugin/ViewsImpl/HideIngredientsFromTagsPlugin of HideIngredientsFromTagsPlugin [roughlyenoughitems]/" done in 23.96 μs
[13:25:03] [REI-ReloadPlugins/TRACE] [REI] [REIClientPlugin START] Reloading Section: "reloadable-plugin/ViewsImpl/DefaultClientRuntimePlugin of DefaultClientRuntimePlugin [roughlyenoughitems]/"
[13:25:03] [REI-ReloadPlugins/TRACE] [REI] [REIClientPlugin START] Reloading Section: "reloadable-plugin/ViewsImpl/DefaultClientRuntimePlugin of DefaultClientRuntimePlugin [roughlyenoughitems]/" done in 23.47 μs
[13:25:03] [REI-ReloadPlugins/TRACE] [REI] [REIClientPlugin START] Reloading Section: "reloadable-plugin/ViewsImpl/" done in 226.7 μs
[13:25:03] [REI-ReloadPlugins/TRACE] [REI] [REIClientPlugin START] Reloading Section: "reloadable-plugin/InputMethodRegistryImpl/"
[13:25:03] [REI-ReloadPlugins/TRACE] [REI] [REIClientPlugin START] Reloading Section: "reloadable-plugin/InputMethodRegistryImpl/DefaultClientPluginImpl of DefaultClientPluginImpl [roughlyenoughitems]/"
[13:25:03] [REI-ReloadPlugins/TRACE] [REI] [REIClientPlugin START] Reloading Section: "reloadable-plugin/InputMethodRegistryImpl/DefaultClientPluginImpl of DefaultClientPluginImpl [roughlyenoughitems]/" done in 23.93 μs
[13:25:03] [REI-ReloadPlugins/TRACE] [REI] [REIClientPlugin START] Reloading Section: "reloadable-plugin/InputMethodRegistryImpl/HideIngredientsFromTagsPlugin of HideIngredientsFromTagsPlugin [roughlyenoughitems]/"
[13:25:03] [REI-ReloadPlugins/TRACE] [REI] [REIClientPlugin START] Reloading Section: "reloadable-plugin/InputMethodRegistryImpl/HideIngredientsFromTagsPlugin of HideIngredientsFromTagsPlugin [roughlyenoughitems]/" done in 23.89 μs
[13:25:03] [REI-ReloadPlugins/TRACE] [REI] [REIClientPlugin START] Reloading Section: "reloadable-plugin/InputMethodRegistryImpl/DefaultClientRuntimePlugin of DefaultClientRuntimePlugin [roughlyenoughitems]/"
[13:25:03] [REI-ReloadPlugins/TRACE] [REI] [REIClientPlugin START] Reloading Section: "reloadable-plugin/InputMethodRegistryImpl/DefaultClientRuntimePlugin of DefaultClientRuntimePlugin [roughlyenoughitems]/" done in 16.38 μs
[13:25:03] [REI-ReloadPlugins/TRACE] [REI] [REIClientPlugin START] Reloading Section: "reloadable-plugin/InputMethodRegistryImpl/" done in 206.0 μs
[13:25:03] [REI-ReloadPlugins/TRACE] [REI] [REIClientPlugin START] Reloading Section: "reloadable-plugin/SearchProviderImpl/"
[13:25:03] [REI-ReloadPlugins/TRACE] [REI] [REIClientPlugin START] Reloading Section: "reloadable-plugin/SearchProviderImpl/DefaultClientPluginImpl of DefaultClientPluginImpl [roughlyenoughitems]/"
[13:25:03] [REI-ReloadPlugins/TRACE] [REI] [REIClientPlugin START] Reloading Section: "reloadable-plugin/SearchProviderImpl/DefaultClientPluginImpl of DefaultClientPluginImpl [roughlyenoughitems]/" done in 25.39 μs
[13:25:03] [REI-ReloadPlugins/TRACE] [REI] [REIClientPlugin START] Reloading Section: "reloadable-plugin/SearchProviderImpl/HideIngredientsFromTagsPlugin of HideIngredientsFromTagsPlugin [roughlyenoughitems]/"
[13:25:03] [REI-ReloadPlugins/TRACE] [REI] [REIClientPlugin START] Reloading Section: "reloadable-plugin/SearchProviderImpl/HideIngredientsFromTagsPlugin of HideIngredientsFromTagsPlugin [roughlyenoughitems]/" done in 22.08 μs
[13:25:03] [REI-ReloadPlugins/TRACE] [REI] [REIClientPlugin START] Reloading Section: "reloadable-plugin/SearchProviderImpl/DefaultClientRuntimePlugin of DefaultClientRuntimePlugin [roughlyenoughitems]/"
[13:25:03] [REI-ReloadPlugins/TRACE] [REI] [REIClientPlugin START] Reloading Section: "reloadable-plugin/SearchProviderImpl/DefaultClientRuntimePlugin of DefaultClientRuntimePlugin [roughlyenoughitems]/" done in 18.25 μs
[13:25:03] [REI-ReloadPlugins/TRACE] [REI] [REIClientPlugin START] Reloading Section: "reloadable-plugin/SearchProviderImpl/" done in 180.3 μs
[13:25:03] [REI-ReloadPlugins/TRACE] [REI] [REIClientPlugin START] Reloading Section: "reloadable-plugin/ConfigManagerImpl/"
[13:25:03] [REI-ReloadPlugins/TRACE] [REI] [REIClientPlugin START] Reloading Section: "reloadable-plugin/ConfigManagerImpl/DefaultClientPluginImpl of DefaultClientPluginImpl [roughlyenoughitems]/"
[13:25:03] [REI-ReloadPlugins/TRACE] [REI] [REIClientPlugin START] Reloading Section: "reloadable-plugin/ConfigManagerImpl/DefaultClientPluginImpl of DefaultClientPluginImpl [roughlyenoughitems]/" done in 25.47 μs
[13:25:03] [REI-ReloadPlugins/TRACE] [REI] [REIClientPlugin START] Reloading Section: "reloadable-plugin/ConfigManagerImpl/HideIngredientsFromTagsPlugin of HideIngredientsFromTagsPlugin [roughlyenoughitems]/"
[13:25:03] [REI-ReloadPlugins/TRACE] [REI] [REIClientPlugin START] Reloading Section: "reloadable-plugin/ConfigManagerImpl/HideIngredientsFromTagsPlugin of HideIngredientsFromTagsPlugin [roughlyenoughitems]/" done in 21.68 μs
[13:25:03] [REI-ReloadPlugins/TRACE] [REI] [REIClientPlugin START] Reloading Section: "reloadable-plugin/ConfigManagerImpl/DefaultClientRuntimePlugin of DefaultClientRuntimePlugin [roughlyenoughitems]/"
[13:25:03] [REI-ReloadPlugins/TRACE] [REI] [REIClientPlugin START] Reloading Section: "reloadable-plugin/ConfigManagerImpl/DefaultClientRuntimePlugin of DefaultClientRuntimePlugin [roughlyenoughitems]/" done in 22.61 μs
[13:25:03] [REI-ReloadPlugins/TRACE] [REI] [REIClientPlugin START] Reloading Section: "reloadable-plugin/ConfigManagerImpl/" done in 212.3 μs
[13:25:03] [REI-ReloadPlugins/TRACE] [REI] [REIClientPlugin START] Reloading Section: "reloadable-plugin/EntryRegistryImpl/"
[13:25:03] [REI-ReloadPlugins/TRACE] [REI] [REIClientPlugin START] Reloading Section: "reloadable-plugin/EntryRegistryImpl/DefaultClientPluginImpl of DefaultClientPluginImpl [roughlyenoughitems]/"
[13:25:03] [REI-ReloadPlugins/TRACE] [REI] Registered 2182 entries from plugin DefaultClientPluginImpl
[13:25:03] [REI-ReloadPlugins/TRACE] [REI] [REIClientPlugin START] Reloading Section: "reloadable-plugin/EntryRegistryImpl/DefaultClientPluginImpl of DefaultClientPluginImpl [roughlyenoughitems]/" done in 108.5 ms
[13:25:03] [REI-ReloadPlugins/TRACE] [REI] [REIClientPlugin START] Reloading Section: "reloadable-plugin/EntryRegistryImpl/HideIngredientsFromTagsPlugin of HideIngredientsFromTagsPlugin [roughlyenoughitems]/"
[13:25:03] [REI-ReloadPlugins/TRACE] [REI] Registered 0 entries from plugin HideIngredientsFromTagsPlugin
[13:25:03] [REI-ReloadPlugins/TRACE] [REI] [REIClientPlugin START] Reloading Section: "reloadable-plugin/EntryRegistryImpl/HideIngredientsFromTagsPlugin of HideIngredientsFromTagsPlugin [roughlyenoughitems]/" done in 86.91 μs
[13:25:03] [REI-ReloadPlugins/TRACE] [REI] [REIClientPlugin START] Reloading Section: "reloadable-plugin/EntryRegistryImpl/DefaultClientRuntimePlugin of DefaultClientRuntimePlugin [roughlyenoughitems]/"
[13:25:03] [REI-ReloadPlugins/TRACE] [REI] Registered 0 entries from plugin DefaultClientRuntimePlugin
[13:25:03] [REI-ReloadPlugins/TRACE] [REI] [REIClientPlugin START] Reloading Section: "reloadable-plugin/EntryRegistryImpl/DefaultClientRuntimePlugin of DefaultClientRuntimePlugin [roughlyenoughitems]/" done in 399.0 μs
[13:25:03] [REI-ReloadPlugins/TRACE] [REI] [REIClientPlugin START] Reloading Section: "reloadable-plugin/EntryRegistryImpl/" done in 109.2 ms
[13:25:03] [REI-ReloadPlugins/TRACE] [REI] [REIClientPlugin START] Reloading Section: "reloadable-plugin/CollapsibleEntryRegistryImpl/"
[13:25:03] [REI-ReloadPlugins/TRACE] [REI] [REIClientPlugin START] Reloading Section: "reloadable-plugin/CollapsibleEntryRegistryImpl/DefaultClientPluginImpl of DefaultClientPluginImpl [roughlyenoughitems]/"
[13:25:03] [REI-ReloadPlugins/TRACE] [REI] [REIClientPlugin START] Reloading Section: "reloadable-plugin/CollapsibleEntryRegistryImpl/DefaultClientPluginImpl of DefaultClientPluginImpl [roughlyenoughitems]/" done in 26.44 μs
[13:25:03] [REI-ReloadPlugins/TRACE] [REI] [REIClientPlugin START] Reloading Section: "reloadable-plugin/CollapsibleEntryRegistryImpl/HideIngredientsFromTagsPlugin of HideIngredientsFromTagsPlugin [roughlyenoughitems]/"
[13:25:03] [REI-ReloadPlugins/TRACE] [REI] [REIClientPlugin START] Reloading Section: "reloadable-plugin/CollapsibleEntryRegistryImpl/HideIngredientsFromTagsPlugin of HideIngredientsFromTagsPlugin [roughlyenoughitems]/" done in 26.48 μs
[13:25:03] [REI-ReloadPlugins/TRACE] [REI] [REIClientPlugin START] Reloading Section: "reloadable-plugin/CollapsibleEntryRegistryImpl/DefaultClientRuntimePlugin of DefaultClientRuntimePlugin [roughlyenoughitems]/"
[13:25:03] [REI-ReloadPlugins/TRACE] [REI] [REIClientPlugin START] Reloading Section: "reloadable-plugin/CollapsibleEntryRegistryImpl/DefaultClientRuntimePlugin of DefaultClientRuntimePlugin [roughlyenoughitems]/" done in 27.20 μs
[13:25:03] [REI-ReloadPlugins/TRACE] [REI] [REIClientPlugin START] Reloading Section: "reloadable-plugin/CollapsibleEntryRegistryImpl/" done in 263.3 μs
[13:25:03] [REI-ReloadPlugins/TRACE] [REI] [REIClientPlugin START] Reloading Section: "reloadable-plugin/BasicFilteringRuleImpl/"
[13:25:03] [REI-ReloadPlugins/TRACE] [REI] [REIClientPlugin START] Reloading Section: "reloadable-plugin/BasicFilteringRuleImpl/DefaultClientPluginImpl of DefaultClientPluginImpl [roughlyenoughitems]/"
[13:25:03] [REI-ReloadPlugins/TRACE] [REI] [REIClientPlugin START] Reloading Section: "reloadable-plugin/BasicFilteringRuleImpl/DefaultClientPluginImpl of DefaultClientPluginImpl [roughlyenoughitems]/" done in 42.24 μs
[13:25:03] [REI-ReloadPlugins/TRACE] [REI] [REIClientPlugin START] Reloading Section: "reloadable-plugin/BasicFilteringRuleImpl/HideIngredientsFromTagsPlugin of HideIngredientsFromTagsPlugin [roughlyenoughitems]/"
[13:25:03] [REI-ReloadPlugins/TRACE] [REI] [REIClientPlugin START] Reloading Section: "reloadable-plugin/BasicFilteringRuleImpl/HideIngredientsFromTagsPlugin of HideIngredientsFromTagsPlugin [roughlyenoughitems]/" done in 36.34 μs
[13:25:03] [REI-ReloadPlugins/TRACE] [REI] [REIClientPlugin START] Reloading Section: "reloadable-plugin/BasicFilteringRuleImpl/DefaultClientRuntimePlugin of DefaultClientRuntimePlugin [roughlyenoughitems]/"
[13:25:03] [REI-ReloadPlugins/TRACE] [REI] [REIClientPlugin START] Reloading Section: "reloadable-plugin/BasicFilteringRuleImpl/DefaultClientRuntimePlugin of DefaultClientRuntimePlugin [roughlyenoughitems]/" done in 27.19 μs
[13:25:03] [REI-ReloadPlugins/TRACE] [REI] [REIClientPlugin START] Reloading Section: "reloadable-plugin/BasicFilteringRuleImpl/" done in 290.4 μs
[13:25:03] [REI-ReloadPlugins/TRACE] [REI] [REIClientPlugin START] Reloading Section: "reloadable-plugin/CategoryRegistryImpl/"
[13:25:03] [REI-ReloadPlugins/TRACE] [REI] [REIClientPlugin START] Reloading Section: "reloadable-plugin/CategoryRegistryImpl/DefaultClientPluginImpl of DefaultClientPluginImpl [roughlyenoughitems]/"
[13:25:03] [REI-ReloadPlugins/TRACE] [REI] [REIClientPlugin START] Reloading Section: "reloadable-plugin/CategoryRegistryImpl/DefaultClientPluginImpl of DefaultClientPluginImpl [roughlyenoughitems]/" done in 27.21 μs
[13:25:03] [REI-ReloadPlugins/TRACE] [REI] [REIClientPlugin START] Reloading Section: "reloadable-plugin/CategoryRegistryImpl/HideIngredientsFromTagsPlugin of HideIngredientsFromTagsPlugin [roughlyenoughitems]/"
[13:25:03] [REI-ReloadPlugins/TRACE] [REI] [REIClientPlugin START] Reloading Section: "reloadable-plugin/CategoryRegistryImpl/HideIngredientsFromTagsPlugin of HideIngredientsFromTagsPlugin [roughlyenoughitems]/" done in 26.64 μs
[13:25:03] [REI-ReloadPlugins/TRACE] [REI] [REIClientPlugin START] Reloading Section: "reloadable-plugin/CategoryRegistryImpl/DefaultClientRuntimePlugin of DefaultClientRuntimePlugin [roughlyenoughitems]/"
[13:25:03] [REI-ReloadPlugins/TRACE] [REI] [REIClientPlugin START] Reloading Section: "reloadable-plugin/CategoryRegistryImpl/DefaultClientRuntimePlugin of DefaultClientRuntimePlugin [roughlyenoughitems]/" done in 27.63 μs
[13:25:03] [REI-ReloadPlugins/TRACE] [REI] [REIClientPlugin START] Reloading Section: "reloadable-plugin/CategoryRegistryImpl/" done in 257.4 μs
[13:25:03] [REI-ReloadPlugins/TRACE] [REI] [REIClientPlugin START] Reloading Section: "reloadable-plugin/DisplayRegistryImpl/"
[13:25:03] [REI-ReloadPlugins/TRACE] [REI] [REIClientPlugin START] Reloading Section: "reloadable-plugin/DisplayRegistryImpl/DefaultClientPluginImpl of DefaultClientPluginImpl [roughlyenoughitems]/"
[13:25:03] [REI-ReloadPlugins/TRACE] [REI] [REIClientPlugin START] Reloading Section: "reloadable-plugin/DisplayRegistryImpl/DefaultClientPluginImpl of DefaultClientPluginImpl [roughlyenoughitems]/" done in 29.33 μs
[13:25:03] [REI-ReloadPlugins/TRACE] [REI] [REIClientPlugin START] Reloading Section: "reloadable-plugin/DisplayRegistryImpl/HideIngredientsFromTagsPlugin of HideIngredientsFromTagsPlugin [roughlyenoughitems]/"
[13:25:03] [REI-ReloadPlugins/TRACE] [REI] [REIClientPlugin START] Reloading Section: "reloadable-plugin/DisplayRegistryImpl/HideIngredientsFromTagsPlugin of HideIngredientsFromTagsPlugin [roughlyenoughitems]/" done in 22.47 μs
[13:25:03] [REI-ReloadPlugins/TRACE] [REI] [REIClientPlugin START] Reloading Section: "reloadable-plugin/DisplayRegistryImpl/DefaultClientRuntimePlugin of DefaultClientRuntimePlugin [roughlyenoughitems]/"
[13:25:03] [REI-ReloadPlugins/TRACE] [REI] [REIClientPlugin START] Reloading Section: "reloadable-plugin/DisplayRegistryImpl/DefaultClientRuntimePlugin of DefaultClientRuntimePlugin [roughlyenoughitems]/" done in 21.41 μs
[13:25:03] [REI-ReloadPlugins/TRACE] [REI] [REIClientPlugin START] Reloading Section: "reloadable-plugin/DisplayRegistryImpl/" done in 234.3 μs
[13:25:03] [REI-ReloadPlugins/TRACE] [REI] [REIClientPlugin START] Reloading Section: "reloadable-plugin/ScreenRegistryImpl/"
[13:25:03] [REI-ReloadPlugins/TRACE] [REI] [REIClientPlugin START] Reloading Section: "reloadable-plugin/ScreenRegistryImpl/DefaultClientPluginImpl of DefaultClientPluginImpl [roughlyenoughitems]/"
[13:25:03] [REI-ReloadPlugins/DEBUG] [REI] Added click area provider for net.minecraft.client.gui.screens.inventory.CraftingScreen: me.shedaniel.rei.api.client.registry.screen.SimpleClickArea$$Lambda/0x0000000057d090f0@34173246
[13:25:03] [REI-ReloadPlugins/DEBUG] [REI] Added click area provider for net.minecraft.client.gui.screens.inventory.InventoryScreen: me.shedaniel.rei.api.client.registry.screen.SimpleClickArea$$Lambda/0x0000000057d090f0@5879fee
[13:25:03] [REI-ReloadPlugins/DEBUG] [REI] Added click area provider for net.minecraft.client.gui.screens.inventory.BrewingStandScreen: me.shedaniel.rei.api.client.registry.screen.SimpleClickArea$$Lambda/0x0000000057d090f0@60ecbd63
[13:25:03] [REI-ReloadPlugins/DEBUG] [REI] Added click area provider for net.minecraft.client.gui.screens.inventory.FurnaceScreen: me.shedaniel.rei.api.client.registry.screen.SimpleClickArea$$Lambda/0x0000000057d090f0@6de4363a
[13:25:03] [REI-ReloadPlugins/DEBUG] [REI] Added click area provider for net.minecraft.client.gui.screens.inventory.SmokerScreen: me.shedaniel.rei.api.client.registry.screen.SimpleClickArea$$Lambda/0x0000000057d090f0@e2d6fa1
[13:25:03] [REI-ReloadPlugins/DEBUG] [REI] Added click area provider for net.minecraft.client.gui.screens.inventory.BlastFurnaceScreen: me.shedaniel.rei.api.client.registry.screen.SimpleClickArea$$Lambda/0x0000000057d090f0@37ecf965
[13:25:03] [REI-ReloadPlugins/DEBUG] [REI] Added exclusion zones provider: me.shedaniel.rei.plugin.client.exclusionzones.DefaultPotionEffectExclusionZones@47c890d0 for net.minecraft.client.gui.screens.inventory.InventoryScreen
[13:25:03] [REI-ReloadPlugins/DEBUG] [REI] Added exclusion zones provider: me.shedaniel.rei.plugin.client.exclusionzones.DefaultPotionEffectExclusionZones@78248e5b for net.minecraft.client.gui.screens.inventory.CreativeModeInventoryScreen
[13:25:03] [REI-ReloadPlugins/DEBUG] [REI] Added exclusion zones provider: me.shedaniel.rei.plugin.client.exclusionzones.DefaultRecipeBookExclusionZones@19458475 for net.minecraft.client.gui.screens.recipebook.RecipeUpdateListener
[13:25:03] [REI-ReloadPlugins/TRACE] [REI] [REIClientPlugin START] Reloading Section: "reloadable-plugin/ScreenRegistryImpl/DefaultClientPluginImpl of DefaultClientPluginImpl [roughlyenoughitems]/" done in 5.510 ms
[13:25:03] [REI-ReloadPlugins/TRACE] [REI] [REIClientPlugin START] Reloading Section: "reloadable-plugin/ScreenRegistryImpl/HideIngredientsFromTagsPlugin of HideIngredientsFromTagsPlugin [roughlyenoughitems]/"
[13:25:03] [REI-ReloadPlugins/TRACE] [REI] [REIClientPlugin START] Reloading Section: "reloadable-plugin/ScreenRegistryImpl/HideIngredientsFromTagsPlugin of HideIngredientsFromTagsPlugin [roughlyenoughitems]/" done in 51.29 μs
[13:25:03] [REI-ReloadPlugins/TRACE] [REI] [REIClientPlugin START] Reloading Section: "reloadable-plugin/ScreenRegistryImpl/DefaultClientRuntimePlugin of DefaultClientRuntimePlugin [roughlyenoughitems]/"
[13:25:03] [REI-ReloadPlugins/DEBUG] [REI] Added exclusion zones provider: me.shedaniel.rei.plugin.client.runtime.DefaultClientRuntimePlugin$$Lambda/0x0000000057d0a0e8@13e3edd2 for me.shedaniel.rei.impl.client.gui.screen.DefaultDisplayViewingScreen
[13:25:03] [REI-ReloadPlugins/DEBUG] [REI] Added exclusion zones provider: me.shedaniel.rei.plugin.client.runtime.DefaultClientRuntimePlugin$$Lambda/0x0000000057d0a310@e3d0abc for net.minecraft.client.gui.screens.Screen
[13:25:03] [REI-ReloadPlugins/DEBUG] [REI] Added draggable component provider: me.shedaniel.rei.api.client.gui.drag.component.DraggableComponentProviderWidget$1@11505e79 [0.00 priority]
[13:25:03] [REI-ReloadPlugins/DEBUG] [REI] Added draggable component visitor: me.shedaniel.rei.api.client.gui.drag.component.DraggableComponentVisitorWidget$2@791013f4 [0.00 priority]
[13:25:03] [REI-ReloadPlugins/TRACE] [REI] [REIClientPlugin START] Reloading Section: "reloadable-plugin/ScreenRegistryImpl/DefaultClientRuntimePlugin of DefaultClientRuntimePlugin [roughlyenoughitems]/" done in 772.5 μs
[13:25:03] [REI-ReloadPlugins/TRACE] [REI] [REIClientPlugin START] Reloading Section: "reloadable-plugin/ScreenRegistryImpl/" done in 6.601 ms
[13:25:03] [REI-ReloadPlugins/TRACE] [REI] [REIClientPlugin START] Reloading Section: "reloadable-plugin/FavoriteEntryTypeRegistryImpl/"
[13:25:03] [REI-ReloadPlugins/TRACE] [REI] [REIClientPlugin START] Reloading Section: "reloadable-plugin/FavoriteEntryTypeRegistryImpl/DefaultClientPluginImpl of DefaultClientPluginImpl [roughlyenoughitems]/"
[13:25:03] [REI-ReloadPlugins/DEBUG] [REI] Added favorite entry type [roughlyenoughitems:gamemode]: INSTANCE
[13:25:03] [REI-ReloadPlugins/DEBUG] [REI] Added favorite entry type [roughlyenoughitems:weather]: INSTANCE
[13:25:03] [REI-ReloadPlugins/DEBUG] [REI] Added favorite entry type [roughlyenoughitems:time]: INSTANCE
[13:25:03] [REI-ReloadPlugins/TRACE] [REI] [REIClientPlugin START] Reloading Section: "reloadable-plugin/FavoriteEntryTypeRegistryImpl/DefaultClientPluginImpl of DefaultClientPluginImpl [roughlyenoughitems]/" done in 7.234 ms
[13:25:03] [REI-ReloadPlugins/TRACE] [REI] [REIClientPlugin START] Reloading Section: "reloadable-plugin/FavoriteEntryTypeRegistryImpl/HideIngredientsFromTagsPlugin of HideIngredientsFromTagsPlugin [roughlyenoughitems]/"
[13:25:03] [REI-ReloadPlugins/TRACE] [REI] [REIClientPlugin START] Reloading Section: "reloadable-plugin/FavoriteEntryTypeRegistryImpl/HideIngredientsFromTagsPlugin of HideIngredientsFromTagsPlugin [roughlyenoughitems]/" done in 53.26 μs
[13:25:03] [REI-ReloadPlugins/TRACE] [REI] [REIClientPlugin START] Reloading Section: "reloadable-plugin/FavoriteEntryTypeRegistryImpl/DefaultClientRuntimePlugin of DefaultClientRuntimePlugin [roughlyenoughitems]/"
[13:25:03] [REI-ReloadPlugins/DEBUG] [REI] Added favorite entry type [roughlyenoughitems:entry_stack]: INSTANCE
[13:25:03] [REI-ReloadPlugins/DEBUG] [REI] Added favorite entry type [roughlyenoughitems:display]: INSTANCE
[13:25:03] [REI-ReloadPlugins/TRACE] [REI] [REIClientPlugin START] Reloading Section: "reloadable-plugin/FavoriteEntryTypeRegistryImpl/DefaultClientRuntimePlugin of DefaultClientRuntimePlugin [roughlyenoughitems]/" done in 1.721 ms
[13:25:03] [REI-ReloadPlugins/TRACE] [REI] [REIClientPlugin START] Reloading Section: "reloadable-plugin/FavoriteEntryTypeRegistryImpl/" done in 9.341 ms
[13:25:03] [REI-ReloadPlugins/TRACE] [REI] [REIClientPlugin START] Reloading Section: "reloadable-plugin/SubsetsRegistryImpl/"
[13:25:03] [REI-ReloadPlugins/TRACE] [REI] [REIClientPlugin START] Reloading Section: "reloadable-plugin/SubsetsRegistryImpl/DefaultClientPluginImpl of DefaultClientPluginImpl [roughlyenoughitems]/"
[13:25:03] [REI-ReloadPlugins/TRACE] [REI] [REIClientPlugin START] Reloading Section: "reloadable-plugin/SubsetsRegistryImpl/DefaultClientPluginImpl of DefaultClientPluginImpl [roughlyenoughitems]/" done in 30.83 μs
[13:25:03] [REI-ReloadPlugins/TRACE] [REI] [REIClientPlugin START] Reloading Section: "reloadable-plugin/SubsetsRegistryImpl/HideIngredientsFromTagsPlugin of HideIngredientsFromTagsPlugin [roughlyenoughitems]/"
[13:25:03] [REI-ReloadPlugins/TRACE] [REI] [REIClientPlugin START] Reloading Section: "reloadable-plugin/SubsetsRegistryImpl/HideIngredientsFromTagsPlugin of HideIngredientsFromTagsPlugin [roughlyenoughitems]/" done in 22.31 μs
[13:25:03] [REI-ReloadPlugins/TRACE] [REI] [REIClientPlugin START] Reloading Section: "reloadable-plugin/SubsetsRegistryImpl/DefaultClientRuntimePlugin of DefaultClientRuntimePlugin [roughlyenoughitems]/"
[13:25:03] [REI-ReloadPlugins/TRACE] [REI] [REIClientPlugin START] Reloading Section: "reloadable-plugin/SubsetsRegistryImpl/DefaultClientRuntimePlugin of DefaultClientRuntimePlugin [roughlyenoughitems]/" done in 19.55 μs
[13:25:03] [REI-ReloadPlugins/TRACE] [REI] [REIClientPlugin START] Reloading Section: "reloadable-plugin/SubsetsRegistryImpl/" done in 293.2 μs
[13:25:03] [REI-ReloadPlugins/TRACE] [REI] [REIClientPlugin START] Reloading Section: "reloadable-plugin/TransferHandlerRegistryImpl/"
[13:25:03] [REI-ReloadPlugins/TRACE] [REI] [REIClientPlugin START] Reloading Section: "reloadable-plugin/TransferHandlerRegistryImpl/DefaultClientPluginImpl of DefaultClientPluginImpl [roughlyenoughitems]/"
[13:25:03] [REI-ReloadPlugins/TRACE] [REI] [REIClientPlugin START] Reloading Section: "reloadable-plugin/TransferHandlerRegistryImpl/DefaultClientPluginImpl of DefaultClientPluginImpl [roughlyenoughitems]/" done in 17.90 μs
[13:25:03] [REI-ReloadPlugins/TRACE] [REI] [REIClientPlugin START] Reloading Section: "reloadable-plugin/TransferHandlerRegistryImpl/HideIngredientsFromTagsPlugin of HideIngredientsFromTagsPlugin [roughlyenoughitems]/"
[13:25:03] [REI-ReloadPlugins/TRACE] [REI] [REIClientPlugin START] Reloading Section: "reloadable-plugin/TransferHandlerRegistryImpl/HideIngredientsFromTagsPlugin of HideIngredientsFromTagsPlugin [roughlyenoughitems]/" done in 16.85 μs
[13:25:03] [REI-ReloadPlugins/TRACE] [REI] [REIClientPlugin START] Reloading Section: "reloadable-plugin/TransferHandlerRegistryImpl/DefaultClientRuntimePlugin of DefaultClientRuntimePlugin [roughlyenoughitems]/"
[13:25:03] [REI-ReloadPlugins/TRACE] [REI] [REIClientPlugin START] Reloading Section: "reloadable-plugin/TransferHandlerRegistryImpl/DefaultClientRuntimePlugin of DefaultClientRuntimePlugin [roughlyenoughitems]/" done in 15.80 μs
[13:25:03] [REI-ReloadPlugins/TRACE] [REI] [REIClientPlugin START] Reloading Section: "reloadable-plugin/TransferHandlerRegistryImpl/" done in 185.6 μs
[13:25:03] [REI-ReloadPlugins/TRACE] [REI] [REIClientPlugin START] Reloading Section: "reloadable-plugin/SearchRuntime/"
[13:25:03] [REI-ReloadPlugins/TRACE] [REI] [REIClientPlugin START] Reloading Section: "reloadable-plugin/SearchRuntime/DefaultClientPluginImpl of DefaultClientPluginImpl [roughlyenoughitems]/"
[13:25:03] [REI-ReloadPlugins/TRACE] [REI] [REIClientPlugin START] Reloading Section: "reloadable-plugin/SearchRuntime/DefaultClientPluginImpl of DefaultClientPluginImpl [roughlyenoughitems]/" done in 17.83 μs
[13:25:03] [REI-ReloadPlugins/TRACE] [REI] [REIClientPlugin START] Reloading Section: "reloadable-plugin/SearchRuntime/HideIngredientsFromTagsPlugin of HideIngredientsFromTagsPlugin [roughlyenoughitems]/"
[13:25:03] [REI-ReloadPlugins/TRACE] [REI] [REIClientPlugin START] Reloading Section: "reloadable-plugin/SearchRuntime/HideIngredientsFromTagsPlugin of HideIngredientsFromTagsPlugin [roughlyenoughitems]/" done in 15.07 μs
[13:25:03] [REI-ReloadPlugins/TRACE] [REI] [REIClientPlugin START] Reloading Section: "reloadable-plugin/SearchRuntime/DefaultClientRuntimePlugin of DefaultClientRuntimePlugin [roughlyenoughitems]/"
[13:25:03] [REI-ReloadPlugins/TRACE] [REI] [REIClientPlugin START] Reloading Section: "reloadable-plugin/SearchRuntime/DefaultClientRuntimePlugin of DefaultClientRuntimePlugin [roughlyenoughitems]/" done in 14.63 μs
[13:25:03] [REI-ReloadPlugins/TRACE] [REI] [REIClientPlugin START] Reloading Section: "reloadable-plugin/SearchRuntime/" done in 157.9 μs
[13:25:03] [REI-ReloadPlugins/TRACE] [REI] [REIClientPlugin START] Reloading Section: "reloadable-plugin/REIRuntimeImpl/"
[13:25:03] [REI-ReloadPlugins/TRACE] [REI] [REIClientPlugin START] Reloading Section: "reloadable-plugin/REIRuntimeImpl/DefaultClientPluginImpl of DefaultClientPluginImpl [roughlyenoughitems]/"
[13:25:03] [REI-ReloadPlugins/TRACE] [REI] [REIClientPlugin START] Reloading Section: "reloadable-plugin/REIRuntimeImpl/DefaultClientPluginImpl of DefaultClientPluginImpl [roughlyenoughitems]/" done in 15.87 μs
[13:25:03] [REI-ReloadPlugins/TRACE] [REI] [REIClientPlugin START] Reloading Section: "reloadable-plugin/REIRuntimeImpl/HideIngredientsFromTagsPlugin of HideIngredientsFromTagsPlugin [roughlyenoughitems]/"
[13:25:03] [REI-ReloadPlugins/TRACE] [REI] [REIClientPlugin START] Reloading Section: "reloadable-plugin/REIRuntimeImpl/HideIngredientsFromTagsPlugin of HideIngredientsFromTagsPlugin [roughlyenoughitems]/" done in 15.17 μs
[13:25:03] [REI-ReloadPlugins/TRACE] [REI] [REIClientPlugin START] Reloading Section: "reloadable-plugin/REIRuntimeImpl/DefaultClientRuntimePlugin of DefaultClientRuntimePlugin [roughlyenoughitems]/"
[13:25:03] [REI-ReloadPlugins/TRACE] [REI] [REIClientPlugin START] Reloading Section: "reloadable-plugin/REIRuntimeImpl/DefaultClientRuntimePlugin of DefaultClientRuntimePlugin [roughlyenoughitems]/" done in 20.64 μs
[13:25:03] [REI-ReloadPlugins/TRACE] [REI] [REIClientPlugin START] Reloading Section: "reloadable-plugin/REIRuntimeImpl/" done in 156.8 μs
[13:25:03] [REI-ReloadPlugins/TRACE] [REI] [REIClientPlugin START] Reloading Section: "reloadable-plugin/ConfigAddonRegistryImpl/"
[13:25:03] [REI-ReloadPlugins/TRACE] [REI] [REIClientPlugin START] Reloading Section: "reloadable-plugin/ConfigAddonRegistryImpl/DefaultClientPluginImpl of DefaultClientPluginImpl [roughlyenoughitems]/"
[13:25:03] [REI-ReloadPlugins/TRACE] [REI] [REIClientPlugin START] Reloading Section: "reloadable-plugin/ConfigAddonRegistryImpl/DefaultClientPluginImpl of DefaultClientPluginImpl [roughlyenoughitems]/" done in 15.64 μs
[13:25:03] [REI-ReloadPlugins/TRACE] [REI] [REIClientPlugin START] Reloading Section: "reloadable-plugin/ConfigAddonRegistryImpl/HideIngredientsFromTagsPlugin of HideIngredientsFromTagsPlugin [roughlyenoughitems]/"
[13:25:03] [REI-ReloadPlugins/TRACE] [REI] [REIClientPlugin START] Reloading Section: "reloadable-plugin/ConfigAddonRegistryImpl/HideIngredientsFromTagsPlugin of HideIngredientsFromTagsPlugin [roughlyenoughitems]/" done in 14.79 μs
[13:25:03] [REI-ReloadPlugins/TRACE] [REI] [REIClientPlugin START] Reloading Section: "reloadable-plugin/ConfigAddonRegistryImpl/DefaultClientRuntimePlugin of DefaultClientRuntimePlugin [roughlyenoughitems]/"
[13:25:03] [REI-ReloadPlugins/TRACE] [REI] [REIClientPlugin START] Reloading Section: "reloadable-plugin/ConfigAddonRegistryImpl/DefaultClientRuntimePlugin of DefaultClientRuntimePlugin [roughlyenoughitems]/" done in 15.51 μs
[13:25:03] [REI-ReloadPlugins/TRACE] [REI] [REIClientPlugin START] Reloading Section: "reloadable-plugin/ConfigAddonRegistryImpl/" done in 149.8 μs
[13:25:03] [REI-ReloadPlugins/TRACE] [REI] [REIClientPlugin START] Reloading Section: "reloadable-plugin/me.shedaniel.rei.plugin.client.runtime.PluginStageExecutionWatcher$1/"
[13:25:03] [REI-ReloadPlugins/TRACE] [REI] [REIClientPlugin START] Reloading Section: "reloadable-plugin/me.shedaniel.rei.plugin.client.runtime.PluginStageExecutionWatcher$1/DefaultClientPluginImpl of DefaultClientPluginImpl [roughlyenoughitems]/"
[13:25:03] [REI-ReloadPlugins/TRACE] [REI] [REIClientPlugin START] Reloading Section: "reloadable-plugin/me.shedaniel.rei.plugin.client.runtime.PluginStageExecutionWatcher$1/DefaultClientPluginImpl of DefaultClientPluginImpl [roughlyenoughitems]/" done in 17.02 μs
[13:25:03] [REI-ReloadPlugins/TRACE] [REI] [REIClientPlugin START] Reloading Section: "reloadable-plugin/me.shedaniel.rei.plugin.client.runtime.PluginStageExecutionWatcher$1/HideIngredientsFromTagsPlugin of HideIngredientsFromTagsPlugin [roughlyenoughitems]/"
[13:25:03] [REI-ReloadPlugins/TRACE] [REI] [REIClientPlugin START] Reloading Section: "reloadable-plugin/me.shedaniel.rei.plugin.client.runtime.PluginStageExecutionWatcher$1/HideIngredientsFromTagsPlugin of HideIngredientsFromTagsPlugin [roughlyenoughitems]/" done in 17.39 μs
[13:25:03] [REI-ReloadPlugins/TRACE] [REI] [REIClientPlugin START] Reloading Section: "reloadable-plugin/me.shedaniel.rei.plugin.client.runtime.PluginStageExecutionWatcher$1/DefaultClientRuntimePlugin of DefaultClientRuntimePlugin [roughlyenoughitems]/"
[13:25:03] [REI-ReloadPlugins/TRACE] [REI] [REIClientPlugin START] Reloading Section: "reloadable-plugin/me.shedaniel.rei.plugin.client.runtime.PluginStageExecutionWatcher$1/DefaultClientRuntimePlugin of DefaultClientRuntimePlugin [roughlyenoughitems]/" done in 16.41 μs
[13:25:03] [REI-ReloadPlugins/TRACE] [REI] [REIClientPlugin START] Reloading Section: "reloadable-plugin/me.shedaniel.rei.plugin.client.runtime.PluginStageExecutionWatcher$1/" done in 177.4 μs
[13:25:03] [REI-ReloadPlugins/DEBUG] [REI] ========================================
[13:25:03] [REI-ReloadPlugins/DEBUG] [REI] REIClientPlugin ending main-reload for START.
[13:25:03] [REI-ReloadPlugins/DEBUG] [REI] ========================================
[13:25:03] [REI-ReloadPlugins/TRACE] [REI] [REIClientPlugin START] Reloading Section: "end-reload/"
[13:25:03] [REI-ReloadPlugins/TRACE] [REI] [REIClientPlugin START] Reloading Section: "end-reload/EntryRendererRegistryImpl/"
[13:25:03] [REI-ReloadPlugins/TRACE] [REI] [REIClientPlugin START] Reloading Section: "end-reload/EntryRendererRegistryImpl/" done in 12.50 μs
[13:25:03] [REI-ReloadPlugins/TRACE] [REI] [REIClientPlugin START] Reloading Section: "end-reload/ViewsImpl/"
[13:25:03] [REI-ReloadPlugins/TRACE] [REI] [REIClientPlugin START] Reloading Section: "end-reload/ViewsImpl/" done in 10.56 μs
[13:25:03] [REI-ReloadPlugins/TRACE] [REI] [REIClientPlugin START] Reloading Section: "end-reload/InputMethodRegistryImpl/"
[13:25:03] [REI-ReloadPlugins/TRACE] [REI] [REIClientPlugin START] Reloading Section: "end-reload/InputMethodRegistryImpl/" done in 10.30 μs
[13:25:03] [REI-ReloadPlugins/TRACE] [REI] [REIClientPlugin START] Reloading Section: "end-reload/SearchProviderImpl/"
[13:25:03] [REI-ReloadPlugins/TRACE] [REI] [REIClientPlugin START] Reloading Section: "end-reload/SearchProviderImpl/" done in 9.879 μs
[13:25:03] [REI-ReloadPlugins/TRACE] [REI] [REIClientPlugin START] Reloading Section: "end-reload/ConfigManagerImpl/"
[13:25:03] [REI-ReloadPlugins/TRACE] [REI] [REIClientPlugin START] Reloading Section: "end-reload/ConfigManagerImpl/" done in 10.11 μs
[13:25:03] [REI-ReloadPlugins/TRACE] [REI] [REIClientPlugin START] Reloading Section: "end-reload/EntryRegistryImpl/"
[13:25:03] [REI-ReloadPlugins/DEBUG] [REI] Config saved
[13:25:03] [REI-ReloadPlugins/DEBUG] [REI] Refiltered rule [INSTANCE] in 5.333 ms.
[13:25:03] [REI-ReloadPlugins/DEBUG] [REI] Refiltered rule [INSTANCE] in 2.217 ms.
[13:25:03] [REI-ReloadPlugins/DEBUG] [REI] Refiltered rule [INSTANCE] in 7.142 ms.
[13:25:03] [REI-ReloadPlugins/DEBUG] [REI] Refiltered 2182 entries with 3 rules in 44.69 ms.
[13:25:03] [REI-ReloadPlugins/DEBUG] [REI] Computed existing filtered displays with 3 rules in 5.369 ms
[13:25:03] [REI-ReloadPlugins/DEBUG] [REI] Reloaded entry registry with 2182 entries and 2181 filtered entries
[13:25:03] [REI-ReloadPlugins/TRACE] [REI] [REIClientPlugin START] Reloading Section: "end-reload/EntryRegistryImpl/" done in 59.92 ms
[13:25:03] [REI-ReloadPlugins/TRACE] [REI] [REIClientPlugin START] Reloading Section: "end-reload/CollapsibleEntryRegistryImpl/"
[13:25:03] [REI-ReloadPlugins/TRACE] [REI] [REIClientPlugin START] Reloading Section: "end-reload/CollapsibleEntryRegistryImpl/" done in 29.18 μs
[13:25:03] [REI-ReloadPlugins/TRACE] [REI] [REIClientPlugin START] Reloading Section: "end-reload/BasicFilteringRuleImpl/"
[13:25:03] [REI-ReloadPlugins/TRACE] [REI] [REIClientPlugin START] Reloading Section: "end-reload/BasicFilteringRuleImpl/" done in 18.96 μs
[13:25:03] [REI-ReloadPlugins/TRACE] [REI] [REIClientPlugin START] Reloading Section: "end-reload/CategoryRegistryImpl/"
[13:25:03] [REI-ReloadPlugins/TRACE] [REI] [REIClientPlugin START] Reloading Section: "end-reload/CategoryRegistryImpl/" done in 14.61 μs
[13:25:03] [REI-ReloadPlugins/TRACE] [REI] [REIClientPlugin START] Reloading Section: "end-reload/DisplayRegistryImpl/"
[13:25:03] [REI-ReloadPlugins/TRACE] [REI] [REIClientPlugin START] Reloading Section: "end-reload/DisplayRegistryImpl/" done in 13.03 μs
[13:25:03] [REI-ReloadPlugins/TRACE] [REI] [REIClientPlugin START] Reloading Section: "end-reload/ScreenRegistryImpl/"
[13:25:03] [REI-ReloadPlugins/DEBUG] [REI] Registered 4 overlay deciders and 5 exclusion zones
[13:25:03] [REI-ReloadPlugins/TRACE] [REI] [REIClientPlugin START] Reloading Section: "end-reload/ScreenRegistryImpl/" done in 114.2 μs
[13:25:03] [REI-ReloadPlugins/TRACE] [REI] [REIClientPlugin START] Reloading Section: "end-reload/FavoriteEntryTypeRegistryImpl/"
[13:25:03] [REI-ReloadPlugins/DEBUG] [REI] Config saved
[13:25:03] [REI-ReloadPlugins/DEBUG] [REI] Registered 5 favorite entry types
[13:25:03] [REI-ReloadPlugins/TRACE] [REI] [REIClientPlugin START] Reloading Section: "end-reload/FavoriteEntryTypeRegistryImpl/" done in 5.884 ms
[13:25:03] [REI-ReloadPlugins/TRACE] [REI] [REIClientPlugin START] Reloading Section: "end-reload/SubsetsRegistryImpl/"
[13:25:03] [REI-ReloadPlugins/TRACE] [REI] [REIClientPlugin START] Reloading Section: "end-reload/SubsetsRegistryImpl/" done in 37.69 μs
[13:25:03] [REI-ReloadPlugins/TRACE] [REI] [REIClientPlugin START] Reloading Section: "end-reload/TransferHandlerRegistryImpl/"
[13:25:03] [REI-ReloadPlugins/TRACE] [REI] [REIClientPlugin START] Reloading Section: "end-reload/TransferHandlerRegistryImpl/" done in 22.07 μs
[13:25:03] [REI-ReloadPlugins/TRACE] [REI] [REIClientPlugin START] Reloading Section: "end-reload/SearchRuntime/"
[13:25:03] [REI-ReloadPlugins/TRACE] [REI] Preparing 15274 stacks for search arguments
[13:25:04] [REI-ReloadPlugins/TRACE] [REI] Prepared 15259 / 15274 stacks for search arguments in 284ms
[13:25:04] [REI-ReloadPlugins/DEBUG] [REI] Preparing collapsed entry groups cache with 0 entries and 2182 stacks
[13:25:04] [REI-ReloadPlugins/DEBUG] [REI] Prepared collapsed entry groups cache with 0 entries and 2182 stacks
[13:25:04] [REI-ReloadPlugins/TRACE] [REI] [REIClientPlugin START] Reloading Section: "end-reload/SearchRuntime/" done in 300.4 ms
[13:25:04] [REI-ReloadPlugins/TRACE] [REI] [REIClientPlugin START] Reloading Section: "end-reload/REIRuntimeImpl/"
[13:25:04] [REI-ReloadPlugins/TRACE] [REI] [REIClientPlugin START] Reloading Section: "end-reload/REIRuntimeImpl/" done in 188.6 μs
[13:25:04] [REI-ReloadPlugins/TRACE] [REI] [REIClientPlugin START] Reloading Section: "end-reload/ConfigAddonRegistryImpl/"
[13:25:04] [REI-ReloadPlugins/TRACE] [REI] [REIClientPlugin START] Reloading Section: "end-reload/ConfigAddonRegistryImpl/" done in 28.97 μs
[13:25:04] [REI-ReloadPlugins/TRACE] [REI] [REIClientPlugin START] Reloading Section: "end-reload/me.shedaniel.rei.plugin.client.runtime.PluginStageExecutionWatcher$1/"
[13:25:04] [REI-ReloadPlugins/TRACE] [REI] [REIClientPlugin START] Reloading Section: "end-reload/me.shedaniel.rei.plugin.client.runtime.PluginStageExecutionWatcher$1/" done in 21.99 μs
[13:25:04] [REI-ReloadPlugins/TRACE] [REI] [REIClientPlugin START] Reloading Section: "end-reload/" done in 368.2 ms
[13:25:04] [REI-ReloadPlugins/DEBUG] [REI] ========================================
[13:25:04] [REI-ReloadPlugins/DEBUG] [REI] REIClientPlugin ended main-reload for START in 504.2 ms.
[13:25:04] [REI-ReloadPlugins/DEBUG] [REI] ========================================
[13:25:04] [REI-ReloadPlugins/DEBUG] [REI] ========================================
[13:25:04] [REI-ReloadPlugins/DEBUG] [REI] REICommonPlugin starting post-reload for START.
[13:25:04] [REI-ReloadPlugins/DEBUG] [REI] Reloadables (9):
[13:25:04] [REI-ReloadPlugins/DEBUG] [REI]  - SlotAccessorRegistryImpl
[13:25:04] [REI-ReloadPlugins/DEBUG] [REI]  - EntryTypeRegistryImpl
[13:25:04] [REI-ReloadPlugins/DEBUG] [REI]  - EntrySettingsAdapterRegistryImpl
[13:25:04] [REI-ReloadPlugins/DEBUG] [REI]  - ItemComparatorRegistryImpl
[13:25:04] [REI-ReloadPlugins/DEBUG] [REI]  - FluidComparatorRegistryImpl
[13:25:04] [REI-ReloadPlugins/DEBUG] [REI]  - DisplaySerializerRegistryImpl
[13:25:04] [REI-ReloadPlugins/DEBUG] [REI]  - ServerDisplayRegistryImpl
[13:25:04] [REI-ReloadPlugins/DEBUG] [REI]  - FluidSupportProviderImpl
[13:25:04] [REI-ReloadPlugins/DEBUG] [REI]  - me.shedaniel.rei.plugin.client.runtime.PluginStageExecutionWatcher$1
[13:25:04] [REI-ReloadPlugins/DEBUG] [REI] Plugins (2):
[13:25:04] [REI-ReloadPlugins/DEBUG] [REI]  - (-100.00) DefaultPluginImpl of DefaultPluginImpl [roughlyenoughitems]
[13:25:04] [REI-ReloadPlugins/DEBUG] [REI]  - (0.00) DefaultRuntimePlugin of DefaultRuntimePlugin [roughlyenoughitems]
[13:25:04] [REI-ReloadPlugins/DEBUG] [REI] ========================================
[13:25:04] [REI-ReloadPlugins/TRACE] [REI] [REICommonPlugin START] Reloading Section: "post-register/"
[13:25:04] [REI-ReloadPlugins/TRACE] [REI] [REICommonPlugin START] Reloading Section: "post-register/DefaultPluginImpl of DefaultPluginImpl [roughlyenoughitems]/"
[13:25:04] [REI-ReloadPlugins/TRACE] [REI] [REICommonPlugin START] Reloading Section: "post-register/DefaultPluginImpl of DefaultPluginImpl [roughlyenoughitems]/" done in 146.2 μs
[13:25:04] [REI-ReloadPlugins/TRACE] [REI] [REICommonPlugin START] Reloading Section: "post-register/DefaultRuntimePlugin of DefaultRuntimePlugin [roughlyenoughitems]/"
[13:25:04] [REI-ReloadPlugins/TRACE] [REI] [REICommonPlugin START] Reloading Section: "post-register/DefaultRuntimePlugin of DefaultRuntimePlugin [roughlyenoughitems]/" done in 20.44 μs
[13:25:04] [REI-ReloadPlugins/TRACE] [REI] [REICommonPlugin START] Reloading Section: "post-register/" done in 432.3 μs
[13:25:04] [REI-ReloadPlugins/TRACE] [REI] [REICommonPlugin START] Reloading Section: "post-stage/"
[13:25:04] [REI-ReloadPlugins/TRACE] [REI] [REICommonPlugin START] Reloading Section: "post-stage/SlotAccessorRegistryImpl/"
[13:25:04] [REI-ReloadPlugins/TRACE] [REI] [REICommonPlugin START] Reloading Section: "post-stage/SlotAccessorRegistryImpl/" done in 21.55 μs
[13:25:04] [REI-ReloadPlugins/TRACE] [REI] [REICommonPlugin START] Reloading Section: "post-stage/EntryTypeRegistryImpl/"
[13:25:04] [REI-ReloadPlugins/TRACE] [REI] [REICommonPlugin START] Reloading Section: "post-stage/EntryTypeRegistryImpl/" done in 13.30 μs
[13:25:04] [REI-ReloadPlugins/TRACE] [REI] [REICommonPlugin START] Reloading Section: "post-stage/EntrySettingsAdapterRegistryImpl/"
[13:25:04] [REI-ReloadPlugins/TRACE] [REI] [REICommonPlugin START] Reloading Section: "post-stage/EntrySettingsAdapterRegistryImpl/" done in 12.33 μs
[13:25:04] [REI-ReloadPlugins/TRACE] [REI] [REICommonPlugin START] Reloading Section: "post-stage/ItemComparatorRegistryImpl/"
[13:25:04] [REI-ReloadPlugins/TRACE] [REI] [REICommonPlugin START] Reloading Section: "post-stage/ItemComparatorRegistryImpl/" done in 13.85 μs
[13:25:04] [REI-ReloadPlugins/TRACE] [REI] [REICommonPlugin START] Reloading Section: "post-stage/FluidComparatorRegistryImpl/"
[13:25:04] [REI-ReloadPlugins/TRACE] [REI] [REICommonPlugin START] Reloading Section: "post-stage/FluidComparatorRegistryImpl/" done in 12.51 μs
[13:25:04] [REI-ReloadPlugins/TRACE] [REI] [REICommonPlugin START] Reloading Section: "post-stage/DisplaySerializerRegistryImpl/"
[13:25:04] [REI-ReloadPlugins/TRACE] [REI] [REICommonPlugin START] Reloading Section: "post-stage/DisplaySerializerRegistryImpl/" done in 11.76 μs
[13:25:04] [REI-ReloadPlugins/TRACE] [REI] [REICommonPlugin START] Reloading Section: "post-stage/ServerDisplayRegistryImpl/"
[13:25:04] [REI-ReloadPlugins/TRACE] [REI] [REICommonPlugin START] Reloading Section: "post-stage/ServerDisplayRegistryImpl/" done in 15.26 μs
[13:25:04] [REI-ReloadPlugins/TRACE] [REI] [REICommonPlugin START] Reloading Section: "post-stage/FluidSupportProviderImpl/"
[13:25:04] [REI-ReloadPlugins/TRACE] [REI] [REICommonPlugin START] Reloading Section: "post-stage/FluidSupportProviderImpl/" done in 12.49 μs
[13:25:04] [REI-ReloadPlugins/TRACE] [REI] [REICommonPlugin START] Reloading Section: "post-stage/me.shedaniel.rei.plugin.client.runtime.PluginStageExecutionWatcher$1/"
[13:25:04] [REI-ReloadPlugins/TRACE] [REI] [REICommonPlugin START] Reloading Section: "post-stage/me.shedaniel.rei.plugin.client.runtime.PluginStageExecutionWatcher$1/" done in 22.51 μs
[13:25:04] [REI-ReloadPlugins/TRACE] [REI] [REICommonPlugin START] Reloading Section: "post-stage/" done in 457.3 μs
[13:25:04] [REI-ReloadPlugins/DEBUG] [REI] ========================================
[13:25:04] [REI-ReloadPlugins/INFO] [REI] REICommonPlugin finished post-reload for START in 936.8 μs, totaling 64.36 ms.
[13:25:04] [REI-ReloadPlugins/DEBUG] [REI] ========================================
[13:25:04] [REI-ReloadPlugins/DEBUG] [REI] ========================================
[13:25:04] [REI-ReloadPlugins/DEBUG] [REI] REIClientPlugin starting post-reload for START.
[13:25:04] [REI-ReloadPlugins/DEBUG] [REI] Reloadables (18):
[13:25:04] [REI-ReloadPlugins/DEBUG] [REI]  - EntryRendererRegistryImpl
[13:25:04] [REI-ReloadPlugins/DEBUG] [REI]  - ViewsImpl
[13:25:04] [REI-ReloadPlugins/DEBUG] [REI]  - InputMethodRegistryImpl
[13:25:04] [REI-ReloadPlugins/DEBUG] [REI]  - SearchProviderImpl
[13:25:04] [REI-ReloadPlugins/DEBUG] [REI]  - ConfigManagerImpl
[13:25:04] [REI-ReloadPlugins/DEBUG] [REI]  - EntryRegistryImpl
[13:25:04] [REI-ReloadPlugins/DEBUG] [REI]  - CollapsibleEntryRegistryImpl
[13:25:04] [REI-ReloadPlugins/DEBUG] [REI]  - BasicFilteringRuleImpl
[13:25:04] [REI-ReloadPlugins/DEBUG] [REI]  - CategoryRegistryImpl
[13:25:04] [REI-ReloadPlugins/DEBUG] [REI]  - DisplayRegistryImpl
[13:25:04] [REI-ReloadPlugins/DEBUG] [REI]  - ScreenRegistryImpl
[13:25:04] [REI-ReloadPlugins/DEBUG] [REI]  - FavoriteEntryTypeRegistryImpl
[13:25:04] [REI-ReloadPlugins/DEBUG] [REI]  - SubsetsRegistryImpl
[13:25:04] [REI-ReloadPlugins/DEBUG] [REI]  - TransferHandlerRegistryImpl
[13:25:04] [REI-ReloadPlugins/DEBUG] [REI]  - SearchRuntime
[13:25:04] [REI-ReloadPlugins/DEBUG] [REI]  - REIRuntimeImpl
[13:25:04] [REI-ReloadPlugins/DEBUG] [REI]  - ConfigAddonRegistryImpl
[13:25:04] [REI-ReloadPlugins/DEBUG] [REI]  - me.shedaniel.rei.plugin.client.runtime.PluginStageExecutionWatcher$1
[13:25:04] [REI-ReloadPlugins/DEBUG] [REI] Plugins (3):
[13:25:04] [REI-ReloadPlugins/DEBUG] [REI]  - (-100.00) DefaultClientPluginImpl of DefaultClientPluginImpl [roughlyenoughitems]
[13:25:04] [REI-ReloadPlugins/DEBUG] [REI]  - (0.00) HideIngredientsFromTagsPlugin of HideIngredientsFromTagsPlugin [roughlyenoughitems]
[13:25:04] [REI-ReloadPlugins/DEBUG] [REI]  - (0.00) DefaultClientRuntimePlugin of DefaultClientRuntimePlugin [roughlyenoughitems]
[13:25:04] [REI-ReloadPlugins/DEBUG] [REI] ========================================
[13:25:04] [REI-ReloadPlugins/TRACE] [REI] [REIClientPlugin START] Reloading Section: "post-register/"
[13:25:04] [REI-ReloadPlugins/TRACE] [REI] [REIClientPlugin START] Reloading Section: "post-register/DefaultClientPluginImpl of DefaultClientPluginImpl [roughlyenoughitems]/"
[13:25:04] [REI-ReloadPlugins/TRACE] [REI] [REIClientPlugin START] Reloading Section: "post-register/DefaultClientPluginImpl of DefaultClientPluginImpl [roughlyenoughitems]/" done in 20.78 μs
[13:25:04] [REI-ReloadPlugins/TRACE] [REI] [REIClientPlugin START] Reloading Section: "post-register/HideIngredientsFromTagsPlugin of HideIngredientsFromTagsPlugin [roughlyenoughitems]/"
[13:25:04] [REI-ReloadPlugins/TRACE] [REI] [REIClientPlugin START] Reloading Section: "post-register/HideIngredientsFromTagsPlugin of HideIngredientsFromTagsPlugin [roughlyenoughitems]/" done in 18.19 μs
[13:25:04] [REI-ReloadPlugins/TRACE] [REI] [REIClientPlugin START] Reloading Section: "post-register/DefaultClientRuntimePlugin of DefaultClientRuntimePlugin [roughlyenoughitems]/"
[13:25:04] [REI-ReloadPlugins/TRACE] [REI] [REIClientPlugin START] Reloading Section: "post-register/DefaultClientRuntimePlugin of DefaultClientRuntimePlugin [roughlyenoughitems]/" done in 14.91 μs
[13:25:04] [REI-ReloadPlugins/TRACE] [REI] [REIClientPlugin START] Reloading Section: "post-register/" done in 184.5 μs
[13:25:04] [REI-ReloadPlugins/TRACE] [REI] [REIClientPlugin START] Reloading Section: "post-stage/"
[13:25:04] [REI-ReloadPlugins/TRACE] [REI] [REIClientPlugin START] Reloading Section: "post-stage/EntryRendererRegistryImpl/"
[13:25:04] [REI-ReloadPlugins/TRACE] [REI] [REIClientPlugin START] Reloading Section: "post-stage/EntryRendererRegistryImpl/" done in 13.21 μs
[13:25:04] [REI-ReloadPlugins/TRACE] [REI] [REIClientPlugin START] Reloading Section: "post-stage/ViewsImpl/"
[13:25:04] [REI-ReloadPlugins/TRACE] [REI] [REIClientPlugin START] Reloading Section: "post-stage/ViewsImpl/" done in 13.32 μs
[13:25:04] [REI-ReloadPlugins/TRACE] [REI] [REIClientPlugin START] Reloading Section: "post-stage/InputMethodRegistryImpl/"
[13:25:04] [REI-ReloadPlugins/TRACE] [REI] [REIClientPlugin START] Reloading Section: "post-stage/InputMethodRegistryImpl/" done in 12.30 μs
[13:25:04] [REI-ReloadPlugins/TRACE] [REI] [REIClientPlugin START] Reloading Section: "post-stage/SearchProviderImpl/"
[13:25:04] [REI-ReloadPlugins/TRACE] [REI] [REIClientPlugin START] Reloading Section: "post-stage/SearchProviderImpl/" done in 20.97 μs
[13:25:04] [REI-ReloadPlugins/TRACE] [REI] [REIClientPlugin START] Reloading Section: "post-stage/ConfigManagerImpl/"
[13:25:04] [REI-ReloadPlugins/TRACE] [REI] [REIClientPlugin START] Reloading Section: "post-stage/ConfigManagerImpl/" done in 12.95 μs
[13:25:04] [REI-ReloadPlugins/TRACE] [REI] [REIClientPlugin START] Reloading Section: "post-stage/EntryRegistryImpl/"
[13:25:04] [REI-ReloadPlugins/TRACE] [REI] [REIClientPlugin START] Reloading Section: "post-stage/EntryRegistryImpl/" done in 11.67 μs
[13:25:04] [REI-ReloadPlugins/TRACE] [REI] [REIClientPlugin START] Reloading Section: "post-stage/CollapsibleEntryRegistryImpl/"
[13:25:04] [REI-ReloadPlugins/TRACE] [REI] [REIClientPlugin START] Reloading Section: "post-stage/CollapsibleEntryRegistryImpl/" done in 11.58 μs
[13:25:04] [REI-ReloadPlugins/TRACE] [REI] [REIClientPlugin START] Reloading Section: "post-stage/BasicFilteringRuleImpl/"
[13:25:04] [REI-ReloadPlugins/TRACE] [REI] [REIClientPlugin START] Reloading Section: "post-stage/BasicFilteringRuleImpl/" done in 11.77 μs
[13:25:04] [REI-ReloadPlugins/TRACE] [REI] [REIClientPlugin START] Reloading Section: "post-stage/CategoryRegistryImpl/"
[13:25:04] [REI-ReloadPlugins/TRACE] [REI] [REIClientPlugin START] Reloading Section: "post-stage/CategoryRegistryImpl/" done in 13.49 μs
[13:25:04] [REI-ReloadPlugins/TRACE] [REI] [REIClientPlugin START] Reloading Section: "post-stage/DisplayRegistryImpl/"
[13:25:04] [REI-ReloadPlugins/TRACE] [REI] [REIClientPlugin START] Reloading Section: "post-stage/DisplayRegistryImpl/" done in 16.74 μs
[13:25:04] [REI-ReloadPlugins/TRACE] [REI] [REIClientPlugin START] Reloading Section: "post-stage/ScreenRegistryImpl/"
[13:25:04] [REI-ReloadPlugins/TRACE] [REI] [REIClientPlugin START] Reloading Section: "post-stage/ScreenRegistryImpl/" done in 12.29 μs
[13:25:04] [REI-ReloadPlugins/TRACE] [REI] [REIClientPlugin START] Reloading Section: "post-stage/FavoriteEntryTypeRegistryImpl/"
[13:25:04] [REI-ReloadPlugins/TRACE] [REI] [REIClientPlugin START] Reloading Section: "post-stage/FavoriteEntryTypeRegistryImpl/" done in 12.29 μs
[13:25:04] [REI-ReloadPlugins/TRACE] [REI] [REIClientPlugin START] Reloading Section: "post-stage/SubsetsRegistryImpl/"
[13:25:04] [REI-ReloadPlugins/TRACE] [REI] [REIClientPlugin START] Reloading Section: "post-stage/SubsetsRegistryImpl/" done in 12.11 μs
[13:25:04] [REI-ReloadPlugins/TRACE] [REI] [REIClientPlugin START] Reloading Section: "post-stage/TransferHandlerRegistryImpl/"
[13:25:04] [REI-ReloadPlugins/TRACE] [REI] [REIClientPlugin START] Reloading Section: "post-stage/TransferHandlerRegistryImpl/" done in 11.83 μs
[13:25:04] [REI-ReloadPlugins/TRACE] [REI] [REIClientPlugin START] Reloading Section: "post-stage/SearchRuntime/"
[13:25:04] [REI-ReloadPlugins/TRACE] [REI] [REIClientPlugin START] Reloading Section: "post-stage/SearchRuntime/" done in 16.89 μs
[13:25:04] [REI-ReloadPlugins/TRACE] [REI] [REIClientPlugin START] Reloading Section: "post-stage/REIRuntimeImpl/"
[13:25:04] [REI-ReloadPlugins/TRACE] [REI] [REIClientPlugin START] Reloading Section: "post-stage/REIRuntimeImpl/" done in 12.21 μs
[13:25:04] [REI-ReloadPlugins/TRACE] [REI] [REIClientPlugin START] Reloading Section: "post-stage/ConfigAddonRegistryImpl/"
[13:25:04] [REI-ReloadPlugins/TRACE] [REI] [REIClientPlugin START] Reloading Section: "post-stage/ConfigAddonRegistryImpl/" done in 12.98 μs
[13:25:04] [REI-ReloadPlugins/TRACE] [REI] [REIClientPlugin START] Reloading Section: "post-stage/me.shedaniel.rei.plugin.client.runtime.PluginStageExecutionWatcher$1/"
[13:25:04] [REI-ReloadPlugins/TRACE] [REI] [REIClientPlugin START] Reloading Section: "post-stage/me.shedaniel.rei.plugin.client.runtime.PluginStageExecutionWatcher$1/" done in 15.39 μs
[13:25:04] [REI-ReloadPlugins/TRACE] [REI] [REIClientPlugin START] Reloading Section: "post-stage/" done in 735.2 μs
[13:25:04] [REI-ReloadPlugins/DEBUG] [REI] ========================================
[13:25:04] [REI-ReloadPlugins/INFO] [REI] REIClientPlugin finished post-reload for START in 961.8 μs, totaling 506.3 ms.
[13:25:04] [REI-ReloadPlugins/DEBUG] [REI] ========================================
[13:25:04] [REI-ReloadPlugins/DEBUG] [REI] ========================================
[13:25:04] [REI-ReloadPlugins/DEBUG] [REI] REICommonPlugin starting pre-reload for END.
[13:25:04] [REI-ReloadPlugins/DEBUG] [REI] Reloadables (9):
[13:25:04] [REI-ReloadPlugins/DEBUG] [REI]  - SlotAccessorRegistryImpl
[13:25:04] [REI-ReloadPlugins/DEBUG] [REI]  - EntryTypeRegistryImpl
[13:25:04] [REI-ReloadPlugins/DEBUG] [REI]  - EntrySettingsAdapterRegistryImpl
[13:25:04] [REI-ReloadPlugins/DEBUG] [REI]  - ItemComparatorRegistryImpl
[13:25:04] [REI-ReloadPlugins/DEBUG] [REI]  - FluidComparatorRegistryImpl
[13:25:04] [REI-ReloadPlugins/DEBUG] [REI]  - DisplaySerializerRegistryImpl
[13:25:04] [REI-ReloadPlugins/DEBUG] [REI]  - ServerDisplayRegistryImpl
[13:25:04] [REI-ReloadPlugins/DEBUG] [REI]  - FluidSupportProviderImpl
[13:25:04] [REI-ReloadPlugins/DEBUG] [REI]  - me.shedaniel.rei.plugin.client.runtime.PluginStageExecutionWatcher$1
[13:25:04] [REI-ReloadPlugins/DEBUG] [REI] Plugins (2):
[13:25:04] [REI-ReloadPlugins/DEBUG] [REI]  - (-100.00) DefaultPluginImpl of DefaultPluginImpl [roughlyenoughitems]
[13:25:04] [REI-ReloadPlugins/DEBUG] [REI]  - (0.00) DefaultRuntimePlugin of DefaultRuntimePlugin [roughlyenoughitems]
[13:25:04] [REI-ReloadPlugins/DEBUG] [REI] ========================================
[13:25:04] [REI-ReloadPlugins/TRACE] [REI] [REICommonPlugin END] Reloading Section: "pre-register/"
[13:25:04] [REI-ReloadPlugins/TRACE] [REI] [REICommonPlugin END] Reloading Section: "pre-register/DefaultPluginImpl of DefaultPluginImpl [roughlyenoughitems]/"
[13:25:04] [REI-ReloadPlugins/TRACE] [REI] [REICommonPlugin END] Reloading Section: "pre-register/DefaultPluginImpl of DefaultPluginImpl [roughlyenoughitems]/" done in 18.37 μs
[13:25:04] [REI-ReloadPlugins/TRACE] [REI] [REICommonPlugin END] Reloading Section: "pre-register/DefaultRuntimePlugin of DefaultRuntimePlugin [roughlyenoughitems]/"
[13:25:04] [REI-ReloadPlugins/TRACE] [REI] [REICommonPlugin END] Reloading Section: "pre-register/DefaultRuntimePlugin of DefaultRuntimePlugin [roughlyenoughitems]/" done in 17.23 μs
[13:25:04] [REI-ReloadPlugins/TRACE] [REI] [REICommonPlugin END] Reloading Section: "pre-register/" done in 199.2 μs
[13:25:04] [REI-ReloadPlugins/TRACE] [REI] [REICommonPlugin END] Reloading Section: "pre-stage/"
[13:25:04] [REI-ReloadPlugins/TRACE] [REI] [REICommonPlugin END] Reloading Section: "pre-stage/SlotAccessorRegistryImpl/"
[13:25:04] [REI-ReloadPlugins/TRACE] [REI] [REICommonPlugin END] Reloading Section: "pre-stage/SlotAccessorRegistryImpl/" done in 15.49 μs
[13:25:04] [REI-ReloadPlugins/TRACE] [REI] [REICommonPlugin END] Reloading Section: "pre-stage/EntryTypeRegistryImpl/"
[13:25:04] [REI-ReloadPlugins/TRACE] [REI] [REICommonPlugin END] Reloading Section: "pre-stage/EntryTypeRegistryImpl/" done in 13.32 μs
[13:25:04] [REI-ReloadPlugins/TRACE] [REI] [REICommonPlugin END] Reloading Section: "pre-stage/EntrySettingsAdapterRegistryImpl/"
[13:25:04] [REI-ReloadPlugins/TRACE] [REI] [REICommonPlugin END] Reloading Section: "pre-stage/EntrySettingsAdapterRegistryImpl/" done in 12.63 μs
[13:25:04] [REI-ReloadPlugins/TRACE] [REI] [REICommonPlugin END] Reloading Section: "pre-stage/ItemComparatorRegistryImpl/"
[13:25:04] [REI-ReloadPlugins/TRACE] [REI] [REICommonPlugin END] Reloading Section: "pre-stage/ItemComparatorRegistryImpl/" done in 12.47 μs
[13:25:04] [REI-ReloadPlugins/TRACE] [REI] [REICommonPlugin END] Reloading Section: "pre-stage/FluidComparatorRegistryImpl/"
[13:25:04] [REI-ReloadPlugins/TRACE] [REI] [REICommonPlugin END] Reloading Section: "pre-stage/FluidComparatorRegistryImpl/" done in 13.48 μs
[13:25:04] [REI-ReloadPlugins/TRACE] [REI] [REICommonPlugin END] Reloading Section: "pre-stage/DisplaySerializerRegistryImpl/"
[13:25:04] [REI-ReloadPlugins/TRACE] [REI] [REICommonPlugin END] Reloading Section: "pre-stage/DisplaySerializerRegistryImpl/" done in 11.88 μs
[13:25:04] [REI-ReloadPlugins/TRACE] [REI] [REICommonPlugin END] Reloading Section: "pre-stage/ServerDisplayRegistryImpl/"
[13:25:04] [REI-ReloadPlugins/TRACE] [REI] [REICommonPlugin END] Reloading Section: "pre-stage/ServerDisplayRegistryImpl/" done in 13.36 μs
[13:25:04] [REI-ReloadPlugins/TRACE] [REI] [REICommonPlugin END] Reloading Section: "pre-stage/FluidSupportProviderImpl/"
[13:25:04] [REI-ReloadPlugins/TRACE] [REI] [REICommonPlugin END] Reloading Section: "pre-stage/FluidSupportProviderImpl/" done in 12.33 μs
[13:25:04] [REI-ReloadPlugins/TRACE] [REI] [REICommonPlugin END] Reloading Section: "pre-stage/me.shedaniel.rei.plugin.client.runtime.PluginStageExecutionWatcher$1/"
[13:25:04] [REI-ReloadPlugins/TRACE] [REI] [REICommonPlugin END] Reloading Section: "pre-stage/me.shedaniel.rei.plugin.client.runtime.PluginStageExecutionWatcher$1/" done in 16.18 μs
[13:25:04] [REI-ReloadPlugins/TRACE] [REI] [REICommonPlugin END] Reloading Section: "pre-stage/" done in 377.5 μs
[13:25:04] [REI-ReloadPlugins/DEBUG] [REI] ========================================
[13:25:04] [REI-ReloadPlugins/DEBUG] [REI] REICommonPlugin finished pre-reload for END in 621.0 μs.
[13:25:04] [REI-ReloadPlugins/DEBUG] [REI] ========================================
[13:25:04] [REI-ReloadPlugins/DEBUG] [REI] ========================================
[13:25:04] [REI-ReloadPlugins/DEBUG] [REI] REIClientPlugin starting pre-reload for END.
[13:25:04] [REI-ReloadPlugins/DEBUG] [REI] Reloadables (18):
[13:25:04] [REI-ReloadPlugins/DEBUG] [REI]  - EntryRendererRegistryImpl
[13:25:04] [REI-ReloadPlugins/DEBUG] [REI]  - ViewsImpl
[13:25:04] [REI-ReloadPlugins/DEBUG] [REI]  - InputMethodRegistryImpl
[13:25:04] [REI-ReloadPlugins/DEBUG] [REI]  - SearchProviderImpl
[13:25:04] [REI-ReloadPlugins/DEBUG] [REI]  - ConfigManagerImpl
[13:25:04] [REI-ReloadPlugins/DEBUG] [REI]  - EntryRegistryImpl
[13:25:04] [REI-ReloadPlugins/DEBUG] [REI]  - CollapsibleEntryRegistryImpl
[13:25:04] [REI-ReloadPlugins/DEBUG] [REI]  - BasicFilteringRuleImpl
[13:25:04] [REI-ReloadPlugins/DEBUG] [REI]  - CategoryRegistryImpl
[13:25:04] [REI-ReloadPlugins/DEBUG] [REI]  - DisplayRegistryImpl
[13:25:04] [REI-ReloadPlugins/DEBUG] [REI]  - ScreenRegistryImpl
[13:25:04] [REI-ReloadPlugins/DEBUG] [REI]  - FavoriteEntryTypeRegistryImpl
[13:25:04] [REI-ReloadPlugins/DEBUG] [REI]  - SubsetsRegistryImpl
[13:25:04] [REI-ReloadPlugins/DEBUG] [REI]  - TransferHandlerRegistryImpl
[13:25:04] [REI-ReloadPlugins/DEBUG] [REI]  - SearchRuntime
[13:25:04] [REI-ReloadPlugins/DEBUG] [REI]  - REIRuntimeImpl
[13:25:04] [REI-ReloadPlugins/DEBUG] [REI]  - ConfigAddonRegistryImpl
[13:25:04] [REI-ReloadPlugins/DEBUG] [REI]  - me.shedaniel.rei.plugin.client.runtime.PluginStageExecutionWatcher$1
[13:25:04] [REI-ReloadPlugins/DEBUG] [REI] Plugins (3):
[13:25:04] [REI-ReloadPlugins/DEBUG] [REI]  - (-100.00) DefaultClientPluginImpl of DefaultClientPluginImpl [roughlyenoughitems]
[13:25:04] [REI-ReloadPlugins/DEBUG] [REI]  - (0.00) HideIngredientsFromTagsPlugin of HideIngredientsFromTagsPlugin [roughlyenoughitems]
[13:25:04] [REI-ReloadPlugins/DEBUG] [REI]  - (0.00) DefaultClientRuntimePlugin of DefaultClientRuntimePlugin [roughlyenoughitems]
[13:25:04] [REI-ReloadPlugins/DEBUG] [REI] ========================================
[13:25:04] [REI-ReloadPlugins/TRACE] [REI] [REIClientPlugin END] Reloading Section: "pre-register/"
[13:25:04] [REI-ReloadPlugins/TRACE] [REI] [REIClientPlugin END] Reloading Section: "pre-register/DefaultClientPluginImpl of DefaultClientPluginImpl [roughlyenoughitems]/"
[13:25:04] [REI-ReloadPlugins/TRACE] [REI] [REIClientPlugin END] Reloading Section: "pre-register/DefaultClientPluginImpl of DefaultClientPluginImpl [roughlyenoughitems]/" done in 18.79 μs
[13:25:04] [REI-ReloadPlugins/TRACE] [REI] [REIClientPlugin END] Reloading Section: "pre-register/HideIngredientsFromTagsPlugin of HideIngredientsFromTagsPlugin [roughlyenoughitems]/"
[13:25:04] [REI-ReloadPlugins/TRACE] [REI] [REIClientPlugin END] Reloading Section: "pre-register/HideIngredientsFromTagsPlugin of HideIngredientsFromTagsPlugin [roughlyenoughitems]/" done in 16.03 μs
[13:25:04] [REI-ReloadPlugins/TRACE] [REI] [REIClientPlugin END] Reloading Section: "pre-register/DefaultClientRuntimePlugin of DefaultClientRuntimePlugin [roughlyenoughitems]/"
[13:25:04] [REI-ReloadPlugins/TRACE] [REI] [REIClientPlugin END] Reloading Section: "pre-register/DefaultClientRuntimePlugin of DefaultClientRuntimePlugin [roughlyenoughitems]/" done in 14.68 μs
[13:25:04] [REI-ReloadPlugins/TRACE] [REI] [REIClientPlugin END] Reloading Section: "pre-register/" done in 179.1 μs
[13:25:04] [REI-ReloadPlugins/TRACE] [REI] [REIClientPlugin END] Reloading Section: "pre-stage/"
[13:25:04] [REI-ReloadPlugins/TRACE] [REI] [REIClientPlugin END] Reloading Section: "pre-stage/EntryRendererRegistryImpl/"
[13:25:04] [REI-ReloadPlugins/TRACE] [REI] [REIClientPlugin END] Reloading Section: "pre-stage/EntryRendererRegistryImpl/" done in 13.03 μs
[13:25:04] [REI-ReloadPlugins/TRACE] [REI] [REIClientPlugin END] Reloading Section: "pre-stage/ViewsImpl/"
[13:25:04] [REI-ReloadPlugins/TRACE] [REI] [REIClientPlugin END] Reloading Section: "pre-stage/ViewsImpl/" done in 12.66 μs
[13:25:04] [REI-ReloadPlugins/TRACE] [REI] [REIClientPlugin END] Reloading Section: "pre-stage/InputMethodRegistryImpl/"
[13:25:04] [REI-ReloadPlugins/TRACE] [REI] [REIClientPlugin END] Reloading Section: "pre-stage/InputMethodRegistryImpl/" done in 21.86 μs
[13:25:04] [REI-ReloadPlugins/TRACE] [REI] [REIClientPlugin END] Reloading Section: "pre-stage/SearchProviderImpl/"
[13:25:04] [REI-ReloadPlugins/TRACE] [REI] [REIClientPlugin END] Reloading Section: "pre-stage/SearchProviderImpl/" done in 13.41 μs
[13:25:04] [REI-ReloadPlugins/TRACE] [REI] [REIClientPlugin END] Reloading Section: "pre-stage/ConfigManagerImpl/"
[13:25:04] [REI-ReloadPlugins/TRACE] [REI] [REIClientPlugin END] Reloading Section: "pre-stage/ConfigManagerImpl/" done in 12.76 μs
[13:25:04] [REI-ReloadPlugins/TRACE] [REI] [REIClientPlugin END] Reloading Section: "pre-stage/EntryRegistryImpl/"
[13:25:04] [REI-ReloadPlugins/TRACE] [REI] [REIClientPlugin END] Reloading Section: "pre-stage/EntryRegistryImpl/" done in 11.85 μs
[13:25:04] [REI-ReloadPlugins/TRACE] [REI] [REIClientPlugin END] Reloading Section: "pre-stage/CollapsibleEntryRegistryImpl/"
[13:25:04] [REI-ReloadPlugins/TRACE] [REI] [REIClientPlugin END] Reloading Section: "pre-stage/CollapsibleEntryRegistryImpl/" done in 12.37 μs
[13:25:04] [REI-ReloadPlugins/TRACE] [REI] [REIClientPlugin END] Reloading Section: "pre-stage/BasicFilteringRuleImpl/"
[13:25:04] [REI-ReloadPlugins/TRACE] [REI] [REIClientPlugin END] Reloading Section: "pre-stage/BasicFilteringRuleImpl/" done in 12.52 μs
[13:25:04] [REI-ReloadPlugins/TRACE] [REI] [REIClientPlugin END] Reloading Section: "pre-stage/CategoryRegistryImpl/"
[13:25:04] [REI-ReloadPlugins/TRACE] [REI] [REIClientPlugin END] Reloading Section: "pre-stage/CategoryRegistryImpl/" done in 12.56 μs
[13:25:04] [REI-ReloadPlugins/TRACE] [REI] [REIClientPlugin END] Reloading Section: "pre-stage/DisplayRegistryImpl/"
[13:25:04] [REI-ReloadPlugins/TRACE] [REI] [REIClientPlugin END] Reloading Section: "pre-stage/DisplayRegistryImpl/" done in 12.12 μs
[13:25:04] [REI-ReloadPlugins/TRACE] [REI] [REIClientPlugin END] Reloading Section: "pre-stage/ScreenRegistryImpl/"
[13:25:04] [REI-ReloadPlugins/TRACE] [REI] [REIClientPlugin END] Reloading Section: "pre-stage/ScreenRegistryImpl/" done in 12.43 μs
[13:25:04] [REI-ReloadPlugins/TRACE] [REI] [REIClientPlugin END] Reloading Section: "pre-stage/FavoriteEntryTypeRegistryImpl/"
[13:25:04] [REI-ReloadPlugins/TRACE] [REI] [REIClientPlugin END] Reloading Section: "pre-stage/FavoriteEntryTypeRegistryImpl/" done in 12.57 μs
[13:25:04] [REI-ReloadPlugins/TRACE] [REI] [REIClientPlugin END] Reloading Section: "pre-stage/SubsetsRegistryImpl/"
[13:25:04] [REI-ReloadPlugins/TRACE] [REI] [REIClientPlugin END] Reloading Section: "pre-stage/SubsetsRegistryImpl/" done in 12.68 μs
[13:25:04] [REI-ReloadPlugins/TRACE] [REI] [REIClientPlugin END] Reloading Section: "pre-stage/TransferHandlerRegistryImpl/"
[13:25:04] [REI-ReloadPlugins/TRACE] [REI] [REIClientPlugin END] Reloading Section: "pre-stage/TransferHandlerRegistryImpl/" done in 18.21 μs
[13:25:04] [REI-ReloadPlugins/TRACE] [REI] [REIClientPlugin END] Reloading Section: "pre-stage/SearchRuntime/"
[13:25:04] [REI-ReloadPlugins/TRACE] [REI] [REIClientPlugin END] Reloading Section: "pre-stage/SearchRuntime/" done in 13.02 μs
[13:25:04] [REI-ReloadPlugins/TRACE] [REI] [REIClientPlugin END] Reloading Section: "pre-stage/REIRuntimeImpl/"
[13:25:04] [REI-ReloadPlugins/TRACE] [REI] [REIClientPlugin END] Reloading Section: "pre-stage/REIRuntimeImpl/" done in 20.55 μs
[13:25:04] [REI-ReloadPlugins/TRACE] [REI] [REIClientPlugin END] Reloading Section: "pre-stage/ConfigAddonRegistryImpl/"
[13:25:04] [REI-ReloadPlugins/TRACE] [REI] [REIClientPlugin END] Reloading Section: "pre-stage/ConfigAddonRegistryImpl/" done in 13.42 μs
[13:25:04] [REI-ReloadPlugins/TRACE] [REI] [REIClientPlugin END] Reloading Section: "pre-stage/me.shedaniel.rei.plugin.client.runtime.PluginStageExecutionWatcher$1/"
[13:25:04] [REI-ReloadPlugins/TRACE] [REI] [REIClientPlugin END] Reloading Section: "pre-stage/me.shedaniel.rei.plugin.client.runtime.PluginStageExecutionWatcher$1/" done in 14.63 μs
[13:25:04] [REI-ReloadPlugins/TRACE] [REI] [REIClientPlugin END] Reloading Section: "pre-stage/" done in 722.5 μs
[13:25:04] [REI-ReloadPlugins/DEBUG] [REI] ========================================
[13:25:04] [REI-ReloadPlugins/DEBUG] [REI] REIClientPlugin finished pre-reload for END in 944.1 μs.
[13:25:04] [REI-ReloadPlugins/DEBUG] [REI] ========================================
[13:25:04] [REI-ReloadPlugins/INFO] [REI] @@@@@@@@@@@@@@@@@@@@@@@@@@@@@@@@@@@@@@@@
[13:25:04] [REI-ReloadPlugins/INFO] [REI] REICommonPlugin starting main-reload for END.
[13:25:04] [REI-ReloadPlugins/DEBUG] [REI] Reloadables (9):
[13:25:04] [REI-ReloadPlugins/DEBUG] [REI]  - SlotAccessorRegistryImpl
[13:25:04] [REI-ReloadPlugins/DEBUG] [REI]  - EntryTypeRegistryImpl
[13:25:04] [REI-ReloadPlugins/DEBUG] [REI]  - EntrySettingsAdapterRegistryImpl
[13:25:04] [REI-ReloadPlugins/DEBUG] [REI]  - ItemComparatorRegistryImpl
[13:25:04] [REI-ReloadPlugins/DEBUG] [REI]  - FluidComparatorRegistryImpl
[13:25:04] [REI-ReloadPlugins/DEBUG] [REI]  - DisplaySerializerRegistryImpl
[13:25:04] [REI-ReloadPlugins/DEBUG] [REI]  - ServerDisplayRegistryImpl
[13:25:04] [REI-ReloadPlugins/DEBUG] [REI]  - FluidSupportProviderImpl
[13:25:04] [REI-ReloadPlugins/DEBUG] [REI]  - me.shedaniel.rei.plugin.client.runtime.PluginStageExecutionWatcher$1
[13:25:04] [REI-ReloadPlugins/INFO] [REI] Plugins (2):
[13:25:04] [REI-ReloadPlugins/INFO] [REI]  - (-100.00) DefaultPluginImpl of DefaultPluginImpl [roughlyenoughitems]
[13:25:04] [REI-ReloadPlugins/INFO] [REI]  - (0.00) DefaultRuntimePlugin of DefaultRuntimePlugin [roughlyenoughitems]
[13:25:04] [REI-ReloadPlugins/INFO] [REI] @@@@@@@@@@@@@@@@@@@@@@@@@@@@@@@@@@@@@@@@
[13:25:04] [REI-ReloadPlugins/TRACE] [REI] [REICommonPlugin END] Reloading Section: "start-reload/"
[13:25:04] [REI-ReloadPlugins/TRACE] [REI] [REICommonPlugin END] Reloading Section: "start-reload/SlotAccessorRegistryImpl/"
[13:25:04] [REI-ReloadPlugins/TRACE] [REI] [REICommonPlugin END] Reloading Section: "start-reload/SlotAccessorRegistryImpl/" done in 24.89 μs
[13:25:04] [REI-ReloadPlugins/TRACE] [REI] [REICommonPlugin END] Reloading Section: "start-reload/EntryTypeRegistryImpl/"
[13:25:04] [REI-ReloadPlugins/TRACE] [REI] [REICommonPlugin END] Reloading Section: "start-reload/EntryTypeRegistryImpl/" done in 14.86 μs
[13:25:04] [REI-ReloadPlugins/TRACE] [REI] [REICommonPlugin END] Reloading Section: "start-reload/EntrySettingsAdapterRegistryImpl/"
[13:25:04] [REI-ReloadPlugins/TRACE] [REI] [REICommonPlugin END] Reloading Section: "start-reload/EntrySettingsAdapterRegistryImpl/" done in 15.61 μs
[13:25:04] [REI-ReloadPlugins/TRACE] [REI] [REICommonPlugin END] Reloading Section: "start-reload/ItemComparatorRegistryImpl/"
[13:25:04] [REI-ReloadPlugins/TRACE] [REI] [REICommonPlugin END] Reloading Section: "start-reload/ItemComparatorRegistryImpl/" done in 13.57 μs
[13:25:04] [REI-ReloadPlugins/TRACE] [REI] [REICommonPlugin END] Reloading Section: "start-reload/FluidComparatorRegistryImpl/"
[13:25:04] [REI-ReloadPlugins/TRACE] [REI] [REICommonPlugin END] Reloading Section: "start-reload/FluidComparatorRegistryImpl/" done in 12.75 μs
[13:25:04] [REI-ReloadPlugins/TRACE] [REI] [REICommonPlugin END] Reloading Section: "start-reload/DisplaySerializerRegistryImpl/"
[13:25:04] [REI-ReloadPlugins/TRACE] [REI] [REICommonPlugin END] Reloading Section: "start-reload/DisplaySerializerRegistryImpl/" done in 12.06 μs
[13:25:04] [REI-ReloadPlugins/TRACE] [REI] [REICommonPlugin END] Reloading Section: "start-reload/ServerDisplayRegistryImpl/"
[13:25:04] [REI-ReloadPlugins/TRACE] [REI] [REICommonPlugin END] Reloading Section: "start-reload/ServerDisplayRegistryImpl/" done in 116.8 μs
[13:25:04] [REI-ReloadPlugins/TRACE] [REI] [REICommonPlugin END] Reloading Section: "start-reload/FluidSupportProviderImpl/"
[13:25:04] [REI-ReloadPlugins/TRACE] [REI] [REICommonPlugin END] Reloading Section: "start-reload/FluidSupportProviderImpl/" done in 16.31 μs
[13:25:04] [REI-ReloadPlugins/TRACE] [REI] [REICommonPlugin END] Reloading Section: "start-reload/me.shedaniel.rei.plugin.client.runtime.PluginStageExecutionWatcher$1/"
[13:25:04] [REI-ReloadPlugins/TRACE] [REI] [REICommonPlugin END] Reloading Section: "start-reload/me.shedaniel.rei.plugin.client.runtime.PluginStageExecutionWatcher$1/" done in 14.50 μs
[13:25:04] [REI-ReloadPlugins/TRACE] [REI] [REICommonPlugin END] Reloading Section: "start-reload/" done in 535.8 μs
[13:25:04] [REI-ReloadPlugins/DEBUG] [REI] ========================================
[13:25:04] [REI-ReloadPlugins/DEBUG] [REI] REICommonPlugin started main-reload for END.
[13:25:04] [REI-ReloadPlugins/DEBUG] [REI] ========================================
[13:25:04] [REI-ReloadPlugins/TRACE] [REI] [REICommonPlugin END] Reloading Section: "reloadable-plugin/SlotAccessorRegistryImpl/"
[13:25:04] [REI-ReloadPlugins/TRACE] [REI] [REICommonPlugin END] Reloading Section: "reloadable-plugin/SlotAccessorRegistryImpl/DefaultPluginImpl of DefaultPluginImpl [roughlyenoughitems]/"
[13:25:04] [REI-ReloadPlugins/TRACE] [REI] [REICommonPlugin END] Reloading Section: "reloadable-plugin/SlotAccessorRegistryImpl/DefaultPluginImpl of DefaultPluginImpl [roughlyenoughitems]/" done in 32.82 μs
[13:25:04] [REI-ReloadPlugins/TRACE] [REI] [REICommonPlugin END] Reloading Section: "reloadable-plugin/SlotAccessorRegistryImpl/DefaultRuntimePlugin of DefaultRuntimePlugin [roughlyenoughitems]/"
[13:25:04] [REI-ReloadPlugins/DEBUG] [REI] Added slot accessor serializer: me.shedaniel.rei.plugin.common.runtime.DefaultRuntimePlugin$1@3158a1a [roughlyenoughitems:vanilla]
[13:25:04] [REI-ReloadPlugins/DEBUG] [REI] Added slot accessor serializer: me.shedaniel.rei.plugin.common.runtime.DefaultRuntimePlugin$2@126ece37 [roughlyenoughitems:player]
[13:25:04] [REI-ReloadPlugins/TRACE] [REI] [REICommonPlugin END] Reloading Section: "reloadable-plugin/SlotAccessorRegistryImpl/DefaultRuntimePlugin of DefaultRuntimePlugin [roughlyenoughitems]/" done in 3.819 ms
[13:25:04] [REI-ReloadPlugins/TRACE] [REI] [REICommonPlugin END] Reloading Section: "reloadable-plugin/SlotAccessorRegistryImpl/" done in 3.996 ms
[13:25:04] [REI-ReloadPlugins/TRACE] [REI] [REICommonPlugin END] Reloading Section: "reloadable-plugin/EntryTypeRegistryImpl/"
[13:25:04] [REI-ReloadPlugins/TRACE] [REI] [REICommonPlugin END] Reloading Section: "reloadable-plugin/EntryTypeRegistryImpl/DefaultPluginImpl of DefaultPluginImpl [roughlyenoughitems]/"
[13:25:04] [REI-ReloadPlugins/TRACE] [REI] [REICommonPlugin END] Reloading Section: "reloadable-plugin/EntryTypeRegistryImpl/DefaultPluginImpl of DefaultPluginImpl [roughlyenoughitems]/" done in 26.29 μs
[13:25:04] [REI-ReloadPlugins/TRACE] [REI] [REICommonPlugin END] Reloading Section: "reloadable-plugin/EntryTypeRegistryImpl/DefaultRuntimePlugin of DefaultRuntimePlugin [roughlyenoughitems]/"
[13:25:04] [REI-ReloadPlugins/TRACE] [REI] [REICommonPlugin END] Reloading Section: "reloadable-plugin/EntryTypeRegistryImpl/DefaultRuntimePlugin of DefaultRuntimePlugin [roughlyenoughitems]/" done in 20.49 μs
[13:25:04] [REI-ReloadPlugins/TRACE] [REI] [REICommonPlugin END] Reloading Section: "reloadable-plugin/EntryTypeRegistryImpl/" done in 182.1 μs
[13:25:04] [REI-ReloadPlugins/TRACE] [REI] [REICommonPlugin END] Reloading Section: "reloadable-plugin/EntrySettingsAdapterRegistryImpl/"
[13:25:04] [REI-ReloadPlugins/TRACE] [REI] [REICommonPlugin END] Reloading Section: "reloadable-plugin/EntrySettingsAdapterRegistryImpl/DefaultPluginImpl of DefaultPluginImpl [roughlyenoughitems]/"
[13:25:04] [REI-ReloadPlugins/TRACE] [REI] [REICommonPlugin END] Reloading Section: "reloadable-plugin/EntrySettingsAdapterRegistryImpl/DefaultPluginImpl of DefaultPluginImpl [roughlyenoughitems]/" done in 26.96 μs
[13:25:04] [REI-ReloadPlugins/TRACE] [REI] [REICommonPlugin END] Reloading Section: "reloadable-plugin/EntrySettingsAdapterRegistryImpl/DefaultRuntimePlugin of DefaultRuntimePlugin [roughlyenoughitems]/"
[13:25:04] [REI-ReloadPlugins/TRACE] [REI] [REICommonPlugin END] Reloading Section: "reloadable-plugin/EntrySettingsAdapterRegistryImpl/DefaultRuntimePlugin of DefaultRuntimePlugin [roughlyenoughitems]/" done in 28.67 μs
[13:25:04] [REI-ReloadPlugins/TRACE] [REI] [REICommonPlugin END] Reloading Section: "reloadable-plugin/EntrySettingsAdapterRegistryImpl/" done in 266.5 μs
[13:25:04] [REI-ReloadPlugins/TRACE] [REI] [REICommonPlugin END] Reloading Section: "reloadable-plugin/ItemComparatorRegistryImpl/"
[13:25:04] [REI-ReloadPlugins/TRACE] [REI] [REICommonPlugin END] Reloading Section: "reloadable-plugin/ItemComparatorRegistryImpl/DefaultPluginImpl of DefaultPluginImpl [roughlyenoughitems]/"
[13:25:04] [REI-ReloadPlugins/TRACE] [REI] [REICommonPlugin END] Reloading Section: "reloadable-plugin/ItemComparatorRegistryImpl/DefaultPluginImpl of DefaultPluginImpl [roughlyenoughitems]/" done in 21.60 μs
[13:25:04] [REI-ReloadPlugins/TRACE] [REI] [REICommonPlugin END] Reloading Section: "reloadable-plugin/ItemComparatorRegistryImpl/DefaultRuntimePlugin of DefaultRuntimePlugin [roughlyenoughitems]/"
[13:25:04] [REI-ReloadPlugins/TRACE] [REI] [REICommonPlugin END] Reloading Section: "reloadable-plugin/ItemComparatorRegistryImpl/DefaultRuntimePlugin of DefaultRuntimePlugin [roughlyenoughitems]/" done in 18.14 μs
[13:25:04] [REI-ReloadPlugins/TRACE] [REI] [REICommonPlugin END] Reloading Section: "reloadable-plugin/ItemComparatorRegistryImpl/" done in 139.6 μs
[13:25:04] [REI-ReloadPlugins/TRACE] [REI] [REICommonPlugin END] Reloading Section: "reloadable-plugin/FluidComparatorRegistryImpl/"
[13:25:04] [REI-ReloadPlugins/TRACE] [REI] [REICommonPlugin END] Reloading Section: "reloadable-plugin/FluidComparatorRegistryImpl/DefaultPluginImpl of DefaultPluginImpl [roughlyenoughitems]/"
[13:25:04] [REI-ReloadPlugins/TRACE] [REI] [REICommonPlugin END] Reloading Section: "reloadable-plugin/FluidComparatorRegistryImpl/DefaultPluginImpl of DefaultPluginImpl [roughlyenoughitems]/" done in 19.01 μs
[13:25:04] [REI-ReloadPlugins/TRACE] [REI] [REICommonPlugin END] Reloading Section: "reloadable-plugin/FluidComparatorRegistryImpl/DefaultRuntimePlugin of DefaultRuntimePlugin [roughlyenoughitems]/"
[13:25:04] [REI-ReloadPlugins/TRACE] [REI] [REICommonPlugin END] Reloading Section: "reloadable-plugin/FluidComparatorRegistryImpl/DefaultRuntimePlugin of DefaultRuntimePlugin [roughlyenoughitems]/" done in 16.63 μs
[13:25:04] [REI-ReloadPlugins/TRACE] [REI] [REICommonPlugin END] Reloading Section: "reloadable-plugin/FluidComparatorRegistryImpl/" done in 129.3 μs
[13:25:04] [REI-ReloadPlugins/TRACE] [REI] [REICommonPlugin END] Reloading Section: "reloadable-plugin/DisplaySerializerRegistryImpl/"
[13:25:04] [REI-ReloadPlugins/TRACE] [REI] [REICommonPlugin END] Reloading Section: "reloadable-plugin/DisplaySerializerRegistryImpl/DefaultPluginImpl of DefaultPluginImpl [roughlyenoughitems]/"
[13:25:04] [REI-ReloadPlugins/TRACE] [REI] [REICommonPlugin END] Reloading Section: "reloadable-plugin/DisplaySerializerRegistryImpl/DefaultPluginImpl of DefaultPluginImpl [roughlyenoughitems]/" done in 18.05 μs
[13:25:04] [REI-ReloadPlugins/TRACE] [REI] [REICommonPlugin END] Reloading Section: "reloadable-plugin/DisplaySerializerRegistryImpl/DefaultRuntimePlugin of DefaultRuntimePlugin [roughlyenoughitems]/"
[13:25:04] [REI-ReloadPlugins/TRACE] [REI] [REICommonPlugin END] Reloading Section: "reloadable-plugin/DisplaySerializerRegistryImpl/DefaultRuntimePlugin of DefaultRuntimePlugin [roughlyenoughitems]/" done in 18.23 μs
[13:25:04] [REI-ReloadPlugins/TRACE] [REI] [REICommonPlugin END] Reloading Section: "reloadable-plugin/DisplaySerializerRegistryImpl/" done in 125.9 μs
[13:25:04] [REI-ReloadPlugins/TRACE] [REI] [REICommonPlugin END] Reloading Section: "reloadable-plugin/ServerDisplayRegistryImpl/"
[13:25:04] [REI-ReloadPlugins/TRACE] [REI] [REICommonPlugin END] Reloading Section: "reloadable-plugin/ServerDisplayRegistryImpl/DefaultPluginImpl of DefaultPluginImpl [roughlyenoughitems]/"
[13:25:04] [REI-ReloadPlugins/DEBUG] [REI] Added display filter: me.shedaniel.rei.api.common.registry.display.DisplayConsumer$RecipeManagerConsumer$RecipeFillerBuilder$$Lambda/0x0000000057d4ee28@269e20d6
[13:25:04] [REI-ReloadPlugins/DEBUG] [REI] Added display filter: me.shedaniel.rei.api.common.registry.display.DisplayConsumer$RecipeManagerConsumer$RecipeFillerBuilder$$Lambda/0x0000000057d4ee28@749f34da
[13:25:04] [REI-ReloadPlugins/DEBUG] [REI] Added display filter: me.shedaniel.rei.api.common.registry.display.DisplayConsumer$RecipeManagerConsumer$RecipeFillerBuilder$$Lambda/0x0000000057d4ee28@50775a9f
[13:25:04] [REI-ReloadPlugins/DEBUG] [REI] Added display filter: me.shedaniel.rei.api.common.registry.display.DisplayConsumer$RecipeManagerConsumer$RecipeFillerBuilder$$Lambda/0x0000000057d4ee28@5b023207
[13:25:04] [REI-ReloadPlugins/DEBUG] [REI] Added display filter: me.shedaniel.rei.api.common.registry.display.DisplayConsumer$RecipeManagerConsumer$RecipeFillerBuilder$$Lambda/0x0000000057d4ee28@7427a09b
[13:25:04] [REI-ReloadPlugins/DEBUG] [REI] Added display filter: me.shedaniel.rei.api.common.registry.display.DisplayConsumer$RecipeManagerConsumer$RecipeFillerBuilder$$Lambda/0x0000000057d4ee28@5f87a0db
[13:25:04] [REI-ReloadPlugins/DEBUG] [REI] Added display filter: me.shedaniel.rei.api.common.registry.display.DisplayConsumer$RecipeManagerConsumer$RecipeFillerBuilder$$Lambda/0x0000000057d4ee28@7d7b714b
[13:25:04] [REI-ReloadPlugins/DEBUG] [REI] Added display filter: me.shedaniel.rei.api.common.registry.display.DisplayConsumer$RecipeManagerConsumer$RecipeFillerBuilder$$Lambda/0x0000000057d50000@68620846
[13:25:04] [REI-ReloadPlugins/DEBUG] [REI] Added display filter: me.shedaniel.rei.api.common.registry.display.DisplayConsumer$RecipeManagerConsumer$RecipeFillerBuilder$$Lambda/0x0000000057d50000@20337479
[13:25:04] [REI-ReloadPlugins/DEBUG] [REI] Added display filter: me.shedaniel.rei.api.common.registry.display.DisplayConsumer$RecipeManagerConsumer$RecipeFillerBuilder$$Lambda/0x0000000057d50000@15a05527
[13:25:04] [REI-ReloadPlugins/DEBUG] [REI] Added display filter: me.shedaniel.rei.api.common.registry.display.DisplayConsumer$RecipeManagerConsumer$RecipeFillerBuilder$$Lambda/0x0000000057d50000@75ba74b8
[13:25:04] [REI-ReloadPlugins/DEBUG] [REI] Added display filter: me.shedaniel.rei.api.common.registry.display.DisplayConsumer$RecipeManagerConsumer$RecipeFillerBuilder$$Lambda/0x0000000057d50000@d626271
[13:25:04] [REI-ReloadPlugins/DEBUG] [REI] Added display filter: me.shedaniel.rei.api.common.registry.display.DisplayConsumer$RecipeManagerConsumer$RecipeFillerBuilder$$Lambda/0x0000000057d50000@36c95f18
[13:25:04] [REI-ReloadPlugins/TRACE] [REI] [REICommonPlugin END] Reloading Section: "reloadable-plugin/ServerDisplayRegistryImpl/DefaultPluginImpl of DefaultPluginImpl [roughlyenoughitems]/" done in 3.769 ms
[13:25:04] [REI-ReloadPlugins/TRACE] [REI] [REICommonPlugin END] Reloading Section: "reloadable-plugin/ServerDisplayRegistryImpl/DefaultRuntimePlugin of DefaultRuntimePlugin [roughlyenoughitems]/"
[13:25:04] [REI-ReloadPlugins/TRACE] [REI] [REICommonPlugin END] Reloading Section: "reloadable-plugin/ServerDisplayRegistryImpl/DefaultRuntimePlugin of DefaultRuntimePlugin [roughlyenoughitems]/" done in 30.20 μs
[13:25:04] [REI-ReloadPlugins/TRACE] [REI] [REICommonPlugin END] Reloading Section: "reloadable-plugin/ServerDisplayRegistryImpl/" done in 3.934 ms
[13:25:04] [REI-ReloadPlugins/TRACE] [REI] [REICommonPlugin END] Reloading Section: "reloadable-plugin/FluidSupportProviderImpl/"
[13:25:04] [REI-ReloadPlugins/TRACE] [REI] [REICommonPlugin END] Reloading Section: "reloadable-plugin/FluidSupportProviderImpl/DefaultPluginImpl of DefaultPluginImpl [roughlyenoughitems]/"
[13:25:04] [REI-ReloadPlugins/TRACE] [REI] [REICommonPlugin END] Reloading Section: "reloadable-plugin/FluidSupportProviderImpl/DefaultPluginImpl of DefaultPluginImpl [roughlyenoughitems]/" done in 21.23 μs
[13:25:04] [REI-ReloadPlugins/TRACE] [REI] [REICommonPlugin END] Reloading Section: "reloadable-plugin/FluidSupportProviderImpl/DefaultRuntimePlugin of DefaultRuntimePlugin [roughlyenoughitems]/"
[13:25:04] [REI-ReloadPlugins/TRACE] [REI] [REICommonPlugin END] Reloading Section: "reloadable-plugin/FluidSupportProviderImpl/DefaultRuntimePlugin of DefaultRuntimePlugin [roughlyenoughitems]/" done in 17.96 μs
[13:25:04] [REI-ReloadPlugins/TRACE] [REI] [REICommonPlugin END] Reloading Section: "reloadable-plugin/FluidSupportProviderImpl/" done in 139.9 μs
[13:25:04] [REI-ReloadPlugins/TRACE] [REI] [REICommonPlugin END] Reloading Section: "reloadable-plugin/me.shedaniel.rei.plugin.client.runtime.PluginStageExecutionWatcher$1/"
[13:25:04] [REI-ReloadPlugins/TRACE] [REI] [REICommonPlugin END] Reloading Section: "reloadable-plugin/me.shedaniel.rei.plugin.client.runtime.PluginStageExecutionWatcher$1/DefaultPluginImpl of DefaultPluginImpl [roughlyenoughitems]/"
[13:25:04] [REI-ReloadPlugins/TRACE] [REI] [REICommonPlugin END] Reloading Section: "reloadable-plugin/me.shedaniel.rei.plugin.client.runtime.PluginStageExecutionWatcher$1/DefaultPluginImpl of DefaultPluginImpl [roughlyenoughitems]/" done in 17.06 μs
[13:25:04] [REI-ReloadPlugins/TRACE] [REI] [REICommonPlugin END] Reloading Section: "reloadable-plugin/me.shedaniel.rei.plugin.client.runtime.PluginStageExecutionWatcher$1/DefaultRuntimePlugin of DefaultRuntimePlugin [roughlyenoughitems]/"
[13:25:04] [REI-ReloadPlugins/TRACE] [REI] [REICommonPlugin END] Reloading Section: "reloadable-plugin/me.shedaniel.rei.plugin.client.runtime.PluginStageExecutionWatcher$1/DefaultRuntimePlugin of DefaultRuntimePlugin [roughlyenoughitems]/" done in 17.01 μs
[13:25:04] [REI-ReloadPlugins/TRACE] [REI] [REICommonPlugin END] Reloading Section: "reloadable-plugin/me.shedaniel.rei.plugin.client.runtime.PluginStageExecutionWatcher$1/" done in 124.6 μs
[13:25:04] [REI-ReloadPlugins/DEBUG] [REI] ========================================
[13:25:04] [REI-ReloadPlugins/DEBUG] [REI] REICommonPlugin ending main-reload for END.
[13:25:04] [REI-ReloadPlugins/DEBUG] [REI] ========================================
[13:25:04] [REI-ReloadPlugins/TRACE] [REI] [REICommonPlugin END] Reloading Section: "end-reload/"
[13:25:04] [REI-ReloadPlugins/TRACE] [REI] [REICommonPlugin END] Reloading Section: "end-reload/SlotAccessorRegistryImpl/"
[13:25:04] [REI-ReloadPlugins/DEBUG] [REI] Registered 2 slot accessor serializers
[13:25:04] [REI-ReloadPlugins/TRACE] [REI] [REICommonPlugin END] Reloading Section: "end-reload/SlotAccessorRegistryImpl/" done in 80.40 μs
[13:25:04] [REI-ReloadPlugins/TRACE] [REI] [REICommonPlugin END] Reloading Section: "end-reload/EntryTypeRegistryImpl/"
[13:25:04] [REI-ReloadPlugins/TRACE] [REI] [REICommonPlugin END] Reloading Section: "end-reload/EntryTypeRegistryImpl/" done in 761.8 μs
[13:25:04] [REI-ReloadPlugins/TRACE] [REI] [REICommonPlugin END] Reloading Section: "end-reload/EntrySettingsAdapterRegistryImpl/"
[13:25:04] [REI-ReloadPlugins/TRACE] [REI] [REICommonPlugin END] Reloading Section: "end-reload/EntrySettingsAdapterRegistryImpl/" done in 17.14 μs
[13:25:04] [REI-ReloadPlugins/TRACE] [REI] [REICommonPlugin END] Reloading Section: "end-reload/ItemComparatorRegistryImpl/"
[13:25:04] [REI-ReloadPlugins/TRACE] [REI] [REICommonPlugin END] Reloading Section: "end-reload/ItemComparatorRegistryImpl/" done in 14.48 μs
[13:25:04] [REI-ReloadPlugins/TRACE] [REI] [REICommonPlugin END] Reloading Section: "end-reload/FluidComparatorRegistryImpl/"
[13:25:04] [REI-ReloadPlugins/TRACE] [REI] [REICommonPlugin END] Reloading Section: "end-reload/FluidComparatorRegistryImpl/" done in 13.05 μs
[13:25:04] [REI-ReloadPlugins/TRACE] [REI] [REICommonPlugin END] Reloading Section: "end-reload/DisplaySerializerRegistryImpl/"
[13:25:04] [REI-ReloadPlugins/TRACE] [REI] [REICommonPlugin END] Reloading Section: "end-reload/DisplaySerializerRegistryImpl/" done in 12.11 μs
[13:25:04] [REI-ReloadPlugins/TRACE] [REI] [REICommonPlugin END] Reloading Section: "end-reload/ServerDisplayRegistryImpl/"
[13:25:04] [REI-ReloadPlugins/DEBUG] [REI] Found preliminary 0 displays
[13:25:04] [REI-ReloadPlugins/DEBUG] [REI] Filled 2123 displays from recipe manager in 197.5 ms
[13:25:04] [REI-ReloadPlugins/TRACE] [REI] [REICommonPlugin END] Reloading Section: "end-reload/ServerDisplayRegistryImpl/" done in 200.6 ms
[13:25:04] [REI-ReloadPlugins/TRACE] [REI] [REICommonPlugin END] Reloading Section: "end-reload/FluidSupportProviderImpl/"
[13:25:04] [REI-ReloadPlugins/TRACE] [REI] [REICommonPlugin END] Reloading Section: "end-reload/FluidSupportProviderImpl/" done in 26.15 μs
[13:25:04] [REI-ReloadPlugins/TRACE] [REI] [REICommonPlugin END] Reloading Section: "end-reload/me.shedaniel.rei.plugin.client.runtime.PluginStageExecutionWatcher$1/"
[13:25:04] [REI-ReloadPlugins/TRACE] [REI] [REICommonPlugin END] Reloading Section: "end-reload/me.shedaniel.rei.plugin.client.runtime.PluginStageExecutionWatcher$1/" done in 16.38 μs
[13:25:04] [REI-ReloadPlugins/TRACE] [REI] [REICommonPlugin END] Reloading Section: "end-reload/" done in 202.0 ms
[13:25:04] [REI-ReloadPlugins/DEBUG] [REI] ========================================
[13:25:04] [REI-ReloadPlugins/DEBUG] [REI] REICommonPlugin ended main-reload for END in 213.0 ms.
[13:25:04] [REI-ReloadPlugins/DEBUG] [REI] ========================================
[13:25:04] [REI-ReloadPlugins/INFO] [REI] ========================================
[13:25:04] [REI-ReloadPlugins/INFO] [REI] REIClientPlugin starting main-reload for END.
[13:25:04] [REI-ReloadPlugins/DEBUG] [REI] Reloadables (18):
[13:25:04] [REI-ReloadPlugins/DEBUG] [REI]  - EntryRendererRegistryImpl
[13:25:04] [REI-ReloadPlugins/DEBUG] [REI]  - ViewsImpl
[13:25:04] [REI-ReloadPlugins/DEBUG] [REI]  - InputMethodRegistryImpl
[13:25:04] [REI-ReloadPlugins/DEBUG] [REI]  - SearchProviderImpl
[13:25:04] [REI-ReloadPlugins/DEBUG] [REI]  - ConfigManagerImpl
[13:25:04] [REI-ReloadPlugins/DEBUG] [REI]  - EntryRegistryImpl
[13:25:04] [REI-ReloadPlugins/DEBUG] [REI]  - CollapsibleEntryRegistryImpl
[13:25:04] [REI-ReloadPlugins/DEBUG] [REI]  - BasicFilteringRuleImpl
[13:25:04] [REI-ReloadPlugins/DEBUG] [REI]  - CategoryRegistryImpl
[13:25:04] [REI-ReloadPlugins/DEBUG] [REI]  - DisplayRegistryImpl
[13:25:04] [REI-ReloadPlugins/DEBUG] [REI]  - ScreenRegistryImpl
[13:25:04] [REI-ReloadPlugins/DEBUG] [REI]  - FavoriteEntryTypeRegistryImpl
[13:25:04] [REI-ReloadPlugins/DEBUG] [REI]  - SubsetsRegistryImpl
[13:25:04] [REI-ReloadPlugins/DEBUG] [REI]  - TransferHandlerRegistryImpl
[13:25:04] [REI-ReloadPlugins/DEBUG] [REI]  - SearchRuntime
[13:25:04] [REI-ReloadPlugins/DEBUG] [REI]  - REIRuntimeImpl
[13:25:04] [REI-ReloadPlugins/DEBUG] [REI]  - ConfigAddonRegistryImpl
[13:25:04] [REI-ReloadPlugins/DEBUG] [REI]  - me.shedaniel.rei.plugin.client.runtime.PluginStageExecutionWatcher$1
[13:25:04] [REI-ReloadPlugins/INFO] [REI] Plugins (3):
[13:25:04] [REI-ReloadPlugins/INFO] [REI]  - (-100.00) DefaultClientPluginImpl of DefaultClientPluginImpl [roughlyenoughitems]
[13:25:04] [REI-ReloadPlugins/INFO] [REI]  - (0.00) HideIngredientsFromTagsPlugin of HideIngredientsFromTagsPlugin [roughlyenoughitems]
[13:25:04] [REI-ReloadPlugins/INFO] [REI]  - (0.00) DefaultClientRuntimePlugin of DefaultClientRuntimePlugin [roughlyenoughitems]
[13:25:04] [REI-ReloadPlugins/INFO] [REI] ========================================
[13:25:04] [REI-ReloadPlugins/TRACE] [REI] [REIClientPlugin END] Reloading Section: "start-reload/"
[13:25:04] [REI-ReloadPlugins/TRACE] [REI] [REIClientPlugin END] Reloading Section: "start-reload/EntryRendererRegistryImpl/"
[13:25:04] [REI-ReloadPlugins/TRACE] [REI] [REIClientPlugin END] Reloading Section: "start-reload/EntryRendererRegistryImpl/" done in 52.21 μs
[13:25:04] [REI-ReloadPlugins/TRACE] [REI] [REIClientPlugin END] Reloading Section: "start-reload/ViewsImpl/"
[13:25:04] [REI-ReloadPlugins/TRACE] [REI] [REIClientPlugin END] Reloading Section: "start-reload/ViewsImpl/" done in 26.29 μs
[13:25:04] [REI-ReloadPlugins/TRACE] [REI] [REIClientPlugin END] Reloading Section: "start-reload/InputMethodRegistryImpl/"
[13:25:04] [REI-ReloadPlugins/TRACE] [REI] [REIClientPlugin END] Reloading Section: "start-reload/InputMethodRegistryImpl/" done in 41.52 μs
[13:25:04] [REI-ReloadPlugins/TRACE] [REI] [REIClientPlugin END] Reloading Section: "start-reload/SearchProviderImpl/"
[13:25:04] [REI-ReloadPlugins/TRACE] [REI] [REIClientPlugin END] Reloading Section: "start-reload/SearchProviderImpl/" done in 19.42 μs
[13:25:04] [REI-ReloadPlugins/TRACE] [REI] [REIClientPlugin END] Reloading Section: "start-reload/ConfigManagerImpl/"
[13:25:04] [REI-ReloadPlugins/TRACE] [REI] [REIClientPlugin END] Reloading Section: "start-reload/ConfigManagerImpl/" done in 20.07 μs
[13:25:04] [REI-ReloadPlugins/TRACE] [REI] [REIClientPlugin END] Reloading Section: "start-reload/EntryRegistryImpl/"
[13:25:04] [REI-ReloadPlugins/TRACE] [REI] [REIClientPlugin END] Reloading Section: "start-reload/EntryRegistryImpl/" done in 20.45 μs
[13:25:04] [REI-ReloadPlugins/TRACE] [REI] [REIClientPlugin END] Reloading Section: "start-reload/CollapsibleEntryRegistryImpl/"
[13:25:04] [REI-ReloadPlugins/TRACE] [REI] [REIClientPlugin END] Reloading Section: "start-reload/CollapsibleEntryRegistryImpl/" done in 34.35 μs
[13:25:04] [REI-ReloadPlugins/TRACE] [REI] [REIClientPlugin END] Reloading Section: "start-reload/BasicFilteringRuleImpl/"
[13:25:04] [REI-ReloadPlugins/TRACE] [REI] [REIClientPlugin END] Reloading Section: "start-reload/BasicFilteringRuleImpl/" done in 21.15 μs
[13:25:04] [REI-ReloadPlugins/TRACE] [REI] [REIClientPlugin END] Reloading Section: "start-reload/CategoryRegistryImpl/"
[13:25:04] [REI-ReloadPlugins/DEBUG] [REI] Added category visibility predicate: me.shedaniel.rei.impl.client.registry.category.CategoryRegistryImpl$$Lambda/0x0000000057d63ad8@1cdb692a [0.00 priority]
[13:25:04] [REI-ReloadPlugins/TRACE] [REI] [REIClientPlugin END] Reloading Section: "start-reload/CategoryRegistryImpl/" done in 3.675 ms
[13:25:04] [REI-ReloadPlugins/TRACE] [REI] [REIClientPlugin END] Reloading Section: "start-reload/DisplayRegistryImpl/"
[13:25:04] [REI-ReloadPlugins/TRACE] [REI] [REIClientPlugin END] Reloading Section: "start-reload/DisplayRegistryImpl/" done in 162.6 μs
[13:25:04] [REI-ReloadPlugins/TRACE] [REI] [REIClientPlugin END] Reloading Section: "start-reload/ScreenRegistryImpl/"
[13:25:04] [REI-ReloadPlugins/TRACE] [REI] [REIClientPlugin END] Reloading Section: "start-reload/ScreenRegistryImpl/" done in 29.16 μs
[13:25:04] [REI-ReloadPlugins/TRACE] [REI] [REIClientPlugin END] Reloading Section: "start-reload/FavoriteEntryTypeRegistryImpl/"
[13:25:04] [REI-ReloadPlugins/TRACE] [REI] [REIClientPlugin END] Reloading Section: "start-reload/FavoriteEntryTypeRegistryImpl/" done in 20.63 μs
[13:25:04] [REI-ReloadPlugins/TRACE] [REI] [REIClientPlugin END] Reloading Section: "start-reload/SubsetsRegistryImpl/"
[13:25:04] [REI-ReloadPlugins/TRACE] [REI] [REIClientPlugin END] Reloading Section: "start-reload/SubsetsRegistryImpl/" done in 18.34 μs
[13:25:04] [REI-ReloadPlugins/TRACE] [REI] [REIClientPlugin END] Reloading Section: "start-reload/TransferHandlerRegistryImpl/"
[13:25:04] [REI-ReloadPlugins/TRACE] [REI] [REIClientPlugin END] Reloading Section: "start-reload/TransferHandlerRegistryImpl/" done in 1.674 ms
[13:25:04] [REI-ReloadPlugins/TRACE] [REI] [REIClientPlugin END] Reloading Section: "start-reload/SearchRuntime/"
[13:25:04] [REI-ReloadPlugins/DEBUG] [REI] Preparing collapsed entry groups cache with 0 entries and 2182 stacks
[13:25:04] [REI-ReloadPlugins/DEBUG] [REI] Prepared collapsed entry groups cache with 0 entries and 2182 stacks
[13:25:04] [REI-ReloadPlugins/TRACE] [REI] [REIClientPlugin END] Reloading Section: "start-reload/SearchRuntime/" done in 508.9 μs
[13:25:04] [REI-ReloadPlugins/TRACE] [REI] [REIClientPlugin END] Reloading Section: "start-reload/REIRuntimeImpl/"
[13:25:04] [REI-ReloadPlugins/TRACE] [REI] [REIClientPlugin END] Reloading Section: "start-reload/REIRuntimeImpl/" done in 51.81 μs
[13:25:04] [REI-ReloadPlugins/TRACE] [REI] [REIClientPlugin END] Reloading Section: "start-reload/ConfigAddonRegistryImpl/"
[13:25:04] [REI-ReloadPlugins/TRACE] [REI] [REIClientPlugin END] Reloading Section: "start-reload/ConfigAddonRegistryImpl/" done in 26.04 μs
[13:25:04] [REI-ReloadPlugins/TRACE] [REI] [REIClientPlugin END] Reloading Section: "start-reload/me.shedaniel.rei.plugin.client.runtime.PluginStageExecutionWatcher$1/"
[13:25:04] [REI-ReloadPlugins/TRACE] [REI] [REIClientPlugin END] Reloading Section: "start-reload/me.shedaniel.rei.plugin.client.runtime.PluginStageExecutionWatcher$1/" done in 22.87 μs
[13:25:04] [REI-ReloadPlugins/TRACE] [REI] [REIClientPlugin END] Reloading Section: "start-reload/" done in 9.123 ms
[13:25:04] [REI-ReloadPlugins/DEBUG] [REI] ========================================
[13:25:04] [REI-ReloadPlugins/DEBUG] [REI] REIClientPlugin started main-reload for END.
[13:25:04] [REI-ReloadPlugins/DEBUG] [REI] ========================================
[13:25:04] [REI-ReloadPlugins/TRACE] [REI] [REIClientPlugin END] Reloading Section: "reloadable-plugin/EntryRendererRegistryImpl/"
[13:25:04] [REI-ReloadPlugins/TRACE] [REI] [REIClientPlugin END] Reloading Section: "reloadable-plugin/EntryRendererRegistryImpl/DefaultClientPluginImpl of DefaultClientPluginImpl [roughlyenoughitems]/"
[13:25:04] [REI-ReloadPlugins/TRACE] [REI] [REIClientPlugin END] Reloading Section: "reloadable-plugin/EntryRendererRegistryImpl/DefaultClientPluginImpl of DefaultClientPluginImpl [roughlyenoughitems]/" done in 54.34 μs
[13:25:04] [REI-ReloadPlugins/TRACE] [REI] [REIClientPlugin END] Reloading Section: "reloadable-plugin/EntryRendererRegistryImpl/HideIngredientsFromTagsPlugin of HideIngredientsFromTagsPlugin [roughlyenoughitems]/"
[13:25:04] [REI-ReloadPlugins/TRACE] [REI] [REIClientPlugin END] Reloading Section: "reloadable-plugin/EntryRendererRegistryImpl/HideIngredientsFromTagsPlugin of HideIngredientsFromTagsPlugin [roughlyenoughitems]/" done in 31.26 μs
[13:25:04] [REI-ReloadPlugins/TRACE] [REI] [REIClientPlugin END] Reloading Section: "reloadable-plugin/EntryRendererRegistryImpl/DefaultClientRuntimePlugin of DefaultClientRuntimePlugin [roughlyenoughitems]/"
[13:25:04] [REI-ReloadPlugins/TRACE] [REI] [REIClientPlugin END] Reloading Section: "reloadable-plugin/EntryRendererRegistryImpl/DefaultClientRuntimePlugin of DefaultClientRuntimePlugin [roughlyenoughitems]/" done in 27.76 μs
[13:25:04] [REI-ReloadPlugins/TRACE] [REI] [REIClientPlugin END] Reloading Section: "reloadable-plugin/EntryRendererRegistryImpl/" done in 329.7 μs
[13:25:04] [REI-ReloadPlugins/TRACE] [REI] [REIClientPlugin END] Reloading Section: "reloadable-plugin/ViewsImpl/"
[13:25:04] [REI-ReloadPlugins/TRACE] [REI] [REIClientPlugin END] Reloading Section: "reloadable-plugin/ViewsImpl/DefaultClientPluginImpl of DefaultClientPluginImpl [roughlyenoughitems]/"
[13:25:04] [REI-ReloadPlugins/TRACE] [REI] [REIClientPlugin END] Reloading Section: "reloadable-plugin/ViewsImpl/DefaultClientPluginImpl of DefaultClientPluginImpl [roughlyenoughitems]/" done in 32.22 μs
[13:25:04] [REI-ReloadPlugins/TRACE] [REI] [REIClientPlugin END] Reloading Section: "reloadable-plugin/ViewsImpl/HideIngredientsFromTagsPlugin of HideIngredientsFromTagsPlugin [roughlyenoughitems]/"
[13:25:04] [REI-ReloadPlugins/TRACE] [REI] [REIClientPlugin END] Reloading Section: "reloadable-plugin/ViewsImpl/HideIngredientsFromTagsPlugin of HideIngredientsFromTagsPlugin [roughlyenoughitems]/" done in 26.47 μs
[13:25:04] [REI-ReloadPlugins/TRACE] [REI] [REIClientPlugin END] Reloading Section: "reloadable-plugin/ViewsImpl/DefaultClientRuntimePlugin of DefaultClientRuntimePlugin [roughlyenoughitems]/"
[13:25:04] [REI-ReloadPlugins/TRACE] [REI] [REIClientPlugin END] Reloading Section: "reloadable-plugin/ViewsImpl/DefaultClientRuntimePlugin of DefaultClientRuntimePlugin [roughlyenoughitems]/" done in 36.83 μs
[13:25:04] [REI-ReloadPlugins/TRACE] [REI] [REIClientPlugin END] Reloading Section: "reloadable-plugin/ViewsImpl/" done in 276.3 μs
[13:25:04] [REI-ReloadPlugins/TRACE] [REI] [REIClientPlugin END] Reloading Section: "reloadable-plugin/InputMethodRegistryImpl/"
[13:25:04] [REI-ReloadPlugins/TRACE] [REI] [REIClientPlugin END] Reloading Section: "reloadable-plugin/InputMethodRegistryImpl/DefaultClientPluginImpl of DefaultClientPluginImpl [roughlyenoughitems]/"
[13:25:04] [REI-ReloadPlugins/TRACE] [REI] [REIClientPlugin END] Reloading Section: "reloadable-plugin/InputMethodRegistryImpl/DefaultClientPluginImpl of DefaultClientPluginImpl [roughlyenoughitems]/" done in 35.52 μs
[13:25:04] [REI-ReloadPlugins/TRACE] [REI] [REIClientPlugin END] Reloading Section: "reloadable-plugin/InputMethodRegistryImpl/HideIngredientsFromTagsPlugin of HideIngredientsFromTagsPlugin [roughlyenoughitems]/"
[13:25:04] [REI-ReloadPlugins/TRACE] [REI] [REIClientPlugin END] Reloading Section: "reloadable-plugin/InputMethodRegistryImpl/HideIngredientsFromTagsPlugin of HideIngredientsFromTagsPlugin [roughlyenoughitems]/" done in 27.47 μs
[13:25:04] [REI-ReloadPlugins/TRACE] [REI] [REIClientPlugin END] Reloading Section: "reloadable-plugin/InputMethodRegistryImpl/DefaultClientRuntimePlugin of DefaultClientRuntimePlugin [roughlyenoughitems]/"
[13:25:04] [REI-ReloadPlugins/DEBUG] [REI] Added input method [rei:default]: Default
[13:25:04] [REI-ReloadPlugins/DEBUG] [REI] Added input method [rei:pinyin]: Pinyin (Mandarin)
[13:25:04] [REI-ReloadPlugins/DEBUG] [REI] Added input method [rei:jyutping]: Jyutping (Cantonese)
[13:25:04] [REI-ReloadPlugins/DEBUG] [REI] Added input method [rei:bomopofo]: Bopomofo (Mandarin)
[13:25:04] [REI-ReloadPlugins/DEBUG] [REI] Added input method [rei:double_pinyin]: Double Pinyin (Mandarin)
[13:25:04] [REI-ReloadPlugins/TRACE] [REI] [REIClientPlugin END] Reloading Section: "reloadable-plugin/InputMethodRegistryImpl/DefaultClientRuntimePlugin of DefaultClientRuntimePlugin [roughlyenoughitems]/" done in 47.69 ms
[13:25:04] [REI-ReloadPlugins/TRACE] [REI] [REIClientPlugin END] Reloading Section: "reloadable-plugin/InputMethodRegistryImpl/" done in 47.98 ms
[13:25:04] [REI-ReloadPlugins/TRACE] [REI] [REIClientPlugin END] Reloading Section: "reloadable-plugin/SearchProviderImpl/"
[13:25:04] [REI-ReloadPlugins/TRACE] [REI] [REIClientPlugin END] Reloading Section: "reloadable-plugin/SearchProviderImpl/DefaultClientPluginImpl of DefaultClientPluginImpl [roughlyenoughitems]/"
[13:25:04] [REI-ReloadPlugins/TRACE] [REI] [REIClientPlugin END] Reloading Section: "reloadable-plugin/SearchProviderImpl/DefaultClientPluginImpl of DefaultClientPluginImpl [roughlyenoughitems]/" done in 33.62 μs
[13:25:04] [REI-ReloadPlugins/TRACE] [REI] [REIClientPlugin END] Reloading Section: "reloadable-plugin/SearchProviderImpl/HideIngredientsFromTagsPlugin of HideIngredientsFromTagsPlugin [roughlyenoughitems]/"
[13:25:04] [REI-ReloadPlugins/TRACE] [REI] [REIClientPlugin END] Reloading Section: "reloadable-plugin/SearchProviderImpl/HideIngredientsFromTagsPlugin of HideIngredientsFromTagsPlugin [roughlyenoughitems]/" done in 25.70 μs
[13:25:04] [REI-ReloadPlugins/TRACE] [REI] [REIClientPlugin END] Reloading Section: "reloadable-plugin/SearchProviderImpl/DefaultClientRuntimePlugin of DefaultClientRuntimePlugin [roughlyenoughitems]/"
[13:25:04] [REI-ReloadPlugins/TRACE] [REI] [REIClientPlugin END] Reloading Section: "reloadable-plugin/SearchProviderImpl/DefaultClientRuntimePlugin of DefaultClientRuntimePlugin [roughlyenoughitems]/" done in 22.71 μs
[13:25:04] [REI-ReloadPlugins/TRACE] [REI] [REIClientPlugin END] Reloading Section: "reloadable-plugin/SearchProviderImpl/" done in 272.4 μs
[13:25:04] [REI-ReloadPlugins/TRACE] [REI] [REIClientPlugin END] Reloading Section: "reloadable-plugin/ConfigManagerImpl/"
[13:25:04] [REI-ReloadPlugins/TRACE] [REI] [REIClientPlugin END] Reloading Section: "reloadable-plugin/ConfigManagerImpl/DefaultClientPluginImpl of DefaultClientPluginImpl [roughlyenoughitems]/"
[13:25:04] [REI-ReloadPlugins/TRACE] [REI] [REIClientPlugin END] Reloading Section: "reloadable-plugin/ConfigManagerImpl/DefaultClientPluginImpl of DefaultClientPluginImpl [roughlyenoughitems]/" done in 23.87 μs
[13:25:04] [REI-ReloadPlugins/TRACE] [REI] [REIClientPlugin END] Reloading Section: "reloadable-plugin/ConfigManagerImpl/HideIngredientsFromTagsPlugin of HideIngredientsFromTagsPlugin [roughlyenoughitems]/"
[13:25:04] [REI-ReloadPlugins/TRACE] [REI] [REIClientPlugin END] Reloading Section: "reloadable-plugin/ConfigManagerImpl/HideIngredientsFromTagsPlugin of HideIngredientsFromTagsPlugin [roughlyenoughitems]/" done in 23.89 μs
[13:25:04] [REI-ReloadPlugins/TRACE] [REI] [REIClientPlugin END] Reloading Section: "reloadable-plugin/ConfigManagerImpl/DefaultClientRuntimePlugin of DefaultClientRuntimePlugin [roughlyenoughitems]/"
[13:25:04] [REI-ReloadPlugins/TRACE] [REI] [REIClientPlugin END] Reloading Section: "reloadable-plugin/ConfigManagerImpl/DefaultClientRuntimePlugin of DefaultClientRuntimePlugin [roughlyenoughitems]/" done in 21.26 μs
[13:25:04] [REI-ReloadPlugins/TRACE] [REI] [REIClientPlugin END] Reloading Section: "reloadable-plugin/ConfigManagerImpl/" done in 214.2 μs
[13:25:04] [REI-ReloadPlugins/TRACE] [REI] [REIClientPlugin END] Reloading Section: "reloadable-plugin/EntryRegistryImpl/"
[13:25:04] [REI-ReloadPlugins/TRACE] [REI] [REIClientPlugin END] Reloading Section: "reloadable-plugin/EntryRegistryImpl/DefaultClientPluginImpl of DefaultClientPluginImpl [roughlyenoughitems]/"
[13:25:04] [REI-ReloadPlugins/TRACE] [REI] [REIClientPlugin END] Reloading Section: "reloadable-plugin/EntryRegistryImpl/DefaultClientPluginImpl of DefaultClientPluginImpl [roughlyenoughitems]/" done in 21.95 μs
[13:25:04] [REI-ReloadPlugins/TRACE] [REI] [REIClientPlugin END] Reloading Section: "reloadable-plugin/EntryRegistryImpl/HideIngredientsFromTagsPlugin of HideIngredientsFromTagsPlugin [roughlyenoughitems]/"
[13:25:04] [REI-ReloadPlugins/TRACE] [REI] [REIClientPlugin END] Reloading Section: "reloadable-plugin/EntryRegistryImpl/HideIngredientsFromTagsPlugin of HideIngredientsFromTagsPlugin [roughlyenoughitems]/" done in 23.67 μs
[13:25:04] [REI-ReloadPlugins/TRACE] [REI] [REIClientPlugin END] Reloading Section: "reloadable-plugin/EntryRegistryImpl/DefaultClientRuntimePlugin of DefaultClientRuntimePlugin [roughlyenoughitems]/"
[13:25:04] [REI-ReloadPlugins/TRACE] [REI] [REIClientPlugin END] Reloading Section: "reloadable-plugin/EntryRegistryImpl/DefaultClientRuntimePlugin of DefaultClientRuntimePlugin [roughlyenoughitems]/" done in 21.75 μs
[13:25:04] [REI-ReloadPlugins/TRACE] [REI] [REIClientPlugin END] Reloading Section: "reloadable-plugin/EntryRegistryImpl/" done in 222.6 μs
[13:25:04] [REI-ReloadPlugins/TRACE] [REI] [REIClientPlugin END] Reloading Section: "reloadable-plugin/CollapsibleEntryRegistryImpl/"
[13:25:04] [REI-ReloadPlugins/TRACE] [REI] [REIClientPlugin END] Reloading Section: "reloadable-plugin/CollapsibleEntryRegistryImpl/DefaultClientPluginImpl of DefaultClientPluginImpl [roughlyenoughitems]/"
[13:25:04] [REI-ReloadPlugins/DEBUG] [REI] Added collapsible entry group [roughlyenoughitems:enchanted_book] Enchanted Book with dynamic predicate
[13:25:04] [REI-ReloadPlugins/DEBUG] [REI] Added collapsible entry group [roughlyenoughitems:potion] Potion with dynamic predicate
[13:25:04] [REI-ReloadPlugins/DEBUG] [REI] Added collapsible entry group [roughlyenoughitems:splash_potion] Splash Potion with dynamic predicate
[13:25:04] [REI-ReloadPlugins/DEBUG] [REI] Added collapsible entry group [roughlyenoughitems:lingering_potion] Lingering Potion with dynamic predicate
[13:25:04] [REI-ReloadPlugins/DEBUG] [REI] Added collapsible entry group [roughlyenoughitems:spawn_egg] Spawn Egg with dynamic predicate
[13:25:04] [REI-ReloadPlugins/DEBUG] [REI] Added collapsible entry group [roughlyenoughitems:tipped_arrow] Tipped Arrow with dynamic predicate
[13:25:04] [REI-ReloadPlugins/DEBUG] [REI] Added collapsible entry group [roughlyenoughitems:music_disc] Music Disc with dynamic predicate
[13:25:04] [REI-ReloadPlugins/TRACE] [REI] [REIClientPlugin END] Reloading Section: "reloadable-plugin/CollapsibleEntryRegistryImpl/DefaultClientPluginImpl of DefaultClientPluginImpl [roughlyenoughitems]/" done in 1.688 ms
[13:25:04] [REI-ReloadPlugins/TRACE] [REI] [REIClientPlugin END] Reloading Section: "reloadable-plugin/CollapsibleEntryRegistryImpl/HideIngredientsFromTagsPlugin of HideIngredientsFromTagsPlugin [roughlyenoughitems]/"
[13:25:04] [REI-ReloadPlugins/TRACE] [REI] [REIClientPlugin END] Reloading Section: "reloadable-plugin/CollapsibleEntryRegistryImpl/HideIngredientsFromTagsPlugin of HideIngredientsFromTagsPlugin [roughlyenoughitems]/" done in 28.33 μs
[13:25:04] [REI-ReloadPlugins/TRACE] [REI] [REIClientPlugin END] Reloading Section: "reloadable-plugin/CollapsibleEntryRegistryImpl/DefaultClientRuntimePlugin of DefaultClientRuntimePlugin [roughlyenoughitems]/"
[13:25:04] [REI-ReloadPlugins/TRACE] [REI] [REIClientPlugin END] Reloading Section: "reloadable-plugin/CollapsibleEntryRegistryImpl/DefaultClientRuntimePlugin of DefaultClientRuntimePlugin [roughlyenoughitems]/" done in 24.17 μs
[13:25:04] [REI-ReloadPlugins/TRACE] [REI] [REIClientPlugin END] Reloading Section: "reloadable-plugin/CollapsibleEntryRegistryImpl/" done in 1.902 ms
[13:25:04] [REI-ReloadPlugins/TRACE] [REI] [REIClientPlugin END] Reloading Section: "reloadable-plugin/BasicFilteringRuleImpl/"
[13:25:04] [REI-ReloadPlugins/TRACE] [REI] [REIClientPlugin END] Reloading Section: "reloadable-plugin/BasicFilteringRuleImpl/DefaultClientPluginImpl of DefaultClientPluginImpl [roughlyenoughitems]/"
[13:25:04] [REI-ReloadPlugins/TRACE] [REI] [REIClientPlugin END] Reloading Section: "reloadable-plugin/BasicFilteringRuleImpl/DefaultClientPluginImpl of DefaultClientPluginImpl [roughlyenoughitems]/" done in 22.58 μs
[13:25:04] [REI-ReloadPlugins/TRACE] [REI] [REIClientPlugin END] Reloading Section: "reloadable-plugin/BasicFilteringRuleImpl/HideIngredientsFromTagsPlugin of HideIngredientsFromTagsPlugin [roughlyenoughitems]/"
[13:25:04] [REI-ReloadPlugins/TRACE] [REI] [REIClientPlugin END] Reloading Section: "reloadable-plugin/BasicFilteringRuleImpl/HideIngredientsFromTagsPlugin of HideIngredientsFromTagsPlugin [roughlyenoughitems]/" done in 21.80 μs
[13:25:04] [REI-ReloadPlugins/TRACE] [REI] [REIClientPlugin END] Reloading Section: "reloadable-plugin/BasicFilteringRuleImpl/DefaultClientRuntimePlugin of DefaultClientRuntimePlugin [roughlyenoughitems]/"
[13:25:04] [REI-ReloadPlugins/TRACE] [REI] [REIClientPlugin END] Reloading Section: "reloadable-plugin/BasicFilteringRuleImpl/DefaultClientRuntimePlugin of DefaultClientRuntimePlugin [roughlyenoughitems]/" done in 20.25 μs
[13:25:04] [REI-ReloadPlugins/TRACE] [REI] [REIClientPlugin END] Reloading Section: "reloadable-plugin/BasicFilteringRuleImpl/" done in 200.2 μs
[13:25:04] [REI-ReloadPlugins/TRACE] [REI] [REIClientPlugin END] Reloading Section: "reloadable-plugin/CategoryRegistryImpl/"
[13:25:04] [REI-ReloadPlugins/TRACE] [REI] [REIClientPlugin END] Reloading Section: "reloadable-plugin/CategoryRegistryImpl/DefaultClientPluginImpl of DefaultClientPluginImpl [roughlyenoughitems]/"
[13:25:04] [REI-ReloadPlugins/DEBUG] [REI] Added category [minecraft:plugins/crafting]: Crafting
[13:25:04] [REI-ReloadPlugins/DEBUG] [REI] Added category [minecraft:plugins/smelting]: Smelting
[13:25:04] [REI-ReloadPlugins/DEBUG] [REI] Added category [minecraft:plugins/smoking]: Smoking
[13:25:04] [REI-ReloadPlugins/DEBUG] [REI] Added category [minecraft:plugins/blasting]: Blasting
[13:25:04] [REI-ReloadPlugins/DEBUG] [REI] Added category [minecraft:plugins/campfire]: Campfire
[13:25:04] [REI-ReloadPlugins/DEBUG] [REI] Added category [minecraft:plugins/stone_cutting]: Stone Cutting
[13:25:04] [REI-ReloadPlugins/DEBUG] [REI] Added category [minecraft:plugins/fuel]: Fuel
[13:25:04] [REI-ReloadPlugins/DEBUG] [REI] Added category [minecraft:plugins/brewing]: Brewing
[13:25:04] [REI-ReloadPlugins/DEBUG] [REI] Added category [minecraft:plugins/composting]: Composting
[13:25:04] [REI-ReloadPlugins/DEBUG] [REI] Added category [minecraft:plugins/stripping]: Stripping
[13:25:04] [REI-ReloadPlugins/DEBUG] [REI] Added category [minecraft:plugins/smithing]: Smithing
[13:25:04] [REI-ReloadPlugins/DEBUG] [REI] Added category [minecraft:plugins/anvil]: Anvil
[13:25:04] [REI-ReloadPlugins/DEBUG] [REI] Added category [minecraft:plugins/beacon_base]: Beacon Base
[13:25:04] [REI-ReloadPlugins/DEBUG] [REI] Added category [minecraft:plugins/beacon_payment]: Beacon Payment
[13:25:04] [REI-ReloadPlugins/DEBUG] [REI] Added category [minecraft:plugins/tilling]: Tilling
[13:25:04] [REI-ReloadPlugins/DEBUG] [REI] Added category [minecraft:plugins/pathing]: Pathing
[13:25:04] [REI-ReloadPlugins/DEBUG] [REI] Added category [minecraft:plugins/waxing]: Waxing
[13:25:04] [REI-ReloadPlugins/DEBUG] [REI] Added category [minecraft:plugins/wax_scraping]: Wax Scraping
[13:25:04] [REI-ReloadPlugins/DEBUG] [REI] Added category [minecraft:plugins/oxidizing]: Oxidizing
[13:25:04] [REI-ReloadPlugins/DEBUG] [REI] Added category [minecraft:plugins/oxidation_scraping]: Oxidation Scraping
[13:25:04] [REI-ReloadPlugins/DEBUG] [REI] Added category visibility predicate: me.shedaniel.rei.plugin.client.DefaultClientPlugin$$Lambda/0x0000000057d6dd78@1ae6dd15 [0.00 priority]
[13:25:04] [REI-ReloadPlugins/TRACE] [REI] [REIClientPlugin END] Reloading Section: "reloadable-plugin/CategoryRegistryImpl/DefaultClientPluginImpl of DefaultClientPluginImpl [roughlyenoughitems]/" done in 41.00 ms
[13:25:04] [REI-ReloadPlugins/TRACE] [REI] [REIClientPlugin END] Reloading Section: "reloadable-plugin/CategoryRegistryImpl/HideIngredientsFromTagsPlugin of HideIngredientsFromTagsPlugin [roughlyenoughitems]/"
[13:25:04] [REI-ReloadPlugins/TRACE] [REI] [REIClientPlugin END] Reloading Section: "reloadable-plugin/CategoryRegistryImpl/HideIngredientsFromTagsPlugin of HideIngredientsFromTagsPlugin [roughlyenoughitems]/" done in 58.31 μs
[13:25:04] [REI-ReloadPlugins/TRACE] [REI] [REIClientPlugin END] Reloading Section: "reloadable-plugin/CategoryRegistryImpl/DefaultClientRuntimePlugin of DefaultClientRuntimePlugin [roughlyenoughitems]/"
[13:25:04] [REI-ReloadPlugins/TRACE] [REI] [REIClientPlugin END] Reloading Section: "reloadable-plugin/CategoryRegistryImpl/DefaultClientRuntimePlugin of DefaultClientRuntimePlugin [roughlyenoughitems]/" done in 30.70 μs
[13:25:04] [REI-ReloadPlugins/TRACE] [REI] [REIClientPlugin END] Reloading Section: "reloadable-plugin/CategoryRegistryImpl/" done in 41.38 ms
[13:25:04] [REI-ReloadPlugins/TRACE] [REI] [REIClientPlugin END] Reloading Section: "reloadable-plugin/DisplayRegistryImpl/"
[13:25:04] [REI-ReloadPlugins/TRACE] [REI] [REIClientPlugin END] Reloading Section: "reloadable-plugin/DisplayRegistryImpl/DefaultClientPluginImpl of DefaultClientPluginImpl [roughlyenoughitems]/"
[13:25:04] [REI-ReloadPlugins/DEBUG] [REI] Added category [roughlyenoughitems:plugins/information]: Information
[13:25:04] [REI-ReloadPlugins/DEBUG] [REI] Added category [minecraft:plugins/tag]: Tag
[13:25:04] [REI-ReloadPlugins/DEBUG] [REI] Added display filter: me.shedaniel.rei.api.common.registry.display.DisplayConsumer$RecipeDisplayConsumer$RecipeFillerBuilder$$Lambda/0x0000000057d717e0@7a7b11e5
[13:25:04] [REI-ReloadPlugins/DEBUG] [REI] Added display filter: me.shedaniel.rei.api.common.registry.display.DisplayConsumer$RecipeDisplayConsumer$RecipeFillerBuilder$$Lambda/0x0000000057d717e0@2ede3d3d
[13:25:04] [REI-ReloadPlugins/DEBUG] [REI] Added display filter: me.shedaniel.rei.api.common.registry.display.DisplayConsumer$RecipeDisplayConsumer$RecipeFillerBuilder$$Lambda/0x0000000057d717e0@4e34d882
[13:25:04] [REI-ReloadPlugins/DEBUG] [REI] Added display filter: me.shedaniel.rei.api.common.registry.display.DisplayConsumer$RecipeDisplayConsumer$RecipeFillerBuilder$$Lambda/0x0000000057d717e0@5ab4255e
[13:25:04] [REI-ReloadPlugins/DEBUG] [REI] Added display filter: me.shedaniel.rei.api.common.registry.display.DisplayConsumer$RecipeDisplayConsumer$RecipeFillerBuilder$$Lambda/0x0000000057d717e0@42422df8
[13:25:04] [REI-ReloadPlugins/DEBUG] [REI] Added display filter: me.shedaniel.rei.api.common.registry.display.DisplayConsumer$FillerBuilder$$Lambda/0x0000000057d73578@6091dc2
[13:25:04] [REI-ReloadPlugins/DEBUG] [REI] Added display filter: me.shedaniel.rei.api.common.registry.display.DisplayConsumer$FillerBuilder$$Lambda/0x0000000057d73578@4063429a
[13:25:04] [REI-ReloadPlugins/DEBUG] [REI] Added display filter: me.shedaniel.rei.api.common.registry.display.DisplayConsumer$FillerBuilder$$Lambda/0x0000000057d73578@12f9d93c
[13:25:04] [REI-ReloadPlugins/TRACE] [REI] [REIClientPlugin END] Reloading Section: "reloadable-plugin/DisplayRegistryImpl/DefaultClientPluginImpl of DefaultClientPluginImpl [roughlyenoughitems]/" done in 433.0 ms
[13:25:04] [REI-ReloadPlugins/TRACE] [REI] [REIClientPlugin END] Reloading Section: "reloadable-plugin/DisplayRegistryImpl/HideIngredientsFromTagsPlugin of HideIngredientsFromTagsPlugin [roughlyenoughitems]/"
[13:25:04] [REI-ReloadPlugins/TRACE] [REI] [REIClientPlugin END] Reloading Section: "reloadable-plugin/DisplayRegistryImpl/HideIngredientsFromTagsPlugin of HideIngredientsFromTagsPlugin [roughlyenoughitems]/" done in 65.82 μs
[13:25:04] [REI-ReloadPlugins/TRACE] [REI] [REIClientPlugin END] Reloading Section: "reloadable-plugin/DisplayRegistryImpl/DefaultClientRuntimePlugin of DefaultClientRuntimePlugin [roughlyenoughitems]/"
[13:25:05] [REI-ReloadPlugins/DEBUG] [REI] Computed existing filtered displays with 3 rules in 355.6 ms
[13:25:05] [REI-ReloadPlugins/DEBUG] [REI] Added display visibility predicate: me.shedaniel.rei.plugin.client.runtime.FilteredStacksVisibilityHandler@53971ebc [0.00 priority]
[13:25:05] [REI-ReloadPlugins/TRACE] [REI] [REIClientPlugin END] Reloading Section: "reloadable-plugin/DisplayRegistryImpl/DefaultClientRuntimePlugin of DefaultClientRuntimePlugin [roughlyenoughitems]/" done in 356.1 ms
[13:25:05] [REI-ReloadPlugins/TRACE] [REI] [REIClientPlugin END] Reloading Section: "reloadable-plugin/DisplayRegistryImpl/" done in 789.5 ms
[13:25:05] [REI-ReloadPlugins/TRACE] [REI] [REIClientPlugin END] Reloading Section: "reloadable-plugin/ScreenRegistryImpl/"
[13:25:05] [REI-ReloadPlugins/TRACE] [REI] [REIClientPlugin END] Reloading Section: "reloadable-plugin/ScreenRegistryImpl/DefaultClientPluginImpl of DefaultClientPluginImpl [roughlyenoughitems]/"
[13:25:05] [REI-ReloadPlugins/TRACE] [REI] [REIClientPlugin END] Reloading Section: "reloadable-plugin/ScreenRegistryImpl/DefaultClientPluginImpl of DefaultClientPluginImpl [roughlyenoughitems]/" done in 34.40 μs
[13:25:05] [REI-ReloadPlugins/TRACE] [REI] [REIClientPlugin END] Reloading Section: "reloadable-plugin/ScreenRegistryImpl/HideIngredientsFromTagsPlugin of HideIngredientsFromTagsPlugin [roughlyenoughitems]/"
[13:25:05] [REI-ReloadPlugins/TRACE] [REI] [REIClientPlugin END] Reloading Section: "reloadable-plugin/ScreenRegistryImpl/HideIngredientsFromTagsPlugin of HideIngredientsFromTagsPlugin [roughlyenoughitems]/" done in 32.82 μs
[13:25:05] [REI-ReloadPlugins/TRACE] [REI] [REIClientPlugin END] Reloading Section: "reloadable-plugin/ScreenRegistryImpl/DefaultClientRuntimePlugin of DefaultClientRuntimePlugin [roughlyenoughitems]/"
[13:25:05] [REI-ReloadPlugins/TRACE] [REI] [REIClientPlugin END] Reloading Section: "reloadable-plugin/ScreenRegistryImpl/DefaultClientRuntimePlugin of DefaultClientRuntimePlugin [roughlyenoughitems]/" done in 22.61 μs
[13:25:05] [REI-ReloadPlugins/TRACE] [REI] [REIClientPlugin END] Reloading Section: "reloadable-plugin/ScreenRegistryImpl/" done in 253.8 μs
[13:25:05] [REI-ReloadPlugins/TRACE] [REI] [REIClientPlugin END] Reloading Section: "reloadable-plugin/FavoriteEntryTypeRegistryImpl/"
[13:25:05] [REI-ReloadPlugins/TRACE] [REI] [REIClientPlugin END] Reloading Section: "reloadable-plugin/FavoriteEntryTypeRegistryImpl/DefaultClientPluginImpl of DefaultClientPluginImpl [roughlyenoughitems]/"
[13:25:05] [REI-ReloadPlugins/TRACE] [REI] [REIClientPlugin END] Reloading Section: "reloadable-plugin/FavoriteEntryTypeRegistryImpl/DefaultClientPluginImpl of DefaultClientPluginImpl [roughlyenoughitems]/" done in 20.32 μs
[13:25:05] [REI-ReloadPlugins/TRACE] [REI] [REIClientPlugin END] Reloading Section: "reloadable-plugin/FavoriteEntryTypeRegistryImpl/HideIngredientsFromTagsPlugin of HideIngredientsFromTagsPlugin [roughlyenoughitems]/"
[13:25:05] [REI-ReloadPlugins/TRACE] [REI] [REIClientPlugin END] Reloading Section: "reloadable-plugin/FavoriteEntryTypeRegistryImpl/HideIngredientsFromTagsPlugin of HideIngredientsFromTagsPlugin [roughlyenoughitems]/" done in 21.80 μs
[13:25:05] [REI-ReloadPlugins/TRACE] [REI] [REIClientPlugin END] Reloading Section: "reloadable-plugin/FavoriteEntryTypeRegistryImpl/DefaultClientRuntimePlugin of DefaultClientRuntimePlugin [roughlyenoughitems]/"
[13:25:05] [REI-ReloadPlugins/TRACE] [REI] [REIClientPlugin END] Reloading Section: "reloadable-plugin/FavoriteEntryTypeRegistryImpl/DefaultClientRuntimePlugin of DefaultClientRuntimePlugin [roughlyenoughitems]/" done in 40.67 μs
[13:25:05] [REI-ReloadPlugins/TRACE] [REI] [REIClientPlugin END] Reloading Section: "reloadable-plugin/FavoriteEntryTypeRegistryImpl/" done in 231.3 μs
[13:25:05] [REI-ReloadPlugins/TRACE] [REI] [REIClientPlugin END] Reloading Section: "reloadable-plugin/SubsetsRegistryImpl/"
[13:25:05] [REI-ReloadPlugins/TRACE] [REI] [REIClientPlugin END] Reloading Section: "reloadable-plugin/SubsetsRegistryImpl/DefaultClientPluginImpl of DefaultClientPluginImpl [roughlyenoughitems]/"
[13:25:05] [REI-ReloadPlugins/TRACE] [REI] [REIClientPlugin END] Reloading Section: "reloadable-plugin/SubsetsRegistryImpl/DefaultClientPluginImpl of DefaultClientPluginImpl [roughlyenoughitems]/" done in 20.49 μs
[13:25:05] [REI-ReloadPlugins/TRACE] [REI] [REIClientPlugin END] Reloading Section: "reloadable-plugin/SubsetsRegistryImpl/HideIngredientsFromTagsPlugin of HideIngredientsFromTagsPlugin [roughlyenoughitems]/"
[13:25:05] [REI-ReloadPlugins/TRACE] [REI] [REIClientPlugin END] Reloading Section: "reloadable-plugin/SubsetsRegistryImpl/HideIngredientsFromTagsPlugin of HideIngredientsFromTagsPlugin [roughlyenoughitems]/" done in 2.423 ms
[13:25:05] [REI-ReloadPlugins/TRACE] [REI] [REIClientPlugin END] Reloading Section: "reloadable-plugin/SubsetsRegistryImpl/DefaultClientRuntimePlugin of DefaultClientRuntimePlugin [roughlyenoughitems]/"
[13:25:05] [REI-ReloadPlugins/TRACE] [REI] [REIClientPlugin END] Reloading Section: "reloadable-plugin/SubsetsRegistryImpl/DefaultClientRuntimePlugin of DefaultClientRuntimePlugin [roughlyenoughitems]/" done in 44.72 μs
[13:25:05] [REI-ReloadPlugins/TRACE] [REI] [REIClientPlugin END] Reloading Section: "reloadable-plugin/SubsetsRegistryImpl/" done in 2.716 ms
[13:25:05] [REI-ReloadPlugins/TRACE] [REI] [REIClientPlugin END] Reloading Section: "reloadable-plugin/TransferHandlerRegistryImpl/"
[13:25:05] [REI-ReloadPlugins/TRACE] [REI] [REIClientPlugin END] Reloading Section: "reloadable-plugin/TransferHandlerRegistryImpl/DefaultClientPluginImpl of DefaultClientPluginImpl [roughlyenoughitems]/"
[13:25:05] [Render thread/DEBUG] [REI] Created search filter with "" using Default
[13:25:05] [REI-ReloadPlugins/DEBUG] [REI] Added transfer handler: me.shedaniel.rei.api.client.registry.transfer.simple.SimpleTransferHandler$1@36737d96 [0.00 priority]
[13:25:05] [REI-ReloadPlugins/DEBUG] [REI] Added transfer handler: me.shedaniel.rei.plugin.autocrafting.InventoryCraftingTransferHandler@76bbc3b [0.00 priority]
[13:25:05] [REI-ReloadPlugins/DEBUG] [REI] Added transfer handler: me.shedaniel.rei.api.client.registry.transfer.simple.SimpleTransferHandler$1@65bbb2fd [0.00 priority]
[13:25:05] [REI-ReloadPlugins/DEBUG] [REI] Added transfer handler: me.shedaniel.rei.api.client.registry.transfer.simple.SimpleTransferHandler$1@2f06cdf5 [0.00 priority]
[13:25:05] [REI-ReloadPlugins/DEBUG] [REI] Added transfer handler: me.shedaniel.rei.api.client.registry.transfer.simple.SimpleTransferHandler$1@4a637b1d [0.00 priority]
[13:25:05] [Render thread/DEBUG] [REI] Starting Search: "" with 2181 stacks, shouldAsync: true on Render thread
[13:25:05] [REI-ReloadPlugins/DEBUG] [REI] Added transfer handler: me.shedaniel.rei.plugin.autocrafting.recipebook.DefaultRecipeBookHandler@60bdcf8f [-20.00 priority]
[13:25:05] [REI-ReloadPlugins/TRACE] [REI] [REIClientPlugin END] Reloading Section: "reloadable-plugin/TransferHandlerRegistryImpl/DefaultClientPluginImpl of DefaultClientPluginImpl [roughlyenoughitems]/" done in 3.597 ms
[13:25:05] [REI-ReloadPlugins/TRACE] [REI] [REIClientPlugin END] Reloading Section: "reloadable-plugin/TransferHandlerRegistryImpl/HideIngredientsFromTagsPlugin of HideIngredientsFromTagsPlugin [roughlyenoughitems]/"
[13:25:05] [REI-ReloadPlugins/TRACE] [REI] [REIClientPlugin END] Reloading Section: "reloadable-plugin/TransferHandlerRegistryImpl/HideIngredientsFromTagsPlugin of HideIngredientsFromTagsPlugin [roughlyenoughitems]/" done in 44.71 μs
[13:25:05] [REI-ReloadPlugins/TRACE] [REI] [REIClientPlugin END] Reloading Section: "reloadable-plugin/TransferHandlerRegistryImpl/DefaultClientRuntimePlugin of DefaultClientRuntimePlugin [roughlyenoughitems]/"
[13:25:05] [REI-ReloadPlugins/TRACE] [REI] [REIClientPlugin END] Reloading Section: "reloadable-plugin/TransferHandlerRegistryImpl/DefaultClientRuntimePlugin of DefaultClientRuntimePlugin [roughlyenoughitems]/" done in 38.90 μs
[13:25:05] [REI-ReloadPlugins/TRACE] [REI] [REIClientPlugin END] Reloading Section: "reloadable-plugin/TransferHandlerRegistryImpl/" done in 3.888 ms
[13:25:05] [REI-ReloadPlugins/TRACE] [REI] [REIClientPlugin END] Reloading Section: "reloadable-plugin/SearchRuntime/"
[13:25:05] [REI-ReloadPlugins/TRACE] [REI] [REIClientPlugin END] Reloading Section: "reloadable-plugin/SearchRuntime/DefaultClientPluginImpl of DefaultClientPluginImpl [roughlyenoughitems]/"
[13:25:05] [REI-ReloadPlugins/TRACE] [REI] [REIClientPlugin END] Reloading Section: "reloadable-plugin/SearchRuntime/DefaultClientPluginImpl of DefaultClientPluginImpl [roughlyenoughitems]/" done in 22.67 μs
[13:25:05] [REI-ReloadPlugins/TRACE] [REI] [REIClientPlugin END] Reloading Section: "reloadable-plugin/SearchRuntime/HideIngredientsFromTagsPlugin of HideIngredientsFromTagsPlugin [roughlyenoughitems]/"
[13:25:05] [REI-ReloadPlugins/TRACE] [REI] [REIClientPlugin END] Reloading Section: "reloadable-plugin/SearchRuntime/HideIngredientsFromTagsPlugin of HideIngredientsFromTagsPlugin [roughlyenoughitems]/" done in 18.52 μs
[13:25:05] [REI-ReloadPlugins/TRACE] [REI] [REIClientPlugin END] Reloading Section: "reloadable-plugin/SearchRuntime/DefaultClientRuntimePlugin of DefaultClientRuntimePlugin [roughlyenoughitems]/"
[13:25:05] [REI-ReloadPlugins/TRACE] [REI] [REIClientPlugin END] Reloading Section: "reloadable-plugin/SearchRuntime/DefaultClientRuntimePlugin of DefaultClientRuntimePlugin [roughlyenoughitems]/" done in 14.78 μs
[13:25:05] [REI-ReloadPlugins/TRACE] [REI] [REIClientPlugin END] Reloading Section: "reloadable-plugin/SearchRuntime/" done in 149.5 μs
[13:25:05] [REI-ReloadPlugins/TRACE] [REI] [REIClientPlugin END] Reloading Section: "reloadable-plugin/REIRuntimeImpl/"
[13:25:05] [REI-ReloadPlugins/TRACE] [REI] [REIClientPlugin END] Reloading Section: "reloadable-plugin/REIRuntimeImpl/DefaultClientPluginImpl of DefaultClientPluginImpl [roughlyenoughitems]/"
[13:25:05] [REI-ReloadPlugins/TRACE] [REI] [REIClientPlugin END] Reloading Section: "reloadable-plugin/REIRuntimeImpl/DefaultClientPluginImpl of DefaultClientPluginImpl [roughlyenoughitems]/" done in 14.58 μs
[13:25:05] [REI-ReloadPlugins/TRACE] [REI] [REIClientPlugin END] Reloading Section: "reloadable-plugin/REIRuntimeImpl/HideIngredientsFromTagsPlugin of HideIngredientsFromTagsPlugin [roughlyenoughitems]/"
[13:25:05] [REI-ReloadPlugins/TRACE] [REI] [REIClientPlugin END] Reloading Section: "reloadable-plugin/REIRuntimeImpl/HideIngredientsFromTagsPlugin of HideIngredientsFromTagsPlugin [roughlyenoughitems]/" done in 14.29 μs
[13:25:05] [REI-ReloadPlugins/TRACE] [REI] [REIClientPlugin END] Reloading Section: "reloadable-plugin/REIRuntimeImpl/DefaultClientRuntimePlugin of DefaultClientRuntimePlugin [roughlyenoughitems]/"
[13:25:05] [REI-ReloadPlugins/TRACE] [REI] [REIClientPlugin END] Reloading Section: "reloadable-plugin/REIRuntimeImpl/DefaultClientRuntimePlugin of DefaultClientRuntimePlugin [roughlyenoughitems]/" done in 19.78 μs
[13:25:05] [REI-ReloadPlugins/TRACE] [REI] [REIClientPlugin END] Reloading Section: "reloadable-plugin/REIRuntimeImpl/" done in 126.6 μs
[13:25:05] [REI-ReloadPlugins/TRACE] [REI] [REIClientPlugin END] Reloading Section: "reloadable-plugin/ConfigAddonRegistryImpl/"
[13:25:05] [REI-ReloadPlugins/TRACE] [REI] [REIClientPlugin END] Reloading Section: "reloadable-plugin/ConfigAddonRegistryImpl/DefaultClientPluginImpl of DefaultClientPluginImpl [roughlyenoughitems]/"
[13:25:05] [REI-ReloadPlugins/TRACE] [REI] [REIClientPlugin END] Reloading Section: "reloadable-plugin/ConfigAddonRegistryImpl/DefaultClientPluginImpl of DefaultClientPluginImpl [roughlyenoughitems]/" done in 23.24 μs
[13:25:05] [REI-ReloadPlugins/TRACE] [REI] [REIClientPlugin END] Reloading Section: "reloadable-plugin/ConfigAddonRegistryImpl/HideIngredientsFromTagsPlugin of HideIngredientsFromTagsPlugin [roughlyenoughitems]/"
[13:25:05] [REI-ReloadPlugins/TRACE] [REI] [REIClientPlugin END] Reloading Section: "reloadable-plugin/ConfigAddonRegistryImpl/HideIngredientsFromTagsPlugin of HideIngredientsFromTagsPlugin [roughlyenoughitems]/" done in 14.98 μs
[13:25:05] [REI-ReloadPlugins/TRACE] [REI] [REIClientPlugin END] Reloading Section: "reloadable-plugin/ConfigAddonRegistryImpl/DefaultClientRuntimePlugin of DefaultClientRuntimePlugin [roughlyenoughitems]/"
[13:25:05] [REI-ReloadPlugins/TRACE] [REI] [REIClientPlugin END] Reloading Section: "reloadable-plugin/ConfigAddonRegistryImpl/DefaultClientRuntimePlugin of DefaultClientRuntimePlugin [roughlyenoughitems]/" done in 14.09 μs
[13:25:05] [REI-ReloadPlugins/TRACE] [REI] [REIClientPlugin END] Reloading Section: "reloadable-plugin/ConfigAddonRegistryImpl/" done in 125.0 μs
[13:25:05] [REI-ReloadPlugins/TRACE] [REI] [REIClientPlugin END] Reloading Section: "reloadable-plugin/me.shedaniel.rei.plugin.client.runtime.PluginStageExecutionWatcher$1/"
[13:25:05] [REI-ReloadPlugins/TRACE] [REI] [REIClientPlugin END] Reloading Section: "reloadable-plugin/me.shedaniel.rei.plugin.client.runtime.PluginStageExecutionWatcher$1/DefaultClientPluginImpl of DefaultClientPluginImpl [roughlyenoughitems]/"
[13:25:05] [REI-ReloadPlugins/TRACE] [REI] [REIClientPlugin END] Reloading Section: "reloadable-plugin/me.shedaniel.rei.plugin.client.runtime.PluginStageExecutionWatcher$1/DefaultClientPluginImpl of DefaultClientPluginImpl [roughlyenoughitems]/" done in 13.89 μs
[13:25:05] [REI-ReloadPlugins/TRACE] [REI] [REIClientPlugin END] Reloading Section: "reloadable-plugin/me.shedaniel.rei.plugin.client.runtime.PluginStageExecutionWatcher$1/HideIngredientsFromTagsPlugin of HideIngredientsFromTagsPlugin [roughlyenoughitems]/"
[13:25:05] [REI-ReloadPlugins/TRACE] [REI] [REIClientPlugin END] Reloading Section: "reloadable-plugin/me.shedaniel.rei.plugin.client.runtime.PluginStageExecutionWatcher$1/HideIngredientsFromTagsPlugin of HideIngredientsFromTagsPlugin [roughlyenoughitems]/" done in 25.20 μs
[13:25:05] [REI-ReloadPlugins/TRACE] [REI] [REIClientPlugin END] Reloading Section: "reloadable-plugin/me.shedaniel.rei.plugin.client.runtime.PluginStageExecutionWatcher$1/DefaultClientRuntimePlugin of DefaultClientRuntimePlugin [roughlyenoughitems]/"
[13:25:05] [REI-ReloadPlugins/TRACE] [REI] [REIClientPlugin END] Reloading Section: "reloadable-plugin/me.shedaniel.rei.plugin.client.runtime.PluginStageExecutionWatcher$1/DefaultClientRuntimePlugin of DefaultClientRuntimePlugin [roughlyenoughitems]/" done in 26.95 μs
[13:25:05] [REI-ReloadPlugins/TRACE] [REI] [REIClientPlugin END] Reloading Section: "reloadable-plugin/me.shedaniel.rei.plugin.client.runtime.PluginStageExecutionWatcher$1/" done in 170.6 μs
[13:25:05] [Render thread/DEBUG] [REI] Async Search: 6 partitions for ""
[13:25:05] [REI-ReloadPlugins/DEBUG] [REI] ========================================
[13:25:05] [REI-ReloadPlugins/DEBUG] [REI] REIClientPlugin ending main-reload for END.
[13:25:05] [REI-ReloadPlugins/DEBUG] [REI] ========================================
[13:25:05] [REI-ReloadPlugins/TRACE] [REI] [REIClientPlugin END] Reloading Section: "end-reload/"
[13:25:05] [REI-ReloadPlugins/TRACE] [REI] [REIClientPlugin END] Reloading Section: "end-reload/EntryRendererRegistryImpl/"
[13:25:05] [REI-ReloadPlugins/TRACE] [REI] [REIClientPlugin END] Reloading Section: "end-reload/EntryRendererRegistryImpl/" done in 15.21 μs
[13:25:05] [REI-ReloadPlugins/TRACE] [REI] [REIClientPlugin END] Reloading Section: "end-reload/ViewsImpl/"
[13:25:05] [REI-ReloadPlugins/TRACE] [REI] [REIClientPlugin END] Reloading Section: "end-reload/ViewsImpl/" done in 15.49 μs
[13:25:05] [REI-ReloadPlugins/TRACE] [REI] [REIClientPlugin END] Reloading Section: "end-reload/InputMethodRegistryImpl/"
[13:25:05] [REI-ReloadPlugins/DEBUG] [REI] Registered 5 input methods: Default, Jyutping (Cantonese), Pinyin (Mandarin), Bopomofo (Mandarin), Double Pinyin (Mandarin)
[13:25:05] [REI-ReloadPlugins/TRACE] [REI] [REIClientPlugin END] Reloading Section: "end-reload/InputMethodRegistryImpl/" done in 2.743 ms
[13:25:05] [REI-ReloadPlugins/TRACE] [REI] [REIClientPlugin END] Reloading Section: "end-reload/SearchProviderImpl/"
[13:25:05] [REI-ReloadPlugins/TRACE] [REI] [REIClientPlugin END] Reloading Section: "end-reload/SearchProviderImpl/" done in 20.94 μs
[13:25:05] [REI-ReloadPlugins/TRACE] [REI] [REIClientPlugin END] Reloading Section: "end-reload/ConfigManagerImpl/"
[13:25:05] [REI-ReloadPlugins/TRACE] [REI] [REIClientPlugin END] Reloading Section: "end-reload/ConfigManagerImpl/" done in 25.24 μs
[13:25:05] [REI-ReloadPlugins/TRACE] [REI] [REIClientPlugin END] Reloading Section: "end-reload/EntryRegistryImpl/"
[13:25:05] [REI-ReloadPlugins/TRACE] [REI] [REIClientPlugin END] Reloading Section: "end-reload/EntryRegistryImpl/" done in 15.82 μs
[13:25:05] [REI-ReloadPlugins/TRACE] [REI] [REIClientPlugin END] Reloading Section: "end-reload/CollapsibleEntryRegistryImpl/"
[13:25:05] [REI-ReloadPlugins/DEBUG] [REI] Recollecting custom collapsible entry groups
[13:25:05] [REI-ReloadPlugins/DEBUG] [REI] Registered 0 custom collapsible entry groups: 
[13:25:05] [REI-ReloadPlugins/DEBUG] [REI] Registered 7 collapsible entry groups: Enchanted Book, Potion, Splash Potion, Lingering Potion, Spawn Egg, Tipped Arrow, Music Disc
[13:25:05] [REI-ReloadPlugins/TRACE] [REI] [REIClientPlugin END] Reloading Section: "end-reload/CollapsibleEntryRegistryImpl/" done in 579.9 μs
[13:25:05] [REI-ReloadPlugins/TRACE] [REI] [REIClientPlugin END] Reloading Section: "end-reload/BasicFilteringRuleImpl/"
[13:25:05] [REI-ReloadPlugins/TRACE] [REI] [REIClientPlugin END] Reloading Section: "end-reload/BasicFilteringRuleImpl/" done in 16.21 μs
[13:25:05] [REI-ReloadPlugins/TRACE] [REI] [REIClientPlugin END] Reloading Section: "end-reload/CategoryRegistryImpl/"
[13:25:05] [REI-ReloadPlugins/DEBUG] [REI] Registered 22 categories: Crafting, Smelting, Smoking, Blasting, Campfire, Stone Cutting, Fuel, Brewing, Composting, Stripping, Smithing, Anvil, Beacon Base, Beacon Payment, Tilling, Pathing, Waxing, Wax Scraping, Oxidizing, Oxidation Scraping, Information, Tag
[13:25:05] [REI-ReloadPlugins/TRACE] [REI] [REIClientPlugin END] Reloading Section: "end-reload/CategoryRegistryImpl/" done in 355.7 μs
[13:25:05] [REI-ReloadPlugins/TRACE] [REI] [REIClientPlugin END] Reloading Section: "end-reload/DisplayRegistryImpl/"
[13:25:05] [REI-ReloadPlugins/DEBUG] [REI] Found 3893 displays
[13:25:05] [REI-AsyncSearchManager-1/TRACE] [REI] Search "" Used [Thread[#189,REI-AsyncSearchManager-1,10,main]]: 11.13 ms
[13:25:05] [REI-ReloadPlugins/DEBUG] [REI] Removing 0 failed displays
[13:25:05] [REI-ReloadPlugins/DEBUG] [REI] 3893 displays registration have completed
[13:25:05] [REI-ReloadPlugins/TRACE] [REI] [REIClientPlugin END] Reloading Section: "end-reload/DisplayRegistryImpl/" done in 2.520 ms
[13:25:05] [REI-ReloadPlugins/TRACE] [REI] [REIClientPlugin END] Reloading Section: "end-reload/ScreenRegistryImpl/"
[13:25:05] [REI-ReloadPlugins/TRACE] [REI] [REIClientPlugin END] Reloading Section: "end-reload/ScreenRegistryImpl/" done in 15.15 μs
[13:25:05] [REI-ReloadPlugins/TRACE] [REI] [REIClientPlugin END] Reloading Section: "end-reload/FavoriteEntryTypeRegistryImpl/"
[13:25:05] [REI-ReloadPlugins/TRACE] [REI] [REIClientPlugin END] Reloading Section: "end-reload/FavoriteEntryTypeRegistryImpl/" done in 12.20 μs
[13:25:05] [REI-ReloadPlugins/TRACE] [REI] [REIClientPlugin END] Reloading Section: "end-reload/SubsetsRegistryImpl/"
[13:25:05] [REI-ReloadPlugins/TRACE] [REI] [REIClientPlugin END] Reloading Section: "end-reload/SubsetsRegistryImpl/" done in 11.15 μs
[13:25:05] [REI-ReloadPlugins/TRACE] [REI] [REIClientPlugin END] Reloading Section: "end-reload/TransferHandlerRegistryImpl/"
[13:25:05] [REI-ReloadPlugins/DEBUG] [REI] Registered 6 transfer handlers
[13:25:05] [REI-ReloadPlugins/TRACE] [REI] [REIClientPlugin END] Reloading Section: "end-reload/TransferHandlerRegistryImpl/" done in 69.16 μs
[13:25:05] [REI-ReloadPlugins/TRACE] [REI] [REIClientPlugin END] Reloading Section: "end-reload/SearchRuntime/"
[13:25:05] [REI-ReloadPlugins/TRACE] [REI] Preparing 15274 stacks for search arguments
[13:25:05] [REI-AsyncSearchManager-1/TRACE] [REI] Search "" Used and Applied [Thread[#189,REI-AsyncSearchManager-1,10,main]]: 26.74 ms
[13:25:05] [REI-ReloadPlugins/TRACE] [REI] Prepared 15259 / 15274 stacks for search arguments in 93ms
[13:25:05] [REI-ReloadPlugins/DEBUG] [REI] Preparing collapsed entry groups cache with 7 entries and 2182 stacks
[13:25:05] [REI-ReloadPlugins/DEBUG] [REI] Prepared collapsed entry groups cache with 7 entries and 2182 stacks
[13:25:05] [REI-ReloadPlugins/TRACE] [REI] [REIClientPlugin END] Reloading Section: "end-reload/SearchRuntime/" done in 93.54 ms
[13:25:05] [REI-ReloadPlugins/TRACE] [REI] [REIClientPlugin END] Reloading Section: "end-reload/REIRuntimeImpl/"
[13:25:05] [REI-ReloadPlugins/TRACE] [REI] [REIClientPlugin END] Reloading Section: "end-reload/REIRuntimeImpl/" done in 32.43 μs
[13:25:05] [REI-ReloadPlugins/TRACE] [REI] [REIClientPlugin END] Reloading Section: "end-reload/ConfigAddonRegistryImpl/"
[13:25:05] [REI-ReloadPlugins/DEBUG] [REI] Registered 0 config addons
[13:25:05] [REI-ReloadPlugins/TRACE] [REI] [REIClientPlugin END] Reloading Section: "end-reload/ConfigAddonRegistryImpl/" done in 106.7 μs
[13:25:05] [REI-ReloadPlugins/TRACE] [REI] [REIClientPlugin END] Reloading Section: "end-reload/me.shedaniel.rei.plugin.client.runtime.PluginStageExecutionWatcher$1/"
[13:25:05] [REI-ReloadPlugins/TRACE] [REI] [REIClientPlugin END] Reloading Section: "end-reload/me.shedaniel.rei.plugin.client.runtime.PluginStageExecutionWatcher$1/" done in 18.16 μs
[13:25:05] [REI-ReloadPlugins/TRACE] [REI] [REIClientPlugin END] Reloading Section: "end-reload/" done in 102.4 ms
[13:25:05] [REI-ReloadPlugins/DEBUG] [REI] ========================================
[13:25:05] [REI-ReloadPlugins/DEBUG] [REI] REIClientPlugin ended main-reload for END in 1.006 s.
[13:25:05] [REI-ReloadPlugins/DEBUG] [REI] ========================================
[13:25:05] [REI-ReloadPlugins/DEBUG] [REI] ========================================
[13:25:05] [REI-ReloadPlugins/DEBUG] [REI] REICommonPlugin starting post-reload for END.
[13:25:05] [REI-ReloadPlugins/DEBUG] [REI] Reloadables (9):
[13:25:05] [REI-ReloadPlugins/DEBUG] [REI]  - SlotAccessorRegistryImpl
[13:25:05] [REI-ReloadPlugins/DEBUG] [REI]  - EntryTypeRegistryImpl
[13:25:05] [REI-ReloadPlugins/DEBUG] [REI]  - EntrySettingsAdapterRegistryImpl
[13:25:05] [REI-ReloadPlugins/DEBUG] [REI]  - ItemComparatorRegistryImpl
[13:25:05] [REI-ReloadPlugins/DEBUG] [REI]  - FluidComparatorRegistryImpl
[13:25:05] [REI-ReloadPlugins/DEBUG] [REI]  - DisplaySerializerRegistryImpl
[13:25:05] [REI-ReloadPlugins/DEBUG] [REI]  - ServerDisplayRegistryImpl
[13:25:05] [REI-ReloadPlugins/DEBUG] [REI]  - FluidSupportProviderImpl
[13:25:05] [REI-ReloadPlugins/DEBUG] [REI]  - me.shedaniel.rei.plugin.client.runtime.PluginStageExecutionWatcher$1
[13:25:05] [REI-ReloadPlugins/DEBUG] [REI] Plugins (2):
[13:25:05] [REI-ReloadPlugins/DEBUG] [REI]  - (-100.00) DefaultPluginImpl of DefaultPluginImpl [roughlyenoughitems]
[13:25:05] [REI-ReloadPlugins/DEBUG] [REI]  - (0.00) DefaultRuntimePlugin of DefaultRuntimePlugin [roughlyenoughitems]
[13:25:05] [REI-ReloadPlugins/DEBUG] [REI] ========================================
[13:25:05] [REI-ReloadPlugins/TRACE] [REI] [REICommonPlugin END] Reloading Section: "post-register/"
[13:25:05] [REI-ReloadPlugins/TRACE] [REI] [REICommonPlugin END] Reloading Section: "post-register/DefaultPluginImpl of DefaultPluginImpl [roughlyenoughitems]/"
[13:25:05] [REI-ReloadPlugins/TRACE] [REI] [REICommonPlugin END] Reloading Section: "post-register/DefaultPluginImpl of DefaultPluginImpl [roughlyenoughitems]/" done in 30.68 μs
[13:25:05] [REI-ReloadPlugins/TRACE] [REI] [REICommonPlugin END] Reloading Section: "post-register/DefaultRuntimePlugin of DefaultRuntimePlugin [roughlyenoughitems]/"
[13:25:05] [REI-ReloadPlugins/TRACE] [REI] [REICommonPlugin END] Reloading Section: "post-register/DefaultRuntimePlugin of DefaultRuntimePlugin [roughlyenoughitems]/" done in 22.54 μs
[13:25:05] [REI-ReloadPlugins/TRACE] [REI] [REICommonPlugin END] Reloading Section: "post-register/" done in 157.9 μs
[13:25:05] [REI-ReloadPlugins/TRACE] [REI] [REICommonPlugin END] Reloading Section: "post-stage/"
[13:25:05] [REI-ReloadPlugins/TRACE] [REI] [REICommonPlugin END] Reloading Section: "post-stage/SlotAccessorRegistryImpl/"
[13:25:05] [REI-ReloadPlugins/TRACE] [REI] [REICommonPlugin END] Reloading Section: "post-stage/SlotAccessorRegistryImpl/" done in 16.31 μs
[13:25:05] [REI-ReloadPlugins/TRACE] [REI] [REICommonPlugin END] Reloading Section: "post-stage/EntryTypeRegistryImpl/"
[13:25:05] [REI-ReloadPlugins/TRACE] [REI] [REICommonPlugin END] Reloading Section: "post-stage/EntryTypeRegistryImpl/" done in 14.77 μs
[13:25:05] [REI-ReloadPlugins/TRACE] [REI] [REICommonPlugin END] Reloading Section: "post-stage/EntrySettingsAdapterRegistryImpl/"
[13:25:05] [REI-ReloadPlugins/TRACE] [REI] [REICommonPlugin END] Reloading Section: "post-stage/EntrySettingsAdapterRegistryImpl/" done in 13.89 μs
[13:25:05] [REI-ReloadPlugins/TRACE] [REI] [REICommonPlugin END] Reloading Section: "post-stage/ItemComparatorRegistryImpl/"
[13:25:05] [REI-ReloadPlugins/TRACE] [REI] [REICommonPlugin END] Reloading Section: "post-stage/ItemComparatorRegistryImpl/" done in 16.86 μs
[13:25:05] [REI-ReloadPlugins/TRACE] [REI] [REICommonPlugin END] Reloading Section: "post-stage/FluidComparatorRegistryImpl/"
[13:25:05] [REI-ReloadPlugins/TRACE] [REI] [REICommonPlugin END] Reloading Section: "post-stage/FluidComparatorRegistryImpl/" done in 14.53 μs
[13:25:05] [REI-ReloadPlugins/TRACE] [REI] [REICommonPlugin END] Reloading Section: "post-stage/DisplaySerializerRegistryImpl/"
[13:25:05] [REI-ReloadPlugins/TRACE] [REI] [REICommonPlugin END] Reloading Section: "post-stage/DisplaySerializerRegistryImpl/" done in 13.74 μs
[13:25:05] [REI-ReloadPlugins/TRACE] [REI] [REICommonPlugin END] Reloading Section: "post-stage/ServerDisplayRegistryImpl/"
[13:25:05] [REI-ReloadPlugins/TRACE] [REI] [REICommonPlugin END] Reloading Section: "post-stage/ServerDisplayRegistryImpl/" done in 11.98 μs
[13:25:05] [REI-ReloadPlugins/TRACE] [REI] [REICommonPlugin END] Reloading Section: "post-stage/FluidSupportProviderImpl/"
[13:25:05] [REI-ReloadPlugins/TRACE] [REI] [REICommonPlugin END] Reloading Section: "post-stage/FluidSupportProviderImpl/" done in 15.18 μs
[13:25:05] [REI-ReloadPlugins/TRACE] [REI] [REICommonPlugin END] Reloading Section: "post-stage/me.shedaniel.rei.plugin.client.runtime.PluginStageExecutionWatcher$1/"
[13:25:05] [REI-ReloadPlugins/TRACE] [REI] [REICommonPlugin END] Reloading Section: "post-stage/me.shedaniel.rei.plugin.client.runtime.PluginStageExecutionWatcher$1/" done in 18.84 μs
[13:25:05] [REI-ReloadPlugins/TRACE] [REI] [REICommonPlugin END] Reloading Section: "post-stage/" done in 398.3 μs
[13:25:05] [REI-ReloadPlugins/DEBUG] [REI] ========================================
[13:25:05] [REI-ReloadPlugins/INFO] [REI] REICommonPlugin finished post-reload for END in 624.8 μs, totaling 214.2 ms.
[13:25:05] [REI-ReloadPlugins/DEBUG] [REI] ========================================
[13:25:05] [REI-ReloadPlugins/DEBUG] [REI] ========================================
[13:25:05] [REI-ReloadPlugins/DEBUG] [REI] REIClientPlugin starting post-reload for END.
[13:25:05] [REI-ReloadPlugins/DEBUG] [REI] Reloadables (18):
[13:25:05] [REI-ReloadPlugins/DEBUG] [REI]  - EntryRendererRegistryImpl
[13:25:05] [REI-ReloadPlugins/DEBUG] [REI]  - ViewsImpl
[13:25:05] [REI-ReloadPlugins/DEBUG] [REI]  - InputMethodRegistryImpl
[13:25:05] [REI-ReloadPlugins/DEBUG] [REI]  - SearchProviderImpl
[13:25:05] [REI-ReloadPlugins/DEBUG] [REI]  - ConfigManagerImpl
[13:25:05] [REI-ReloadPlugins/DEBUG] [REI]  - EntryRegistryImpl
[13:25:05] [REI-ReloadPlugins/DEBUG] [REI]  - CollapsibleEntryRegistryImpl
[13:25:05] [REI-ReloadPlugins/DEBUG] [REI]  - BasicFilteringRuleImpl
[13:25:05] [REI-ReloadPlugins/DEBUG] [REI]  - CategoryRegistryImpl
[13:25:05] [REI-ReloadPlugins/DEBUG] [REI]  - DisplayRegistryImpl
[13:25:05] [REI-ReloadPlugins/DEBUG] [REI]  - ScreenRegistryImpl
[13:25:05] [REI-ReloadPlugins/DEBUG] [REI]  - FavoriteEntryTypeRegistryImpl
[13:25:05] [REI-ReloadPlugins/DEBUG] [REI]  - SubsetsRegistryImpl
[13:25:05] [REI-ReloadPlugins/DEBUG] [REI]  - TransferHandlerRegistryImpl
[13:25:05] [REI-ReloadPlugins/DEBUG] [REI]  - SearchRuntime
[13:25:05] [REI-ReloadPlugins/DEBUG] [REI]  - REIRuntimeImpl
[13:25:05] [REI-ReloadPlugins/DEBUG] [REI]  - ConfigAddonRegistryImpl
[13:25:05] [REI-ReloadPlugins/DEBUG] [REI]  - me.shedaniel.rei.plugin.client.runtime.PluginStageExecutionWatcher$1
[13:25:05] [REI-ReloadPlugins/DEBUG] [REI] Plugins (3):
[13:25:05] [REI-ReloadPlugins/DEBUG] [REI]  - (-100.00) DefaultClientPluginImpl of DefaultClientPluginImpl [roughlyenoughitems]
[13:25:05] [REI-ReloadPlugins/DEBUG] [REI]  - (0.00) HideIngredientsFromTagsPlugin of HideIngredientsFromTagsPlugin [roughlyenoughitems]
[13:25:05] [REI-ReloadPlugins/DEBUG] [REI]  - (0.00) DefaultClientRuntimePlugin of DefaultClientRuntimePlugin [roughlyenoughitems]
[13:25:05] [REI-ReloadPlugins/DEBUG] [REI] ========================================
[13:25:05] [REI-ReloadPlugins/TRACE] [REI] [REIClientPlugin END] Reloading Section: "post-register/"
[13:25:05] [REI-ReloadPlugins/TRACE] [REI] [REIClientPlugin END] Reloading Section: "post-register/DefaultClientPluginImpl of DefaultClientPluginImpl [roughlyenoughitems]/"
[13:25:05] [REI-ReloadPlugins/TRACE] [REI] [REIClientPlugin END] Reloading Section: "post-register/DefaultClientPluginImpl of DefaultClientPluginImpl [roughlyenoughitems]/" done in 35.79 μs
[13:25:05] [REI-ReloadPlugins/TRACE] [REI] [REIClientPlugin END] Reloading Section: "post-register/HideIngredientsFromTagsPlugin of HideIngredientsFromTagsPlugin [roughlyenoughitems]/"
[13:25:05] [REI-ReloadPlugins/TRACE] [REI] [REIClientPlugin END] Reloading Section: "post-register/HideIngredientsFromTagsPlugin of HideIngredientsFromTagsPlugin [roughlyenoughitems]/" done in 24.94 μs
[13:25:05] [REI-ReloadPlugins/TRACE] [REI] [REIClientPlugin END] Reloading Section: "post-register/DefaultClientRuntimePlugin of DefaultClientRuntimePlugin [roughlyenoughitems]/"
[13:25:05] [REI-ReloadPlugins/TRACE] [REI] [REIClientPlugin END] Reloading Section: "post-register/DefaultClientRuntimePlugin of DefaultClientRuntimePlugin [roughlyenoughitems]/" done in 16.76 μs
[13:25:05] [REI-ReloadPlugins/TRACE] [REI] [REIClientPlugin END] Reloading Section: "post-register/" done in 230.7 μs
[13:25:05] [REI-ReloadPlugins/TRACE] [REI] [REIClientPlugin END] Reloading Section: "post-stage/"
[13:25:05] [REI-ReloadPlugins/TRACE] [REI] [REIClientPlugin END] Reloading Section: "post-stage/EntryRendererRegistryImpl/"
[13:25:05] [REI-ReloadPlugins/TRACE] [REI] [REIClientPlugin END] Reloading Section: "post-stage/EntryRendererRegistryImpl/" done in 14.65 μs
[13:25:05] [REI-ReloadPlugins/TRACE] [REI] [REIClientPlugin END] Reloading Section: "post-stage/ViewsImpl/"
[13:25:05] [REI-ReloadPlugins/TRACE] [REI] [REIClientPlugin END] Reloading Section: "post-stage/ViewsImpl/" done in 11.23 μs
[13:25:05] [REI-ReloadPlugins/TRACE] [REI] [REIClientPlugin END] Reloading Section: "post-stage/InputMethodRegistryImpl/"
[13:25:05] [REI-ReloadPlugins/TRACE] [REI] [REIClientPlugin END] Reloading Section: "post-stage/InputMethodRegistryImpl/" done in 20.19 μs
[13:25:05] [REI-ReloadPlugins/TRACE] [REI] [REIClientPlugin END] Reloading Section: "post-stage/SearchProviderImpl/"
[13:25:05] [REI-ReloadPlugins/TRACE] [REI] [REIClientPlugin END] Reloading Section: "post-stage/SearchProviderImpl/" done in 11.33 μs
[13:25:05] [REI-ReloadPlugins/TRACE] [REI] [REIClientPlugin END] Reloading Section: "post-stage/ConfigManagerImpl/"
[13:25:05] [REI-ReloadPlugins/TRACE] [REI] [REIClientPlugin END] Reloading Section: "post-stage/ConfigManagerImpl/" done in 10.33 μs
[13:25:05] [REI-ReloadPlugins/TRACE] [REI] [REIClientPlugin END] Reloading Section: "post-stage/EntryRegistryImpl/"
[13:25:05] [REI-ReloadPlugins/TRACE] [REI] [REIClientPlugin END] Reloading Section: "post-stage/EntryRegistryImpl/" done in 12.98 μs
[13:25:05] [REI-ReloadPlugins/TRACE] [REI] [REIClientPlugin END] Reloading Section: "post-stage/CollapsibleEntryRegistryImpl/"
[13:25:05] [REI-ReloadPlugins/TRACE] [REI] [REIClientPlugin END] Reloading Section: "post-stage/CollapsibleEntryRegistryImpl/" done in 10.71 μs
[13:25:05] [REI-ReloadPlugins/TRACE] [REI] [REIClientPlugin END] Reloading Section: "post-stage/BasicFilteringRuleImpl/"
[13:25:05] [REI-ReloadPlugins/TRACE] [REI] [REIClientPlugin END] Reloading Section: "post-stage/BasicFilteringRuleImpl/" done in 10.73 μs
[13:25:05] [REI-ReloadPlugins/TRACE] [REI] [REIClientPlugin END] Reloading Section: "post-stage/CategoryRegistryImpl/"
[13:25:05] [REI-ReloadPlugins/TRACE] [REI] [REIClientPlugin END] Reloading Section: "post-stage/CategoryRegistryImpl/" done in 11.84 μs
[13:25:05] [REI-ReloadPlugins/TRACE] [REI] [REIClientPlugin END] Reloading Section: "post-stage/DisplayRegistryImpl/"
[13:25:05] [REI-ReloadPlugins/DEBUG] [REI] Registered displays report (3893 displays, 0 cached / 3893 not cached):
[13:25:05] [REI-ReloadPlugins/DEBUG] [REI] - minecraft:plugins/anvil: 2441 displays
[13:25:05] [REI-ReloadPlugins/DEBUG] [REI] - minecraft:plugins/beacon_base: 1 display
[13:25:05] [REI-ReloadPlugins/DEBUG] [REI] - minecraft:plugins/beacon_payment: 1 display
[13:25:05] [REI-ReloadPlugins/DEBUG] [REI] - minecraft:plugins/brewing: 279 displays
[13:25:05] [REI-ReloadPlugins/DEBUG] [REI] - minecraft:plugins/composting: 4 displays
[13:25:05] [REI-ReloadPlugins/DEBUG] [REI] - minecraft:plugins/oxidation_scraping: 45 displays
[13:25:05] [REI-ReloadPlugins/DEBUG] [REI] - minecraft:plugins/oxidizing: 45 displays
[13:25:05] [REI-ReloadPlugins/DEBUG] [REI] - minecraft:plugins/pathing: 6 displays
[13:25:05] [REI-ReloadPlugins/DEBUG] [REI] - minecraft:plugins/stripping: 23 displays
[13:25:05] [REI-ReloadPlugins/DEBUG] [REI] - minecraft:plugins/tag: 928 displays
[13:25:05] [REI-ReloadPlugins/DEBUG] [REI] - minecraft:plugins/wax_scraping: 60 displays
[13:25:05] [REI-ReloadPlugins/DEBUG] [REI] - minecraft:plugins/waxing: 60 displays
[13:25:05] [REI-ReloadPlugins/TRACE] [REI] [REIClientPlugin END] Reloading Section: "post-stage/DisplayRegistryImpl/" done in 2.846 ms
[13:25:05] [REI-ReloadPlugins/TRACE] [REI] [REIClientPlugin END] Reloading Section: "post-stage/ScreenRegistryImpl/"
[13:25:05] [REI-ReloadPlugins/TRACE] [REI] [REIClientPlugin END] Reloading Section: "post-stage/ScreenRegistryImpl/" done in 24.93 μs
[13:25:05] [REI-ReloadPlugins/TRACE] [REI] [REIClientPlugin END] Reloading Section: "post-stage/FavoriteEntryTypeRegistryImpl/"
[13:25:05] [REI-ReloadPlugins/TRACE] [REI] [REIClientPlugin END] Reloading Section: "post-stage/FavoriteEntryTypeRegistryImpl/" done in 12.71 μs
[13:25:05] [REI-ReloadPlugins/TRACE] [REI] [REIClientPlugin END] Reloading Section: "post-stage/SubsetsRegistryImpl/"
[13:25:05] [REI-ReloadPlugins/TRACE] [REI] [REIClientPlugin END] Reloading Section: "post-stage/SubsetsRegistryImpl/" done in 14.12 μs
[13:25:05] [REI-ReloadPlugins/TRACE] [REI] [REIClientPlugin END] Reloading Section: "post-stage/TransferHandlerRegistryImpl/"
[13:25:05] [REI-ReloadPlugins/TRACE] [REI] [REIClientPlugin END] Reloading Section: "post-stage/TransferHandlerRegistryImpl/" done in 13.10 μs
[13:25:05] [REI-ReloadPlugins/TRACE] [REI] [REIClientPlugin END] Reloading Section: "post-stage/SearchRuntime/"
[13:25:05] [REI-ReloadPlugins/TRACE] [REI] [REIClientPlugin END] Reloading Section: "post-stage/SearchRuntime/" done in 13.43 μs
[13:25:05] [REI-ReloadPlugins/TRACE] [REI] [REIClientPlugin END] Reloading Section: "post-stage/REIRuntimeImpl/"
[13:25:05] [REI-ReloadPlugins/TRACE] [REI] [REIClientPlugin END] Reloading Section: "post-stage/REIRuntimeImpl/" done in 10.86 μs
[13:25:05] [REI-ReloadPlugins/TRACE] [REI] [REIClientPlugin END] Reloading Section: "post-stage/ConfigAddonRegistryImpl/"
[13:25:05] [REI-ReloadPlugins/TRACE] [REI] [REIClientPlugin END] Reloading Section: "post-stage/ConfigAddonRegistryImpl/" done in 16.22 μs
[13:25:05] [REI-ReloadPlugins/TRACE] [REI] [REIClientPlugin END] Reloading Section: "post-stage/me.shedaniel.rei.plugin.client.runtime.PluginStageExecutionWatcher$1/"
[13:25:05] [REI-ReloadPlugins/TRACE] [REI] [REIClientPlugin END] Reloading Section: "post-stage/me.shedaniel.rei.plugin.client.runtime.PluginStageExecutionWatcher$1/" done in 17.36 μs
[13:25:05] [REI-ReloadPlugins/TRACE] [REI] [REIClientPlugin END] Reloading Section: "post-stage/" done in 3.696 ms
[13:25:05] [REI-ReloadPlugins/DEBUG] [REI] ========================================
[13:25:05] [REI-ReloadPlugins/INFO] [REI] REIClientPlugin finished post-reload for END in 3.963 ms, totaling 1.011 s.
[13:25:05] [REI-ReloadPlugins/DEBUG] [REI] ========================================
[13:25:05] [Server thread/DEBUG] [REI] Player star_catcher_ has outdated displays version 0 [latest version: 17AE815800000000]
[13:25:05] [Server thread/DEBUG] [REI] Player star_catcher_ has outdated displays version 0 [latest version: 17AE815800000000], sending reset packet request.
[13:25:05] [Render thread/DEBUG] [REI] Starting Search: "" with 2181 stacks, shouldAsync: true on Render thread
[13:25:05] [Render thread/DEBUG] [REI] Async Search: 6 partitions for ""
[13:25:05] [REI-AsyncSearchManager-2/TRACE] [REI] Search "" Used [Thread[#190,REI-AsyncSearchManager-2,10,main]]: 754.3 μs
[13:25:05] [REI-AsyncSearchManager-2/TRACE] [REI] Search "" Used and Applied [Thread[#190,REI-AsyncSearchManager-2,10,main]]: 6.972 ms
[13:25:06] [Server thread/DEBUG] [REI] Updating players with new displays version 17AE815800000001 [from 17AE815800000000]
[13:25:06] [Server thread/DEBUG] [REI] Player star_catcher_ has outdated displays version 17AE815800000000 [latest version: 17AE815800000001], sending update packets.
[13:25:06] [Render thread/INFO] [REI] [REI Server Display Sync] Received server's request to append 2122 recipes.
[13:25:06] [Render thread/WARN] [REI] Detected runtime DisplayRegistry modification, this can be extremely dangerous!
[13:25:06] [Render thread/DEBUG] [REI] Detected runtime DisplayRegistry modification, this can be extremely dangerous!
java.lang.Throwable
	at TRANSFORMER/roughlyenoughitems@26.2.820/me.shedaniel.rei.impl.client.registry.display.DisplayRegistryImpl.add(DisplayRegistryImpl.java:105)
	at TRANSFORMER/roughlyenoughitems@26.2.820/me.shedaniel.rei.impl.common.networking.DisplaySyncPacket.lambda$handle$1(DisplaySyncPacket.java:118)
	at TRANSFORMER/roughlyenoughitems@26.2.820/me.shedaniel.rei.impl.client.registry.display.DisplayRegistryImpl.lambda$new$0(DisplayRegistryImpl.java:80)
	at java.base/java.lang.invoke.MethodHandle.invokeWithArguments(MethodHandle.java:737)
	at TRANSFORMER/architectury@21.0.7/dev.architectury.event.EventFactory.invokeMethod(EventFactory.java:55)
	at TRANSFORMER/architectury@21.0.7/dev.architectury.event.EventFactory$1.handleInvocation(EventFactory.java:64)
	at com.google.common.reflect.AbstractInvocationHandler.invoke(AbstractInvocationHandler.java:86)
	at TRANSFORMER/jdk.proxy3/jdk.proxy3.$Proxy62.tick(Unknown Source)
	at TRANSFORMER/architectury@21.0.7/dev.architectury.event.neoforge.EventHandlerImplClient.event(EventHandlerImplClient.java:60)
	at net.neoforged.bus.EventBus.post(EventBus.java:360)
	at net.neoforged.bus.EventBus.post(EventBus.java:328)
	at TRANSFORMER/neoforge@26.2.0.52-beta/net.neoforged.neoforge.client.ClientHooks.fireClientTickPost(ClientHooks.java:873)
	at TRANSFORMER/minecraft@26.2/net.minecraft.client.Minecraft.tick(Minecraft.java:1919)
	at TRANSFORMER/minecraft@26.2/net.minecraft.client.Minecraft.runTick(Minecraft.java:1208)
	at TRANSFORMER/minecraft@26.2/net.minecraft.client.Minecraft.run(Minecraft.java:928)
	at TRANSFORMER/minecraft@26.2/net.minecraft.client.main.Main.main(Main.java:294)
	at net.neoforged.fml.startup.Client.main(Client.java:19)
	at net.fabricmc.devlaunchinjector.Main.main(Main.java:86)
	at dev.architectury.transformer.TransformerRuntime.main(TransformerRuntime.java:220)
[13:25:08] [Render thread/DEBUG] [REI] Player quit, clearing reload tasks!
[13:25:08] [Render thread/DEBUG] [REI] Did not fulfill the request of termination of REI reload tasks because there are no uninterrupted running tasks. This is not an error.
