[Architectury Transformer] Architectury Runtime 5.2.92
[Architectury Transformer DEBUG] Closed File Systems for /home/wilwe/Dokumenty/GitHub/stargazer_mod/common/build/libs/stargazer-common-0.0.8.4-dev.jar
[Architectury Transformer DEBUG] Preparing tiny remapper prepared transformer: dev.architectury.transformer.handler.TinyRemapperPreparedTransformerHandler
[Architectury Transformer DEBUG] Provided 98 classpath jar(s):
[Architectury Transformer DEBUG]  - /home/wilwe/.gradle/caches/fabric-loom/26.2/neoforge/26.2.0.52-beta/forge-universal.jar
[Architectury Transformer DEBUG]  - /home/wilwe/.gradle/caches/fabric-loom/26.2/neoforge/26.2.0.52-beta/client-extra.jar
[Architectury Transformer DEBUG]  - /home/wilwe/.gradle/caches/modules-2/files-2.1/dev.architectury/architectury-injectables/1.0.10/62db2a366d662606d1b23ad02ccc3212ed37ec3/architectury-injectables-1.0.10.jar
[Architectury Transformer DEBUG]  - /home/wilwe/.gradle/caches/modules-2/files-2.1/net.fabricmc/fabric-loader/0.19.5/ff9e65cffca4a67f31523e1807fe0855940fcbfa/fabric-loader-0.19.5.jar
[Architectury Transformer DEBUG]  - /home/wilwe/.gradle/caches/modules-2/files-2.1/org.jetbrains/annotations/26.0.2/c7ce3cdeda3d18909368dfe5977332dfad326c6d/annotations-26.0.2.jar
[Architectury Transformer DEBUG]  - /home/wilwe/.m2/repository/com/google/code/findbugs/jsr305/3.0.2/jsr305-3.0.2.jar
[Architectury Transformer DEBUG]  - /home/wilwe/.gradle/caches/modules-2/files-2.1/me.shedaniel/RoughlyEnoughItems-api-neoforge/26.2.820/3769aaaa40de49d7d9338edf1b2d399c6e334b77/RoughlyEnoughItems-api-neoforge-26.2.820.jar
[Architectury Transformer DEBUG]  - /home/wilwe/.gradle/caches/modules-2/files-2.1/me.shedaniel.cloth/cloth-config-neoforge/26.2.155/6ea13f34b0fcdcc9299b766efa199dcc7cb73878/cloth-config-neoforge-26.2.155.jar
[Architectury Transformer DEBUG]  - /home/wilwe/.gradle/caches/modules-2/files-2.1/net.neoforged.fancymodloader/earlydisplay/11.0.16/2d357375a7ea94a1ca86042d48fa4f719a552894/earlydisplay-11.0.16.jar
[Architectury Transformer DEBUG]  - /home/wilwe/.gradle/caches/modules-2/files-2.1/net.neoforged.fancymodloader/loader/11.0.16/42d3bfead0ba3aa89c7d45ac29115defc9967219/loader-11.0.16.jar
[Architectury Transformer DEBUG]  - /home/wilwe/.gradle/caches/modules-2/files-2.1/net.neoforged/accesstransformers/11.0.2/25dcb69c78b16669935f0ab91dff830ce192379d/accesstransformers-11.0.2.jar
[Architectury Transformer DEBUG]  - /home/wilwe/.gradle/caches/modules-2/files-2.1/net.fabricmc/sponge-mixin/0.17.3+mixin.0.8.7/41c4a3984a80f4679e759fb9f495587acc5cdac7/sponge-mixin-0.17.3+mixin.0.8.7.jar
[Architectury Transformer DEBUG]  - /home/wilwe/.gradle/caches/modules-2/files-2.1/org.ow2.asm/asm-commons/9.10.1/4229e4c55fd8e01c23f9fe9884075cc628aacc50/asm-commons-9.10.1.jar
[Architectury Transformer DEBUG]  - /home/wilwe/.gradle/caches/modules-2/files-2.1/net.neoforged/mergetool/2.0.7/793b18456e92c4a7f66d9b5d8bf7a9c1c7a20b20/mergetool-2.0.7-api.jar
[Architectury Transformer DEBUG]  - /home/wilwe/.gradle/caches/modules-2/files-2.1/org.ow2.asm/asm-util/9.10.1/7bb9d450e8d4cbf9f9e04096c44bbfe7fba80b15/asm-util-9.10.1.jar
[Architectury Transformer DEBUG]  - /home/wilwe/.gradle/caches/modules-2/files-2.1/org.ow2.asm/asm-analysis/9.10.1/8d49f14d51f632cb1d87c88d1ceaf50db0d8af1b/asm-analysis-9.10.1.jar
[Architectury Transformer DEBUG]  - /home/wilwe/.gradle/caches/modules-2/files-2.1/org.ow2.asm/asm-tree/9.10.1/e244332a17564c1d1572449399a842de35881be2/asm-tree-9.10.1.jar
[Architectury Transformer DEBUG]  - /home/wilwe/.gradle/caches/modules-2/files-2.1/net.neoforged/bus/8.0.5/5b2d33285ab5d1554e9798ad98c40d6ea3868bd5/bus-8.0.5.jar
[Architectury Transformer DEBUG]  - /home/wilwe/.gradle/caches/modules-2/files-2.1/org.ow2.asm/asm/9.10.1/ada2141c0cc52ee8f5c48cd5fa4ce0e794f22236/asm-9.10.1.jar
[Architectury Transformer DEBUG]  - /home/wilwe/.gradle/caches/modules-2/files-2.1/com.electronwill.night-config/toml/3.9.0/8548891033db17e8f219b453cac38fb865ee4224/toml-3.9.0.jar
[Architectury Transformer DEBUG]  - /home/wilwe/.gradle/caches/modules-2/files-2.1/com.electronwill.night-config/core/3.9.0/29bba7ced5c9768adda06384c61fff2c33dc5e05/core-3.9.0.jar
[Architectury Transformer DEBUG]  - /home/wilwe/.gradle/caches/modules-2/files-2.1/net.neoforged/JarJarSelector/0.5.1/fb620ee1e164b0d4e527759df69317237c51133d/JarJarSelector-0.5.1.jar
[Architectury Transformer DEBUG]  - /home/wilwe/.gradle/caches/modules-2/files-2.1/net.neoforged/JarJarMetadata/0.5.1/9344da1c9bab76064f484a0d5921a1ca290a716/JarJarMetadata-0.5.1.jar
[Architectury Transformer DEBUG]  - /home/wilwe/.gradle/caches/modules-2/files-2.1/org.apache.maven/maven-artifact/3.9.16/1176c6579a8a68508c3479ef72d514e71c98ddca/maven-artifact-3.9.16.jar
[Architectury Transformer DEBUG]  - /home/wilwe/.gradle/caches/modules-2/files-2.1/net.jodah/typetools/0.6.3/a01aaa6ddaea9ec07ec4f209487b7a46a526283a/typetools-0.6.3.jar
[Architectury Transformer DEBUG]  - /home/wilwe/.gradle/caches/modules-2/files-2.1/net.minecrell/terminalconsoleappender/1.3.0/b562e9bb61235c9520e26282cdee71f8f802d1fc/terminalconsoleappender-1.3.0.jar
[Architectury Transformer DEBUG]  - /home/wilwe/.gradle/caches/modules-2/files-2.1/io.github.llamalad7/mixinextras-neoforge/0.5.4/3cb0fec08c25e18fddf797fbdc1b9db83dc4e92f/mixinextras-neoforge-0.5.4.jar
[Architectury Transformer DEBUG]  - /home/wilwe/.gradle/caches/modules-2/files-2.1/net.sf.jopt-simple/jopt-simple/5.0.4/4fdac2fbe92dfad86aa6e9301736f6b4342a3f5c/jopt-simple-5.0.4.jar
[Architectury Transformer DEBUG]  - /home/wilwe/.gradle/caches/modules-2/files-2.1/commons-io/commons-io/2.20.0/36f3474daec2849c149e877614e7f979b2082cd2/commons-io-2.20.0.jar
[Architectury Transformer DEBUG]  - /home/wilwe/.gradle/caches/modules-2/files-2.1/org.lwjgl/lwjgl-tinyfd/3.4.1/562697d40dbd2ed0424bf24dcf65d51170f81adf/lwjgl-tinyfd-3.4.1.jar
[Architectury Transformer DEBUG]  - /home/wilwe/.gradle/caches/modules-2/files-2.1/com.mojang/logging/1.7.12/351cea64a5233361327d8d54c44277041beed97f/logging-1.7.12.jar
[Architectury Transformer DEBUG]  - /home/wilwe/.gradle/caches/modules-2/files-2.1/org.apache.logging.log4j/log4j-slf4j2-impl/2.26.0/668c0f0e813d83f00a7182533aa658ec7e7a0a0d/log4j-slf4j2-impl-2.26.0.jar
[Architectury Transformer DEBUG]  - /home/wilwe/.gradle/caches/modules-2/files-2.1/org.apache.logging.log4j/log4j-core/2.26.0/d267ca60b27ddb075e0b4e75e7875859717bf85f/log4j-core-2.26.0.jar
[Architectury Transformer DEBUG]  - /home/wilwe/.gradle/caches/modules-2/files-2.1/org.apache.logging.log4j/log4j-api/2.26.0/ad52af0ecf054a7e3f275a2e180ee06d9c490951/log4j-api-2.26.0.jar
[Architectury Transformer DEBUG]  - /home/wilwe/.gradle/caches/modules-2/files-2.1/com.google.guava/guava/33.6.0-jre/c376b13067cc99a5774403530953f7b05a91e218/guava-33.6.0-jre.jar
[Architectury Transformer DEBUG]  - /home/wilwe/.gradle/caches/modules-2/files-2.1/com.google.code.gson/gson/2.14.0/efc0e34ede4e3204eaefb84a00e55e8c86634382/gson-2.14.0.jar
[Architectury Transformer DEBUG]  - /home/wilwe/.gradle/caches/modules-2/files-2.1/org.apache.commons/commons-lang3/3.20.0/65897b3e5731220962e659e001904af3c3cbeba9/commons-lang3-3.20.0.jar
[Architectury Transformer DEBUG]  - /home/wilwe/.gradle/caches/modules-2/files-2.1/net.neoforged.accesstransformers/at-parser/11.0.2/64aae57d6d26d69543c5275181fe6971707a4e16/at-parser-11.0.2.jar
[Architectury Transformer DEBUG]  - /home/wilwe/.gradle/caches/modules-2/files-2.1/org.slf4j/slf4j-api/2.0.17/d9e58ac9c7779ba3bf8142aff6c830617a7fe60f/slf4j-api-2.0.17.jar
[Architectury Transformer DEBUG]  - /home/wilwe/.gradle/caches/modules-2/files-2.1/net.neoforged/srgutils/1.0.10/abb471237b33b19f040ada00bfbad1ec45b949b6/srgutils-1.0.10.jar
[Architectury Transformer DEBUG]  - /home/wilwe/.gradle/caches/modules-2/files-2.1/org.codehaus.plexus/plexus-utils/3.6.1/9dce1b9c69b197f453223e45a2cb9fa0cd48b424/plexus-utils-3.6.1.jar
[Architectury Transformer DEBUG]  - /home/wilwe/.gradle/caches/modules-2/files-2.1/org.jline/jline-reader/3.20.0/8f15415b022a25b473e8e16c28ae913186ffb9c4/jline-reader-3.20.0.jar
[Architectury Transformer DEBUG]  - /home/wilwe/.gradle/caches/modules-2/files-2.1/com.google.guava/failureaccess/1.0.3/aeaffd00d57023a2c947393ed251f0354f0985fc/failureaccess-1.0.3.jar
[Architectury Transformer DEBUG]  - /home/wilwe/.gradle/caches/modules-2/files-2.1/com.google.guava/listenablefuture/9999.0-empty-to-avoid-conflict-with-guava/b421526c5f297295adef1c886e5246c39d4ac629/listenablefuture-9999.0-empty-to-avoid-conflict-with-guava.jar
[Architectury Transformer DEBUG]  - /home/wilwe/.gradle/caches/modules-2/files-2.1/com.google.errorprone/error_prone_annotations/2.48.0/bbe30942a31d1778c74cb272321267eca82dc708/error_prone_annotations-2.48.0.jar
[Architectury Transformer DEBUG]  - /home/wilwe/.gradle/caches/modules-2/files-2.1/com.google.j2objc/j2objc-annotations/3.1/a892ca9507839bbdb900d64310ac98256cab992f/j2objc-annotations-3.1.jar
[Architectury Transformer DEBUG]  - /home/wilwe/.gradle/caches/modules-2/files-2.1/org.jline/jline-terminal/3.20.0/d0ddcc708ddf527a3454c941b7b9225cc83a15ff/jline-terminal-3.20.0.jar
[Architectury Transformer DEBUG]  - /home/wilwe/.gradle/caches/modules-2/files-2.1/org.jspecify/jspecify/1.0.0/7425a601c1c7ec76645a78d22b8c6a627edee507/jspecify-1.0.0.jar
[Architectury Transformer DEBUG]  - /home/wilwe/.gradle/caches/modules-2/files-2.1/org.lwjgl/lwjgl-glfw/3.4.1/a782b1ddd175c9107bf300fd92920579ea65e2a4/lwjgl-glfw-3.4.1.jar
[Architectury Transformer DEBUG]  - /home/wilwe/.gradle/caches/modules-2/files-2.1/org.lwjgl/lwjgl-opengl/3.4.1/830412cab823c029cda6b9729f9d2ed36cf79959/lwjgl-opengl-3.4.1.jar
[Architectury Transformer DEBUG]  - /home/wilwe/.gradle/caches/modules-2/files-2.1/org.lwjgl/lwjgl-stb/3.4.1/f077c3dafc31924fbe8acb0b913f08977ba27f8e/lwjgl-stb-3.4.1.jar
[Architectury Transformer DEBUG]  - /home/wilwe/.gradle/caches/modules-2/files-2.1/org.lwjgl/lwjgl/3.4.1/6105690714874b995aa7812e4f7732a21109276c/lwjgl-3.4.1.jar
[Architectury Transformer DEBUG]  - /home/wilwe/.gradle/caches/modules-2/files-2.1/org.lwjgl/lwjgl/3.4.1/129e06a04f93992cb2a45172435b21fc4b60dd7d/lwjgl-3.4.1-unsafe.jar
[Architectury Transformer DEBUG]  - /home/wilwe/.gradle/caches/modules-2/files-2.1/com.geckolib/geckolib-neoforge-26.2/5.5.3/5e177d4523547e4641566a043fd19ae4de0127b5/geckolib-neoforge-26.2-5.5.3.jar
[Architectury Transformer DEBUG]  - /home/wilwe/.m2/repository/com/github/starcatcher21/starlib/starlib-neoforge/1.0.3/starlib-neoforge-1.0.3.jar
[Architectury Transformer DEBUG]  - /home/wilwe/.gradle/caches/modules-2/files-2.1/dev.architectury/architectury-neoforge/21.0.7/c47ec87515e86af442baf5fb820ec271ac04fbac/architectury-neoforge-21.0.7.jar
[Architectury Transformer DEBUG]  - /home/wilwe/.gradle/caches/modules-2/files-2.1/at.yawk.lz4/lz4-java/1.10.1/f541d7f910fe3d76f38f799c507c48cc81b12ecb/lz4-java-1.10.1.jar
[Architectury Transformer DEBUG]  - /home/wilwe/.gradle/caches/modules-2/files-2.1/com.azure/azure-json/1.4.0/fcc1d354dbc3e0300e5276b1bf124d0247799cd8/azure-json-1.4.0.jar
[Architectury Transformer DEBUG]  - /home/wilwe/.gradle/caches/modules-2/files-2.1/com.github.oshi/oshi-core/6.9.0/3224870731860cfcd7744581a05b559e94291e7/oshi-core-6.9.0.jar
[Architectury Transformer DEBUG]  - /home/wilwe/.gradle/caches/modules-2/files-2.1/com.ibm.icu/icu4j/78.3/6a851a53bb1f25689fc418dcc8935b0d93580adf/icu4j-78.3.jar
[Architectury Transformer DEBUG]  - /home/wilwe/.gradle/caches/modules-2/files-2.1/com.microsoft.azure/msal4j/1.24.1/c233f2d047b9755f7041adf21a858c680e4c9242/msal4j-1.24.1.jar
[Architectury Transformer DEBUG]  - /home/wilwe/.gradle/caches/modules-2/files-2.1/com.mojang/authlib/9.0.75/d61056a234d5e4b272e09d59b0713f80d6c0b6af/authlib-9.0.75.jar
[Architectury Transformer DEBUG]  - /home/wilwe/.gradle/caches/modules-2/files-2.1/com.mojang/blocklist/1.0.10/5c685c5ffa94c4cd39496c7184c1d122e515ecef/blocklist-1.0.10.jar
[Architectury Transformer DEBUG]  - /home/wilwe/.gradle/caches/modules-2/files-2.1/com.mojang/brigadier/1.3.10/d15b53a14cf20fdcaa98f731af5dda654452c010/brigadier-1.3.10.jar
[Architectury Transformer DEBUG]  - /home/wilwe/.gradle/caches/modules-2/files-2.1/com.mojang/datafixerupper/10.0.21/b6b2ae770c02e0c1eb90f9985b151e9085a38d0b/datafixerupper-10.0.21.jar
[Architectury Transformer DEBUG]  - /home/wilwe/.gradle/caches/modules-2/files-2.1/com.mojang/jtracy/1.0.37/a3fb649b2e2b2288d2978f0b0bc3d83f62809d1e/jtracy-1.0.37.jar
[Architectury Transformer DEBUG]  - /home/wilwe/.gradle/caches/modules-2/files-2.1/com.mojang/patchy/2.2.10/da05971b07cbb379d002cf7eaec6a2048211fefc/patchy-2.2.10.jar
[Architectury Transformer DEBUG]  - /home/wilwe/.gradle/caches/modules-2/files-2.1/com.mojang/text2speech/1.19.12/2e517a75c79d34d32de2b5d68422150836c2133e/text2speech-1.19.12.jar
[Architectury Transformer DEBUG]  - /home/wilwe/.gradle/caches/modules-2/files-2.1/commons-codec/commons-codec/1.22.0/6b3eb4beb7058c2a638f5f17bcb388649fd339dd/commons-codec-1.22.0.jar
[Architectury Transformer DEBUG]  - /home/wilwe/.gradle/caches/modules-2/files-2.1/io.netty/netty-buffer/4.2.15.Final/2beb620803bf871cda2dd5d46b8f831e8015dd34/netty-buffer-4.2.15.Final.jar
[Architectury Transformer DEBUG]  - /home/wilwe/.gradle/caches/modules-2/files-2.1/io.netty/netty-codec-base/4.2.15.Final/e97149fdd5fb04858efa90e314651c8d700dc68b/netty-codec-base-4.2.15.Final.jar
[Architectury Transformer DEBUG]  - /home/wilwe/.gradle/caches/modules-2/files-2.1/io.netty/netty-codec-compression/4.2.15.Final/89fc4a20b7ae6af974304b1695405e62c4f9b16d/netty-codec-compression-4.2.15.Final.jar
[Architectury Transformer DEBUG]  - /home/wilwe/.gradle/caches/modules-2/files-2.1/io.netty/netty-codec-http/4.2.15.Final/e611826aa054371bb9a17f27bdb05755a4cac5f0/netty-codec-http-4.2.15.Final.jar
[Architectury Transformer DEBUG]  - /home/wilwe/.gradle/caches/modules-2/files-2.1/io.netty/netty-common/4.2.15.Final/7222492c1af9c2d4d78d521eea340a619e242fda/netty-common-4.2.15.Final.jar
[Architectury Transformer DEBUG]  - /home/wilwe/.gradle/caches/modules-2/files-2.1/io.netty/netty-handler/4.2.15.Final/d5344afd1148e3b9927a74be019605ebb0937a93/netty-handler-4.2.15.Final.jar
[Architectury Transformer DEBUG]  - /home/wilwe/.gradle/caches/modules-2/files-2.1/io.netty/netty-resolver/4.2.15.Final/b961a16d379b508b473e064ba06842bba280f4e3/netty-resolver-4.2.15.Final.jar
[Architectury Transformer DEBUG]  - /home/wilwe/.gradle/caches/modules-2/files-2.1/io.netty/netty-transport-classes-epoll/4.2.15.Final/44bafba9c9993800e955b365bba4981326f3f3b1/netty-transport-classes-epoll-4.2.15.Final.jar
[Architectury Transformer DEBUG]  - /home/wilwe/.gradle/caches/modules-2/files-2.1/io.netty/netty-transport-classes-kqueue/4.2.15.Final/f248656bb907607c5a41c7b61fd918a97db79250/netty-transport-classes-kqueue-4.2.15.Final.jar
[Architectury Transformer DEBUG]  - /home/wilwe/.gradle/caches/modules-2/files-2.1/io.netty/netty-transport-native-epoll/4.2.15.Final/cccd31f2c8e966ab1e7a4d2293c8a3965628fe73/netty-transport-native-epoll-4.2.15.Final-linux-aarch_64.jar
[Architectury Transformer DEBUG]  - /home/wilwe/.gradle/caches/modules-2/files-2.1/io.netty/netty-transport-native-epoll/4.2.15.Final/ce256127f8ed3f076756f1f4dcb5877d65d1f1c2/netty-transport-native-epoll-4.2.15.Final-linux-x86_64.jar
[Architectury Transformer DEBUG]  - /home/wilwe/.gradle/caches/modules-2/files-2.1/io.netty/netty-transport-native-unix-common/4.2.15.Final/efb6943b4de9e0226a5ac35330f232605424af02/netty-transport-native-unix-common-4.2.15.Final.jar
[Architectury Transformer DEBUG]  - /home/wilwe/.gradle/caches/modules-2/files-2.1/io.netty/netty-transport/4.2.15.Final/a000c3a6196ee40207b73ac619dcb339409dd62f/netty-transport-4.2.15.Final.jar
[Architectury Transformer DEBUG]  - /home/wilwe/.gradle/caches/modules-2/files-2.1/it.unimi.dsi/fastutil/8.5.18/a6cff377eecc19c2037bf31568a6d7106b50ba1f/fastutil-8.5.18.jar
[Architectury Transformer DEBUG]  - /home/wilwe/.gradle/caches/modules-2/files-2.1/net.java.dev.jna/jna-platform/5.17.0/a4934c44d25a9d8c2ddf4203affd20330cb3426f/jna-platform-5.17.0.jar
[Architectury Transformer DEBUG]  - /home/wilwe/.m2/repository/net/java/dev/jna/jna/5.17.0/jna-5.17.0.jar
[Architectury Transformer DEBUG]  - /home/wilwe/.gradle/caches/modules-2/files-2.1/org.apache.commons/commons-compress/1.28.0/e482f2c7a88dac3c497e96aa420b6a769f59c8d7/commons-compress-1.28.0.jar
[Architectury Transformer DEBUG]  - /home/wilwe/.gradle/caches/modules-2/files-2.1/org.jcraft/jorbis/0.0.17/8872d22b293e8f5d7d56ff92be966e6dc28ebdc6/jorbis-0.0.17.jar
[Architectury Transformer DEBUG]  - /home/wilwe/.gradle/caches/modules-2/files-2.1/org.joml/joml/1.10.8/fc0a71dad90a2cf41d82a76156a0e700af8e4f8d/joml-1.10.8.jar
[Architectury Transformer DEBUG]  - /home/wilwe/.gradle/caches/modules-2/files-2.1/org.lwjgl/lwjgl-freetype/3.4.1/caa75a37e857efc9b0686e434d708d6420c5b6ea/lwjgl-freetype-3.4.1.jar
[Architectury Transformer DEBUG]  - /home/wilwe/.gradle/caches/modules-2/files-2.1/org.lwjgl/lwjgl-jemalloc/3.4.1/16b663092854fc6adfe0a941e61cae2bb2e437b6/lwjgl-jemalloc-3.4.1.jar
[Architectury Transformer DEBUG]  - /home/wilwe/.gradle/caches/modules-2/files-2.1/org.lwjgl/lwjgl-openal/3.4.1/8508bd60589de0539aa465b78fcf838efd07ae9a/lwjgl-openal-3.4.1.jar
[Architectury Transformer DEBUG]  - /home/wilwe/.gradle/caches/modules-2/files-2.1/org.lwjgl/lwjgl-shaderc/3.4.1/5c02c88f0d879529014c78463b76f43fdecfd272/lwjgl-shaderc-3.4.1.jar
[Architectury Transformer DEBUG]  - /home/wilwe/.gradle/caches/modules-2/files-2.1/org.lwjgl/lwjgl-spvc/3.4.1/188553592e97b5ab2dba54a1b403ee80b48dad4c/lwjgl-spvc-3.4.1.jar
[Architectury Transformer DEBUG]  - /home/wilwe/.gradle/caches/modules-2/files-2.1/org.lwjgl/lwjgl-vma/3.4.1/2c54ce10154feb1ede4d23c5947438cdbfdcc003/lwjgl-vma-3.4.1.jar
[Architectury Transformer DEBUG]  - /home/wilwe/.gradle/caches/modules-2/files-2.1/org.lwjgl/lwjgl-vulkan/3.4.1/d0601fdc38890755e5638048c14cc0f7b990964b/lwjgl-vulkan-3.4.1.jar
[Architectury Transformer DEBUG]  - /home/wilwe/.gradle/caches/fabric-loom/minecraftMaven/net/minecraft/neoforge-26.2.0.52-beta-minecraft-merged-deobf/26.2/neoforge-26.2.0.52-beta-minecraft-merged-deobf-26.2.jar
[Architectury Transformer DEBUG]  - /home/wilwe/.gradle/caches/modules-2/files-2.1/io.netty/netty-transport-native-kqueue/4.2.15.Final/4245380831515fb4eca18d32477a27fbb8f7b8f4/netty-transport-native-kqueue-4.2.15.Final-osx-x86_64.jar
[Architectury Transformer DEBUG]  - /home/wilwe/.gradle/caches/modules-2/files-2.1/io.netty/netty-transport-native-kqueue/4.2.15.Final/8ea0ef3eb716d821332e4b4926825a4b7c1a6d38/netty-transport-native-kqueue-4.2.15.Final-osx-aarch_64.jar
[Architectury Transformer] Read classpath in 1.693 s
[Architectury Transformer DEBUG] Closed File Systems for /home/wilwe/Dokumenty/GitHub/stargazer_mod/common/build/libs/stargazer-common-0.0.8.4-dev.jar
[Architectury Transformer DEBUG] Transforming 6 transformer(s) from /home/wilwe/Dokumenty/GitHub/stargazer_mod/common/build/libs/stargazer-common-0.0.8.4-dev.jar to /tmp/14926395780536153840.jar: 
[Architectury Transformer DEBUG]  - dev.architectury.transformer.transformers.TransformExpectPlatform@7b02e036
[Architectury Transformer DEBUG]  - dev.architectury.transformer.transformers.RemapInjectables@25243bc1
[Architectury Transformer DEBUG]  - dev.architectury.transformer.transformers.TransformPlatformOnly@1e287667
[Architectury Transformer DEBUG]  - dev.architectury.transformer.transformers.TransformNeoForgeAnnotations@2e6ee0bc
[Architectury Transformer DEBUG]  - dev.architectury.transformer.transformers.TransformNeoForgeEnvironment@4201a617
[Architectury Transformer DEBUG]  - dev.architectury.transformer.transformers.GenerateFakeNeoForgeMod@467f77a5
[Architectury Transformer DEBUG] Transforming from /home/wilwe/Dokumenty/GitHub/stargazer_mod/common/build/libs/stargazer-common-0.0.8.4-dev.jar to /tmp/14926395780536153840.jar with 6 transformer(s) on dev.architectury.transformer.handler.SimpleTransformerHandler
[Architectury Transformer DEBUG] Remapping with 1 mapping provider(s):
[Architectury Transformer DEBUG]  - dev.architectury.transformer.transformers.TransformNeoForgeEnvironment$$Lambda/0x000000002606ed78@85ec632
[Architectury Transformer DEBUG] Remapping Classes:
[Architectury Transformer DEBUG] net/fabricmc/api/EnvType -> net/neoforged/api/distmarker/Dist
[Architectury Transformer DEBUG] net/fabricmc/api/Environment -> net/neoforged/api/distmarker/OnlyIn
[Architectury Transformer DEBUG] Found class transformer
[Architectury Transformer DEBUG] Writing com/github/starcatcher21/stargazer/Keybinds with maxs=true frames=true
[Architectury Transformer DEBUG] Writing com/github/starcatcher21/stargazer/GameRules with maxs=true frames=true
[Architectury Transformer DEBUG] Writing com/github/starcatcher21/stargazer/StargazerNetworking with maxs=true frames=true
[Architectury Transformer DEBUG] Writing com/github/starcatcher21/stargazer/RegistryKeys with maxs=true frames=true
[Architectury Transformer DEBUG] Writing com/github/starcatcher21/stargazer/StargazerClient with maxs=true frames=true
[Architectury Transformer DEBUG] Writing com/github/starcatcher21/stargazer/CustomWorlds with maxs=true frames=true
[Architectury Transformer DEBUG] Writing com/github/starcatcher21/stargazer/ExampleMod with maxs=true frames=true
[Architectury Transformer DEBUG] Writing com/github/starcatcher21/stargazer/Stargazer with maxs=true frames=true
[Architectury Transformer DEBUG] Writing com/github/starcatcher21/stargazer/CustomTags with maxs=true frames=true
[Architectury Transformer DEBUG] Writing com/github/starcatcher21/stargazer/StargazerAttributes with maxs=true frames=true
[Architectury Transformer DEBUG] Writing com/github/starcatcher21/stargazer/CreativeTab/ItemGroup with maxs=true frames=true
[Architectury Transformer DEBUG] Writing com/github/starcatcher21/stargazer/block/BlockTypes with maxs=true frames=true
[Architectury Transformer DEBUG] Writing com/github/starcatcher21/stargazer/block/ModBlock with maxs=true frames=true
[Architectury Transformer DEBUG] Writing com/github/starcatcher21/stargazer/block/clases/CosmicFlower with maxs=true frames=true
[Architectury Transformer DEBUG] Writing com/github/starcatcher21/stargazer/block/clases/Hedge with maxs=true frames=true
[Architectury Transformer DEBUG] Writing com/github/starcatcher21/stargazer/block/clases/RedHangingFlower with maxs=true frames=true
[Architectury Transformer DEBUG] Writing com/github/starcatcher21/stargazer/block/clases/OrbFlower with maxs=true frames=true
[Architectury Transformer DEBUG] Writing com/github/starcatcher21/stargazer/block/clases/CustomRedSapling with maxs=true frames=true
[Architectury Transformer DEBUG] Writing com/github/starcatcher21/stargazer/block/clases/CustomSapling with maxs=true frames=true
[Architectury Transformer DEBUG] Writing com/github/starcatcher21/stargazer/block/clases/Chessboard with maxs=true frames=true
[Architectury Transformer DEBUG] Writing com/github/starcatcher21/stargazer/block/clases/Sprinkler with maxs=true frames=true
[Architectury Transformer DEBUG] Writing com/github/starcatcher21/stargazer/block/clases/MoonWelder with maxs=true frames=true
[Architectury Transformer DEBUG] Writing com/github/starcatcher21/stargazer/block/clases/CustomWanderSapling with maxs=true frames=true
[Architectury Transformer DEBUG] Writing com/github/starcatcher21/stargazer/block/clases/RedGrass with maxs=true frames=true
[Architectury Transformer DEBUG] Writing com/github/starcatcher21/stargazer/block/clases/RedOrbPlatform with maxs=true frames=true
[Architectury Transformer DEBUG] Writing com/github/starcatcher21/stargazer/block/clases/CustomLeaves with maxs=true frames=true
[Architectury Transformer DEBUG] Writing com/github/starcatcher21/stargazer/block/clases/InfestedCalcite with maxs=true frames=true
[Architectury Transformer DEBUG] Writing com/github/starcatcher21/stargazer/block/clases/energy/cables/RedCable with maxs=true frames=true
[Architectury Transformer DEBUG] Writing com/github/starcatcher21/stargazer/block/clases/energy/cables/YellowCable with maxs=true frames=true
[Architectury Transformer DEBUG] Writing com/github/starcatcher21/stargazer/block/clases/energy/cables/BlueCableEntity with maxs=true frames=true
[Architectury Transformer DEBUG] Writing com/github/starcatcher21/stargazer/block/clases/energy/cables/RedCableEntity with maxs=true frames=true
[Architectury Transformer DEBUG] Writing com/github/starcatcher21/stargazer/block/clases/energy/cables/BlueCable with maxs=true frames=true
[Architectury Transformer DEBUG] Writing com/github/starcatcher21/stargazer/block/clases/energy/cables/PurpleCable with maxs=true frames=true
[Architectury Transformer DEBUG] Writing com/github/starcatcher21/stargazer/block/clases/energy/cables/YellowCableEntity with maxs=true frames=true
[Architectury Transformer DEBUG] Writing com/github/starcatcher21/stargazer/block/clases/energy/cables/PurpleCableEntity with maxs=true frames=true
[Architectury Transformer DEBUG] Writing com/github/starcatcher21/stargazer/block/clases/energy/cables/BaseCableEntity with maxs=true frames=true
[Architectury Transformer DEBUG] Writing com/github/starcatcher21/stargazer/block/clases/energy/generators/StarGenerator with maxs=true frames=true
[Architectury Transformer DEBUG] Writing com/github/starcatcher21/stargazer/block/clases/energy/generators/StarGeneratorEntity$1 with maxs=true frames=true
[Architectury Transformer DEBUG] Writing com/github/starcatcher21/stargazer/block/clases/energy/generators/StarGeneratorEntity with maxs=true frames=true
[Architectury Transformer DEBUG] Writing com/github/starcatcher21/stargazer/block/clases/energy/machines/NightWatcher with maxs=true frames=true
[Architectury Transformer DEBUG] Writing com/github/starcatcher21/stargazer/block/clases/energy/machines/StarCrusherEntity with maxs=true frames=true
[Architectury Transformer DEBUG] Writing com/github/starcatcher21/stargazer/block/clases/energy/machines/StarCrusher with maxs=true frames=true
[Architectury Transformer DEBUG] Writing com/github/starcatcher21/stargazer/block/clases/energy/machines/NightWatcherEntity$1 with maxs=true frames=true
[Architectury Transformer DEBUG] Writing com/github/starcatcher21/stargazer/block/clases/energy/machines/NightWatcherEntity with maxs=true frames=true
[Architectury Transformer DEBUG] Writing com/github/starcatcher21/stargazer/block/clases/energy/machines/StarCrusherEntity$1 with maxs=true frames=true
[Architectury Transformer DEBUG] Writing com/github/starcatcher21/stargazer/block/clases/eyes/EyeFern with maxs=true frames=true
[Architectury Transformer DEBUG] Writing com/github/starcatcher21/stargazer/block/clases/eyes/Eyes with maxs=true frames=true
[Architectury Transformer DEBUG] Writing com/github/starcatcher21/stargazer/block/clases/eyes/EyeLog with maxs=true frames=true
[Architectury Transformer DEBUG] Writing com/github/starcatcher21/stargazer/block/clases/eyes/StrippedEyeLog with maxs=true frames=true
[Architectury Transformer DEBUG] Writing com/github/starcatcher21/stargazer/block/clases/eyes/eyejar/EyeJarEntity with maxs=true frames=true
[Architectury Transformer DEBUG] Writing com/github/starcatcher21/stargazer/block/clases/eyes/eyejar/EyeJar with maxs=true frames=true
[Architectury Transformer DEBUG] Writing com/github/starcatcher21/stargazer/block/clases/eyes/eyejar/EyeJarModel with maxs=true frames=true
[Architectury Transformer DEBUG] Writing com/github/starcatcher21/stargazer/block/clases/grave/GraveEntity with maxs=true frames=true
[Architectury Transformer DEBUG] Writing com/github/starcatcher21/stargazer/block/clases/grave/Grave with maxs=true frames=true
[Architectury Transformer DEBUG] Writing com/github/starcatcher21/stargazer/block/clases/moon/MoonRockNylium with maxs=true frames=true
[Architectury Transformer DEBUG] Writing com/github/starcatcher21/stargazer/block/clases/moon/MoonPlanks with maxs=true frames=true
[Architectury Transformer DEBUG] Writing com/github/starcatcher21/stargazer/block/clases/moon/MoonGrass with maxs=true frames=true
[Architectury Transformer DEBUG] Writing com/github/starcatcher21/stargazer/block/clases/moon/MoonFarmland with maxs=true frames=true
[Architectury Transformer DEBUG] Writing com/github/starcatcher21/stargazer/block/clases/moon/ForgetMeNow with maxs=true frames=true
[Architectury Transformer DEBUG] Writing com/github/starcatcher21/stargazer/block/clases/moon/MoonFern with maxs=true frames=true
[Architectury Transformer DEBUG] Writing com/github/starcatcher21/stargazer/block/clases/moon/TallMoonGrass with maxs=true frames=true
[Architectury Transformer DEBUG] Writing com/github/starcatcher21/stargazer/block/clases/moon/MoonRock with maxs=true frames=true
[Architectury Transformer DEBUG] Writing com/github/starcatcher21/stargazer/block/clases/moon/geode_fruit/GeodeFruitStage with maxs=true frames=true
[Architectury Transformer DEBUG] Writing com/github/starcatcher21/stargazer/block/clases/moon/geode_fruit/GeodeFruit with maxs=true frames=true
[Architectury Transformer DEBUG] Writing com/github/starcatcher21/stargazer/block/clases/moon/leaves/MoonLeaves with maxs=true frames=true
[Architectury Transformer DEBUG] Writing com/github/starcatcher21/stargazer/block/clases/moon/log/MoonLog with maxs=true frames=true
[Architectury Transformer DEBUG] Writing com/github/starcatcher21/stargazer/block/clases/moon/log/StrippedMoonLog with maxs=true frames=true
[Architectury Transformer DEBUG] Writing com/github/starcatcher21/stargazer/block/clases/moon/plants/GiantDragonCarrot with maxs=true frames=true
[Architectury Transformer DEBUG] Writing com/github/starcatcher21/stargazer/block/clases/moon/plants/MoonCrop with maxs=true frames=true
[Architectury Transformer DEBUG] Writing com/github/starcatcher21/stargazer/block/clases/moon/plants/GiantCropSide with maxs=true frames=true
[Architectury Transformer DEBUG] Writing com/github/starcatcher21/stargazer/block/clases/moon/plants/GiantCrop with maxs=true frames=true
[Architectury Transformer DEBUG] Writing com/github/starcatcher21/stargazer/block/clases/moon/star_stone/StarStone with maxs=true frames=true
[Architectury Transformer DEBUG] Writing com/github/starcatcher21/stargazer/block/clases/moon/star_trap/StarTrapModel with maxs=true frames=true
[Architectury Transformer DEBUG] Writing com/github/starcatcher21/stargazer/block/clases/moon/star_trap/StarTrap with maxs=true frames=true
[Architectury Transformer DEBUG] Writing com/github/starcatcher21/stargazer/block/clases/moon/star_trap/StarTrapEntity with maxs=true frames=true
[Architectury Transformer DEBUG] Writing com/github/starcatcher21/stargazer/block/clases/moon/starforge/Starforge with maxs=true frames=true
[Architectury Transformer DEBUG] Writing com/github/starcatcher21/stargazer/block/clases/nebulas/NebulaCore with maxs=true frames=true
[Architectury Transformer DEBUG] Writing com/github/starcatcher21/stargazer/block/clases/nebulas/NebulaLeaves with maxs=true frames=true
[Architectury Transformer DEBUG] Writing com/github/starcatcher21/stargazer/block/clases/negative/NegativeBlockEntity with maxs=true frames=true
[Architectury Transformer DEBUG] Writing com/github/starcatcher21/stargazer/block/clases/negative/NegativeBlockEntityRenderer with maxs=true frames=true
[Architectury Transformer DEBUG] Writing com/github/starcatcher21/stargazer/block/clases/negative/NegativeBlock with maxs=true frames=true
[Architectury Transformer DEBUG] Writing com/github/starcatcher21/stargazer/block/clases/negative/NegativeBlockEntityRenderState with maxs=true frames=true
[Architectury Transformer DEBUG] Writing com/github/starcatcher21/stargazer/block/clases/noblue/NoBlueBlock with maxs=true frames=true
[Architectury Transformer DEBUG] Writing com/github/starcatcher21/stargazer/block/clases/noblue/NoBlueBlockEntityRenderer with maxs=true frames=true
[Architectury Transformer DEBUG] Writing com/github/starcatcher21/stargazer/block/clases/noblue/NoBlueBlockEntityRenderState with maxs=true frames=true
[Architectury Transformer DEBUG] Writing com/github/starcatcher21/stargazer/block/clases/noblue/NoBlueBlockEntity with maxs=true frames=true
[Architectury Transformer DEBUG] Writing com/github/starcatcher21/stargazer/block/clases/nogreen/NoGreenBlock with maxs=true frames=true
[Architectury Transformer DEBUG] Writing com/github/starcatcher21/stargazer/block/clases/nogreen/NoGreenBlockEntityRenderer with maxs=true frames=true
[Architectury Transformer DEBUG] Writing com/github/starcatcher21/stargazer/block/clases/nogreen/NoGreenBlockEntityRenderState with maxs=true frames=true
[Architectury Transformer DEBUG] Writing com/github/starcatcher21/stargazer/block/clases/nogreen/NoGreenBlockEntity with maxs=true frames=true
[Architectury Transformer DEBUG] Writing com/github/starcatcher21/stargazer/block/clases/nored/NoRedBlockEntityRenderState with maxs=true frames=true
[Architectury Transformer DEBUG] Writing com/github/starcatcher21/stargazer/block/clases/nored/NoRedBlock with maxs=true frames=true
[Architectury Transformer DEBUG] Writing com/github/starcatcher21/stargazer/block/clases/nored/NoRedBlockEntity with maxs=true frames=true
[Architectury Transformer DEBUG] Writing com/github/starcatcher21/stargazer/block/clases/nored/NoRedBlockEntityRenderer with maxs=true frames=true
[Architectury Transformer DEBUG] Writing com/github/starcatcher21/stargazer/block/clases/star/aurora/AuroraBlockEntityRenderState with maxs=true frames=true
[Architectury Transformer DEBUG] Writing com/github/starcatcher21/stargazer/block/clases/star/aurora/AuroraEntityRenderer with maxs=true frames=true
[Architectury Transformer DEBUG] Writing com/github/starcatcher21/stargazer/block/clases/star/aurora/AuroraEntity with maxs=true frames=true
[Architectury Transformer DEBUG] Writing com/github/starcatcher21/stargazer/block/clases/star/aurora/Aurora with maxs=true frames=true
[Architectury Transformer DEBUG] Writing com/github/starcatcher21/stargazer/block/clases/star/barrier/StarBarrierBlock with maxs=true frames=true
[Architectury Transformer DEBUG] Writing com/github/starcatcher21/stargazer/block/clases/star/barrier/StarBarrierBlockEntityRenderer with maxs=true frames=true
[Architectury Transformer DEBUG] Writing com/github/starcatcher21/stargazer/block/clases/star/barrier/StarBarrierBlockEntityRenderState with maxs=true frames=true
[Architectury Transformer DEBUG] Writing com/github/starcatcher21/stargazer/block/clases/star/barrier/StarBarrierBlockEntity with maxs=true frames=true
[Architectury Transformer DEBUG] Writing com/github/starcatcher21/stargazer/block/clases/star/border/BorderBlockEntity with maxs=true frames=true
[Architectury Transformer DEBUG] Writing com/github/starcatcher21/stargazer/block/clases/star/border/BorderBlock with maxs=true frames=true
[Architectury Transformer DEBUG] Writing com/github/starcatcher21/stargazer/block/clases/star/cosmic/CosmicBlockEntityRenderState with maxs=true frames=true
[Architectury Transformer DEBUG] Writing com/github/starcatcher21/stargazer/block/clases/star/cosmic/CosmicBlock with maxs=true frames=true
[Architectury Transformer DEBUG] Writing com/github/starcatcher21/stargazer/block/clases/star/cosmic/CosmicBlockEntity with maxs=true frames=true
[Architectury Transformer DEBUG] Writing com/github/starcatcher21/stargazer/block/clases/star/cosmic/CosmicBlockEntityRenderer with maxs=true frames=true
[Architectury Transformer DEBUG] Writing com/github/starcatcher21/stargazer/block/clases/star/leaves/StarLeavesEntity with maxs=true frames=true
[Architectury Transformer DEBUG] Writing com/github/starcatcher21/stargazer/block/clases/star/leaves/StarLeaves with maxs=true frames=true
[Architectury Transformer DEBUG] Writing com/github/starcatcher21/stargazer/block/clases/star/leaves/StarLeavesEntityRenderer with maxs=true frames=true
[Architectury Transformer DEBUG] Writing com/github/starcatcher21/stargazer/block/clases/star/leaves/StarLeavesBlockEntityRenderState with maxs=true frames=true
[Architectury Transformer DEBUG] Writing com/github/starcatcher21/stargazer/block/clases/star/log/StarLog with maxs=true frames=true
[Architectury Transformer DEBUG] Writing com/github/starcatcher21/stargazer/block/clases/star/log/StrippedStarLog with maxs=true frames=true
[Architectury Transformer DEBUG] Writing com/github/starcatcher21/stargazer/block/clases/star/star_display/StarDisplayEntity with maxs=true frames=true
[Architectury Transformer DEBUG] Writing com/github/starcatcher21/stargazer/block/clases/star/star_display/StarDisplayRenderer with maxs=true frames=true
[Architectury Transformer DEBUG] Writing com/github/starcatcher21/stargazer/block/clases/star/star_display/StarDisplay with maxs=true frames=true
[Architectury Transformer DEBUG] Writing com/github/starcatcher21/stargazer/block/clases/star/star_display/StarDisplayModel with maxs=true frames=true
[Architectury Transformer DEBUG] Writing com/github/starcatcher21/stargazer/block/clases/teleporter/RedTeleporter with maxs=true frames=true
[Architectury Transformer DEBUG] Writing com/github/starcatcher21/stargazer/block/clases/teleporter/RedTeleporterState with maxs=true frames=true
[Architectury Transformer DEBUG] Writing com/github/starcatcher21/stargazer/block/clases/teleporter/CopperTeleporterState with maxs=true frames=true
[Architectury Transformer DEBUG] Writing com/github/starcatcher21/stargazer/block/clases/teleporter/CopperTeleporter with maxs=true frames=true
[Architectury Transformer DEBUG] Writing com/github/starcatcher21/stargazer/block/clases/teleporter/DarkTeleporter with maxs=true frames=true
[Architectury Transformer DEBUG] Writing com/github/starcatcher21/stargazer/block/clases/teleporter/DarkTeleporterState with maxs=true frames=true
[Architectury Transformer DEBUG] Writing com/github/starcatcher21/stargazer/block/clases/teleporter/EndTeleporter with maxs=true frames=true
[Architectury Transformer DEBUG] Writing com/github/starcatcher21/stargazer/block/clases/teleporter/EndTeleporterState with maxs=true frames=true
[Architectury Transformer DEBUG] Writing com/github/starcatcher21/stargazer/block/clases/wander/Boril with maxs=true frames=true
[Architectury Transformer DEBUG] Writing com/github/starcatcher21/stargazer/block/register/EyeBloodBlocks with maxs=true frames=true
[Architectury Transformer DEBUG] Writing com/github/starcatcher21/stargazer/block/register/Energy with maxs=true frames=true
[Architectury Transformer DEBUG] Writing com/github/starcatcher21/stargazer/block/register/Darkness with maxs=true frames=true
[Architectury Transformer DEBUG] Writing com/github/starcatcher21/stargazer/block/register/Wander with maxs=true frames=true
[Architectury Transformer DEBUG] Writing com/github/starcatcher21/stargazer/block/register/Nebulas with maxs=true frames=true
[Architectury Transformer DEBUG] Writing com/github/starcatcher21/stargazer/block/register/RedOrbBlocks with maxs=true frames=true
[Architectury Transformer DEBUG] Writing com/github/starcatcher21/stargazer/block/register/Chess with maxs=true frames=true
[Architectury Transformer DEBUG] Writing com/github/starcatcher21/stargazer/block/register/StarBlocks with maxs=true frames=true
[Architectury Transformer DEBUG] Writing com/github/starcatcher21/stargazer/block/register/MoonBlocks with maxs=true frames=true
[Architectury Transformer DEBUG] Writing com/github/starcatcher21/stargazer/block/register/Hedges with maxs=true frames=true
[Architectury Transformer DEBUG] Writing com/github/starcatcher21/stargazer/block/register/Crops with maxs=true frames=true
[Architectury Transformer DEBUG] Writing com/github/starcatcher21/stargazer/block/register/Crops$1 with maxs=true frames=true
[Architectury Transformer DEBUG] Writing com/github/starcatcher21/stargazer/compat/StarforgeDisplay with maxs=true frames=true
[Architectury Transformer DEBUG] Writing com/github/starcatcher21/stargazer/compat/StargazingDisplay with maxs=true frames=true
[Architectury Transformer DEBUG] Writing com/github/starcatcher21/stargazer/compat/StarforgeCategory with maxs=true frames=true
[Architectury Transformer DEBUG] Writing com/github/starcatcher21/stargazer/compat/MoonWelderDisplaySerializer with maxs=true frames=true
[Architectury Transformer DEBUG] Writing com/github/starcatcher21/stargazer/compat/MoonWelderDisplay with maxs=true frames=true
[Architectury Transformer DEBUG] Writing com/github/starcatcher21/stargazer/compat/StarCrusherDisplaySerializer with maxs=true frames=true
[Architectury Transformer DEBUG] Writing com/github/starcatcher21/stargazer/compat/StarCrusherCategory with maxs=true frames=true
[Architectury Transformer DEBUG] Writing com/github/starcatcher21/stargazer/compat/StargazerREIClient with maxs=true frames=true
[Architectury Transformer DEBUG] Writing com/github/starcatcher21/stargazer/compat/MoonWelderCategory with maxs=true frames=true
[Architectury Transformer DEBUG] Writing com/github/starcatcher21/stargazer/compat/StargazingDisplaySerializer with maxs=true frames=true
[Architectury Transformer DEBUG] Writing com/github/starcatcher21/stargazer/compat/StarCrusherDisplay with maxs=true frames=true
[Architectury Transformer DEBUG] Writing com/github/starcatcher21/stargazer/compat/StargazerREICommon with maxs=true frames=true
[Architectury Transformer DEBUG] Writing com/github/starcatcher21/stargazer/compat/StargazingCategory with maxs=true frames=true
[Architectury Transformer DEBUG] Writing com/github/starcatcher21/stargazer/compat/StarforgeDisplaySerializer with maxs=true frames=true
[Architectury Transformer DEBUG] Writing com/github/starcatcher21/stargazer/effects/Hydrophobic with maxs=true frames=true
[Architectury Transformer DEBUG] Writing com/github/starcatcher21/stargazer/effects/StatusEffects with maxs=true frames=true
[Architectury Transformer DEBUG] Writing com/github/starcatcher21/stargazer/effects/Potions with maxs=true frames=true
[Architectury Transformer DEBUG] Writing com/github/starcatcher21/stargazer/effects/GlassHands with maxs=true frames=true
[Architectury Transformer DEBUG] Writing com/github/starcatcher21/stargazer/effects/CosmoFeeling with maxs=true frames=true
[Architectury Transformer DEBUG] Writing com/github/starcatcher21/stargazer/energy/EnergyHooks with maxs=true frames=true
[Architectury Transformer DEBUG] Writing com/github/starcatcher21/stargazer/energy/SimpleModEnergyStorage with maxs=true frames=true
[Architectury Transformer DEBUG] Writing com/github/starcatcher21/stargazer/energy/ModEnergyStorage with maxs=true frames=true
[Architectury Transformer DEBUG] Writing com/github/starcatcher21/stargazer/entity/Star with maxs=true frames=true
[Architectury Transformer DEBUG] Writing com/github/starcatcher21/stargazer/entity/ThrowableStarEntity with maxs=true frames=true
[Architectury Transformer DEBUG] Writing com/github/starcatcher21/stargazer/entity/Scruby with maxs=true frames=true
[Architectury Transformer DEBUG] Writing com/github/starcatcher21/stargazer/entity/BlackFox with maxs=true frames=true
[Architectury Transformer DEBUG] Writing com/github/starcatcher21/stargazer/entity/EyeBat with maxs=true frames=true
[Architectury Transformer DEBUG] Writing com/github/starcatcher21/stargazer/entity/Rook with maxs=true frames=true
[Architectury Transformer DEBUG] Writing com/github/starcatcher21/stargazer/entity/EntityRegistry with maxs=true frames=true
[Architectury Transformer DEBUG] Writing com/github/starcatcher21/stargazer/entity/AmethystTurtle with maxs=true frames=true
[Architectury Transformer DEBUG] Writing com/github/starcatcher21/stargazer/entity/DataTickets with maxs=true frames=true
[Architectury Transformer DEBUG] Writing com/github/starcatcher21/stargazer/entity/Ghost with maxs=true frames=true
[Architectury Transformer DEBUG] Writing com/github/starcatcher21/stargazer/entity/BlackRook with maxs=true frames=true
[Architectury Transformer DEBUG] Writing com/github/starcatcher21/stargazer/entity/models/RookModel with maxs=true frames=true
[Architectury Transformer DEBUG] Writing com/github/starcatcher21/stargazer/entity/models/GhostModel with maxs=true frames=true
[Architectury Transformer DEBUG] Writing com/github/starcatcher21/stargazer/entity/models/BlackFoxModel with maxs=true frames=true
[Architectury Transformer DEBUG] Writing com/github/starcatcher21/stargazer/entity/models/BlackRookModel with maxs=true frames=true
[Architectury Transformer DEBUG] Writing com/github/starcatcher21/stargazer/entity/models/ScrubyModel with maxs=true frames=true
[Architectury Transformer DEBUG] Writing com/github/starcatcher21/stargazer/entity/models/AmethystTurtleModel with maxs=true frames=true
[Architectury Transformer DEBUG] Writing com/github/starcatcher21/stargazer/entity/models/StarModel with maxs=true frames=true
[Architectury Transformer DEBUG] Writing com/github/starcatcher21/stargazer/entity/models/EyeBatModel with maxs=true frames=true
[Architectury Transformer DEBUG] Writing com/github/starcatcher21/stargazer/entity/renderers/RookRenderer with maxs=true frames=true
[Architectury Transformer DEBUG] Writing com/github/starcatcher21/stargazer/entity/renderers/StarRenderer$1 with maxs=true frames=true
[Architectury Transformer DEBUG] Writing com/github/starcatcher21/stargazer/entity/renderers/BlackFoxRenderer with maxs=true frames=true
[Architectury Transformer DEBUG] Writing com/github/starcatcher21/stargazer/entity/renderers/StarRenderer with maxs=true frames=true
[Architectury Transformer DEBUG] Writing com/github/starcatcher21/stargazer/entity/renderers/AmethystTurtleRenderer with maxs=true frames=true
[Architectury Transformer DEBUG] Writing com/github/starcatcher21/stargazer/entity/renderers/BlackRookRenderer with maxs=true frames=true
[Architectury Transformer DEBUG] Writing com/github/starcatcher21/stargazer/entity/renderers/ScrubyRenderer with maxs=true frames=true
[Architectury Transformer DEBUG] Writing com/github/starcatcher21/stargazer/entity/renderers/GhostRenderer with maxs=true frames=true
[Architectury Transformer DEBUG] Writing com/github/starcatcher21/stargazer/entity/renderers/EyeBatRenderer with maxs=true frames=true
[Architectury Transformer DEBUG] Writing com/github/starcatcher21/stargazer/helpers/BlockItem with maxs=true frames=true
[Architectury Transformer DEBUG] Writing com/github/starcatcher21/stargazer/item/ModItems with maxs=true frames=true
[Architectury Transformer DEBUG] Writing com/github/starcatcher21/stargazer/item/ConsumableComponents with maxs=true frames=true
[Architectury Transformer DEBUG] Writing com/github/starcatcher21/stargazer/item/WishingStars with maxs=true frames=true
[Architectury Transformer DEBUG] Writing com/github/starcatcher21/stargazer/item/ModItems$2 with maxs=true frames=true
[Architectury Transformer DEBUG] Writing com/github/starcatcher21/stargazer/item/ModItems$1 with maxs=true frames=true
[Architectury Transformer DEBUG] Writing com/github/starcatcher21/stargazer/item/ConsumeEffectsRegistry with maxs=true frames=true
[Architectury Transformer DEBUG] Writing com/github/starcatcher21/stargazer/item/ConsumeEffects/StarGazeConsume with maxs=true frames=true
[Architectury Transformer DEBUG] Writing com/github/starcatcher21/stargazer/item/armor/EquipmentAsset with maxs=true frames=true
[Architectury Transformer DEBUG] Writing com/github/starcatcher21/stargazer/item/armor/ArmorMaterial with maxs=true frames=true
[Architectury Transformer DEBUG] Writing com/github/starcatcher21/stargazer/item/classes/DarkStar with maxs=true frames=true
[Architectury Transformer DEBUG] Writing com/github/starcatcher21/stargazer/item/classes/LodeStar with maxs=true frames=true
[Architectury Transformer DEBUG] Writing com/github/starcatcher21/stargazer/item/classes/StarBook with maxs=true frames=true
[Architectury Transformer DEBUG] Writing com/github/starcatcher21/stargazer/item/classes/LuckyComet with maxs=true frames=true
[Architectury Transformer DEBUG] Writing com/github/starcatcher21/stargazer/item/classes/SeedPacket with maxs=true frames=true
[Architectury Transformer DEBUG] Writing com/github/starcatcher21/stargazer/item/classes/WishingStarItem with maxs=true frames=true
[Architectury Transformer DEBUG] Writing com/github/starcatcher21/stargazer/item/classes/ThrowableStar with maxs=true frames=true
[Architectury Transformer DEBUG] Writing com/github/starcatcher21/stargazer/mechanics/PlayerRedOrbGrav with maxs=true frames=true
[Architectury Transformer DEBUG] Writing com/github/starcatcher21/stargazer/mechanics/PointOfIntrests with maxs=true frames=true
[Architectury Transformer DEBUG] Writing com/github/starcatcher21/stargazer/mechanics/DamageTypeRegistry with maxs=true frames=true
[Architectury Transformer DEBUG] Writing com/github/starcatcher21/stargazer/mechanics/PlayerCosmicGrav with maxs=true frames=true
[Architectury Transformer DEBUG] Writing com/github/starcatcher21/stargazer/mechanics/advancements/Starcatching with maxs=true frames=true
[Architectury Transformer DEBUG] Writing com/github/starcatcher21/stargazer/mechanics/advancements/ForgeCraft$Conditions with maxs=true frames=true
[Architectury Transformer DEBUG] Writing com/github/starcatcher21/stargazer/mechanics/advancements/ForgeCraft with maxs=true frames=true
[Architectury Transformer DEBUG] Writing com/github/starcatcher21/stargazer/mechanics/advancements/Negative with maxs=true frames=true
[Architectury Transformer DEBUG] Writing com/github/starcatcher21/stargazer/mechanics/advancements/MoonWeld with maxs=true frames=true
[Architectury Transformer DEBUG] Writing com/github/starcatcher21/stargazer/mechanics/advancements/Criterias with maxs=true frames=true
[Architectury Transformer DEBUG] Writing com/github/starcatcher21/stargazer/mechanics/advancements/Negative$Conditions with maxs=true frames=true
[Architectury Transformer DEBUG] Writing com/github/starcatcher21/stargazer/mechanics/advancements/StarTrap$Conditions with maxs=true frames=true
[Architectury Transformer DEBUG] Writing com/github/starcatcher21/stargazer/mechanics/advancements/MoonWeld$Conditions with maxs=true frames=true
[Architectury Transformer DEBUG] Writing com/github/starcatcher21/stargazer/mechanics/advancements/StarModifier with maxs=true frames=true
[Architectury Transformer DEBUG] Writing com/github/starcatcher21/stargazer/mechanics/advancements/StarModifier$Conditions with maxs=true frames=true
[Architectury Transformer DEBUG] Writing com/github/starcatcher21/stargazer/mechanics/advancements/Starcatching$Conditions with maxs=true frames=true
[Architectury Transformer DEBUG] Writing com/github/starcatcher21/stargazer/mechanics/advancements/StarTrap with maxs=true frames=true
[Architectury Transformer DEBUG] Writing com/github/starcatcher21/stargazer/mechanics/advancements/CosmicPortal$Conditions with maxs=true frames=true
[Architectury Transformer DEBUG] Writing com/github/starcatcher21/stargazer/mechanics/advancements/CosmicPortal with maxs=true frames=true
[Architectury Transformer DEBUG] Writing com/github/starcatcher21/stargazer/mechanics/dash/DashPayload with maxs=true frames=true
[Architectury Transformer DEBUG] Writing com/github/starcatcher21/stargazer/mechanics/dash/DashServer with maxs=true frames=true
[Architectury Transformer DEBUG] Writing com/github/starcatcher21/stargazer/mechanics/dash/Dash with maxs=true frames=true
[Architectury Transformer DEBUG] Writing com/github/starcatcher21/stargazer/mechanics/dash/DashClient with maxs=true frames=true
[Architectury Transformer DEBUG] Writing com/github/starcatcher21/stargazer/mechanics/star/StargazeServer with maxs=true frames=true
[Architectury Transformer DEBUG] Writing com/github/starcatcher21/stargazer/mechanics/star/StargazeClient with maxs=true frames=true
[Architectury Transformer DEBUG] Writing com/github/starcatcher21/stargazer/mechanics/star/StargazePayload with maxs=true frames=true
[Architectury Transformer DEBUG] Writing com/github/starcatcher21/stargazer/mixin/WorldMixin with maxs=true frames=true
[Architectury Transformer DEBUG] Writing com/github/starcatcher21/stargazer/mixin/BrewingRecipeRegMixin with maxs=true frames=true
[Architectury Transformer DEBUG] Writing com/github/starcatcher21/stargazer/mixin/PlayerClassMixin with maxs=true frames=true
[Architectury Transformer DEBUG] Writing com/github/starcatcher21/stargazer/mixin/EntityMixin with maxs=true frames=true
[Architectury Transformer DEBUG] Writing com/github/starcatcher21/stargazer/mixin/FarmlandMixin with maxs=true frames=true
[Architectury Transformer DEBUG] Writing com/github/starcatcher21/stargazer/mixin/FluidBlockMixin with maxs=true frames=true
[Architectury Transformer DEBUG] Writing com/github/starcatcher21/stargazer/mixin/IceBlockMixin with maxs=true frames=true
[Architectury Transformer DEBUG] Writing com/github/starcatcher21/stargazer/mixin/FishingBobberEntityMixin with maxs=true frames=true
[Architectury Transformer DEBUG] Writing com/github/starcatcher21/stargazer/mixin/SkyRenderingMixin with maxs=true frames=true
[Architectury Transformer DEBUG] Writing com/github/starcatcher21/stargazer/mixin/WorldRendererMixin with maxs=true frames=true
[Architectury Transformer DEBUG] Writing com/github/starcatcher21/stargazer/nbt/Patterns with maxs=true frames=true
[Architectury Transformer DEBUG] Writing com/github/starcatcher21/stargazer/nbt/StarPatternsComponent with maxs=true frames=true
[Architectury Transformer DEBUG] Writing com/github/starcatcher21/stargazer/nbt/StarPatternsComponent$Layer with maxs=true frames=true
[Architectury Transformer DEBUG] Writing com/github/starcatcher21/stargazer/nbt/StarPattern with maxs=true frames=true
[Architectury Transformer DEBUG] Writing com/github/starcatcher21/stargazer/nbt/StarPatternsComponent$Builder with maxs=true frames=true
[Architectury Transformer DEBUG] Writing com/github/starcatcher21/stargazer/nbt/ComponentTypes with maxs=true frames=true
[Architectury Transformer DEBUG] Writing com/github/starcatcher21/stargazer/particle/Particles with maxs=true frames=true
[Architectury Transformer DEBUG] Writing com/github/starcatcher21/stargazer/particle/Particles$6 with maxs=true frames=true
[Architectury Transformer DEBUG] Writing com/github/starcatcher21/stargazer/particle/Particles$2 with maxs=true frames=true
[Architectury Transformer DEBUG] Writing com/github/starcatcher21/stargazer/particle/Particles$3 with maxs=true frames=true
[Architectury Transformer DEBUG] Writing com/github/starcatcher21/stargazer/particle/Particles$1 with maxs=true frames=true
[Architectury Transformer DEBUG] Writing com/github/starcatcher21/stargazer/particle/Particles$4 with maxs=true frames=true
[Architectury Transformer DEBUG] Writing com/github/starcatcher21/stargazer/particle/Particles$5 with maxs=true frames=true
[Architectury Transformer DEBUG] Writing com/github/starcatcher21/stargazer/particle/StarParticle2$Factory with maxs=true frames=true
[Architectury Transformer DEBUG] Writing com/github/starcatcher21/stargazer/particle/ParticlesClient with maxs=true frames=true
[Architectury Transformer DEBUG] Writing com/github/starcatcher21/stargazer/particle/StarParticle2 with maxs=true frames=true
[Architectury Transformer DEBUG] Writing com/github/starcatcher21/stargazer/particle/StarParticle$Factory with maxs=true frames=true
[Architectury Transformer DEBUG] Writing com/github/starcatcher21/stargazer/particle/StarParticle$TintedLeavesFactory with maxs=true frames=true
[Architectury Transformer DEBUG] Writing com/github/starcatcher21/stargazer/particle/StarParticle with maxs=true frames=true
[Architectury Transformer DEBUG] Writing com/github/starcatcher21/stargazer/renderer/SkyStarRenderer$StarSettings with maxs=true frames=true
[Architectury Transformer DEBUG] Writing com/github/starcatcher21/stargazer/renderer/CustomRederPipelines with maxs=true frames=true
[Architectury Transformer DEBUG] Writing com/github/starcatcher21/stargazer/renderer/SkyStarRenderer with maxs=true frames=true
[Architectury Transformer DEBUG] Writing com/github/starcatcher21/stargazer/renderer/SkyDimensionChecks with maxs=true frames=true
[Architectury Transformer DEBUG] Writing com/github/starcatcher21/stargazer/renderer/CustomRenderLayers with maxs=true frames=true
[Architectury Transformer DEBUG] Writing com/github/starcatcher21/stargazer/screens/StarGeneratorScreenHandler with maxs=true frames=true
[Architectury Transformer DEBUG] Writing com/github/starcatcher21/stargazer/screens/StarBookScreenHandler with maxs=true frames=true
[Architectury Transformer DEBUG] Writing com/github/starcatcher21/stargazer/screens/ScreenHandlerTypes with maxs=true frames=true
[Architectury Transformer DEBUG] Writing com/github/starcatcher21/stargazer/screens/StarGeneratorScreenHandler$2 with maxs=true frames=true
[Architectury Transformer DEBUG] Writing com/github/starcatcher21/stargazer/screens/StarforgeScreenHandler with maxs=true frames=true
[Architectury Transformer DEBUG] Writing com/github/starcatcher21/stargazer/screens/StarGeneratorScreenHandler$1 with maxs=true frames=true
[Architectury Transformer DEBUG] Writing com/github/starcatcher21/stargazer/screens/StarCrusherScreenHandler with maxs=true frames=true
[Architectury Transformer DEBUG] Writing com/github/starcatcher21/stargazer/screens/MoonWelderScreenHandler with maxs=true frames=true
[Architectury Transformer DEBUG] Writing com/github/starcatcher21/stargazer/screens/StarCrusherScreenHandler$1 with maxs=true frames=true
[Architectury Transformer DEBUG] Writing com/github/starcatcher21/stargazer/screens/NightWatcherScreenHandler with maxs=true frames=true
[Architectury Transformer DEBUG] Writing com/github/starcatcher21/stargazer/screens/NightWatcherScreenHandler$1 with maxs=true frames=true
[Architectury Transformer DEBUG] Writing com/github/starcatcher21/stargazer/screens/handled/StargeneratorHandled with maxs=true frames=true
[Architectury Transformer DEBUG] Writing com/github/starcatcher21/stargazer/screens/handled/NightWatcherHandled with maxs=true frames=true
[Architectury Transformer DEBUG] Writing com/github/starcatcher21/stargazer/screens/handled/MoonWelderHandled with maxs=true frames=true
[Architectury Transformer DEBUG] Writing com/github/starcatcher21/stargazer/screens/handled/StarCrusherHandled with maxs=true frames=true
[Architectury Transformer DEBUG] Writing com/github/starcatcher21/stargazer/screens/handled/StarforgeHandled with maxs=true frames=true
[Architectury Transformer DEBUG] Writing com/github/starcatcher21/stargazer/screens/handled/StarBookHandled with maxs=true frames=true
[Architectury Transformer DEBUG] Writing com/github/starcatcher21/stargazer/screens/handled/buttons/StarPageButton with maxs=true frames=true
[Architectury Transformer DEBUG] Writing com/github/starcatcher21/stargazer/screens/recipe/StarCrusherRecipe with maxs=true frames=true
[Architectury Transformer DEBUG] Writing com/github/starcatcher21/stargazer/screens/recipe/MoonWelderRecipeInput$Positioned with maxs=true frames=true
[Architectury Transformer DEBUG] Writing com/github/starcatcher21/stargazer/screens/recipe/StarCrusherRecipeInput$Positioned with maxs=true frames=true
[Architectury Transformer DEBUG] Writing com/github/starcatcher21/stargazer/screens/recipe/StarforgeRecipeInput$Positioned with maxs=true frames=true
[Architectury Transformer DEBUG] Writing com/github/starcatcher21/stargazer/screens/recipe/StarforgeRecipe with maxs=true frames=true
[Architectury Transformer DEBUG] Writing com/github/starcatcher21/stargazer/screens/recipe/StarforgeRecipeInventory with maxs=true frames=true
[Architectury Transformer DEBUG] Writing com/github/starcatcher21/stargazer/screens/recipe/RecipeTypes$1 with maxs=true frames=true
[Architectury Transformer DEBUG] Writing com/github/starcatcher21/stargazer/screens/recipe/StarforgeRecipeInput with maxs=true frames=true
[Architectury Transformer DEBUG] Writing com/github/starcatcher21/stargazer/screens/recipe/MoonWelderRecipe with maxs=true frames=true
[Architectury Transformer DEBUG] Writing com/github/starcatcher21/stargazer/screens/recipe/MoonWelderRecipeInput with maxs=true frames=true
[Architectury Transformer DEBUG] Writing com/github/starcatcher21/stargazer/screens/recipe/MoonWelderRecipeInventory with maxs=true frames=true
[Architectury Transformer DEBUG] Writing com/github/starcatcher21/stargazer/screens/recipe/StarCrusherRecipeInput with maxs=true frames=true
[Architectury Transformer DEBUG] Writing com/github/starcatcher21/stargazer/screens/recipe/RecipeTypes with maxs=true frames=true
[Architectury Transformer DEBUG] Writing com/github/starcatcher21/stargazer/screens/recipe/serializer/RawStarforgeShapedRecipe$Data with maxs=true frames=true
[Architectury Transformer DEBUG] Writing com/github/starcatcher21/stargazer/screens/recipe/serializer/ShapedStarCrusherRecipe with maxs=true frames=true
[Architectury Transformer DEBUG] Writing com/github/starcatcher21/stargazer/screens/recipe/serializer/ShapedMoonWelderRecipe with maxs=true frames=true
[Architectury Transformer DEBUG] Writing com/github/starcatcher21/stargazer/screens/recipe/serializer/StarCrusherRecipeDisplay with maxs=true frames=true
[Architectury Transformer DEBUG] Writing com/github/starcatcher21/stargazer/screens/recipe/serializer/RawStarforgeShapedRecipe with maxs=true frames=true
[Architectury Transformer DEBUG] Writing com/github/starcatcher21/stargazer/screens/recipe/serializer/RawMoonWelderShapedRecipe with maxs=true frames=true
[Architectury Transformer DEBUG] Writing com/github/starcatcher21/stargazer/screens/recipe/serializer/StarCrusherShapedRecipe$Data with maxs=true frames=true
[Architectury Transformer DEBUG] Writing com/github/starcatcher21/stargazer/screens/recipe/serializer/ShapedMoonWelderRecipeDisplay with maxs=true frames=true
[Architectury Transformer DEBUG] Writing com/github/starcatcher21/stargazer/screens/recipe/serializer/ShapedStarforgeRecipeDisplay with maxs=true frames=true
[Architectury Transformer DEBUG] Writing com/github/starcatcher21/stargazer/screens/recipe/serializer/StarCrusherShapedRecipe with maxs=true frames=true
[Architectury Transformer DEBUG] Writing com/github/starcatcher21/stargazer/screens/recipe/serializer/ShapedStarforgeRecipe with maxs=true frames=true
[Architectury Transformer DEBUG] Writing com/github/starcatcher21/stargazer/screens/recipe/serializer/RawMoonWelderShapedRecipe$Data with maxs=true frames=true
[Architectury Transformer DEBUG] Writing com/github/starcatcher21/stargazer/screens/recipeInputs/MoonWelderInventory with maxs=true frames=true
[Architectury Transformer DEBUG] Writing com/github/starcatcher21/stargazer/screens/recipeInputs/StarforgeInventory with maxs=true frames=true
[Architectury Transformer DEBUG] Writing com/github/starcatcher21/stargazer/screens/slots/StarforgeResultSlot with maxs=true frames=true
[Architectury Transformer DEBUG] Writing com/github/starcatcher21/stargazer/screens/slots/MoonWelderResultSlot with maxs=true frames=true
[Architectury Transformer DEBUG] Writing com/github/starcatcher21/stargazer/sound/DeferredSoundType with maxs=true frames=true
[Architectury Transformer DEBUG] Writing com/github/starcatcher21/stargazer/sound/SoundEffects with maxs=true frames=true
[Architectury Transformer DEBUG] Writing com/github/starcatcher21/stargazer/sound/SoundGroups with maxs=true frames=true
[Architectury Transformer DEBUG] Writing com/github/starcatcher21/stargazer/stats/ModStats with maxs=true frames=true
[Architectury Transformer DEBUG] Writing com/github/starcatcher21/stargazer/villager/ModVillagers with maxs=true frames=true
[Architectury Transformer DEBUG] Writing com/github/starcatcher21/stargazer/villager/ModTraids with maxs=true frames=true
[Architectury Transformer DEBUG] Writing com/github/starcatcher21/stargazer/worldgen/CustomFeatures with maxs=true frames=true
[Architectury Transformer DEBUG] Writing com/github/starcatcher21/stargazer/worldgen/BiomeTags with maxs=true frames=true
[Architectury Transformer DEBUG] Writing com/github/starcatcher21/stargazer/worldgen/BiomeReg with maxs=true frames=true
[Architectury Transformer DEBUG] Writing com/github/starcatcher21/stargazer/worldgen/dimensions/Dimensions with maxs=true frames=true
[Architectury Transformer DEBUG] Writing com/github/starcatcher21/stargazer/worldgen/features/Gradi with maxs=true frames=true
[Architectury Transformer DEBUG] Writing com/github/starcatcher21/stargazer/worldgen/features/ForgetMeNow with maxs=true frames=true
[Architectury Transformer DEBUG] Writing com/github/starcatcher21/stargazer/worldgen/features/Eyes with maxs=true frames=true
[Architectury Transformer DEBUG] Writing com/github/starcatcher21/stargazer/worldgen/features/PlacedFeatures with maxs=true frames=true
[Architectury Transformer DEBUG] Writing com/github/starcatcher21/stargazer/worldgen/features/amertylst/AmertylstConfig with maxs=true frames=true
[Architectury Transformer DEBUG] Writing com/github/starcatcher21/stargazer/worldgen/features/amertylst/Amertylst with maxs=true frames=true
[Architectury Transformer DEBUG] Writing com/github/starcatcher21/stargazer/worldgen/features/blackstone_pillars/BlackStonePillars with maxs=true frames=true
[Architectury Transformer DEBUG] Writing com/github/starcatcher21/stargazer/worldgen/features/blackstone_pillars/BlackStonePillar3 with maxs=true frames=true
[Architectury Transformer DEBUG] Writing com/github/starcatcher21/stargazer/worldgen/features/blackstone_pillars/BlackStonePillar2 with maxs=true frames=true
[Architectury Transformer DEBUG] Writing com/github/starcatcher21/stargazer/worldgen/features/blackstone_pillars/BlackStonePillar1 with maxs=true frames=true
[Architectury Transformer DEBUG] Writing com/github/starcatcher21/stargazer/worldgen/features/chess/Rook with maxs=true frames=true
[Architectury Transformer DEBUG] Writing com/github/starcatcher21/stargazer/worldgen/features/chess/Queen with maxs=true frames=true
[Architectury Transformer DEBUG] Writing com/github/starcatcher21/stargazer/worldgen/features/chess/Shaft with maxs=true frames=true
[Architectury Transformer DEBUG] Writing com/github/starcatcher21/stargazer/worldgen/features/chess/Base with maxs=true frames=true
[Architectury Transformer DEBUG] Writing com/github/starcatcher21/stargazer/worldgen/features/chess/Horse with maxs=true frames=true
[Architectury Transformer DEBUG] Writing com/github/starcatcher21/stargazer/worldgen/features/chess/ChessTrees with maxs=true frames=true
[Architectury Transformer DEBUG] Writing com/github/starcatcher21/stargazer/worldgen/features/chess/Pawn with maxs=true frames=true
[Architectury Transformer DEBUG] Writing com/github/starcatcher21/stargazer/worldgen/features/chess/King with maxs=true frames=true
[Architectury Transformer DEBUG] Writing com/github/starcatcher21/stargazer/worldgen/features/chess/Bishop with maxs=true frames=true
[Architectury Transformer DEBUG] Writing com/github/starcatcher21/stargazer/worldgen/features/crystals/CrystalOre with maxs=true frames=true
[Architectury Transformer DEBUG] Writing com/github/starcatcher21/stargazer/worldgen/features/crystals/crystal2 with maxs=true frames=true
[Architectury Transformer DEBUG] Writing com/github/starcatcher21/stargazer/worldgen/features/crystals/crystal1 with maxs=true frames=true
[Architectury Transformer DEBUG] Writing com/github/starcatcher21/stargazer/worldgen/features/iron/iron2 with maxs=true frames=true
[Architectury Transformer DEBUG] Writing com/github/starcatcher21/stargazer/worldgen/features/iron/iron1 with maxs=true frames=true
[Architectury Transformer DEBUG] Writing com/github/starcatcher21/stargazer/worldgen/features/iron/IronOre with maxs=true frames=true
[Architectury Transformer DEBUG] Writing com/github/starcatcher21/stargazer/worldgen/features/prismaticore/PrismaticOre with maxs=true frames=true
[Architectury Transformer DEBUG] Writing com/github/starcatcher21/stargazer/worldgen/features/prismaticore/Prismatic1 with maxs=true frames=true
[Architectury Transformer DEBUG] Writing com/github/starcatcher21/stargazer/worldgen/features/trees/TreesRegistry with maxs=true frames=true
[Architectury Transformer DEBUG] Writing com/github/starcatcher21/stargazer/worldgen/features/trees/bones/NotCinemaTree with maxs=true frames=true
[Architectury Transformer DEBUG] Writing com/github/starcatcher21/stargazer/worldgen/features/trees/bones/CinemaTree with maxs=true frames=true
[Architectury Transformer DEBUG] Writing com/github/starcatcher21/stargazer/worldgen/features/trees/bones/crown with maxs=true frames=true
[Architectury Transformer DEBUG] Writing com/github/starcatcher21/stargazer/worldgen/features/trees/bones/bald3 with maxs=true frames=true
[Architectury Transformer DEBUG] Writing com/github/starcatcher21/stargazer/worldgen/features/trees/bones/bald1 with maxs=true frames=true
[Architectury Transformer DEBUG] Writing com/github/starcatcher21/stargazer/worldgen/features/trees/bones/bald2 with maxs=true frames=true
[Architectury Transformer DEBUG] Writing com/github/starcatcher21/stargazer/worldgen/features/trees/bones/BoneTrees with maxs=true frames=true
[Architectury Transformer DEBUG] Writing com/github/starcatcher21/stargazer/worldgen/features/trees/bubbles/dxd with maxs=true frames=true
[Architectury Transformer DEBUG] Writing com/github/starcatcher21/stargazer/worldgen/features/trees/bubbles/txt with maxs=true frames=true
[Architectury Transformer DEBUG] Writing com/github/starcatcher21/stargazer/worldgen/features/trees/bubbles/Bubbles with maxs=true frames=true
[Architectury Transformer DEBUG] Writing com/github/starcatcher21/stargazer/worldgen/features/trees/curve/CurveBase with maxs=true frames=true
[Architectury Transformer DEBUG] Writing com/github/starcatcher21/stargazer/worldgen/features/trees/curve/CurveTree with maxs=true frames=true
[Architectury Transformer DEBUG] Writing com/github/starcatcher21/stargazer/worldgen/features/trees/curve/CurveTrees with maxs=true frames=true
[Architectury Transformer DEBUG] Writing com/github/starcatcher21/stargazer/worldgen/features/trees/darkness/DarkTree with maxs=true frames=true
[Architectury Transformer DEBUG] Writing com/github/starcatcher21/stargazer/worldgen/features/trees/darkness/DarknessTrees with maxs=true frames=true
[Architectury Transformer DEBUG] Writing com/github/starcatcher21/stargazer/worldgen/features/trees/darkness/DarkTree3 with maxs=true frames=true
[Architectury Transformer DEBUG] Writing com/github/starcatcher21/stargazer/worldgen/features/trees/darkness/DarkTree2 with maxs=true frames=true
[Architectury Transformer DEBUG] Writing com/github/starcatcher21/stargazer/worldgen/features/trees/eyeblodbirch/EyeBirchTrees with maxs=true frames=true
[Architectury Transformer DEBUG] Writing com/github/starcatcher21/stargazer/worldgen/features/trees/eyeblodbirch/EyeBirch with maxs=true frames=true
[Architectury Transformer DEBUG] Writing com/github/starcatcher21/stargazer/worldgen/features/trees/fullmoon/FullMoonTrees with maxs=true frames=true
[Architectury Transformer DEBUG] Writing com/github/starcatcher21/stargazer/worldgen/features/trees/fullmoon/FullMoonTree1 with maxs=true frames=true
[Architectury Transformer DEBUG] Writing com/github/starcatcher21/stargazer/worldgen/features/trees/glass/GlassTrees with maxs=true frames=true
[Architectury Transformer DEBUG] Writing com/github/starcatcher21/stargazer/worldgen/features/trees/glass/GlassTree1 with maxs=true frames=true
[Architectury Transformer DEBUG] Writing com/github/starcatcher21/stargazer/worldgen/features/trees/green_rocks/GreenRocks with maxs=true frames=true
[Architectury Transformer DEBUG] Writing com/github/starcatcher21/stargazer/worldgen/features/trees/green_rocks/Rock2 with maxs=true frames=true
[Architectury Transformer DEBUG] Writing com/github/starcatcher21/stargazer/worldgen/features/trees/green_rocks/Rock5 with maxs=true frames=true
[Architectury Transformer DEBUG] Writing com/github/starcatcher21/stargazer/worldgen/features/trees/green_rocks/Rock3 with maxs=true frames=true
[Architectury Transformer DEBUG] Writing com/github/starcatcher21/stargazer/worldgen/features/trees/green_rocks/Rock1 with maxs=true frames=true
[Architectury Transformer DEBUG] Writing com/github/starcatcher21/stargazer/worldgen/features/trees/green_rocks/Rock4 with maxs=true frames=true
[Architectury Transformer DEBUG] Writing com/github/starcatcher21/stargazer/worldgen/features/trees/moon/MoonBase with maxs=true frames=true
[Architectury Transformer DEBUG] Writing com/github/starcatcher21/stargazer/worldgen/features/trees/moon/MoonTrees with maxs=true frames=true
[Architectury Transformer DEBUG] Writing com/github/starcatcher21/stargazer/worldgen/features/trees/moon/MoonTree3 with maxs=true frames=true
[Architectury Transformer DEBUG] Writing com/github/starcatcher21/stargazer/worldgen/features/trees/moon/MoonTree2 with maxs=true frames=true
[Architectury Transformer DEBUG] Writing com/github/starcatcher21/stargazer/worldgen/features/trees/moon/MoonTree1 with maxs=true frames=true
[Architectury Transformer DEBUG] Writing com/github/starcatcher21/stargazer/worldgen/features/trees/nebulas/Yellow with maxs=true frames=true
[Architectury Transformer DEBUG] Writing com/github/starcatcher21/stargazer/worldgen/features/trees/nebulas/NebulaTrees with maxs=true frames=true
[Architectury Transformer DEBUG] Writing com/github/starcatcher21/stargazer/worldgen/features/trees/nebulas/Blue with maxs=true frames=true
[Architectury Transformer DEBUG] Writing com/github/starcatcher21/stargazer/worldgen/features/trees/nebulas/Purple with maxs=true frames=true
[Architectury Transformer DEBUG] Writing com/github/starcatcher21/stargazer/worldgen/features/trees/nebulas/Red with maxs=true frames=true
[Architectury Transformer DEBUG] Writing com/github/starcatcher21/stargazer/worldgen/features/trees/purple_shroom/PurpleBase with maxs=true frames=true
[Architectury Transformer DEBUG] Writing com/github/starcatcher21/stargazer/worldgen/features/trees/purple_shroom/PurpleShrooms with maxs=true frames=true
[Architectury Transformer DEBUG] Writing com/github/starcatcher21/stargazer/worldgen/features/trees/purple_shroom/Purple1 with maxs=true frames=true
[Architectury Transformer DEBUG] Writing com/github/starcatcher21/stargazer/worldgen/features/trees/spiro/SpiroTrees with maxs=true frames=true
[Architectury Transformer DEBUG] Writing com/github/starcatcher21/stargazer/worldgen/features/trees/spiro/SpiroTree1 with maxs=true frames=true
[Architectury Transformer DEBUG] Writing com/github/starcatcher21/stargazer/worldgen/features/trees/star/StarTree with maxs=true frames=true
[Architectury Transformer DEBUG] Writing com/github/starcatcher21/stargazer/worldgen/features/trees/star/StarTrees with maxs=true frames=true
[Architectury Transformer DEBUG] Writing com/github/starcatcher21/stargazer/worldgen/features/trees/trunn/TrunnTree with maxs=true frames=true
[Architectury Transformer DEBUG] Writing com/github/starcatcher21/stargazer/worldgen/features/trees/trunn/TrunnTrees with maxs=true frames=true
[Architectury Transformer DEBUG] Writing com/github/starcatcher21/stargazer/worldgen/features/trees/yeri/YeriTrees with maxs=true frames=true
[Architectury Transformer DEBUG] Writing com/github/starcatcher21/stargazer/worldgen/features/trees/yeri/YeriTree with maxs=true frames=true
[Architectury Transformer DEBUG] Closed File Systems for /tmp/14926395780536153840.jar
[Architectury Transformer] Listening at /home/wilwe/Dokumenty/GitHub/stargazer_mod/common/build/libs/stargazer-common-0.0.8.4-dev.jar
[Architectury Transformer DEBUG] Temporary jar [/tmp/14926395780536153840.jar] contains packages: com.github.starcatcher21.stargazer.block.clases.nebulas, com.github.starcatcher21.stargazer.block.clases.moon.log, com.github.starcatcher21.stargazer.block, com.github.starcatcher21.stargazer.worldgen.features.trees.eyeblodbirch, com.github.starcatcher21.stargazer.item.classes, com.github.starcatcher21.stargazer, com.github.starcatcher21.stargazer.screens.handled, com.github.starcatcher21.stargazer.block.clases.star.barrier, com.github.starcatcher21.stargazer.worldgen.features.crystals, com.github.starcatcher21.stargazer.item, com.github.starcatcher21.stargazer.worldgen.features.trees.bubbles, com.github.starcatcher21.stargazer.energy, com.github.starcatcher21.stargazer.block.clases.eyes, com.github.starcatcher21.stargazer.screens.handled.buttons, com.github.starcatcher21.stargazer.mechanics, com.github.starcatcher21.stargazer.worldgen.features.trees.curve, com.github.starcatcher21.stargazer.block.clases.nogreen, com.github.starcatcher21.stargazer.helpers, com.github.starcatcher21.stargazer.screens.recipeInputs, com.github.starcatcher21.stargazer.worldgen.features.trees.yeri, com.github.starcatcher21.stargazer.worldgen.dimensions, com.github.starcatcher21.stargazer.item.ConsumeEffects, com.github.starcatcher21.stargazer.worldgen.features.trees.nebulas, com.github.starcatcher21.stargazer.worldgen.features.trees.fullmoon, com.github.starcatcher21.stargazer.worldgen.features.prismaticore, com.github.starcatcher21.stargazer.worldgen.features.iron, com.github.starcatcher21.stargazer.block.register, com.github.starcatcher21.stargazer.mechanics.dash, com.github.starcatcher21.stargazer.worldgen.features.trees.star, com.github.starcatcher21.stargazer.block.clases.wander, com.github.starcatcher21.stargazer.worldgen.features.chess, com.github.starcatcher21.stargazer.entity.renderers, com.github.starcatcher21.stargazer.worldgen.features.trees.purple_shroom, com.github.starcatcher21.stargazer.worldgen, com.github.starcatcher21.stargazer.worldgen.features.trees, com.github.starcatcher21.stargazer.block.clases.moon.star_stone, com.github.starcatcher21.stargazer.worldgen.features.trees.bones, com.github.starcatcher21.stargazer.compat, com.github.starcatcher21.stargazer.block.clases.star.border, com.github.starcatcher21.stargazer.worldgen.features.trees.glass, com.github.starcatcher21.stargazer.screens.recipe, com.github.starcatcher21.stargazer.nbt, com.github.starcatcher21.stargazer.screens.slots, com.github.starcatcher21.stargazer.block.clases.star.log, com.github.starcatcher21.stargazer.entity, com.github.starcatcher21.stargazer.block.clases.teleporter, com.github.starcatcher21.stargazer.block.clases.eyes.eyejar, com.github.starcatcher21.stargazer.block.clases.moon.starforge, com.github.starcatcher21.stargazer.block.clases.moon.star_trap, com.github.starcatcher21.stargazer.screens, com.github.starcatcher21.stargazer.worldgen.features.trees.trunn, com.github.starcatcher21.stargazer.block.clases.energy.machines, com.github.starcatcher21.stargazer.item.armor, com.github.starcatcher21.stargazer.block.clases.negative, com.github.starcatcher21.stargazer.renderer, com.github.starcatcher21.stargazer.CreativeTab, com.github.starcatcher21.stargazer.entity.models, com.github.starcatcher21.stargazer.block.clases.moon.plants, com.github.starcatcher21.stargazer.screens.recipe.serializer, com.github.starcatcher21.stargazer.block.clases.moon.leaves, com.github.starcatcher21.stargazer.stats, com.github.starcatcher21.stargazer.particle, com.github.starcatcher21.stargazer.block.clases, com.github.starcatcher21.stargazer.worldgen.features.trees.moon, com.github.starcatcher21.stargazer.block.clases.grave, com.github.starcatcher21.stargazer.mechanics.star, com.github.starcatcher21.stargazer.block.clases.nored, com.github.starcatcher21.stargazer.block.clases.star.aurora, com.github.starcatcher21.stargazer.block.clases.star.star_display, com.github.starcatcher21.stargazer.worldgen.features.blackstone_pillars, com.github.starcatcher21.stargazer.villager, com.github.starcatcher21.stargazer.block.clases.moon, com.github.starcatcher21.stargazer.block.clases.noblue, com.github.starcatcher21.stargazer.mixin, com.github.starcatcher21.stargazer.worldgen.features.trees.green_rocks, com.github.starcatcher21.stargazer.block.clases.energy.generators, com.github.starcatcher21.stargazer.worldgen.features.trees.darkness, com.github.starcatcher21.stargazer.effects, com.github.starcatcher21.stargazer.worldgen.features.amertylst, com.github.starcatcher21.stargazer.block.clases.energy.cables, com.github.starcatcher21.stargazer.sound, com.github.starcatcher21.stargazer.block.clases.moon.geode_fruit, com.github.starcatcher21.stargazer.worldgen.features.trees.spiro, com.github.starcatcher21.stargazer.block.clases.star.cosmic, com.github.starcatcher21.stargazer.mechanics.advancements, com.github.starcatcher21.stargazer.block.clases.star.leaves, com.github.starcatcher21.stargazer.worldgen.features
[Architectury Transformer DEBUG] Closed File Systems for /home/wilwe/Dokumenty/GitHub/stargazer_mod/common/build/libs/stargazer-common-0.0.8.4-dev.jar
[Architectury Transformer DEBUG] Classpath entry [/home/wilwe/Dokumenty/GitHub/stargazer_mod/neoforge/build/classes/java/main] contains packages: com.github.starcatcher21.stargazer.neoforge, com.github.starcatcher21.stargazer.neoforge.client, com.github.starcatcher21.stargazer.neoforge.comapt, com.github.starcatcher21.stargazer.energy.neoforge
[Architectury Transformer DEBUG] Classpath entry [/home/wilwe/Dokumenty/GitHub/stargazer_mod/neoforge/build/resources/main] contains packages: 
[Architectury Transformer DEBUG] Transforming from com/github/starcatcher21/stargazer/compat/StargazerREICommon.class to com/github/starcatcher21/stargazer/compat/StargazerREICommon.class with 6 transformer(s) on dev.architectury.transformer.handler.TinyRemapperPreparedTransformerHandler
[Architectury Transformer DEBUG] Remapping with 1 mapping provider(s):
[Architectury Transformer DEBUG]  - dev.architectury.transformer.transformers.TransformNeoForgeEnvironment$$Lambda/0x000000002606ed78@85ec632
[Architectury Transformer DEBUG] Remapping with Dirty Mappings...
[Architectury Transformer DEBUG] Remapping Classes:
[Architectury Transformer DEBUG] net/fabricmc/api/EnvType -> net/neoforged/api/distmarker/Dist
[Architectury Transformer DEBUG] net/fabricmc/api/Environment -> net/neoforged/api/distmarker/OnlyIn
[Architectury Transformer DEBUG] Found class transformer
[Architectury Transformer DEBUG] Writing com/github/starcatcher21/stargazer/compat/StargazerREICommon with maxs=true frames=true
[Architectury Transformer DEBUG] Transformed com/github/starcatcher21/stargazer/compat/StargazerREICommon in 77.08 ms
[Architectury Transformer DEBUG] Transforming from com/github/starcatcher21/stargazer/compat/StarforgeDisplaySerializer.class to com/github/starcatcher21/stargazer/compat/StarforgeDisplaySerializer.class with 6 transformer(s) on dev.architectury.transformer.handler.TinyRemapperPreparedTransformerHandler
[Architectury Transformer DEBUG] Remapping with 1 mapping provider(s):
[Architectury Transformer DEBUG]  - dev.architectury.transformer.transformers.TransformNeoForgeEnvironment$$Lambda/0x000000002606ed78@85ec632
[Architectury Transformer DEBUG] Remapping Classes:
[Architectury Transformer DEBUG] net/fabricmc/api/EnvType -> net/neoforged/api/distmarker/Dist
[Architectury Transformer DEBUG] net/fabricmc/api/Environment -> net/neoforged/api/distmarker/OnlyIn
[Architectury Transformer DEBUG] Found class transformer
[Architectury Transformer DEBUG] Writing com/github/starcatcher21/stargazer/compat/StarforgeDisplaySerializer with maxs=true frames=true
[Architectury Transformer DEBUG] Transformed com/github/starcatcher21/stargazer/compat/StarforgeDisplaySerializer in 15.26 ms
[Architectury Transformer DEBUG] Transforming from com/github/starcatcher21/stargazer/screens/recipe/serializer/ShapedStarforgeRecipe.class to com/github/starcatcher21/stargazer/screens/recipe/serializer/ShapedStarforgeRecipe.class with 6 transformer(s) on dev.architectury.transformer.handler.TinyRemapperPreparedTransformerHandler
[Architectury Transformer DEBUG] Remapping with 1 mapping provider(s):
[Architectury Transformer DEBUG]  - dev.architectury.transformer.transformers.TransformNeoForgeEnvironment$$Lambda/0x000000002606ed78@85ec632
[Architectury Transformer DEBUG] Remapping Classes:
[Architectury Transformer DEBUG] net/fabricmc/api/EnvType -> net/neoforged/api/distmarker/Dist
[Architectury Transformer DEBUG] net/fabricmc/api/Environment -> net/neoforged/api/distmarker/OnlyIn
[Architectury Transformer DEBUG] Found class transformer
[Architectury Transformer DEBUG] Writing com/github/starcatcher21/stargazer/screens/recipe/serializer/ShapedStarforgeRecipe with maxs=true frames=true
[Architectury Transformer DEBUG] Transformed com/github/starcatcher21/stargazer/screens/recipe/serializer/ShapedStarforgeRecipe in 15.38 ms
[Architectury Transformer DEBUG] Transforming from com/github/starcatcher21/stargazer/screens/recipe/StarforgeRecipe.class to com/github/starcatcher21/stargazer/screens/recipe/StarforgeRecipe.class with 6 transformer(s) on dev.architectury.transformer.handler.TinyRemapperPreparedTransformerHandler
[Architectury Transformer DEBUG] Remapping with 1 mapping provider(s):
[Architectury Transformer DEBUG]  - dev.architectury.transformer.transformers.TransformNeoForgeEnvironment$$Lambda/0x000000002606ed78@85ec632
[Architectury Transformer DEBUG] Remapping Classes:
[Architectury Transformer DEBUG] net/fabricmc/api/EnvType -> net/neoforged/api/distmarker/Dist
[Architectury Transformer DEBUG] net/fabricmc/api/Environment -> net/neoforged/api/distmarker/OnlyIn
[Architectury Transformer DEBUG] Found class transformer
[Architectury Transformer DEBUG] Writing com/github/starcatcher21/stargazer/screens/recipe/StarforgeRecipe with maxs=true frames=true
[Architectury Transformer DEBUG] Transformed com/github/starcatcher21/stargazer/screens/recipe/StarforgeRecipe in 15.56 ms
[Architectury Transformer DEBUG] Transforming from com/github/starcatcher21/stargazer/screens/recipe/serializer/RawStarforgeShapedRecipe.class to com/github/starcatcher21/stargazer/screens/recipe/serializer/RawStarforgeShapedRecipe.class with 6 transformer(s) on dev.architectury.transformer.handler.TinyRemapperPreparedTransformerHandler
[Architectury Transformer DEBUG] Remapping with 1 mapping provider(s):
[Architectury Transformer DEBUG]  - dev.architectury.transformer.transformers.TransformNeoForgeEnvironment$$Lambda/0x000000002606ed78@85ec632
[Architectury Transformer DEBUG] Remapping Classes:
[Architectury Transformer DEBUG] net/fabricmc/api/EnvType -> net/neoforged/api/distmarker/Dist
[Architectury Transformer DEBUG] net/fabricmc/api/Environment -> net/neoforged/api/distmarker/OnlyIn
[Architectury Transformer DEBUG] Found class transformer
[Architectury Transformer DEBUG] Writing com/github/starcatcher21/stargazer/screens/recipe/serializer/RawStarforgeShapedRecipe with maxs=true frames=true
[Architectury Transformer DEBUG] Transformed com/github/starcatcher21/stargazer/screens/recipe/serializer/RawStarforgeShapedRecipe in 11.78 ms
[Architectury Transformer DEBUG] Transforming from com/github/starcatcher21/stargazer/screens/recipe/serializer/RawStarforgeShapedRecipe$Data.class to com/github/starcatcher21/stargazer/screens/recipe/serializer/RawStarforgeShapedRecipe$Data.class with 6 transformer(s) on dev.architectury.transformer.handler.TinyRemapperPreparedTransformerHandler
[Architectury Transformer DEBUG] Remapping with 1 mapping provider(s):
[Architectury Transformer DEBUG]  - dev.architectury.transformer.transformers.TransformNeoForgeEnvironment$$Lambda/0x000000002606ed78@85ec632
[Architectury Transformer DEBUG] Remapping Classes:
[Architectury Transformer DEBUG] net/fabricmc/api/EnvType -> net/neoforged/api/distmarker/Dist
[Architectury Transformer DEBUG] net/fabricmc/api/Environment -> net/neoforged/api/distmarker/OnlyIn
[Architectury Transformer DEBUG] Found class transformer
[Architectury Transformer DEBUG] Writing com/github/starcatcher21/stargazer/screens/recipe/serializer/RawStarforgeShapedRecipe$Data with maxs=true frames=true
[Architectury Transformer DEBUG] Transformed com/github/starcatcher21/stargazer/screens/recipe/serializer/RawStarforgeShapedRecipe$Data in 12.53 ms
[Architectury Transformer DEBUG] Transforming from com/github/starcatcher21/stargazer/compat/StarforgeDisplay.class to com/github/starcatcher21/stargazer/compat/StarforgeDisplay.class with 6 transformer(s) on dev.architectury.transformer.handler.TinyRemapperPreparedTransformerHandler
[Architectury Transformer DEBUG] Remapping with 1 mapping provider(s):
[Architectury Transformer DEBUG]  - dev.architectury.transformer.transformers.TransformNeoForgeEnvironment$$Lambda/0x000000002606ed78@85ec632
[Architectury Transformer DEBUG] Remapping Classes:
[Architectury Transformer DEBUG] net/fabricmc/api/EnvType -> net/neoforged/api/distmarker/Dist
[Architectury Transformer DEBUG] net/fabricmc/api/Environment -> net/neoforged/api/distmarker/OnlyIn
[Architectury Transformer DEBUG] Found class transformer
[Architectury Transformer DEBUG] Writing com/github/starcatcher21/stargazer/compat/StarforgeDisplay with maxs=true frames=true
[Architectury Transformer DEBUG] Transformed com/github/starcatcher21/stargazer/compat/StarforgeDisplay in 10.48 ms
[Architectury Transformer DEBUG] Transforming from com/github/starcatcher21/stargazer/compat/MoonWelderDisplaySerializer.class to com/github/starcatcher21/stargazer/compat/MoonWelderDisplaySerializer.class with 6 transformer(s) on dev.architectury.transformer.handler.TinyRemapperPreparedTransformerHandler
[Architectury Transformer DEBUG] Remapping with 1 mapping provider(s):
[Architectury Transformer DEBUG]  - dev.architectury.transformer.transformers.TransformNeoForgeEnvironment$$Lambda/0x000000002606ed78@85ec632
[Architectury Transformer DEBUG] Remapping Classes:
[Architectury Transformer DEBUG] net/fabricmc/api/EnvType -> net/neoforged/api/distmarker/Dist
[Architectury Transformer DEBUG] net/fabricmc/api/Environment -> net/neoforged/api/distmarker/OnlyIn
[Architectury Transformer DEBUG] Found class transformer
[Architectury Transformer DEBUG] Writing com/github/starcatcher21/stargazer/compat/MoonWelderDisplaySerializer with maxs=true frames=true
[Architectury Transformer DEBUG] Transformed com/github/starcatcher21/stargazer/compat/MoonWelderDisplaySerializer in 10.52 ms
[Architectury Transformer DEBUG] Transforming from com/github/starcatcher21/stargazer/screens/recipe/serializer/ShapedMoonWelderRecipe.class to com/github/starcatcher21/stargazer/screens/recipe/serializer/ShapedMoonWelderRecipe.class with 6 transformer(s) on dev.architectury.transformer.handler.TinyRemapperPreparedTransformerHandler
[Architectury Transformer DEBUG] Remapping with 1 mapping provider(s):
[Architectury Transformer DEBUG]  - dev.architectury.transformer.transformers.TransformNeoForgeEnvironment$$Lambda/0x000000002606ed78@85ec632
[Architectury Transformer DEBUG] Remapping Classes:
[Architectury Transformer DEBUG] net/fabricmc/api/EnvType -> net/neoforged/api/distmarker/Dist
[Architectury Transformer DEBUG] net/fabricmc/api/Environment -> net/neoforged/api/distmarker/OnlyIn
[Architectury Transformer DEBUG] Found class transformer
[Architectury Transformer DEBUG] Writing com/github/starcatcher21/stargazer/screens/recipe/serializer/ShapedMoonWelderRecipe with maxs=true frames=true
[Architectury Transformer DEBUG] Transformed com/github/starcatcher21/stargazer/screens/recipe/serializer/ShapedMoonWelderRecipe in 8.515 ms
[Architectury Transformer DEBUG] Transforming from com/github/starcatcher21/stargazer/screens/recipe/MoonWelderRecipe.class to com/github/starcatcher21/stargazer/screens/recipe/MoonWelderRecipe.class with 6 transformer(s) on dev.architectury.transformer.handler.TinyRemapperPreparedTransformerHandler
[Architectury Transformer DEBUG] Remapping with 1 mapping provider(s):
[Architectury Transformer DEBUG]  - dev.architectury.transformer.transformers.TransformNeoForgeEnvironment$$Lambda/0x000000002606ed78@85ec632
[Architectury Transformer DEBUG] Remapping Classes:
[Architectury Transformer DEBUG] net/fabricmc/api/EnvType -> net/neoforged/api/distmarker/Dist
[Architectury Transformer DEBUG] net/fabricmc/api/Environment -> net/neoforged/api/distmarker/OnlyIn
[Architectury Transformer DEBUG] Found class transformer
[Architectury Transformer DEBUG] Writing com/github/starcatcher21/stargazer/screens/recipe/MoonWelderRecipe with maxs=true frames=true
[Architectury Transformer DEBUG] Transformed com/github/starcatcher21/stargazer/screens/recipe/MoonWelderRecipe in 9.618 ms
[Architectury Transformer DEBUG] Transforming from com/github/starcatcher21/stargazer/screens/recipe/serializer/RawMoonWelderShapedRecipe.class to com/github/starcatcher21/stargazer/screens/recipe/serializer/RawMoonWelderShapedRecipe.class with 6 transformer(s) on dev.architectury.transformer.handler.TinyRemapperPreparedTransformerHandler
[Architectury Transformer DEBUG] Remapping with 1 mapping provider(s):
[Architectury Transformer DEBUG]  - dev.architectury.transformer.transformers.TransformNeoForgeEnvironment$$Lambda/0x000000002606ed78@85ec632
[Architectury Transformer DEBUG] Remapping Classes:
[Architectury Transformer DEBUG] net/fabricmc/api/EnvType -> net/neoforged/api/distmarker/Dist
[Architectury Transformer DEBUG] net/fabricmc/api/Environment -> net/neoforged/api/distmarker/OnlyIn
[Architectury Transformer DEBUG] Found class transformer
[Architectury Transformer DEBUG] Writing com/github/starcatcher21/stargazer/screens/recipe/serializer/RawMoonWelderShapedRecipe with maxs=true frames=true
[Architectury Transformer DEBUG] Transformed com/github/starcatcher21/stargazer/screens/recipe/serializer/RawMoonWelderShapedRecipe in 7.208 ms
[Architectury Transformer DEBUG] Transforming from com/github/starcatcher21/stargazer/screens/recipe/serializer/RawMoonWelderShapedRecipe$Data.class to com/github/starcatcher21/stargazer/screens/recipe/serializer/RawMoonWelderShapedRecipe$Data.class with 6 transformer(s) on dev.architectury.transformer.handler.TinyRemapperPreparedTransformerHandler
[Architectury Transformer DEBUG] Remapping with 1 mapping provider(s):
[Architectury Transformer DEBUG]  - dev.architectury.transformer.transformers.TransformNeoForgeEnvironment$$Lambda/0x000000002606ed78@85ec632
[Architectury Transformer DEBUG] Remapping Classes:
[Architectury Transformer DEBUG] net/fabricmc/api/EnvType -> net/neoforged/api/distmarker/Dist
[Architectury Transformer DEBUG] net/fabricmc/api/Environment -> net/neoforged/api/distmarker/OnlyIn
[Architectury Transformer DEBUG] Found class transformer
[Architectury Transformer DEBUG] Writing com/github/starcatcher21/stargazer/screens/recipe/serializer/RawMoonWelderShapedRecipe$Data with maxs=true frames=true
[Architectury Transformer DEBUG] Transformed com/github/starcatcher21/stargazer/screens/recipe/serializer/RawMoonWelderShapedRecipe$Data in 6.881 ms
[Architectury Transformer DEBUG] Transforming from com/github/starcatcher21/stargazer/compat/MoonWelderDisplay.class to com/github/starcatcher21/stargazer/compat/MoonWelderDisplay.class with 6 transformer(s) on dev.architectury.transformer.handler.TinyRemapperPreparedTransformerHandler
[Architectury Transformer DEBUG] Remapping with 1 mapping provider(s):
[Architectury Transformer DEBUG]  - dev.architectury.transformer.transformers.TransformNeoForgeEnvironment$$Lambda/0x000000002606ed78@85ec632
[Architectury Transformer DEBUG] Remapping Classes:
[Architectury Transformer DEBUG] net/fabricmc/api/EnvType -> net/neoforged/api/distmarker/Dist
[Architectury Transformer DEBUG] net/fabricmc/api/Environment -> net/neoforged/api/distmarker/OnlyIn
[Architectury Transformer DEBUG] Found class transformer
[Architectury Transformer DEBUG] Writing com/github/starcatcher21/stargazer/compat/MoonWelderDisplay with maxs=true frames=true
[Architectury Transformer DEBUG] Transformed com/github/starcatcher21/stargazer/compat/MoonWelderDisplay in 6.966 ms
[Architectury Transformer DEBUG] Transforming from com/github/starcatcher21/stargazer/compat/StargazingDisplaySerializer.class to com/github/starcatcher21/stargazer/compat/StargazingDisplaySerializer.class with 6 transformer(s) on dev.architectury.transformer.handler.TinyRemapperPreparedTransformerHandler
[Architectury Transformer DEBUG] Remapping with 1 mapping provider(s):
[Architectury Transformer DEBUG]  - dev.architectury.transformer.transformers.TransformNeoForgeEnvironment$$Lambda/0x000000002606ed78@85ec632
[Architectury Transformer DEBUG] Remapping Classes:
[Architectury Transformer DEBUG] net/fabricmc/api/EnvType -> net/neoforged/api/distmarker/Dist
[Architectury Transformer DEBUG] net/fabricmc/api/Environment -> net/neoforged/api/distmarker/OnlyIn
[Architectury Transformer DEBUG] Found class transformer
[Architectury Transformer DEBUG] Writing com/github/starcatcher21/stargazer/compat/StargazingDisplaySerializer with maxs=true frames=true
[Architectury Transformer DEBUG] Transformed com/github/starcatcher21/stargazer/compat/StargazingDisplaySerializer in 6.779 ms
[Architectury Transformer DEBUG] Transforming from com/github/starcatcher21/stargazer/compat/StargazingDisplay.class to com/github/starcatcher21/stargazer/compat/StargazingDisplay.class with 6 transformer(s) on dev.architectury.transformer.handler.TinyRemapperPreparedTransformerHandler
[Architectury Transformer DEBUG] Remapping with 1 mapping provider(s):
[Architectury Transformer DEBUG]  - dev.architectury.transformer.transformers.TransformNeoForgeEnvironment$$Lambda/0x000000002606ed78@85ec632
[Architectury Transformer DEBUG] Remapping Classes:
[Architectury Transformer DEBUG] net/fabricmc/api/EnvType -> net/neoforged/api/distmarker/Dist
[Architectury Transformer DEBUG] net/fabricmc/api/Environment -> net/neoforged/api/distmarker/OnlyIn
[Architectury Transformer DEBUG] Found class transformer
[Architectury Transformer DEBUG] Writing com/github/starcatcher21/stargazer/compat/StargazingDisplay with maxs=true frames=true
[Architectury Transformer DEBUG] Transformed com/github/starcatcher21/stargazer/compat/StargazingDisplay in 7.694 ms
[Architectury Transformer DEBUG] Transforming from com/github/starcatcher21/stargazer/compat/StarCrusherDisplaySerializer.class to com/github/starcatcher21/stargazer/compat/StarCrusherDisplaySerializer.class with 6 transformer(s) on dev.architectury.transformer.handler.TinyRemapperPreparedTransformerHandler
[Architectury Transformer DEBUG] Remapping with 1 mapping provider(s):
[Architectury Transformer DEBUG]  - dev.architectury.transformer.transformers.TransformNeoForgeEnvironment$$Lambda/0x000000002606ed78@85ec632
[Architectury Transformer DEBUG] Remapping Classes:
[Architectury Transformer DEBUG] net/fabricmc/api/EnvType -> net/neoforged/api/distmarker/Dist
[Architectury Transformer DEBUG] net/fabricmc/api/Environment -> net/neoforged/api/distmarker/OnlyIn
[Architectury Transformer DEBUG] Found class transformer
[Architectury Transformer DEBUG] Writing com/github/starcatcher21/stargazer/compat/StarCrusherDisplaySerializer with maxs=true frames=true
[Architectury Transformer DEBUG] Transformed com/github/starcatcher21/stargazer/compat/StarCrusherDisplaySerializer in 7.650 ms
[Architectury Transformer DEBUG] Transforming from com/github/starcatcher21/stargazer/screens/recipe/serializer/ShapedStarCrusherRecipe.class to com/github/starcatcher21/stargazer/screens/recipe/serializer/ShapedStarCrusherRecipe.class with 6 transformer(s) on dev.architectury.transformer.handler.TinyRemapperPreparedTransformerHandler
[Architectury Transformer DEBUG] Remapping with 1 mapping provider(s):
[Architectury Transformer DEBUG]  - dev.architectury.transformer.transformers.TransformNeoForgeEnvironment$$Lambda/0x000000002606ed78@85ec632
[Architectury Transformer DEBUG] Remapping Classes:
[Architectury Transformer DEBUG] net/fabricmc/api/EnvType -> net/neoforged/api/distmarker/Dist
[Architectury Transformer DEBUG] net/fabricmc/api/Environment -> net/neoforged/api/distmarker/OnlyIn
[Architectury Transformer DEBUG] Found class transformer
[Architectury Transformer DEBUG] Writing com/github/starcatcher21/stargazer/screens/recipe/serializer/ShapedStarCrusherRecipe with maxs=true frames=true
[Architectury Transformer DEBUG] Transformed com/github/starcatcher21/stargazer/screens/recipe/serializer/ShapedStarCrusherRecipe in 7.151 ms
[Architectury Transformer DEBUG] Transforming from com/github/starcatcher21/stargazer/screens/recipe/StarCrusherRecipe.class to com/github/starcatcher21/stargazer/screens/recipe/StarCrusherRecipe.class with 6 transformer(s) on dev.architectury.transformer.handler.TinyRemapperPreparedTransformerHandler
[Architectury Transformer DEBUG] Remapping with 1 mapping provider(s):
[Architectury Transformer DEBUG]  - dev.architectury.transformer.transformers.TransformNeoForgeEnvironment$$Lambda/0x000000002606ed78@85ec632
[Architectury Transformer DEBUG] Remapping Classes:
[Architectury Transformer DEBUG] net/fabricmc/api/EnvType -> net/neoforged/api/distmarker/Dist
[Architectury Transformer DEBUG] net/fabricmc/api/Environment -> net/neoforged/api/distmarker/OnlyIn
[Architectury Transformer DEBUG] Found class transformer
[Architectury Transformer DEBUG] Writing com/github/starcatcher21/stargazer/screens/recipe/StarCrusherRecipe with maxs=true frames=true
[Architectury Transformer DEBUG] Transformed com/github/starcatcher21/stargazer/screens/recipe/StarCrusherRecipe in 6.765 ms
[Architectury Transformer DEBUG] Transforming from com/github/starcatcher21/stargazer/screens/recipe/serializer/StarCrusherShapedRecipe.class to com/github/starcatcher21/stargazer/screens/recipe/serializer/StarCrusherShapedRecipe.class with 6 transformer(s) on dev.architectury.transformer.handler.TinyRemapperPreparedTransformerHandler
[Architectury Transformer DEBUG] Remapping with 1 mapping provider(s):
[Architectury Transformer DEBUG]  - dev.architectury.transformer.transformers.TransformNeoForgeEnvironment$$Lambda/0x000000002606ed78@85ec632
[Architectury Transformer DEBUG] Remapping Classes:
[Architectury Transformer DEBUG] net/fabricmc/api/EnvType -> net/neoforged/api/distmarker/Dist
[Architectury Transformer DEBUG] net/fabricmc/api/Environment -> net/neoforged/api/distmarker/OnlyIn
[Architectury Transformer DEBUG] Found class transformer
[Architectury Transformer DEBUG] Writing com/github/starcatcher21/stargazer/screens/recipe/serializer/StarCrusherShapedRecipe with maxs=true frames=true
[Architectury Transformer DEBUG] Transformed com/github/starcatcher21/stargazer/screens/recipe/serializer/StarCrusherShapedRecipe in 8.472 ms
[Architectury Transformer DEBUG] Transforming from com/github/starcatcher21/stargazer/screens/recipe/serializer/StarCrusherShapedRecipe$Data.class to com/github/starcatcher21/stargazer/screens/recipe/serializer/StarCrusherShapedRecipe$Data.class with 6 transformer(s) on dev.architectury.transformer.handler.TinyRemapperPreparedTransformerHandler
[Architectury Transformer DEBUG] Remapping with 1 mapping provider(s):
[Architectury Transformer DEBUG]  - dev.architectury.transformer.transformers.TransformNeoForgeEnvironment$$Lambda/0x000000002606ed78@85ec632
[Architectury Transformer DEBUG] Remapping Classes:
[Architectury Transformer DEBUG] net/fabricmc/api/EnvType -> net/neoforged/api/distmarker/Dist
[Architectury Transformer DEBUG] net/fabricmc/api/Environment -> net/neoforged/api/distmarker/OnlyIn
[Architectury Transformer DEBUG] Found class transformer
[Architectury Transformer DEBUG] Writing com/github/starcatcher21/stargazer/screens/recipe/serializer/StarCrusherShapedRecipe$Data with maxs=true frames=true
[Architectury Transformer DEBUG] Transformed com/github/starcatcher21/stargazer/screens/recipe/serializer/StarCrusherShapedRecipe$Data in 7.895 ms
[Architectury Transformer DEBUG] Transforming from com/github/starcatcher21/stargazer/compat/StarCrusherDisplay.class to com/github/starcatcher21/stargazer/compat/StarCrusherDisplay.class with 6 transformer(s) on dev.architectury.transformer.handler.TinyRemapperPreparedTransformerHandler
[Architectury Transformer DEBUG] Remapping with 1 mapping provider(s):
[Architectury Transformer DEBUG]  - dev.architectury.transformer.transformers.TransformNeoForgeEnvironment$$Lambda/0x000000002606ed78@85ec632
[Architectury Transformer DEBUG] Remapping Classes:
[Architectury Transformer DEBUG] net/fabricmc/api/EnvType -> net/neoforged/api/distmarker/Dist
[Architectury Transformer DEBUG] net/fabricmc/api/Environment -> net/neoforged/api/distmarker/OnlyIn
[Architectury Transformer DEBUG] Found class transformer
[Architectury Transformer DEBUG] Writing com/github/starcatcher21/stargazer/compat/StarCrusherDisplay with maxs=true frames=true
[Architectury Transformer DEBUG] Transformed com/github/starcatcher21/stargazer/compat/StarCrusherDisplay in 6.746 ms
[Architectury Transformer DEBUG] Transforming from com/github/starcatcher21/stargazer/compat/StargazerREIClient.class to com/github/starcatcher21/stargazer/compat/StargazerREIClient.class with 6 transformer(s) on dev.architectury.transformer.handler.TinyRemapperPreparedTransformerHandler
[Architectury Transformer DEBUG] Remapping with 1 mapping provider(s):
[Architectury Transformer DEBUG]  - dev.architectury.transformer.transformers.TransformNeoForgeEnvironment$$Lambda/0x000000002606ed78@85ec632
[Architectury Transformer DEBUG] Remapping Classes:
[Architectury Transformer DEBUG] net/fabricmc/api/EnvType -> net/neoforged/api/distmarker/Dist
[Architectury Transformer DEBUG] net/fabricmc/api/Environment -> net/neoforged/api/distmarker/OnlyIn
[Architectury Transformer DEBUG] Found class transformer
[Architectury Transformer DEBUG] Writing com/github/starcatcher21/stargazer/compat/StargazerREIClient with maxs=true frames=true
[Architectury Transformer DEBUG] Transformed com/github/starcatcher21/stargazer/compat/StargazerREIClient in 10.30 ms
[Architectury Transformer DEBUG] Transforming from com/github/starcatcher21/stargazer/Stargazer.class to com/github/starcatcher21/stargazer/Stargazer.class with 6 transformer(s) on dev.architectury.transformer.handler.TinyRemapperPreparedTransformerHandler
[Architectury Transformer DEBUG] Remapping with 1 mapping provider(s):
[Architectury Transformer DEBUG]  - dev.architectury.transformer.transformers.TransformNeoForgeEnvironment$$Lambda/0x000000002606ed78@85ec632
[Architectury Transformer DEBUG] Remapping Classes:
[Architectury Transformer DEBUG] net/fabricmc/api/EnvType -> net/neoforged/api/distmarker/Dist
[Architectury Transformer DEBUG] net/fabricmc/api/Environment -> net/neoforged/api/distmarker/OnlyIn
[Architectury Transformer DEBUG] Found class transformer
[Architectury Transformer DEBUG] Writing com/github/starcatcher21/stargazer/Stargazer with maxs=true frames=true
[Architectury Transformer DEBUG] Transformed com/github/starcatcher21/stargazer/Stargazer in 6.449 ms
[Architectury Transformer DEBUG] Transforming from com/github/starcatcher21/stargazer/entity/EntityRegistry.class to com/github/starcatcher21/stargazer/entity/EntityRegistry.class with 6 transformer(s) on dev.architectury.transformer.handler.TinyRemapperPreparedTransformerHandler
[Architectury Transformer DEBUG] Remapping with 1 mapping provider(s):
[Architectury Transformer DEBUG]  - dev.architectury.transformer.transformers.TransformNeoForgeEnvironment$$Lambda/0x000000002606ed78@85ec632
[Architectury Transformer DEBUG] Remapping Classes:
[Architectury Transformer DEBUG] net/fabricmc/api/EnvType -> net/neoforged/api/distmarker/Dist
[Architectury Transformer DEBUG] net/fabricmc/api/Environment -> net/neoforged/api/distmarker/OnlyIn
[Architectury Transformer DEBUG] Found class transformer
[Architectury Transformer DEBUG] Writing com/github/starcatcher21/stargazer/entity/EntityRegistry with maxs=true frames=true
[Architectury Transformer DEBUG] Transformed com/github/starcatcher21/stargazer/entity/EntityRegistry in 7.030 ms
[Architectury Transformer DEBUG] Transforming from com/github/starcatcher21/stargazer/StargazerNetworking.class to com/github/starcatcher21/stargazer/StargazerNetworking.class with 6 transformer(s) on dev.architectury.transformer.handler.TinyRemapperPreparedTransformerHandler
[Architectury Transformer DEBUG] Remapping with 1 mapping provider(s):
[Architectury Transformer DEBUG]  - dev.architectury.transformer.transformers.TransformNeoForgeEnvironment$$Lambda/0x000000002606ed78@85ec632
[Architectury Transformer DEBUG] Remapping Classes:
[Architectury Transformer DEBUG] net/fabricmc/api/EnvType -> net/neoforged/api/distmarker/Dist
[Architectury Transformer DEBUG] net/fabricmc/api/Environment -> net/neoforged/api/distmarker/OnlyIn
[Architectury Transformer DEBUG] Found class transformer
[Architectury Transformer DEBUG] Writing com/github/starcatcher21/stargazer/StargazerNetworking with maxs=true frames=true
[Architectury Transformer DEBUG] Transformed com/github/starcatcher21/stargazer/StargazerNetworking in 8.677 ms
[Architectury Transformer DEBUG] Transforming from com/github/starcatcher21/stargazer/mechanics/star/StargazePayload.class to com/github/starcatcher21/stargazer/mechanics/star/StargazePayload.class with 6 transformer(s) on dev.architectury.transformer.handler.TinyRemapperPreparedTransformerHandler
[Architectury Transformer DEBUG] Remapping with 1 mapping provider(s):
[Architectury Transformer DEBUG]  - dev.architectury.transformer.transformers.TransformNeoForgeEnvironment$$Lambda/0x000000002606ed78@85ec632
[Architectury Transformer DEBUG] Remapping Classes:
[Architectury Transformer DEBUG] net/fabricmc/api/EnvType -> net/neoforged/api/distmarker/Dist
[Architectury Transformer DEBUG] net/fabricmc/api/Environment -> net/neoforged/api/distmarker/OnlyIn
[Architectury Transformer DEBUG] Found class transformer
[Architectury Transformer DEBUG] Writing com/github/starcatcher21/stargazer/mechanics/star/StargazePayload with maxs=true frames=true
[Architectury Transformer DEBUG] Transformed com/github/starcatcher21/stargazer/mechanics/star/StargazePayload in 7.410 ms
[Architectury Transformer DEBUG] Transforming from com/github/starcatcher21/stargazer/mechanics/dash/DashPayload.class to com/github/starcatcher21/stargazer/mechanics/dash/DashPayload.class with 6 transformer(s) on dev.architectury.transformer.handler.TinyRemapperPreparedTransformerHandler
[Architectury Transformer DEBUG] Remapping with 1 mapping provider(s):
[Architectury Transformer DEBUG]  - dev.architectury.transformer.transformers.TransformNeoForgeEnvironment$$Lambda/0x000000002606ed78@85ec632
[Architectury Transformer DEBUG] Remapping Classes:
[Architectury Transformer DEBUG] net/fabricmc/api/EnvType -> net/neoforged/api/distmarker/Dist
[Architectury Transformer DEBUG] net/fabricmc/api/Environment -> net/neoforged/api/distmarker/OnlyIn
[Architectury Transformer DEBUG] Found class transformer
[Architectury Transformer DEBUG] Writing com/github/starcatcher21/stargazer/mechanics/dash/DashPayload with maxs=true frames=true
[Architectury Transformer DEBUG] Transformed com/github/starcatcher21/stargazer/mechanics/dash/DashPayload in 6.694 ms
[Architectury Transformer DEBUG] Transforming from com/github/starcatcher21/stargazer/item/ModItems.class to com/github/starcatcher21/stargazer/item/ModItems.class with 6 transformer(s) on dev.architectury.transformer.handler.TinyRemapperPreparedTransformerHandler
[Architectury Transformer DEBUG] Remapping with 1 mapping provider(s):
[Architectury Transformer DEBUG]  - dev.architectury.transformer.transformers.TransformNeoForgeEnvironment$$Lambda/0x000000002606ed78@85ec632
[Architectury Transformer DEBUG] Remapping Classes:
[Architectury Transformer DEBUG] net/fabricmc/api/EnvType -> net/neoforged/api/distmarker/Dist
[Architectury Transformer DEBUG] net/fabricmc/api/Environment -> net/neoforged/api/distmarker/OnlyIn
[Architectury Transformer DEBUG] Found class transformer
[Architectury Transformer DEBUG] Writing com/github/starcatcher21/stargazer/item/ModItems with maxs=true frames=true
[Architectury Transformer DEBUG] Transformed com/github/starcatcher21/stargazer/item/ModItems in 10.15 ms
[Architectury Transformer DEBUG] Transforming from com/github/starcatcher21/stargazer/helpers/BlockItem.class to com/github/starcatcher21/stargazer/helpers/BlockItem.class with 6 transformer(s) on dev.architectury.transformer.handler.TinyRemapperPreparedTransformerHandler
[Architectury Transformer DEBUG] Remapping with 1 mapping provider(s):
[Architectury Transformer DEBUG]  - dev.architectury.transformer.transformers.TransformNeoForgeEnvironment$$Lambda/0x000000002606ed78@85ec632
[Architectury Transformer DEBUG] Remapping Classes:
[Architectury Transformer DEBUG] net/fabricmc/api/EnvType -> net/neoforged/api/distmarker/Dist
[Architectury Transformer DEBUG] net/fabricmc/api/Environment -> net/neoforged/api/distmarker/OnlyIn
[Architectury Transformer DEBUG] Found class transformer
[Architectury Transformer DEBUG] Writing com/github/starcatcher21/stargazer/helpers/BlockItem with maxs=true frames=true
[Architectury Transformer DEBUG] Transformed com/github/starcatcher21/stargazer/helpers/BlockItem in 8.794 ms
[Architectury Transformer DEBUG] Transforming from com/github/starcatcher21/stargazer/item/classes/LodeStar.class to com/github/starcatcher21/stargazer/item/classes/LodeStar.class with 6 transformer(s) on dev.architectury.transformer.handler.TinyRemapperPreparedTransformerHandler
[Architectury Transformer DEBUG] Remapping with 1 mapping provider(s):
[Architectury Transformer DEBUG]  - dev.architectury.transformer.transformers.TransformNeoForgeEnvironment$$Lambda/0x000000002606ed78@85ec632
[Architectury Transformer DEBUG] Remapping Classes:
[Architectury Transformer DEBUG] net/fabricmc/api/EnvType -> net/neoforged/api/distmarker/Dist
[Architectury Transformer DEBUG] net/fabricmc/api/Environment -> net/neoforged/api/distmarker/OnlyIn
[Architectury Transformer DEBUG] Found class transformer
[Architectury Transformer DEBUG] Writing com/github/starcatcher21/stargazer/item/classes/LodeStar with maxs=true frames=true
[Architectury Transformer DEBUG] Transformed com/github/starcatcher21/stargazer/item/classes/LodeStar in 7.264 ms
[Architectury Transformer DEBUG] Transforming from com/github/starcatcher21/stargazer/item/classes/DarkStar.class to com/github/starcatcher21/stargazer/item/classes/DarkStar.class with 6 transformer(s) on dev.architectury.transformer.handler.TinyRemapperPreparedTransformerHandler
[Architectury Transformer DEBUG] Remapping with 1 mapping provider(s):
[Architectury Transformer DEBUG]  - dev.architectury.transformer.transformers.TransformNeoForgeEnvironment$$Lambda/0x000000002606ed78@85ec632
[Architectury Transformer DEBUG] Remapping Classes:
[Architectury Transformer DEBUG] net/fabricmc/api/EnvType -> net/neoforged/api/distmarker/Dist
[Architectury Transformer DEBUG] net/fabricmc/api/Environment -> net/neoforged/api/distmarker/OnlyIn
[Architectury Transformer DEBUG] Found class transformer
[Architectury Transformer DEBUG] Writing com/github/starcatcher21/stargazer/item/classes/DarkStar with maxs=true frames=true
[Architectury Transformer DEBUG] Transformed com/github/starcatcher21/stargazer/item/classes/DarkStar in 6.948 ms
[Architectury Transformer DEBUG] Transforming from com/github/starcatcher21/stargazer/item/ModItems$1.class to com/github/starcatcher21/stargazer/item/ModItems$1.class with 6 transformer(s) on dev.architectury.transformer.handler.TinyRemapperPreparedTransformerHandler
[Architectury Transformer DEBUG] Remapping with 1 mapping provider(s):
[Architectury Transformer DEBUG]  - dev.architectury.transformer.transformers.TransformNeoForgeEnvironment$$Lambda/0x000000002606ed78@85ec632
[Architectury Transformer DEBUG] Remapping Classes:
[Architectury Transformer DEBUG] net/fabricmc/api/EnvType -> net/neoforged/api/distmarker/Dist
[Architectury Transformer DEBUG] net/fabricmc/api/Environment -> net/neoforged/api/distmarker/OnlyIn
[Architectury Transformer DEBUG] Found class transformer
[Architectury Transformer DEBUG] Writing com/github/starcatcher21/stargazer/item/ModItems$1 with maxs=true frames=true
[Architectury Transformer DEBUG] Transformed com/github/starcatcher21/stargazer/item/ModItems$1 in 5.854 ms
[Architectury Transformer DEBUG] Transforming from com/github/starcatcher21/stargazer/item/ModItems$2.class to com/github/starcatcher21/stargazer/item/ModItems$2.class with 6 transformer(s) on dev.architectury.transformer.handler.TinyRemapperPreparedTransformerHandler
[Architectury Transformer DEBUG] Remapping with 1 mapping provider(s):
[Architectury Transformer DEBUG]  - dev.architectury.transformer.transformers.TransformNeoForgeEnvironment$$Lambda/0x000000002606ed78@85ec632
[Architectury Transformer DEBUG] Remapping Classes:
[Architectury Transformer DEBUG] net/fabricmc/api/EnvType -> net/neoforged/api/distmarker/Dist
[Architectury Transformer DEBUG] net/fabricmc/api/Environment -> net/neoforged/api/distmarker/OnlyIn
[Architectury Transformer DEBUG] Found class transformer
[Architectury Transformer DEBUG] Writing com/github/starcatcher21/stargazer/item/ModItems$2 with maxs=true frames=true
[Architectury Transformer DEBUG] Transformed com/github/starcatcher21/stargazer/item/ModItems$2 in 5.446 ms
[Architectury Transformer DEBUG] Transforming from com/github/starcatcher21/stargazer/item/ConsumableComponents.class to com/github/starcatcher21/stargazer/item/ConsumableComponents.class with 6 transformer(s) on dev.architectury.transformer.handler.TinyRemapperPreparedTransformerHandler
[Architectury Transformer DEBUG] Remapping with 1 mapping provider(s):
[Architectury Transformer DEBUG]  - dev.architectury.transformer.transformers.TransformNeoForgeEnvironment$$Lambda/0x000000002606ed78@85ec632
[Architectury Transformer DEBUG] Remapping Classes:
[Architectury Transformer DEBUG] net/fabricmc/api/EnvType -> net/neoforged/api/distmarker/Dist
[Architectury Transformer DEBUG] net/fabricmc/api/Environment -> net/neoforged/api/distmarker/OnlyIn
[Architectury Transformer DEBUG] Found class transformer
[Architectury Transformer DEBUG] Writing com/github/starcatcher21/stargazer/item/ConsumableComponents with maxs=true frames=true
[Architectury Transformer DEBUG] Transformed com/github/starcatcher21/stargazer/item/ConsumableComponents in 5.337 ms
[Architectury Transformer DEBUG] Transforming from com/github/starcatcher21/stargazer/item/ConsumeEffects/StarGazeConsume.class to com/github/starcatcher21/stargazer/item/ConsumeEffects/StarGazeConsume.class with 6 transformer(s) on dev.architectury.transformer.handler.TinyRemapperPreparedTransformerHandler
[Architectury Transformer DEBUG] Remapping with 1 mapping provider(s):
[Architectury Transformer DEBUG]  - dev.architectury.transformer.transformers.TransformNeoForgeEnvironment$$Lambda/0x000000002606ed78@85ec632
[Architectury Transformer DEBUG] Remapping Classes:
[Architectury Transformer DEBUG] net/fabricmc/api/EnvType -> net/neoforged/api/distmarker/Dist
[Architectury Transformer DEBUG] net/fabricmc/api/Environment -> net/neoforged/api/distmarker/OnlyIn
[Architectury Transformer DEBUG] Found class transformer
[Architectury Transformer DEBUG] Writing com/github/starcatcher21/stargazer/item/ConsumeEffects/StarGazeConsume with maxs=true frames=true
[Architectury Transformer DEBUG] Transformed com/github/starcatcher21/stargazer/item/ConsumeEffects/StarGazeConsume in 5.199 ms
[Architectury Transformer DEBUG] Transforming from com/github/starcatcher21/stargazer/CustomTags.class to com/github/starcatcher21/stargazer/CustomTags.class with 6 transformer(s) on dev.architectury.transformer.handler.TinyRemapperPreparedTransformerHandler
[Architectury Transformer DEBUG] Remapping with 1 mapping provider(s):
[Architectury Transformer DEBUG]  - dev.architectury.transformer.transformers.TransformNeoForgeEnvironment$$Lambda/0x000000002606ed78@85ec632
[Architectury Transformer DEBUG] Remapping Classes:
[Architectury Transformer DEBUG] net/fabricmc/api/EnvType -> net/neoforged/api/distmarker/Dist
[Architectury Transformer DEBUG] net/fabricmc/api/Environment -> net/neoforged/api/distmarker/OnlyIn
[Architectury Transformer DEBUG] Found class transformer
[Architectury Transformer DEBUG] Writing com/github/starcatcher21/stargazer/CustomTags with maxs=true frames=true
[Architectury Transformer DEBUG] Transformed com/github/starcatcher21/stargazer/CustomTags in 5.466 ms
[Architectury Transformer DEBUG] Transforming from com/github/starcatcher21/stargazer/item/classes/ThrowableStar.class to com/github/starcatcher21/stargazer/item/classes/ThrowableStar.class with 6 transformer(s) on dev.architectury.transformer.handler.TinyRemapperPreparedTransformerHandler
[Architectury Transformer DEBUG] Remapping with 1 mapping provider(s):
[Architectury Transformer DEBUG]  - dev.architectury.transformer.transformers.TransformNeoForgeEnvironment$$Lambda/0x000000002606ed78@85ec632
[Architectury Transformer DEBUG] Remapping Classes:
[Architectury Transformer DEBUG] net/fabricmc/api/EnvType -> net/neoforged/api/distmarker/Dist
[Architectury Transformer DEBUG] net/fabricmc/api/Environment -> net/neoforged/api/distmarker/OnlyIn
[Architectury Transformer DEBUG] Found class transformer
[Architectury Transformer DEBUG] Writing com/github/starcatcher21/stargazer/item/classes/ThrowableStar with maxs=true frames=true
[Architectury Transformer DEBUG] Transformed com/github/starcatcher21/stargazer/item/classes/ThrowableStar in 5.734 ms
[Architectury Transformer DEBUG] Transforming from com/github/starcatcher21/stargazer/entity/ThrowableStarEntity.class to com/github/starcatcher21/stargazer/entity/ThrowableStarEntity.class with 6 transformer(s) on dev.architectury.transformer.handler.TinyRemapperPreparedTransformerHandler
[Architectury Transformer DEBUG] Remapping with 1 mapping provider(s):
[Architectury Transformer DEBUG]  - dev.architectury.transformer.transformers.TransformNeoForgeEnvironment$$Lambda/0x000000002606ed78@85ec632
[Architectury Transformer DEBUG] Remapping Classes:
[Architectury Transformer DEBUG] net/fabricmc/api/EnvType -> net/neoforged/api/distmarker/Dist
[Architectury Transformer DEBUG] net/fabricmc/api/Environment -> net/neoforged/api/distmarker/OnlyIn
[Architectury Transformer DEBUG] Found class transformer
[Architectury Transformer DEBUG] Writing com/github/starcatcher21/stargazer/entity/ThrowableStarEntity with maxs=true frames=true
[Architectury Transformer DEBUG] Transformed com/github/starcatcher21/stargazer/entity/ThrowableStarEntity in 6.449 ms
[Architectury Transformer DEBUG] Transforming from com/github/starcatcher21/stargazer/item/classes/LuckyComet.class to com/github/starcatcher21/stargazer/item/classes/LuckyComet.class with 6 transformer(s) on dev.architectury.transformer.handler.TinyRemapperPreparedTransformerHandler
[Architectury Transformer DEBUG] Remapping with 1 mapping provider(s):
[Architectury Transformer DEBUG]  - dev.architectury.transformer.transformers.TransformNeoForgeEnvironment$$Lambda/0x000000002606ed78@85ec632
[Architectury Transformer DEBUG] Remapping Classes:
[Architectury Transformer DEBUG] net/fabricmc/api/EnvType -> net/neoforged/api/distmarker/Dist
[Architectury Transformer DEBUG] net/fabricmc/api/Environment -> net/neoforged/api/distmarker/OnlyIn
[Architectury Transformer DEBUG] Found class transformer
[Architectury Transformer DEBUG] Writing com/github/starcatcher21/stargazer/item/classes/LuckyComet with maxs=true frames=true
[Architectury Transformer DEBUG] Transformed com/github/starcatcher21/stargazer/item/classes/LuckyComet in 7.529 ms
[Architectury Transformer DEBUG] Transforming from com/github/starcatcher21/stargazer/item/classes/StarBook.class to com/github/starcatcher21/stargazer/item/classes/StarBook.class with 6 transformer(s) on dev.architectury.transformer.handler.TinyRemapperPreparedTransformerHandler
[Architectury Transformer DEBUG] Remapping with 1 mapping provider(s):
[Architectury Transformer DEBUG]  - dev.architectury.transformer.transformers.TransformNeoForgeEnvironment$$Lambda/0x000000002606ed78@85ec632
[Architectury Transformer DEBUG] Remapping Classes:
[Architectury Transformer DEBUG] net/fabricmc/api/EnvType -> net/neoforged/api/distmarker/Dist
[Architectury Transformer DEBUG] net/fabricmc/api/Environment -> net/neoforged/api/distmarker/OnlyIn
[Architectury Transformer DEBUG] Found class transformer
[Architectury Transformer DEBUG] Writing com/github/starcatcher21/stargazer/item/classes/StarBook with maxs=true frames=true
[Architectury Transformer DEBUG] Transformed com/github/starcatcher21/stargazer/item/classes/StarBook in 4.913 ms
[Architectury Transformer DEBUG] Transforming from com/github/starcatcher21/stargazer/screens/StarBookScreenHandler.class to com/github/starcatcher21/stargazer/screens/StarBookScreenHandler.class with 6 transformer(s) on dev.architectury.transformer.handler.TinyRemapperPreparedTransformerHandler
[Architectury Transformer DEBUG] Remapping with 1 mapping provider(s):
[Architectury Transformer DEBUG]  - dev.architectury.transformer.transformers.TransformNeoForgeEnvironment$$Lambda/0x000000002606ed78@85ec632
[Architectury Transformer DEBUG] Remapping Classes:
[Architectury Transformer DEBUG] net/fabricmc/api/EnvType -> net/neoforged/api/distmarker/Dist
[Architectury Transformer DEBUG] net/fabricmc/api/Environment -> net/neoforged/api/distmarker/OnlyIn
[Architectury Transformer DEBUG] Found class transformer
[Architectury Transformer DEBUG] Writing com/github/starcatcher21/stargazer/screens/StarBookScreenHandler with maxs=true frames=true
[Architectury Transformer DEBUG] Transformed com/github/starcatcher21/stargazer/screens/StarBookScreenHandler in 5.555 ms
[Architectury Transformer DEBUG] Transforming from com/github/starcatcher21/stargazer/item/armor/ArmorMaterial.class to com/github/starcatcher21/stargazer/item/armor/ArmorMaterial.class with 6 transformer(s) on dev.architectury.transformer.handler.TinyRemapperPreparedTransformerHandler
[Architectury Transformer DEBUG] Remapping with 1 mapping provider(s):
[Architectury Transformer DEBUG]  - dev.architectury.transformer.transformers.TransformNeoForgeEnvironment$$Lambda/0x000000002606ed78@85ec632
[Architectury Transformer DEBUG] Remapping Classes:
[Architectury Transformer DEBUG] net/fabricmc/api/EnvType -> net/neoforged/api/distmarker/Dist
[Architectury Transformer DEBUG] net/fabricmc/api/Environment -> net/neoforged/api/distmarker/OnlyIn
[Architectury Transformer DEBUG] Found class transformer
[Architectury Transformer DEBUG] Writing com/github/starcatcher21/stargazer/item/armor/ArmorMaterial with maxs=true frames=true
[Architectury Transformer DEBUG] Transformed com/github/starcatcher21/stargazer/item/armor/ArmorMaterial in 7.710 ms
[Architectury Transformer DEBUG] Transforming from com/github/starcatcher21/stargazer/item/armor/EquipmentAsset.class to com/github/starcatcher21/stargazer/item/armor/EquipmentAsset.class with 6 transformer(s) on dev.architectury.transformer.handler.TinyRemapperPreparedTransformerHandler
[Architectury Transformer DEBUG] Remapping with 1 mapping provider(s):
[Architectury Transformer DEBUG]  - dev.architectury.transformer.transformers.TransformNeoForgeEnvironment$$Lambda/0x000000002606ed78@85ec632
[Architectury Transformer DEBUG] Remapping Classes:
[Architectury Transformer DEBUG] net/fabricmc/api/EnvType -> net/neoforged/api/distmarker/Dist
[Architectury Transformer DEBUG] net/fabricmc/api/Environment -> net/neoforged/api/distmarker/OnlyIn
[Architectury Transformer DEBUG] Found class transformer
[Architectury Transformer DEBUG] Writing com/github/starcatcher21/stargazer/item/armor/EquipmentAsset with maxs=true frames=true
[Architectury Transformer DEBUG] Transformed com/github/starcatcher21/stargazer/item/armor/EquipmentAsset in 7.529 ms
[Architectury Transformer DEBUG] Transforming from com/github/starcatcher21/stargazer/item/classes/SeedPacket.class to com/github/starcatcher21/stargazer/item/classes/SeedPacket.class with 6 transformer(s) on dev.architectury.transformer.handler.TinyRemapperPreparedTransformerHandler
[Architectury Transformer DEBUG] Remapping with 1 mapping provider(s):
[Architectury Transformer DEBUG]  - dev.architectury.transformer.transformers.TransformNeoForgeEnvironment$$Lambda/0x000000002606ed78@85ec632
[Architectury Transformer DEBUG] Remapping Classes:
[Architectury Transformer DEBUG] net/fabricmc/api/EnvType -> net/neoforged/api/distmarker/Dist
[Architectury Transformer DEBUG] net/fabricmc/api/Environment -> net/neoforged/api/distmarker/OnlyIn
[Architectury Transformer DEBUG] Found class transformer
[Architectury Transformer DEBUG] Writing com/github/starcatcher21/stargazer/item/classes/SeedPacket with maxs=true frames=true
[Architectury Transformer DEBUG] Transformed com/github/starcatcher21/stargazer/item/classes/SeedPacket in 6.480 ms
[Architectury Transformer DEBUG] Transforming from com/github/starcatcher21/stargazer/item/WishingStars.class to com/github/starcatcher21/stargazer/item/WishingStars.class with 6 transformer(s) on dev.architectury.transformer.handler.TinyRemapperPreparedTransformerHandler
[Architectury Transformer DEBUG] Remapping with 1 mapping provider(s):
[Architectury Transformer DEBUG]  - dev.architectury.transformer.transformers.TransformNeoForgeEnvironment$$Lambda/0x000000002606ed78@85ec632
[Architectury Transformer DEBUG] Remapping Classes:
[Architectury Transformer DEBUG] net/fabricmc/api/EnvType -> net/neoforged/api/distmarker/Dist
[Architectury Transformer DEBUG] net/fabricmc/api/Environment -> net/neoforged/api/distmarker/OnlyIn
[Architectury Transformer DEBUG] Found class transformer
[Architectury Transformer DEBUG] Writing com/github/starcatcher21/stargazer/item/WishingStars with maxs=true frames=true
[Architectury Transformer DEBUG] Transformed com/github/starcatcher21/stargazer/item/WishingStars in 6.681 ms
[Architectury Transformer DEBUG] Transforming from com/github/starcatcher21/stargazer/item/classes/WishingStarItem.class to com/github/starcatcher21/stargazer/item/classes/WishingStarItem.class with 6 transformer(s) on dev.architectury.transformer.handler.TinyRemapperPreparedTransformerHandler
[Architectury Transformer DEBUG] Remapping with 1 mapping provider(s):
[Architectury Transformer DEBUG]  - dev.architectury.transformer.transformers.TransformNeoForgeEnvironment$$Lambda/0x000000002606ed78@85ec632
[Architectury Transformer DEBUG] Remapping Classes:
[Architectury Transformer DEBUG] net/fabricmc/api/EnvType -> net/neoforged/api/distmarker/Dist
[Architectury Transformer DEBUG] net/fabricmc/api/Environment -> net/neoforged/api/distmarker/OnlyIn
[Architectury Transformer DEBUG] Found class transformer
[Architectury Transformer DEBUG] Writing com/github/starcatcher21/stargazer/item/classes/WishingStarItem with maxs=true frames=true
[Architectury Transformer DEBUG] Transformed com/github/starcatcher21/stargazer/item/classes/WishingStarItem in 7.641 ms
[Architectury Transformer DEBUG] Transforming from com/github/starcatcher21/stargazer/sound/SoundEffects.class to com/github/starcatcher21/stargazer/sound/SoundEffects.class with 6 transformer(s) on dev.architectury.transformer.handler.TinyRemapperPreparedTransformerHandler
[Architectury Transformer DEBUG] Remapping with 1 mapping provider(s):
[Architectury Transformer DEBUG]  - dev.architectury.transformer.transformers.TransformNeoForgeEnvironment$$Lambda/0x000000002606ed78@85ec632
[Architectury Transformer DEBUG] Remapping Classes:
[Architectury Transformer DEBUG] net/fabricmc/api/EnvType -> net/neoforged/api/distmarker/Dist
[Architectury Transformer DEBUG] net/fabricmc/api/Environment -> net/neoforged/api/distmarker/OnlyIn
[Architectury Transformer DEBUG] Found class transformer
[Architectury Transformer DEBUG] Writing com/github/starcatcher21/stargazer/sound/SoundEffects with maxs=true frames=true
[Architectury Transformer DEBUG] Transformed com/github/starcatcher21/stargazer/sound/SoundEffects in 6.114 ms
[Architectury Transformer DEBUG] Transforming from com/github/starcatcher21/stargazer/block/ModBlock.class to com/github/starcatcher21/stargazer/block/ModBlock.class with 6 transformer(s) on dev.architectury.transformer.handler.TinyRemapperPreparedTransformerHandler
[Architectury Transformer DEBUG] Remapping with 1 mapping provider(s):
[Architectury Transformer DEBUG]  - dev.architectury.transformer.transformers.TransformNeoForgeEnvironment$$Lambda/0x000000002606ed78@85ec632
[Architectury Transformer DEBUG] Remapping Classes:
[Architectury Transformer DEBUG] net/fabricmc/api/EnvType -> net/neoforged/api/distmarker/Dist
[Architectury Transformer DEBUG] net/fabricmc/api/Environment -> net/neoforged/api/distmarker/OnlyIn
[Architectury Transformer DEBUG] Found class transformer
[Architectury Transformer DEBUG] Writing com/github/starcatcher21/stargazer/block/ModBlock with maxs=true frames=true
[Architectury Transformer DEBUG] Transformed com/github/starcatcher21/stargazer/block/ModBlock in 7.689 ms
[Architectury Transformer DEBUG] Transforming from com/github/starcatcher21/stargazer/block/clases/CosmicFlower.class to com/github/starcatcher21/stargazer/block/clases/CosmicFlower.class with 6 transformer(s) on dev.architectury.transformer.handler.TinyRemapperPreparedTransformerHandler
[Architectury Transformer DEBUG] Remapping with 1 mapping provider(s):
[Architectury Transformer DEBUG]  - dev.architectury.transformer.transformers.TransformNeoForgeEnvironment$$Lambda/0x000000002606ed78@85ec632
[Architectury Transformer DEBUG] Remapping Classes:
[Architectury Transformer DEBUG] net/fabricmc/api/EnvType -> net/neoforged/api/distmarker/Dist
[Architectury Transformer DEBUG] net/fabricmc/api/Environment -> net/neoforged/api/distmarker/OnlyIn
[Architectury Transformer DEBUG] Found class transformer
[Architectury Transformer DEBUG] Writing com/github/starcatcher21/stargazer/block/clases/CosmicFlower with maxs=true frames=true
[Architectury Transformer DEBUG] Transformed com/github/starcatcher21/stargazer/block/clases/CosmicFlower in 7.673 ms
[Architectury Transformer DEBUG] Transforming from com/github/starcatcher21/stargazer/block/clases/grave/Grave.class to com/github/starcatcher21/stargazer/block/clases/grave/Grave.class with 6 transformer(s) on dev.architectury.transformer.handler.TinyRemapperPreparedTransformerHandler
[Architectury Transformer DEBUG] Remapping with 1 mapping provider(s):
[Architectury Transformer DEBUG]  - dev.architectury.transformer.transformers.TransformNeoForgeEnvironment$$Lambda/0x000000002606ed78@85ec632
[Architectury Transformer DEBUG] Remapping Classes:
[Architectury Transformer DEBUG] net/fabricmc/api/EnvType -> net/neoforged/api/distmarker/Dist
[Architectury Transformer DEBUG] net/fabricmc/api/Environment -> net/neoforged/api/distmarker/OnlyIn
[Architectury Transformer DEBUG] Found class transformer
[Architectury Transformer DEBUG] Writing com/github/starcatcher21/stargazer/block/clases/grave/Grave with maxs=true frames=true
[Architectury Transformer DEBUG] Transformed com/github/starcatcher21/stargazer/block/clases/grave/Grave in 6.400 ms
[Architectury Transformer DEBUG] Transforming from com/github/starcatcher21/stargazer/block/clases/grave/GraveEntity.class to com/github/starcatcher21/stargazer/block/clases/grave/GraveEntity.class with 6 transformer(s) on dev.architectury.transformer.handler.TinyRemapperPreparedTransformerHandler
[Architectury Transformer DEBUG] Remapping with 1 mapping provider(s):
[Architectury Transformer DEBUG]  - dev.architectury.transformer.transformers.TransformNeoForgeEnvironment$$Lambda/0x000000002606ed78@85ec632
[Architectury Transformer DEBUG] Remapping Classes:
[Architectury Transformer DEBUG] net/fabricmc/api/EnvType -> net/neoforged/api/distmarker/Dist
[Architectury Transformer DEBUG] net/fabricmc/api/Environment -> net/neoforged/api/distmarker/OnlyIn
[Architectury Transformer DEBUG] Found class transformer
[Architectury Transformer DEBUG] Writing com/github/starcatcher21/stargazer/block/clases/grave/GraveEntity with maxs=true frames=true
[Architectury Transformer DEBUG] Transformed com/github/starcatcher21/stargazer/block/clases/grave/GraveEntity in 7.486 ms
[Architectury Transformer DEBUG] Transforming from com/github/starcatcher21/stargazer/block/clases/negative/NegativeBlock.class to com/github/starcatcher21/stargazer/block/clases/negative/NegativeBlock.class with 6 transformer(s) on dev.architectury.transformer.handler.TinyRemapperPreparedTransformerHandler
[Architectury Transformer DEBUG] Remapping with 1 mapping provider(s):
[Architectury Transformer DEBUG]  - dev.architectury.transformer.transformers.TransformNeoForgeEnvironment$$Lambda/0x000000002606ed78@85ec632
[Architectury Transformer DEBUG] Remapping Classes:
[Architectury Transformer DEBUG] net/fabricmc/api/EnvType -> net/neoforged/api/distmarker/Dist
[Architectury Transformer DEBUG] net/fabricmc/api/Environment -> net/neoforged/api/distmarker/OnlyIn
[Architectury Transformer DEBUG] Found class transformer
[Architectury Transformer DEBUG] Writing com/github/starcatcher21/stargazer/block/clases/negative/NegativeBlock with maxs=true frames=true
[Architectury Transformer DEBUG] Transformed com/github/starcatcher21/stargazer/block/clases/negative/NegativeBlock in 9.853 ms
[Architectury Transformer DEBUG] Transforming from com/github/starcatcher21/stargazer/block/clases/negative/NegativeBlockEntity.class to com/github/starcatcher21/stargazer/block/clases/negative/NegativeBlockEntity.class with 6 transformer(s) on dev.architectury.transformer.handler.TinyRemapperPreparedTransformerHandler
[Architectury Transformer DEBUG] Remapping with 1 mapping provider(s):
[Architectury Transformer DEBUG]  - dev.architectury.transformer.transformers.TransformNeoForgeEnvironment$$Lambda/0x000000002606ed78@85ec632
[Architectury Transformer DEBUG] Remapping Classes:
[Architectury Transformer DEBUG] net/fabricmc/api/EnvType -> net/neoforged/api/distmarker/Dist
[Architectury Transformer DEBUG] net/fabricmc/api/Environment -> net/neoforged/api/distmarker/OnlyIn
[Architectury Transformer DEBUG] Found class transformer
[Architectury Transformer DEBUG] Writing com/github/starcatcher21/stargazer/block/clases/negative/NegativeBlockEntity with maxs=true frames=true
[Architectury Transformer DEBUG] Transformed com/github/starcatcher21/stargazer/block/clases/negative/NegativeBlockEntity in 8.985 ms
[Architectury Transformer DEBUG] Transforming from com/github/starcatcher21/stargazer/block/clases/nored/NoRedBlock.class to com/github/starcatcher21/stargazer/block/clases/nored/NoRedBlock.class with 6 transformer(s) on dev.architectury.transformer.handler.TinyRemapperPreparedTransformerHandler
[Architectury Transformer DEBUG] Remapping with 1 mapping provider(s):
[Architectury Transformer DEBUG]  - dev.architectury.transformer.transformers.TransformNeoForgeEnvironment$$Lambda/0x000000002606ed78@85ec632
[Architectury Transformer DEBUG] Remapping Classes:
[Architectury Transformer DEBUG] net/fabricmc/api/EnvType -> net/neoforged/api/distmarker/Dist
[Architectury Transformer DEBUG] net/fabricmc/api/Environment -> net/neoforged/api/distmarker/OnlyIn
[Architectury Transformer DEBUG] Found class transformer
[Architectury Transformer DEBUG] Writing com/github/starcatcher21/stargazer/block/clases/nored/NoRedBlock with maxs=true frames=true
[Architectury Transformer DEBUG] Transformed com/github/starcatcher21/stargazer/block/clases/nored/NoRedBlock in 8.388 ms
[Architectury Transformer DEBUG] Transforming from com/github/starcatcher21/stargazer/block/clases/nored/NoRedBlockEntity.class to com/github/starcatcher21/stargazer/block/clases/nored/NoRedBlockEntity.class with 6 transformer(s) on dev.architectury.transformer.handler.TinyRemapperPreparedTransformerHandler
[Architectury Transformer DEBUG] Remapping with 1 mapping provider(s):
[Architectury Transformer DEBUG]  - dev.architectury.transformer.transformers.TransformNeoForgeEnvironment$$Lambda/0x000000002606ed78@85ec632
[Architectury Transformer DEBUG] Remapping Classes:
[Architectury Transformer DEBUG] net/fabricmc/api/EnvType -> net/neoforged/api/distmarker/Dist
[Architectury Transformer DEBUG] net/fabricmc/api/Environment -> net/neoforged/api/distmarker/OnlyIn
[Architectury Transformer DEBUG] Found class transformer
[Architectury Transformer DEBUG] Writing com/github/starcatcher21/stargazer/block/clases/nored/NoRedBlockEntity with maxs=true frames=true
[Architectury Transformer DEBUG] Transformed com/github/starcatcher21/stargazer/block/clases/nored/NoRedBlockEntity in 7.466 ms
[Architectury Transformer DEBUG] Transforming from com/github/starcatcher21/stargazer/block/clases/nogreen/NoGreenBlock.class to com/github/starcatcher21/stargazer/block/clases/nogreen/NoGreenBlock.class with 6 transformer(s) on dev.architectury.transformer.handler.TinyRemapperPreparedTransformerHandler
[Architectury Transformer DEBUG] Remapping with 1 mapping provider(s):
[Architectury Transformer DEBUG]  - dev.architectury.transformer.transformers.TransformNeoForgeEnvironment$$Lambda/0x000000002606ed78@85ec632
[Architectury Transformer DEBUG] Remapping Classes:
[Architectury Transformer DEBUG] net/fabricmc/api/EnvType -> net/neoforged/api/distmarker/Dist
[Architectury Transformer DEBUG] net/fabricmc/api/Environment -> net/neoforged/api/distmarker/OnlyIn
[Architectury Transformer DEBUG] Found class transformer
[Architectury Transformer DEBUG] Writing com/github/starcatcher21/stargazer/block/clases/nogreen/NoGreenBlock with maxs=true frames=true
[Architectury Transformer DEBUG] Transformed com/github/starcatcher21/stargazer/block/clases/nogreen/NoGreenBlock in 7.256 ms
[Architectury Transformer DEBUG] Transforming from com/github/starcatcher21/stargazer/block/clases/nogreen/NoGreenBlockEntity.class to com/github/starcatcher21/stargazer/block/clases/nogreen/NoGreenBlockEntity.class with 6 transformer(s) on dev.architectury.transformer.handler.TinyRemapperPreparedTransformerHandler
[Architectury Transformer DEBUG] Remapping with 1 mapping provider(s):
[Architectury Transformer DEBUG]  - dev.architectury.transformer.transformers.TransformNeoForgeEnvironment$$Lambda/0x000000002606ed78@85ec632
[Architectury Transformer DEBUG] Remapping Classes:
[Architectury Transformer DEBUG] net/fabricmc/api/EnvType -> net/neoforged/api/distmarker/Dist
[Architectury Transformer DEBUG] net/fabricmc/api/Environment -> net/neoforged/api/distmarker/OnlyIn
[Architectury Transformer DEBUG] Found class transformer
[Architectury Transformer DEBUG] Writing com/github/starcatcher21/stargazer/block/clases/nogreen/NoGreenBlockEntity with maxs=true frames=true
[Architectury Transformer DEBUG] Transformed com/github/starcatcher21/stargazer/block/clases/nogreen/NoGreenBlockEntity in 7.156 ms
[Architectury Transformer DEBUG] Transforming from com/github/starcatcher21/stargazer/block/clases/noblue/NoBlueBlock.class to com/github/starcatcher21/stargazer/block/clases/noblue/NoBlueBlock.class with 6 transformer(s) on dev.architectury.transformer.handler.TinyRemapperPreparedTransformerHandler
[Architectury Transformer DEBUG] Remapping with 1 mapping provider(s):
[Architectury Transformer DEBUG]  - dev.architectury.transformer.transformers.TransformNeoForgeEnvironment$$Lambda/0x000000002606ed78@85ec632
[Architectury Transformer DEBUG] Remapping Classes:
[Architectury Transformer DEBUG] net/fabricmc/api/EnvType -> net/neoforged/api/distmarker/Dist
[Architectury Transformer DEBUG] net/fabricmc/api/Environment -> net/neoforged/api/distmarker/OnlyIn
[Architectury Transformer DEBUG] Found class transformer
[Architectury Transformer DEBUG] Writing com/github/starcatcher21/stargazer/block/clases/noblue/NoBlueBlock with maxs=true frames=true
[Architectury Transformer DEBUG] Transformed com/github/starcatcher21/stargazer/block/clases/noblue/NoBlueBlock in 6.272 ms
[Architectury Transformer DEBUG] Transforming from com/github/starcatcher21/stargazer/block/clases/noblue/NoBlueBlockEntity.class to com/github/starcatcher21/stargazer/block/clases/noblue/NoBlueBlockEntity.class with 6 transformer(s) on dev.architectury.transformer.handler.TinyRemapperPreparedTransformerHandler
[Architectury Transformer DEBUG] Remapping with 1 mapping provider(s):
[Architectury Transformer DEBUG]  - dev.architectury.transformer.transformers.TransformNeoForgeEnvironment$$Lambda/0x000000002606ed78@85ec632
[Architectury Transformer DEBUG] Remapping Classes:
[Architectury Transformer DEBUG] net/fabricmc/api/EnvType -> net/neoforged/api/distmarker/Dist
[Architectury Transformer DEBUG] net/fabricmc/api/Environment -> net/neoforged/api/distmarker/OnlyIn
[Architectury Transformer DEBUG] Found class transformer
[Architectury Transformer DEBUG] Writing com/github/starcatcher21/stargazer/block/clases/noblue/NoBlueBlockEntity with maxs=true frames=true
[Architectury Transformer DEBUG] Transformed com/github/starcatcher21/stargazer/block/clases/noblue/NoBlueBlockEntity in 5.305 ms
[Architectury Transformer DEBUG] Transforming from com/github/starcatcher21/stargazer/block/clases/InfestedCalcite.class to com/github/starcatcher21/stargazer/block/clases/InfestedCalcite.class with 6 transformer(s) on dev.architectury.transformer.handler.TinyRemapperPreparedTransformerHandler
[Architectury Transformer DEBUG] Remapping with 1 mapping provider(s):
[Architectury Transformer DEBUG]  - dev.architectury.transformer.transformers.TransformNeoForgeEnvironment$$Lambda/0x000000002606ed78@85ec632
[Architectury Transformer DEBUG] Remapping Classes:
[Architectury Transformer DEBUG] net/fabricmc/api/EnvType -> net/neoforged/api/distmarker/Dist
[Architectury Transformer DEBUG] net/fabricmc/api/Environment -> net/neoforged/api/distmarker/OnlyIn
[Architectury Transformer DEBUG] Found class transformer
[Architectury Transformer DEBUG] Writing com/github/starcatcher21/stargazer/block/clases/InfestedCalcite with maxs=true frames=true
[Architectury Transformer DEBUG] Transformed com/github/starcatcher21/stargazer/block/clases/InfestedCalcite in 4.696 ms
[Architectury Transformer DEBUG] Transforming from com/github/starcatcher21/stargazer/block/clases/teleporter/CopperTeleporter.class to com/github/starcatcher21/stargazer/block/clases/teleporter/CopperTeleporter.class with 6 transformer(s) on dev.architectury.transformer.handler.TinyRemapperPreparedTransformerHandler
[Architectury Transformer DEBUG] Remapping with 1 mapping provider(s):
[Architectury Transformer DEBUG]  - dev.architectury.transformer.transformers.TransformNeoForgeEnvironment$$Lambda/0x000000002606ed78@85ec632
[Architectury Transformer DEBUG] Remapping Classes:
[Architectury Transformer DEBUG] net/fabricmc/api/EnvType -> net/neoforged/api/distmarker/Dist
[Architectury Transformer DEBUG] net/fabricmc/api/Environment -> net/neoforged/api/distmarker/OnlyIn
[Architectury Transformer DEBUG] Found class transformer
[Architectury Transformer DEBUG] Writing com/github/starcatcher21/stargazer/block/clases/teleporter/CopperTeleporter with maxs=true frames=true
[Architectury Transformer DEBUG] Transformed com/github/starcatcher21/stargazer/block/clases/teleporter/CopperTeleporter in 9.440 ms
[Architectury Transformer DEBUG] Transforming from com/github/starcatcher21/stargazer/block/clases/teleporter/DarkTeleporter.class to com/github/starcatcher21/stargazer/block/clases/teleporter/DarkTeleporter.class with 6 transformer(s) on dev.architectury.transformer.handler.TinyRemapperPreparedTransformerHandler
[Architectury Transformer DEBUG] Remapping with 1 mapping provider(s):
[Architectury Transformer DEBUG]  - dev.architectury.transformer.transformers.TransformNeoForgeEnvironment$$Lambda/0x000000002606ed78@85ec632
[Architectury Transformer DEBUG] Remapping Classes:
[Architectury Transformer DEBUG] net/fabricmc/api/EnvType -> net/neoforged/api/distmarker/Dist
[Architectury Transformer DEBUG] net/fabricmc/api/Environment -> net/neoforged/api/distmarker/OnlyIn
[Architectury Transformer DEBUG] Found class transformer
[Architectury Transformer DEBUG] Writing com/github/starcatcher21/stargazer/block/clases/teleporter/DarkTeleporter with maxs=true frames=true
[Architectury Transformer DEBUG] Transformed com/github/starcatcher21/stargazer/block/clases/teleporter/DarkTeleporter in 8.805 ms
[Architectury Transformer DEBUG] Transforming from com/github/starcatcher21/stargazer/block/clases/teleporter/EndTeleporter.class to com/github/starcatcher21/stargazer/block/clases/teleporter/EndTeleporter.class with 6 transformer(s) on dev.architectury.transformer.handler.TinyRemapperPreparedTransformerHandler
[Architectury Transformer DEBUG] Remapping with 1 mapping provider(s):
[Architectury Transformer DEBUG]  - dev.architectury.transformer.transformers.TransformNeoForgeEnvironment$$Lambda/0x000000002606ed78@85ec632
[Architectury Transformer DEBUG] Remapping Classes:
[Architectury Transformer DEBUG] net/fabricmc/api/EnvType -> net/neoforged/api/distmarker/Dist
[Architectury Transformer DEBUG] net/fabricmc/api/Environment -> net/neoforged/api/distmarker/OnlyIn
[Architectury Transformer DEBUG] Found class transformer
[Architectury Transformer DEBUG] Writing com/github/starcatcher21/stargazer/block/clases/teleporter/EndTeleporter with maxs=true frames=true
[Architectury Transformer DEBUG] Transformed com/github/starcatcher21/stargazer/block/clases/teleporter/EndTeleporter in 8.255 ms
[Architectury Transformer DEBUG] Transforming from com/github/starcatcher21/stargazer/block/clases/teleporter/RedTeleporter.class to com/github/starcatcher21/stargazer/block/clases/teleporter/RedTeleporter.class with 6 transformer(s) on dev.architectury.transformer.handler.TinyRemapperPreparedTransformerHandler
[Architectury Transformer DEBUG] Remapping with 1 mapping provider(s):
[Architectury Transformer DEBUG]  - dev.architectury.transformer.transformers.TransformNeoForgeEnvironment$$Lambda/0x000000002606ed78@85ec632
[Architectury Transformer DEBUG] Remapping Classes:
[Architectury Transformer DEBUG] net/fabricmc/api/EnvType -> net/neoforged/api/distmarker/Dist
[Architectury Transformer DEBUG] net/fabricmc/api/Environment -> net/neoforged/api/distmarker/OnlyIn
[Architectury Transformer DEBUG] Found class transformer
[Architectury Transformer DEBUG] Writing com/github/starcatcher21/stargazer/block/clases/teleporter/RedTeleporter with maxs=true frames=true
[Architectury Transformer DEBUG] Transformed com/github/starcatcher21/stargazer/block/clases/teleporter/RedTeleporter in 11.05 ms
[Architectury Transformer DEBUG] Transforming from com/github/starcatcher21/stargazer/block/clases/Sprinkler.class to com/github/starcatcher21/stargazer/block/clases/Sprinkler.class with 6 transformer(s) on dev.architectury.transformer.handler.TinyRemapperPreparedTransformerHandler
[Architectury Transformer DEBUG] Remapping with 1 mapping provider(s):
[Architectury Transformer DEBUG]  - dev.architectury.transformer.transformers.TransformNeoForgeEnvironment$$Lambda/0x000000002606ed78@85ec632
[Architectury Transformer DEBUG] Remapping Classes:
[Architectury Transformer DEBUG] net/fabricmc/api/EnvType -> net/neoforged/api/distmarker/Dist
[Architectury Transformer DEBUG] net/fabricmc/api/Environment -> net/neoforged/api/distmarker/OnlyIn
[Architectury Transformer DEBUG] Found class transformer
[Architectury Transformer DEBUG] Writing com/github/starcatcher21/stargazer/block/clases/Sprinkler with maxs=true frames=true
[Architectury Transformer DEBUG] Transformed com/github/starcatcher21/stargazer/block/clases/Sprinkler in 7.485 ms
[Architectury Transformer DEBUG] Transforming from com/github/starcatcher21/stargazer/block/clases/MoonWelder.class to com/github/starcatcher21/stargazer/block/clases/MoonWelder.class with 6 transformer(s) on dev.architectury.transformer.handler.TinyRemapperPreparedTransformerHandler
[Architectury Transformer DEBUG] Remapping with 1 mapping provider(s):
[Architectury Transformer DEBUG]  - dev.architectury.transformer.transformers.TransformNeoForgeEnvironment$$Lambda/0x000000002606ed78@85ec632
[Architectury Transformer DEBUG] Remapping Classes:
[Architectury Transformer DEBUG] net/fabricmc/api/EnvType -> net/neoforged/api/distmarker/Dist
[Architectury Transformer DEBUG] net/fabricmc/api/Environment -> net/neoforged/api/distmarker/OnlyIn
[Architectury Transformer DEBUG] Found class transformer
[Architectury Transformer DEBUG] Writing com/github/starcatcher21/stargazer/block/clases/MoonWelder with maxs=true frames=true
[Architectury Transformer DEBUG] Transformed com/github/starcatcher21/stargazer/block/clases/MoonWelder in 6.266 ms
[Architectury Transformer DEBUG] Transforming from com/github/starcatcher21/stargazer/screens/MoonWelderScreenHandler.class to com/github/starcatcher21/stargazer/screens/MoonWelderScreenHandler.class with 6 transformer(s) on dev.architectury.transformer.handler.TinyRemapperPreparedTransformerHandler
[Architectury Transformer DEBUG] Remapping with 1 mapping provider(s):
[Architectury Transformer DEBUG]  - dev.architectury.transformer.transformers.TransformNeoForgeEnvironment$$Lambda/0x000000002606ed78@85ec632
[Architectury Transformer DEBUG] Remapping Classes:
[Architectury Transformer DEBUG] net/fabricmc/api/EnvType -> net/neoforged/api/distmarker/Dist
[Architectury Transformer DEBUG] net/fabricmc/api/Environment -> net/neoforged/api/distmarker/OnlyIn
[Architectury Transformer DEBUG] Found class transformer
[Architectury Transformer DEBUG] Writing com/github/starcatcher21/stargazer/screens/MoonWelderScreenHandler with maxs=true frames=true
[Architectury Transformer DEBUG] Transformed com/github/starcatcher21/stargazer/screens/MoonWelderScreenHandler in 6.880 ms
[Architectury Transformer DEBUG] Transforming from com/github/starcatcher21/stargazer/block/register/MoonBlocks.class to com/github/starcatcher21/stargazer/block/register/MoonBlocks.class with 6 transformer(s) on dev.architectury.transformer.handler.TinyRemapperPreparedTransformerHandler
[Architectury Transformer DEBUG] Remapping with 1 mapping provider(s):
[Architectury Transformer DEBUG]  - dev.architectury.transformer.transformers.TransformNeoForgeEnvironment$$Lambda/0x000000002606ed78@85ec632
[Architectury Transformer DEBUG] Remapping Classes:
[Architectury Transformer DEBUG] net/fabricmc/api/EnvType -> net/neoforged/api/distmarker/Dist
[Architectury Transformer DEBUG] net/fabricmc/api/Environment -> net/neoforged/api/distmarker/OnlyIn
[Architectury Transformer DEBUG] Found class transformer
[Architectury Transformer DEBUG] Writing com/github/starcatcher21/stargazer/block/register/MoonBlocks with maxs=true frames=true
[Architectury Transformer DEBUG] Transformed com/github/starcatcher21/stargazer/block/register/MoonBlocks in 10.48 ms
[Architectury Transformer DEBUG] Transforming from com/github/starcatcher21/stargazer/block/clases/CustomLeaves.class to com/github/starcatcher21/stargazer/block/clases/CustomLeaves.class with 6 transformer(s) on dev.architectury.transformer.handler.TinyRemapperPreparedTransformerHandler
[Architectury Transformer DEBUG] Remapping with 1 mapping provider(s):
[Architectury Transformer DEBUG]  - dev.architectury.transformer.transformers.TransformNeoForgeEnvironment$$Lambda/0x000000002606ed78@85ec632
[Architectury Transformer DEBUG] Remapping Classes:
[Architectury Transformer DEBUG] net/fabricmc/api/EnvType -> net/neoforged/api/distmarker/Dist
[Architectury Transformer DEBUG] net/fabricmc/api/Environment -> net/neoforged/api/distmarker/OnlyIn
[Architectury Transformer DEBUG] Found class transformer
[Architectury Transformer DEBUG] Writing com/github/starcatcher21/stargazer/block/clases/CustomLeaves with maxs=true frames=true
[Architectury Transformer DEBUG] Transformed com/github/starcatcher21/stargazer/block/clases/CustomLeaves in 7.642 ms
[Architectury Transformer DEBUG] Transforming from com/github/starcatcher21/stargazer/block/clases/moon/log/MoonLog.class to com/github/starcatcher21/stargazer/block/clases/moon/log/MoonLog.class with 6 transformer(s) on dev.architectury.transformer.handler.TinyRemapperPreparedTransformerHandler
[Architectury Transformer DEBUG] Remapping with 1 mapping provider(s):
[Architectury Transformer DEBUG]  - dev.architectury.transformer.transformers.TransformNeoForgeEnvironment$$Lambda/0x000000002606ed78@85ec632
[Architectury Transformer DEBUG] Remapping Classes:
[Architectury Transformer DEBUG] net/fabricmc/api/EnvType -> net/neoforged/api/distmarker/Dist
[Architectury Transformer DEBUG] net/fabricmc/api/Environment -> net/neoforged/api/distmarker/OnlyIn
[Architectury Transformer DEBUG] Found class transformer
[Architectury Transformer DEBUG] Writing com/github/starcatcher21/stargazer/block/clases/moon/log/MoonLog with maxs=true frames=true
[Architectury Transformer DEBUG] Transformed com/github/starcatcher21/stargazer/block/clases/moon/log/MoonLog in 8.519 ms
[Architectury Transformer DEBUG] Transforming from com/github/starcatcher21/stargazer/block/clases/CustomSapling.class to com/github/starcatcher21/stargazer/block/clases/CustomSapling.class with 6 transformer(s) on dev.architectury.transformer.handler.TinyRemapperPreparedTransformerHandler
[Architectury Transformer DEBUG] Remapping with 1 mapping provider(s):
[Architectury Transformer DEBUG]  - dev.architectury.transformer.transformers.TransformNeoForgeEnvironment$$Lambda/0x000000002606ed78@85ec632
[Architectury Transformer DEBUG] Remapping Classes:
[Architectury Transformer DEBUG] net/fabricmc/api/EnvType -> net/neoforged/api/distmarker/Dist
[Architectury Transformer DEBUG] net/fabricmc/api/Environment -> net/neoforged/api/distmarker/OnlyIn
[Architectury Transformer DEBUG] Found class transformer
[Architectury Transformer DEBUG] Writing com/github/starcatcher21/stargazer/block/clases/CustomSapling with maxs=true frames=true
[Architectury Transformer DEBUG] Transformed com/github/starcatcher21/stargazer/block/clases/CustomSapling in 7.084 ms
[Architectury Transformer DEBUG] Transforming from com/github/starcatcher21/stargazer/block/clases/moon/leaves/MoonLeaves.class to com/github/starcatcher21/stargazer/block/clases/moon/leaves/MoonLeaves.class with 6 transformer(s) on dev.architectury.transformer.handler.TinyRemapperPreparedTransformerHandler
[Architectury Transformer DEBUG] Remapping with 1 mapping provider(s):
[Architectury Transformer DEBUG]  - dev.architectury.transformer.transformers.TransformNeoForgeEnvironment$$Lambda/0x000000002606ed78@85ec632
[Architectury Transformer DEBUG] Remapping Classes:
[Architectury Transformer DEBUG] net/fabricmc/api/EnvType -> net/neoforged/api/distmarker/Dist
[Architectury Transformer DEBUG] net/fabricmc/api/Environment -> net/neoforged/api/distmarker/OnlyIn
[Architectury Transformer DEBUG] Found class transformer
[Architectury Transformer DEBUG] Writing com/github/starcatcher21/stargazer/block/clases/moon/leaves/MoonLeaves with maxs=true frames=true
[Architectury Transformer DEBUG] Transformed com/github/starcatcher21/stargazer/block/clases/moon/leaves/MoonLeaves in 8.465 ms
[Architectury Transformer DEBUG] Transforming from com/github/starcatcher21/stargazer/block/clases/moon/MoonRock.class to com/github/starcatcher21/stargazer/block/clases/moon/MoonRock.class with 6 transformer(s) on dev.architectury.transformer.handler.TinyRemapperPreparedTransformerHandler
[Architectury Transformer DEBUG] Remapping with 1 mapping provider(s):
[Architectury Transformer DEBUG]  - dev.architectury.transformer.transformers.TransformNeoForgeEnvironment$$Lambda/0x000000002606ed78@85ec632
[Architectury Transformer DEBUG] Remapping Classes:
[Architectury Transformer DEBUG] net/fabricmc/api/EnvType -> net/neoforged/api/distmarker/Dist
[Architectury Transformer DEBUG] net/fabricmc/api/Environment -> net/neoforged/api/distmarker/OnlyIn
[Architectury Transformer DEBUG] Found class transformer
[Architectury Transformer DEBUG] Writing com/github/starcatcher21/stargazer/block/clases/moon/MoonRock with maxs=true frames=true
[Architectury Transformer DEBUG] Transformed com/github/starcatcher21/stargazer/block/clases/moon/MoonRock in 8.220 ms
[Architectury Transformer DEBUG] Transforming from com/github/starcatcher21/stargazer/block/clases/moon/MoonFarmland.class to com/github/starcatcher21/stargazer/block/clases/moon/MoonFarmland.class with 6 transformer(s) on dev.architectury.transformer.handler.TinyRemapperPreparedTransformerHandler
[Architectury Transformer DEBUG] Remapping with 1 mapping provider(s):
[Architectury Transformer DEBUG]  - dev.architectury.transformer.transformers.TransformNeoForgeEnvironment$$Lambda/0x000000002606ed78@85ec632
[Architectury Transformer DEBUG] Remapping Classes:
[Architectury Transformer DEBUG] net/fabricmc/api/EnvType -> net/neoforged/api/distmarker/Dist
[Architectury Transformer DEBUG] net/fabricmc/api/Environment -> net/neoforged/api/distmarker/OnlyIn
[Architectury Transformer DEBUG] Found class transformer
[Architectury Transformer DEBUG] Writing com/github/starcatcher21/stargazer/block/clases/moon/MoonFarmland with maxs=true frames=true
[Architectury Transformer DEBUG] Transformed com/github/starcatcher21/stargazer/block/clases/moon/MoonFarmland in 6.162 ms
[Architectury Transformer DEBUG] Transforming from com/github/starcatcher21/stargazer/block/clases/moon/MoonRockNylium.class to com/github/starcatcher21/stargazer/block/clases/moon/MoonRockNylium.class with 6 transformer(s) on dev.architectury.transformer.handler.TinyRemapperPreparedTransformerHandler
[Architectury Transformer DEBUG] Remapping with 1 mapping provider(s):
[Architectury Transformer DEBUG]  - dev.architectury.transformer.transformers.TransformNeoForgeEnvironment$$Lambda/0x000000002606ed78@85ec632
[Architectury Transformer DEBUG] Remapping Classes:
[Architectury Transformer DEBUG] net/fabricmc/api/EnvType -> net/neoforged/api/distmarker/Dist
[Architectury Transformer DEBUG] net/fabricmc/api/Environment -> net/neoforged/api/distmarker/OnlyIn
[Architectury Transformer DEBUG] Found class transformer
[Architectury Transformer DEBUG] Writing com/github/starcatcher21/stargazer/block/clases/moon/MoonRockNylium with maxs=true frames=true
[Architectury Transformer DEBUG] Transformed com/github/starcatcher21/stargazer/block/clases/moon/MoonRockNylium in 6.331 ms
[Architectury Transformer DEBUG] Transforming from com/github/starcatcher21/stargazer/block/clases/moon/starforge/Starforge.class to com/github/starcatcher21/stargazer/block/clases/moon/starforge/Starforge.class with 6 transformer(s) on dev.architectury.transformer.handler.TinyRemapperPreparedTransformerHandler
[Architectury Transformer DEBUG] Remapping with 1 mapping provider(s):
[Architectury Transformer DEBUG]  - dev.architectury.transformer.transformers.TransformNeoForgeEnvironment$$Lambda/0x000000002606ed78@85ec632
[Architectury Transformer DEBUG] Remapping Classes:
[Architectury Transformer DEBUG] net/fabricmc/api/EnvType -> net/neoforged/api/distmarker/Dist
[Architectury Transformer DEBUG] net/fabricmc/api/Environment -> net/neoforged/api/distmarker/OnlyIn
[Architectury Transformer DEBUG] Found class transformer
[Architectury Transformer DEBUG] Writing com/github/starcatcher21/stargazer/block/clases/moon/starforge/Starforge with maxs=true frames=true
[Architectury Transformer DEBUG] Transformed com/github/starcatcher21/stargazer/block/clases/moon/starforge/Starforge in 9.097 ms
[Architectury Transformer DEBUG] Transforming from com/github/starcatcher21/stargazer/screens/StarforgeScreenHandler.class to com/github/starcatcher21/stargazer/screens/StarforgeScreenHandler.class with 6 transformer(s) on dev.architectury.transformer.handler.TinyRemapperPreparedTransformerHandler
[Architectury Transformer DEBUG] Remapping with 1 mapping provider(s):
[Architectury Transformer DEBUG]  - dev.architectury.transformer.transformers.TransformNeoForgeEnvironment$$Lambda/0x000000002606ed78@85ec632
[Architectury Transformer DEBUG] Remapping Classes:
[Architectury Transformer DEBUG] net/fabricmc/api/EnvType -> net/neoforged/api/distmarker/Dist
[Architectury Transformer DEBUG] net/fabricmc/api/Environment -> net/neoforged/api/distmarker/OnlyIn
[Architectury Transformer DEBUG] Found class transformer
[Architectury Transformer DEBUG] Writing com/github/starcatcher21/stargazer/screens/StarforgeScreenHandler with maxs=true frames=true
[Architectury Transformer DEBUG] Transformed com/github/starcatcher21/stargazer/screens/StarforgeScreenHandler in 7.410 ms
[Architectury Transformer DEBUG] Transforming from com/github/starcatcher21/stargazer/block/clases/moon/log/StrippedMoonLog.class to com/github/starcatcher21/stargazer/block/clases/moon/log/StrippedMoonLog.class with 6 transformer(s) on dev.architectury.transformer.handler.TinyRemapperPreparedTransformerHandler
[Architectury Transformer DEBUG] Remapping with 1 mapping provider(s):
[Architectury Transformer DEBUG]  - dev.architectury.transformer.transformers.TransformNeoForgeEnvironment$$Lambda/0x000000002606ed78@85ec632
[Architectury Transformer DEBUG] Remapping Classes:
[Architectury Transformer DEBUG] net/fabricmc/api/EnvType -> net/neoforged/api/distmarker/Dist
[Architectury Transformer DEBUG] net/fabricmc/api/Environment -> net/neoforged/api/distmarker/OnlyIn
[Architectury Transformer DEBUG] Found class transformer
[Architectury Transformer DEBUG] Writing com/github/starcatcher21/stargazer/block/clases/moon/log/StrippedMoonLog with maxs=true frames=true
[Architectury Transformer DEBUG] Transformed com/github/starcatcher21/stargazer/block/clases/moon/log/StrippedMoonLog in 6.630 ms
[Architectury Transformer DEBUG] Transforming from com/github/starcatcher21/stargazer/block/clases/moon/MoonPlanks.class to com/github/starcatcher21/stargazer/block/clases/moon/MoonPlanks.class with 6 transformer(s) on dev.architectury.transformer.handler.TinyRemapperPreparedTransformerHandler
[Architectury Transformer DEBUG] Remapping with 1 mapping provider(s):
[Architectury Transformer DEBUG]  - dev.architectury.transformer.transformers.TransformNeoForgeEnvironment$$Lambda/0x000000002606ed78@85ec632
[Architectury Transformer DEBUG] Remapping Classes:
[Architectury Transformer DEBUG] net/fabricmc/api/EnvType -> net/neoforged/api/distmarker/Dist
[Architectury Transformer DEBUG] net/fabricmc/api/Environment -> net/neoforged/api/distmarker/OnlyIn
[Architectury Transformer DEBUG] Found class transformer
[Architectury Transformer DEBUG] Writing com/github/starcatcher21/stargazer/block/clases/moon/MoonPlanks with maxs=true frames=true
[Architectury Transformer DEBUG] Transformed com/github/starcatcher21/stargazer/block/clases/moon/MoonPlanks in 6.696 ms
[Architectury Transformer DEBUG] Transforming from com/github/starcatcher21/stargazer/block/clases/moon/star_stone/StarStone.class to com/github/starcatcher21/stargazer/block/clases/moon/star_stone/StarStone.class with 6 transformer(s) on dev.architectury.transformer.handler.TinyRemapperPreparedTransformerHandler
[Architectury Transformer DEBUG] Remapping with 1 mapping provider(s):
[Architectury Transformer DEBUG]  - dev.architectury.transformer.transformers.TransformNeoForgeEnvironment$$Lambda/0x000000002606ed78@85ec632
[Architectury Transformer DEBUG] Remapping Classes:
[Architectury Transformer DEBUG] net/fabricmc/api/EnvType -> net/neoforged/api/distmarker/Dist
[Architectury Transformer DEBUG] net/fabricmc/api/Environment -> net/neoforged/api/distmarker/OnlyIn
[Architectury Transformer DEBUG] Found class transformer
[Architectury Transformer DEBUG] Writing com/github/starcatcher21/stargazer/block/clases/moon/star_stone/StarStone with maxs=true frames=true
[Architectury Transformer DEBUG] Transformed com/github/starcatcher21/stargazer/block/clases/moon/star_stone/StarStone in 5.747 ms
[Architectury Transformer DEBUG] Transforming from com/github/starcatcher21/stargazer/block/clases/moon/MoonGrass.class to com/github/starcatcher21/stargazer/block/clases/moon/MoonGrass.class with 6 transformer(s) on dev.architectury.transformer.handler.TinyRemapperPreparedTransformerHandler
[Architectury Transformer DEBUG] Remapping with 1 mapping provider(s):
[Architectury Transformer DEBUG]  - dev.architectury.transformer.transformers.TransformNeoForgeEnvironment$$Lambda/0x000000002606ed78@85ec632
[Architectury Transformer DEBUG] Remapping Classes:
[Architectury Transformer DEBUG] net/fabricmc/api/EnvType -> net/neoforged/api/distmarker/Dist
[Architectury Transformer DEBUG] net/fabricmc/api/Environment -> net/neoforged/api/distmarker/OnlyIn
[Architectury Transformer DEBUG] Found class transformer
[Architectury Transformer DEBUG] Writing com/github/starcatcher21/stargazer/block/clases/moon/MoonGrass with maxs=true frames=true
[Architectury Transformer DEBUG] Transformed com/github/starcatcher21/stargazer/block/clases/moon/MoonGrass in 5.608 ms
[Architectury Transformer DEBUG] Transforming from com/github/starcatcher21/stargazer/block/clases/moon/MoonFern.class to com/github/starcatcher21/stargazer/block/clases/moon/MoonFern.class with 6 transformer(s) on dev.architectury.transformer.handler.TinyRemapperPreparedTransformerHandler
[Architectury Transformer DEBUG] Remapping with 1 mapping provider(s):
[Architectury Transformer DEBUG]  - dev.architectury.transformer.transformers.TransformNeoForgeEnvironment$$Lambda/0x000000002606ed78@85ec632
[Architectury Transformer DEBUG] Remapping Classes:
[Architectury Transformer DEBUG] net/fabricmc/api/EnvType -> net/neoforged/api/distmarker/Dist
[Architectury Transformer DEBUG] net/fabricmc/api/Environment -> net/neoforged/api/distmarker/OnlyIn
[Architectury Transformer DEBUG] Found class transformer
[Architectury Transformer DEBUG] Writing com/github/starcatcher21/stargazer/block/clases/moon/MoonFern with maxs=true frames=true
[Architectury Transformer DEBUG] Transformed com/github/starcatcher21/stargazer/block/clases/moon/MoonFern in 6.884 ms
[Architectury Transformer DEBUG] Transforming from com/github/starcatcher21/stargazer/block/clases/moon/TallMoonGrass.class to com/github/starcatcher21/stargazer/block/clases/moon/TallMoonGrass.class with 6 transformer(s) on dev.architectury.transformer.handler.TinyRemapperPreparedTransformerHandler
[Architectury Transformer DEBUG] Remapping with 1 mapping provider(s):
[Architectury Transformer DEBUG]  - dev.architectury.transformer.transformers.TransformNeoForgeEnvironment$$Lambda/0x000000002606ed78@85ec632
[Architectury Transformer DEBUG] Remapping Classes:
[Architectury Transformer DEBUG] net/fabricmc/api/EnvType -> net/neoforged/api/distmarker/Dist
[Architectury Transformer DEBUG] net/fabricmc/api/Environment -> net/neoforged/api/distmarker/OnlyIn
[Architectury Transformer DEBUG] Found class transformer
[Architectury Transformer DEBUG] Writing com/github/starcatcher21/stargazer/block/clases/moon/TallMoonGrass with maxs=true frames=true
[Architectury Transformer DEBUG] Transformed com/github/starcatcher21/stargazer/block/clases/moon/TallMoonGrass in 5.228 ms
[Architectury Transformer DEBUG] Transforming from com/github/starcatcher21/stargazer/block/clases/moon/geode_fruit/GeodeFruit.class to com/github/starcatcher21/stargazer/block/clases/moon/geode_fruit/GeodeFruit.class with 6 transformer(s) on dev.architectury.transformer.handler.TinyRemapperPreparedTransformerHandler
[Architectury Transformer DEBUG] Remapping with 1 mapping provider(s):
[Architectury Transformer DEBUG]  - dev.architectury.transformer.transformers.TransformNeoForgeEnvironment$$Lambda/0x000000002606ed78@85ec632
[Architectury Transformer DEBUG] Remapping Classes:
[Architectury Transformer DEBUG] net/fabricmc/api/EnvType -> net/neoforged/api/distmarker/Dist
[Architectury Transformer DEBUG] net/fabricmc/api/Environment -> net/neoforged/api/distmarker/OnlyIn
[Architectury Transformer DEBUG] Found class transformer
[Architectury Transformer DEBUG] Writing com/github/starcatcher21/stargazer/block/clases/moon/geode_fruit/GeodeFruit with maxs=true frames=true
[Architectury Transformer DEBUG] Transformed com/github/starcatcher21/stargazer/block/clases/moon/geode_fruit/GeodeFruit in 6.779 ms
[Architectury Transformer DEBUG] Transforming from com/github/starcatcher21/stargazer/block/clases/moon/star_trap/StarTrap.class to com/github/starcatcher21/stargazer/block/clases/moon/star_trap/StarTrap.class with 6 transformer(s) on dev.architectury.transformer.handler.TinyRemapperPreparedTransformerHandler
[Architectury Transformer DEBUG] Remapping with 1 mapping provider(s):
[Architectury Transformer DEBUG]  - dev.architectury.transformer.transformers.TransformNeoForgeEnvironment$$Lambda/0x000000002606ed78@85ec632
[Architectury Transformer DEBUG] Remapping Classes:
[Architectury Transformer DEBUG] net/fabricmc/api/EnvType -> net/neoforged/api/distmarker/Dist
[Architectury Transformer DEBUG] net/fabricmc/api/Environment -> net/neoforged/api/distmarker/OnlyIn
[Architectury Transformer DEBUG] Found class transformer
[Architectury Transformer DEBUG] Writing com/github/starcatcher21/stargazer/block/clases/moon/star_trap/StarTrap with maxs=true frames=true
[Architectury Transformer DEBUG] Transformed com/github/starcatcher21/stargazer/block/clases/moon/star_trap/StarTrap in 7.694 ms
[Architectury Transformer DEBUG] Transforming from com/github/starcatcher21/stargazer/block/clases/moon/star_trap/StarTrapEntity.class to com/github/starcatcher21/stargazer/block/clases/moon/star_trap/StarTrapEntity.class with 6 transformer(s) on dev.architectury.transformer.handler.TinyRemapperPreparedTransformerHandler
[Architectury Transformer DEBUG] Remapping with 1 mapping provider(s):
[Architectury Transformer DEBUG]  - dev.architectury.transformer.transformers.TransformNeoForgeEnvironment$$Lambda/0x000000002606ed78@85ec632
[Architectury Transformer DEBUG] Remapping Classes:
[Architectury Transformer DEBUG] net/fabricmc/api/EnvType -> net/neoforged/api/distmarker/Dist
[Architectury Transformer DEBUG] net/fabricmc/api/Environment -> net/neoforged/api/distmarker/OnlyIn
[Architectury Transformer DEBUG] Found class transformer
[Architectury Transformer DEBUG] Writing com/github/starcatcher21/stargazer/block/clases/moon/star_trap/StarTrapEntity with maxs=true frames=true
[Architectury Transformer DEBUG] Transformed com/github/starcatcher21/stargazer/block/clases/moon/star_trap/StarTrapEntity in 6.405 ms
[Architectury Transformer DEBUG] Transforming from com/github/starcatcher21/stargazer/block/clases/moon/ForgetMeNow.class to com/github/starcatcher21/stargazer/block/clases/moon/ForgetMeNow.class with 6 transformer(s) on dev.architectury.transformer.handler.TinyRemapperPreparedTransformerHandler
[Architectury Transformer DEBUG] Remapping with 1 mapping provider(s):
[Architectury Transformer DEBUG]  - dev.architectury.transformer.transformers.TransformNeoForgeEnvironment$$Lambda/0x000000002606ed78@85ec632
[Architectury Transformer DEBUG] Remapping Classes:
[Architectury Transformer DEBUG] net/fabricmc/api/EnvType -> net/neoforged/api/distmarker/Dist
[Architectury Transformer DEBUG] net/fabricmc/api/Environment -> net/neoforged/api/distmarker/OnlyIn
[Architectury Transformer DEBUG] Found class transformer
[Architectury Transformer DEBUG] Writing com/github/starcatcher21/stargazer/block/clases/moon/ForgetMeNow with maxs=true frames=true
[Architectury Transformer DEBUG] Transformed com/github/starcatcher21/stargazer/block/clases/moon/ForgetMeNow in 9.019 ms
[Architectury Transformer DEBUG] Transforming from com/github/starcatcher21/stargazer/block/register/StarBlocks.class to com/github/starcatcher21/stargazer/block/register/StarBlocks.class with 6 transformer(s) on dev.architectury.transformer.handler.TinyRemapperPreparedTransformerHandler
[Architectury Transformer DEBUG] Remapping with 1 mapping provider(s):
[Architectury Transformer DEBUG]  - dev.architectury.transformer.transformers.TransformNeoForgeEnvironment$$Lambda/0x000000002606ed78@85ec632
[Architectury Transformer DEBUG] Remapping Classes:
[Architectury Transformer DEBUG] net/fabricmc/api/EnvType -> net/neoforged/api/distmarker/Dist
[Architectury Transformer DEBUG] net/fabricmc/api/Environment -> net/neoforged/api/distmarker/OnlyIn
[Architectury Transformer DEBUG] Found class transformer
[Architectury Transformer DEBUG] Writing com/github/starcatcher21/stargazer/block/register/StarBlocks with maxs=true frames=true
[Architectury Transformer DEBUG] Transformed com/github/starcatcher21/stargazer/block/register/StarBlocks in 8.576 ms
[Architectury Transformer DEBUG] Transforming from com/github/starcatcher21/stargazer/block/clases/star/cosmic/CosmicBlock.class to com/github/starcatcher21/stargazer/block/clases/star/cosmic/CosmicBlock.class with 6 transformer(s) on dev.architectury.transformer.handler.TinyRemapperPreparedTransformerHandler
[Architectury Transformer DEBUG] Remapping with 1 mapping provider(s):
[Architectury Transformer DEBUG]  - dev.architectury.transformer.transformers.TransformNeoForgeEnvironment$$Lambda/0x000000002606ed78@85ec632
[Architectury Transformer DEBUG] Remapping Classes:
[Architectury Transformer DEBUG] net/fabricmc/api/EnvType -> net/neoforged/api/distmarker/Dist
[Architectury Transformer DEBUG] net/fabricmc/api/Environment -> net/neoforged/api/distmarker/OnlyIn
[Architectury Transformer DEBUG] Found class transformer
[Architectury Transformer DEBUG] Writing com/github/starcatcher21/stargazer/block/clases/star/cosmic/CosmicBlock with maxs=true frames=true
[Architectury Transformer DEBUG] Transformed com/github/starcatcher21/stargazer/block/clases/star/cosmic/CosmicBlock in 7.818 ms
[Architectury Transformer DEBUG] Transforming from com/github/starcatcher21/stargazer/block/clases/star/cosmic/CosmicBlockEntity.class to com/github/starcatcher21/stargazer/block/clases/star/cosmic/CosmicBlockEntity.class with 6 transformer(s) on dev.architectury.transformer.handler.TinyRemapperPreparedTransformerHandler
[Architectury Transformer DEBUG] Remapping with 1 mapping provider(s):
[Architectury Transformer DEBUG]  - dev.architectury.transformer.transformers.TransformNeoForgeEnvironment$$Lambda/0x000000002606ed78@85ec632
[Architectury Transformer DEBUG] Remapping Classes:
[Architectury Transformer DEBUG] net/fabricmc/api/EnvType -> net/neoforged/api/distmarker/Dist
[Architectury Transformer DEBUG] net/fabricmc/api/Environment -> net/neoforged/api/distmarker/OnlyIn
[Architectury Transformer DEBUG] Found class transformer
[Architectury Transformer DEBUG] Writing com/github/starcatcher21/stargazer/block/clases/star/cosmic/CosmicBlockEntity with maxs=true frames=true
[Architectury Transformer DEBUG] Transformed com/github/starcatcher21/stargazer/block/clases/star/cosmic/CosmicBlockEntity in 5.469 ms
[Architectury Transformer DEBUG] Transforming from com/github/starcatcher21/stargazer/sound/SoundGroups.class to com/github/starcatcher21/stargazer/sound/SoundGroups.class with 6 transformer(s) on dev.architectury.transformer.handler.TinyRemapperPreparedTransformerHandler
[Architectury Transformer DEBUG] Remapping with 1 mapping provider(s):
[Architectury Transformer DEBUG]  - dev.architectury.transformer.transformers.TransformNeoForgeEnvironment$$Lambda/0x000000002606ed78@85ec632
[Architectury Transformer DEBUG] Remapping Classes:
[Architectury Transformer DEBUG] net/fabricmc/api/EnvType -> net/neoforged/api/distmarker/Dist
[Architectury Transformer DEBUG] net/fabricmc/api/Environment -> net/neoforged/api/distmarker/OnlyIn
[Architectury Transformer DEBUG] Found class transformer
[Architectury Transformer DEBUG] Writing com/github/starcatcher21/stargazer/sound/SoundGroups with maxs=true frames=true
[Architectury Transformer DEBUG] Transformed com/github/starcatcher21/stargazer/sound/SoundGroups in 6.293 ms
[Architectury Transformer DEBUG] Transforming from com/github/starcatcher21/stargazer/sound/DeferredSoundType.class to com/github/starcatcher21/stargazer/sound/DeferredSoundType.class with 6 transformer(s) on dev.architectury.transformer.handler.TinyRemapperPreparedTransformerHandler
[Architectury Transformer DEBUG] Remapping with 1 mapping provider(s):
[Architectury Transformer DEBUG]  - dev.architectury.transformer.transformers.TransformNeoForgeEnvironment$$Lambda/0x000000002606ed78@85ec632
[Architectury Transformer DEBUG] Remapping Classes:
[Architectury Transformer DEBUG] net/fabricmc/api/EnvType -> net/neoforged/api/distmarker/Dist
[Architectury Transformer DEBUG] net/fabricmc/api/Environment -> net/neoforged/api/distmarker/OnlyIn
[Architectury Transformer DEBUG] Found class transformer
[Architectury Transformer DEBUG] Writing com/github/starcatcher21/stargazer/sound/DeferredSoundType with maxs=true frames=true
[Architectury Transformer DEBUG] Transformed com/github/starcatcher21/stargazer/sound/DeferredSoundType in 6.523 ms
[Architectury Transformer DEBUG] Transforming from com/github/starcatcher21/stargazer/block/clases/star/barrier/StarBarrierBlock.class to com/github/starcatcher21/stargazer/block/clases/star/barrier/StarBarrierBlock.class with 6 transformer(s) on dev.architectury.transformer.handler.TinyRemapperPreparedTransformerHandler
[Architectury Transformer DEBUG] Remapping with 1 mapping provider(s):
[Architectury Transformer DEBUG]  - dev.architectury.transformer.transformers.TransformNeoForgeEnvironment$$Lambda/0x000000002606ed78@85ec632
[Architectury Transformer DEBUG] Remapping Classes:
[Architectury Transformer DEBUG] net/fabricmc/api/EnvType -> net/neoforged/api/distmarker/Dist
[Architectury Transformer DEBUG] net/fabricmc/api/Environment -> net/neoforged/api/distmarker/OnlyIn
[Architectury Transformer DEBUG] Found class transformer
[Architectury Transformer DEBUG] Writing com/github/starcatcher21/stargazer/block/clases/star/barrier/StarBarrierBlock with maxs=true frames=true
[Architectury Transformer DEBUG] Transformed com/github/starcatcher21/stargazer/block/clases/star/barrier/StarBarrierBlock in 5.627 ms
[Architectury Transformer DEBUG] Transforming from com/github/starcatcher21/stargazer/block/clases/star/barrier/StarBarrierBlockEntity.class to com/github/starcatcher21/stargazer/block/clases/star/barrier/StarBarrierBlockEntity.class with 6 transformer(s) on dev.architectury.transformer.handler.TinyRemapperPreparedTransformerHandler
[Architectury Transformer DEBUG] Remapping with 1 mapping provider(s):
[Architectury Transformer DEBUG]  - dev.architectury.transformer.transformers.TransformNeoForgeEnvironment$$Lambda/0x000000002606ed78@85ec632
[Architectury Transformer DEBUG] Remapping Classes:
[Architectury Transformer DEBUG] net/fabricmc/api/EnvType -> net/neoforged/api/distmarker/Dist
[Architectury Transformer DEBUG] net/fabricmc/api/Environment -> net/neoforged/api/distmarker/OnlyIn
[Architectury Transformer DEBUG] Found class transformer
[Architectury Transformer DEBUG] Writing com/github/starcatcher21/stargazer/block/clases/star/barrier/StarBarrierBlockEntity with maxs=true frames=true
[Architectury Transformer DEBUG] Transformed com/github/starcatcher21/stargazer/block/clases/star/barrier/StarBarrierBlockEntity in 4.442 ms
[Architectury Transformer DEBUG] Transforming from com/github/starcatcher21/stargazer/block/clases/star/border/BorderBlock.class to com/github/starcatcher21/stargazer/block/clases/star/border/BorderBlock.class with 6 transformer(s) on dev.architectury.transformer.handler.TinyRemapperPreparedTransformerHandler
[Architectury Transformer DEBUG] Remapping with 1 mapping provider(s):
[Architectury Transformer DEBUG]  - dev.architectury.transformer.transformers.TransformNeoForgeEnvironment$$Lambda/0x000000002606ed78@85ec632
[Architectury Transformer DEBUG] Remapping Classes:
[Architectury Transformer DEBUG] net/fabricmc/api/EnvType -> net/neoforged/api/distmarker/Dist
[Architectury Transformer DEBUG] net/fabricmc/api/Environment -> net/neoforged/api/distmarker/OnlyIn
[Architectury Transformer DEBUG] Found class transformer
[Architectury Transformer DEBUG] Writing com/github/starcatcher21/stargazer/block/clases/star/border/BorderBlock with maxs=true frames=true
[Architectury Transformer DEBUG] Transformed com/github/starcatcher21/stargazer/block/clases/star/border/BorderBlock in 4.393 ms
[Architectury Transformer DEBUG] Transforming from com/github/starcatcher21/stargazer/block/clases/star/border/BorderBlockEntity.class to com/github/starcatcher21/stargazer/block/clases/star/border/BorderBlockEntity.class with 6 transformer(s) on dev.architectury.transformer.handler.TinyRemapperPreparedTransformerHandler
[Architectury Transformer DEBUG] Remapping with 1 mapping provider(s):
[Architectury Transformer DEBUG]  - dev.architectury.transformer.transformers.TransformNeoForgeEnvironment$$Lambda/0x000000002606ed78@85ec632
[Architectury Transformer DEBUG] Remapping Classes:
[Architectury Transformer DEBUG] net/fabricmc/api/EnvType -> net/neoforged/api/distmarker/Dist
[Architectury Transformer DEBUG] net/fabricmc/api/Environment -> net/neoforged/api/distmarker/OnlyIn
[Architectury Transformer DEBUG] Found class transformer
[Architectury Transformer DEBUG] Writing com/github/starcatcher21/stargazer/block/clases/star/border/BorderBlockEntity with maxs=true frames=true
[Architectury Transformer DEBUG] Transformed com/github/starcatcher21/stargazer/block/clases/star/border/BorderBlockEntity in 4.764 ms
[Architectury Transformer DEBUG] Transforming from com/github/starcatcher21/stargazer/block/clases/star/log/StarLog.class to com/github/starcatcher21/stargazer/block/clases/star/log/StarLog.class with 6 transformer(s) on dev.architectury.transformer.handler.TinyRemapperPreparedTransformerHandler
[Architectury Transformer DEBUG] Remapping with 1 mapping provider(s):
[Architectury Transformer DEBUG]  - dev.architectury.transformer.transformers.TransformNeoForgeEnvironment$$Lambda/0x000000002606ed78@85ec632
[Architectury Transformer DEBUG] Remapping Classes:
[Architectury Transformer DEBUG] net/fabricmc/api/EnvType -> net/neoforged/api/distmarker/Dist
[Architectury Transformer DEBUG] net/fabricmc/api/Environment -> net/neoforged/api/distmarker/OnlyIn
[Architectury Transformer DEBUG] Found class transformer
[Architectury Transformer DEBUG] Writing com/github/starcatcher21/stargazer/block/clases/star/log/StarLog with maxs=true frames=true
[Architectury Transformer DEBUG] Transformed com/github/starcatcher21/stargazer/block/clases/star/log/StarLog in 5.723 ms
[Architectury Transformer DEBUG] Transforming from com/github/starcatcher21/stargazer/block/clases/star/log/StrippedStarLog.class to com/github/starcatcher21/stargazer/block/clases/star/log/StrippedStarLog.class with 6 transformer(s) on dev.architectury.transformer.handler.TinyRemapperPreparedTransformerHandler
[Architectury Transformer DEBUG] Remapping with 1 mapping provider(s):
[Architectury Transformer DEBUG]  - dev.architectury.transformer.transformers.TransformNeoForgeEnvironment$$Lambda/0x000000002606ed78@85ec632
[Architectury Transformer DEBUG] Remapping Classes:
[Architectury Transformer DEBUG] net/fabricmc/api/EnvType -> net/neoforged/api/distmarker/Dist
[Architectury Transformer DEBUG] net/fabricmc/api/Environment -> net/neoforged/api/distmarker/OnlyIn
[Architectury Transformer DEBUG] Found class transformer
[Architectury Transformer DEBUG] Writing com/github/starcatcher21/stargazer/block/clases/star/log/StrippedStarLog with maxs=true frames=true
[Architectury Transformer DEBUG] Transformed com/github/starcatcher21/stargazer/block/clases/star/log/StrippedStarLog in 5.136 ms
[Architectury Transformer DEBUG] Transforming from com/github/starcatcher21/stargazer/block/clases/star/leaves/StarLeaves.class to com/github/starcatcher21/stargazer/block/clases/star/leaves/StarLeaves.class with 6 transformer(s) on dev.architectury.transformer.handler.TinyRemapperPreparedTransformerHandler
[Architectury Transformer DEBUG] Remapping with 1 mapping provider(s):
[Architectury Transformer DEBUG]  - dev.architectury.transformer.transformers.TransformNeoForgeEnvironment$$Lambda/0x000000002606ed78@85ec632
[Architectury Transformer DEBUG] Remapping Classes:
[Architectury Transformer DEBUG] net/fabricmc/api/EnvType -> net/neoforged/api/distmarker/Dist
[Architectury Transformer DEBUG] net/fabricmc/api/Environment -> net/neoforged/api/distmarker/OnlyIn
[Architectury Transformer DEBUG] Found class transformer
[Architectury Transformer DEBUG] Writing com/github/starcatcher21/stargazer/block/clases/star/leaves/StarLeaves with maxs=true frames=true
[Architectury Transformer DEBUG] Transformed com/github/starcatcher21/stargazer/block/clases/star/leaves/StarLeaves in 5.319 ms
[Architectury Transformer DEBUG] Transforming from com/github/starcatcher21/stargazer/block/clases/star/leaves/StarLeavesEntity.class to com/github/starcatcher21/stargazer/block/clases/star/leaves/StarLeavesEntity.class with 6 transformer(s) on dev.architectury.transformer.handler.TinyRemapperPreparedTransformerHandler
[Architectury Transformer DEBUG] Remapping with 1 mapping provider(s):
[Architectury Transformer DEBUG]  - dev.architectury.transformer.transformers.TransformNeoForgeEnvironment$$Lambda/0x000000002606ed78@85ec632
[Architectury Transformer DEBUG] Remapping Classes:
[Architectury Transformer DEBUG] net/fabricmc/api/EnvType -> net/neoforged/api/distmarker/Dist
[Architectury Transformer DEBUG] net/fabricmc/api/Environment -> net/neoforged/api/distmarker/OnlyIn
[Architectury Transformer DEBUG] Found class transformer
[Architectury Transformer DEBUG] Writing com/github/starcatcher21/stargazer/block/clases/star/leaves/StarLeavesEntity with maxs=true frames=true
[Architectury Transformer DEBUG] Transformed com/github/starcatcher21/stargazer/block/clases/star/leaves/StarLeavesEntity in 4.211 ms
[Architectury Transformer DEBUG] Transforming from com/github/starcatcher21/stargazer/block/clases/star/aurora/Aurora.class to com/github/starcatcher21/stargazer/block/clases/star/aurora/Aurora.class with 6 transformer(s) on dev.architectury.transformer.handler.TinyRemapperPreparedTransformerHandler
[Architectury Transformer DEBUG] Remapping with 1 mapping provider(s):
[Architectury Transformer DEBUG]  - dev.architectury.transformer.transformers.TransformNeoForgeEnvironment$$Lambda/0x000000002606ed78@85ec632
[Architectury Transformer DEBUG] Remapping Classes:
[Architectury Transformer DEBUG] net/fabricmc/api/EnvType -> net/neoforged/api/distmarker/Dist
[Architectury Transformer DEBUG] net/fabricmc/api/Environment -> net/neoforged/api/distmarker/OnlyIn
[Architectury Transformer DEBUG] Found class transformer
[Architectury Transformer DEBUG] Writing com/github/starcatcher21/stargazer/block/clases/star/aurora/Aurora with maxs=true frames=true
[Architectury Transformer DEBUG] Transformed com/github/starcatcher21/stargazer/block/clases/star/aurora/Aurora in 5.965 ms
[Architectury Transformer DEBUG] Transforming from com/github/starcatcher21/stargazer/block/clases/star/aurora/AuroraEntity.class to com/github/starcatcher21/stargazer/block/clases/star/aurora/AuroraEntity.class with 6 transformer(s) on dev.architectury.transformer.handler.TinyRemapperPreparedTransformerHandler
[Architectury Transformer DEBUG] Remapping with 1 mapping provider(s):
[Architectury Transformer DEBUG]  - dev.architectury.transformer.transformers.TransformNeoForgeEnvironment$$Lambda/0x000000002606ed78@85ec632
[Architectury Transformer DEBUG] Remapping Classes:
[Architectury Transformer DEBUG] net/fabricmc/api/EnvType -> net/neoforged/api/distmarker/Dist
[Architectury Transformer DEBUG] net/fabricmc/api/Environment -> net/neoforged/api/distmarker/OnlyIn
[Architectury Transformer DEBUG] Found class transformer
[Architectury Transformer DEBUG] Writing com/github/starcatcher21/stargazer/block/clases/star/aurora/AuroraEntity with maxs=true frames=true
[Architectury Transformer DEBUG] Transformed com/github/starcatcher21/stargazer/block/clases/star/aurora/AuroraEntity in 5.723 ms
[Architectury Transformer DEBUG] Transforming from com/github/starcatcher21/stargazer/block/clases/star/star_display/StarDisplay.class to com/github/starcatcher21/stargazer/block/clases/star/star_display/StarDisplay.class with 6 transformer(s) on dev.architectury.transformer.handler.TinyRemapperPreparedTransformerHandler
[Architectury Transformer DEBUG] Remapping with 1 mapping provider(s):
[Architectury Transformer DEBUG]  - dev.architectury.transformer.transformers.TransformNeoForgeEnvironment$$Lambda/0x000000002606ed78@85ec632
[Architectury Transformer DEBUG] Remapping Classes:
[Architectury Transformer DEBUG] net/fabricmc/api/EnvType -> net/neoforged/api/distmarker/Dist
[Architectury Transformer DEBUG] net/fabricmc/api/Environment -> net/neoforged/api/distmarker/OnlyIn
[Architectury Transformer DEBUG] Found class transformer
[Architectury Transformer DEBUG] Writing com/github/starcatcher21/stargazer/block/clases/star/star_display/StarDisplay with maxs=true frames=true
[Architectury Transformer DEBUG] Transformed com/github/starcatcher21/stargazer/block/clases/star/star_display/StarDisplay in 5.762 ms
[Architectury Transformer DEBUG] Transforming from com/github/starcatcher21/stargazer/block/clases/star/star_display/StarDisplayEntity.class to com/github/starcatcher21/stargazer/block/clases/star/star_display/StarDisplayEntity.class with 6 transformer(s) on dev.architectury.transformer.handler.TinyRemapperPreparedTransformerHandler
[Architectury Transformer DEBUG] Remapping with 1 mapping provider(s):
[Architectury Transformer DEBUG]  - dev.architectury.transformer.transformers.TransformNeoForgeEnvironment$$Lambda/0x000000002606ed78@85ec632
[Architectury Transformer DEBUG] Remapping Classes:
[Architectury Transformer DEBUG] net/fabricmc/api/EnvType -> net/neoforged/api/distmarker/Dist
[Architectury Transformer DEBUG] net/fabricmc/api/Environment -> net/neoforged/api/distmarker/OnlyIn
[Architectury Transformer DEBUG] Found class transformer
[Architectury Transformer DEBUG] Writing com/github/starcatcher21/stargazer/block/clases/star/star_display/StarDisplayEntity with maxs=true frames=true
[Architectury Transformer DEBUG] Transformed com/github/starcatcher21/stargazer/block/clases/star/star_display/StarDisplayEntity in 7.007 ms
[Architectury Transformer DEBUG] Transforming from com/github/starcatcher21/stargazer/block/register/EyeBloodBlocks.class to com/github/starcatcher21/stargazer/block/register/EyeBloodBlocks.class with 6 transformer(s) on dev.architectury.transformer.handler.TinyRemapperPreparedTransformerHandler
[Architectury Transformer DEBUG] Remapping with 1 mapping provider(s):
[Architectury Transformer DEBUG]  - dev.architectury.transformer.transformers.TransformNeoForgeEnvironment$$Lambda/0x000000002606ed78@85ec632
[Architectury Transformer DEBUG] Remapping Classes:
[Architectury Transformer DEBUG] net/fabricmc/api/EnvType -> net/neoforged/api/distmarker/Dist
[Architectury Transformer DEBUG] net/fabricmc/api/Environment -> net/neoforged/api/distmarker/OnlyIn
[Architectury Transformer DEBUG] Found class transformer
[Architectury Transformer DEBUG] Writing com/github/starcatcher21/stargazer/block/register/EyeBloodBlocks with maxs=true frames=true
[Architectury Transformer DEBUG] Transformed com/github/starcatcher21/stargazer/block/register/EyeBloodBlocks in 6.109 ms
[Architectury Transformer DEBUG] Transforming from com/github/starcatcher21/stargazer/block/clases/eyes/EyeLog.class to com/github/starcatcher21/stargazer/block/clases/eyes/EyeLog.class with 6 transformer(s) on dev.architectury.transformer.handler.TinyRemapperPreparedTransformerHandler
[Architectury Transformer DEBUG] Remapping with 1 mapping provider(s):
[Architectury Transformer DEBUG]  - dev.architectury.transformer.transformers.TransformNeoForgeEnvironment$$Lambda/0x000000002606ed78@85ec632
[Architectury Transformer DEBUG] Remapping Classes:
[Architectury Transformer DEBUG] net/fabricmc/api/EnvType -> net/neoforged/api/distmarker/Dist
[Architectury Transformer DEBUG] net/fabricmc/api/Environment -> net/neoforged/api/distmarker/OnlyIn
[Architectury Transformer DEBUG] Found class transformer
[Architectury Transformer DEBUG] Writing com/github/starcatcher21/stargazer/block/clases/eyes/EyeLog with maxs=true frames=true
[Architectury Transformer DEBUG] Transformed com/github/starcatcher21/stargazer/block/clases/eyes/EyeLog in 7.133 ms
[Architectury Transformer DEBUG] Transforming from com/github/starcatcher21/stargazer/block/clases/eyes/StrippedEyeLog.class to com/github/starcatcher21/stargazer/block/clases/eyes/StrippedEyeLog.class with 6 transformer(s) on dev.architectury.transformer.handler.TinyRemapperPreparedTransformerHandler
[Architectury Transformer DEBUG] Remapping with 1 mapping provider(s):
[Architectury Transformer DEBUG]  - dev.architectury.transformer.transformers.TransformNeoForgeEnvironment$$Lambda/0x000000002606ed78@85ec632
[Architectury Transformer DEBUG] Remapping Classes:
[Architectury Transformer DEBUG] net/fabricmc/api/EnvType -> net/neoforged/api/distmarker/Dist
[Architectury Transformer DEBUG] net/fabricmc/api/Environment -> net/neoforged/api/distmarker/OnlyIn
[Architectury Transformer DEBUG] Found class transformer
[Architectury Transformer DEBUG] Writing com/github/starcatcher21/stargazer/block/clases/eyes/StrippedEyeLog with maxs=true frames=true
[Architectury Transformer DEBUG] Transformed com/github/starcatcher21/stargazer/block/clases/eyes/StrippedEyeLog in 5.247 ms
[Architectury Transformer DEBUG] Transforming from com/github/starcatcher21/stargazer/block/clases/eyes/eyejar/EyeJar.class to com/github/starcatcher21/stargazer/block/clases/eyes/eyejar/EyeJar.class with 6 transformer(s) on dev.architectury.transformer.handler.TinyRemapperPreparedTransformerHandler
[Architectury Transformer DEBUG] Remapping with 1 mapping provider(s):
[Architectury Transformer DEBUG]  - dev.architectury.transformer.transformers.TransformNeoForgeEnvironment$$Lambda/0x000000002606ed78@85ec632
[Architectury Transformer DEBUG] Remapping Classes:
[Architectury Transformer DEBUG] net/fabricmc/api/EnvType -> net/neoforged/api/distmarker/Dist
[Architectury Transformer DEBUG] net/fabricmc/api/Environment -> net/neoforged/api/distmarker/OnlyIn
[Architectury Transformer DEBUG] Found class transformer
[Architectury Transformer DEBUG] Writing com/github/starcatcher21/stargazer/block/clases/eyes/eyejar/EyeJar with maxs=true frames=true
[Architectury Transformer DEBUG] Transformed com/github/starcatcher21/stargazer/block/clases/eyes/eyejar/EyeJar in 3.493 ms
[Architectury Transformer DEBUG] Transforming from com/github/starcatcher21/stargazer/block/clases/eyes/eyejar/EyeJarEntity.class to com/github/starcatcher21/stargazer/block/clases/eyes/eyejar/EyeJarEntity.class with 6 transformer(s) on dev.architectury.transformer.handler.TinyRemapperPreparedTransformerHandler
[Architectury Transformer DEBUG] Remapping with 1 mapping provider(s):
[Architectury Transformer DEBUG]  - dev.architectury.transformer.transformers.TransformNeoForgeEnvironment$$Lambda/0x000000002606ed78@85ec632
[Architectury Transformer DEBUG] Remapping Classes:
[Architectury Transformer DEBUG] net/fabricmc/api/EnvType -> net/neoforged/api/distmarker/Dist
[Architectury Transformer DEBUG] net/fabricmc/api/Environment -> net/neoforged/api/distmarker/OnlyIn
[Architectury Transformer DEBUG] Found class transformer
[Architectury Transformer DEBUG] Writing com/github/starcatcher21/stargazer/block/clases/eyes/eyejar/EyeJarEntity with maxs=true frames=true
[Architectury Transformer DEBUG] Transformed com/github/starcatcher21/stargazer/block/clases/eyes/eyejar/EyeJarEntity in 3.937 ms
[Architectury Transformer DEBUG] Transforming from com/github/starcatcher21/stargazer/block/clases/eyes/EyeFern.class to com/github/starcatcher21/stargazer/block/clases/eyes/EyeFern.class with 6 transformer(s) on dev.architectury.transformer.handler.TinyRemapperPreparedTransformerHandler
[Architectury Transformer DEBUG] Remapping with 1 mapping provider(s):
[Architectury Transformer DEBUG]  - dev.architectury.transformer.transformers.TransformNeoForgeEnvironment$$Lambda/0x000000002606ed78@85ec632
[Architectury Transformer DEBUG] Remapping Classes:
[Architectury Transformer DEBUG] net/fabricmc/api/EnvType -> net/neoforged/api/distmarker/Dist
[Architectury Transformer DEBUG] net/fabricmc/api/Environment -> net/neoforged/api/distmarker/OnlyIn
[Architectury Transformer DEBUG] Found class transformer
[Architectury Transformer DEBUG] Writing com/github/starcatcher21/stargazer/block/clases/eyes/EyeFern with maxs=true frames=true
[Architectury Transformer DEBUG] Transformed com/github/starcatcher21/stargazer/block/clases/eyes/EyeFern in 4.334 ms
[Architectury Transformer DEBUG] Transforming from com/github/starcatcher21/stargazer/block/clases/eyes/Eyes.class to com/github/starcatcher21/stargazer/block/clases/eyes/Eyes.class with 6 transformer(s) on dev.architectury.transformer.handler.TinyRemapperPreparedTransformerHandler
[Architectury Transformer DEBUG] Remapping with 1 mapping provider(s):
[Architectury Transformer DEBUG]  - dev.architectury.transformer.transformers.TransformNeoForgeEnvironment$$Lambda/0x000000002606ed78@85ec632
[Architectury Transformer DEBUG] Remapping Classes:
[Architectury Transformer DEBUG] net/fabricmc/api/EnvType -> net/neoforged/api/distmarker/Dist
[Architectury Transformer DEBUG] net/fabricmc/api/Environment -> net/neoforged/api/distmarker/OnlyIn
[Architectury Transformer DEBUG] Found class transformer
[Architectury Transformer DEBUG] Writing com/github/starcatcher21/stargazer/block/clases/eyes/Eyes with maxs=true frames=true
[Architectury Transformer DEBUG] Transformed com/github/starcatcher21/stargazer/block/clases/eyes/Eyes in 5.048 ms
[Architectury Transformer DEBUG] Transforming from com/github/starcatcher21/stargazer/block/register/Crops.class to com/github/starcatcher21/stargazer/block/register/Crops.class with 6 transformer(s) on dev.architectury.transformer.handler.TinyRemapperPreparedTransformerHandler
[Architectury Transformer DEBUG] Remapping with 1 mapping provider(s):
[Architectury Transformer DEBUG]  - dev.architectury.transformer.transformers.TransformNeoForgeEnvironment$$Lambda/0x000000002606ed78@85ec632
[Architectury Transformer DEBUG] Remapping Classes:
[Architectury Transformer DEBUG] net/fabricmc/api/EnvType -> net/neoforged/api/distmarker/Dist
[Architectury Transformer DEBUG] net/fabricmc/api/Environment -> net/neoforged/api/distmarker/OnlyIn
[Architectury Transformer DEBUG] Found class transformer
[Architectury Transformer DEBUG] Writing com/github/starcatcher21/stargazer/block/register/Crops with maxs=true frames=true
[Architectury Transformer DEBUG] Transformed com/github/starcatcher21/stargazer/block/register/Crops in 4.940 ms
[Architectury Transformer DEBUG] Transforming from com/github/starcatcher21/stargazer/block/clases/moon/plants/MoonCrop.class to com/github/starcatcher21/stargazer/block/clases/moon/plants/MoonCrop.class with 6 transformer(s) on dev.architectury.transformer.handler.TinyRemapperPreparedTransformerHandler
[Architectury Transformer DEBUG] Remapping with 1 mapping provider(s):
[Architectury Transformer DEBUG]  - dev.architectury.transformer.transformers.TransformNeoForgeEnvironment$$Lambda/0x000000002606ed78@85ec632
[Architectury Transformer DEBUG] Remapping Classes:
[Architectury Transformer DEBUG] net/fabricmc/api/EnvType -> net/neoforged/api/distmarker/Dist
[Architectury Transformer DEBUG] net/fabricmc/api/Environment -> net/neoforged/api/distmarker/OnlyIn
[Architectury Transformer DEBUG] Found class transformer
[Architectury Transformer DEBUG] Writing com/github/starcatcher21/stargazer/block/clases/moon/plants/MoonCrop with maxs=true frames=true
[Architectury Transformer DEBUG] Transformed com/github/starcatcher21/stargazer/block/clases/moon/plants/MoonCrop in 7.960 ms
[Architectury Transformer DEBUG] Transforming from com/github/starcatcher21/stargazer/block/clases/moon/plants/GiantDragonCarrot.class to com/github/starcatcher21/stargazer/block/clases/moon/plants/GiantDragonCarrot.class with 6 transformer(s) on dev.architectury.transformer.handler.TinyRemapperPreparedTransformerHandler
[Architectury Transformer DEBUG] Remapping with 1 mapping provider(s):
[Architectury Transformer DEBUG]  - dev.architectury.transformer.transformers.TransformNeoForgeEnvironment$$Lambda/0x000000002606ed78@85ec632
[Architectury Transformer DEBUG] Remapping Classes:
[Architectury Transformer DEBUG] net/fabricmc/api/EnvType -> net/neoforged/api/distmarker/Dist
[Architectury Transformer DEBUG] net/fabricmc/api/Environment -> net/neoforged/api/distmarker/OnlyIn
[Architectury Transformer DEBUG] Found class transformer
[Architectury Transformer DEBUG] Writing com/github/starcatcher21/stargazer/block/clases/moon/plants/GiantDragonCarrot with maxs=true frames=true
[Architectury Transformer DEBUG] Transformed com/github/starcatcher21/stargazer/block/clases/moon/plants/GiantDragonCarrot in 6.547 ms
[Architectury Transformer DEBUG] Transforming from com/github/starcatcher21/stargazer/block/clases/moon/plants/GiantCrop.class to com/github/starcatcher21/stargazer/block/clases/moon/plants/GiantCrop.class with 6 transformer(s) on dev.architectury.transformer.handler.TinyRemapperPreparedTransformerHandler
[Architectury Transformer DEBUG] Remapping with 1 mapping provider(s):
[Architectury Transformer DEBUG]  - dev.architectury.transformer.transformers.TransformNeoForgeEnvironment$$Lambda/0x000000002606ed78@85ec632
[Architectury Transformer DEBUG] Remapping Classes:
[Architectury Transformer DEBUG] net/fabricmc/api/EnvType -> net/neoforged/api/distmarker/Dist
[Architectury Transformer DEBUG] net/fabricmc/api/Environment -> net/neoforged/api/distmarker/OnlyIn
[Architectury Transformer DEBUG] Found class transformer
[Architectury Transformer DEBUG] Writing com/github/starcatcher21/stargazer/block/clases/moon/plants/GiantCrop with maxs=true frames=true
[Architectury Transformer DEBUG] Transformed com/github/starcatcher21/stargazer/block/clases/moon/plants/GiantCrop in 6.859 ms
[Architectury Transformer DEBUG] Transforming from com/github/starcatcher21/stargazer/block/register/Crops$1.class to com/github/starcatcher21/stargazer/block/register/Crops$1.class with 6 transformer(s) on dev.architectury.transformer.handler.TinyRemapperPreparedTransformerHandler
[Architectury Transformer DEBUG] Remapping with 1 mapping provider(s):
[Architectury Transformer DEBUG]  - dev.architectury.transformer.transformers.TransformNeoForgeEnvironment$$Lambda/0x000000002606ed78@85ec632
[Architectury Transformer DEBUG] Remapping Classes:
[Architectury Transformer DEBUG] net/fabricmc/api/EnvType -> net/neoforged/api/distmarker/Dist
[Architectury Transformer DEBUG] net/fabricmc/api/Environment -> net/neoforged/api/distmarker/OnlyIn
[Architectury Transformer DEBUG] Found class transformer
[Architectury Transformer DEBUG] Writing com/github/starcatcher21/stargazer/block/register/Crops$1 with maxs=true frames=true
[Architectury Transformer DEBUG] Transformed com/github/starcatcher21/stargazer/block/register/Crops$1 in 6.270 ms
[Architectury Transformer DEBUG] Transforming from com/github/starcatcher21/stargazer/block/register/Darkness.class to com/github/starcatcher21/stargazer/block/register/Darkness.class with 6 transformer(s) on dev.architectury.transformer.handler.TinyRemapperPreparedTransformerHandler
[Architectury Transformer DEBUG] Remapping with 1 mapping provider(s):
[Architectury Transformer DEBUG]  - dev.architectury.transformer.transformers.TransformNeoForgeEnvironment$$Lambda/0x000000002606ed78@85ec632
[Architectury Transformer DEBUG] Remapping Classes:
[Architectury Transformer DEBUG] net/fabricmc/api/EnvType -> net/neoforged/api/distmarker/Dist
[Architectury Transformer DEBUG] net/fabricmc/api/Environment -> net/neoforged/api/distmarker/OnlyIn
[Architectury Transformer DEBUG] Found class transformer
[Architectury Transformer DEBUG] Writing com/github/starcatcher21/stargazer/block/register/Darkness with maxs=true frames=true
[Architectury Transformer DEBUG] Transformed com/github/starcatcher21/stargazer/block/register/Darkness in 7.432 ms
[Architectury Transformer DEBUG] Transforming from com/github/starcatcher21/stargazer/block/register/Nebulas.class to com/github/starcatcher21/stargazer/block/register/Nebulas.class with 6 transformer(s) on dev.architectury.transformer.handler.TinyRemapperPreparedTransformerHandler
[Architectury Transformer DEBUG] Remapping with 1 mapping provider(s):
[Architectury Transformer DEBUG]  - dev.architectury.transformer.transformers.TransformNeoForgeEnvironment$$Lambda/0x000000002606ed78@85ec632
[Architectury Transformer DEBUG] Remapping Classes:
[Architectury Transformer DEBUG] net/fabricmc/api/EnvType -> net/neoforged/api/distmarker/Dist
[Architectury Transformer DEBUG] net/fabricmc/api/Environment -> net/neoforged/api/distmarker/OnlyIn
[Architectury Transformer DEBUG] Found class transformer
[Architectury Transformer DEBUG] Writing com/github/starcatcher21/stargazer/block/register/Nebulas with maxs=true frames=true
[Architectury Transformer DEBUG] Transformed com/github/starcatcher21/stargazer/block/register/Nebulas in 7.660 ms
[Architectury Transformer DEBUG] Transforming from com/github/starcatcher21/stargazer/block/clases/nebulas/NebulaLeaves.class to com/github/starcatcher21/stargazer/block/clases/nebulas/NebulaLeaves.class with 6 transformer(s) on dev.architectury.transformer.handler.TinyRemapperPreparedTransformerHandler
[Architectury Transformer DEBUG] Remapping with 1 mapping provider(s):
[Architectury Transformer DEBUG]  - dev.architectury.transformer.transformers.TransformNeoForgeEnvironment$$Lambda/0x000000002606ed78@85ec632
[Architectury Transformer DEBUG] Remapping Classes:
[Architectury Transformer DEBUG] net/fabricmc/api/EnvType -> net/neoforged/api/distmarker/Dist
[Architectury Transformer DEBUG] net/fabricmc/api/Environment -> net/neoforged/api/distmarker/OnlyIn
[Architectury Transformer DEBUG] Found class transformer
[Architectury Transformer DEBUG] Writing com/github/starcatcher21/stargazer/block/clases/nebulas/NebulaLeaves with maxs=true frames=true
[Architectury Transformer DEBUG] Transformed com/github/starcatcher21/stargazer/block/clases/nebulas/NebulaLeaves in 7.598 ms
[Architectury Transformer DEBUG] Transforming from com/github/starcatcher21/stargazer/block/clases/nebulas/NebulaCore.class to com/github/starcatcher21/stargazer/block/clases/nebulas/NebulaCore.class with 6 transformer(s) on dev.architectury.transformer.handler.TinyRemapperPreparedTransformerHandler
[Architectury Transformer DEBUG] Remapping with 1 mapping provider(s):
[Architectury Transformer DEBUG]  - dev.architectury.transformer.transformers.TransformNeoForgeEnvironment$$Lambda/0x000000002606ed78@85ec632
[Architectury Transformer DEBUG] Remapping Classes:
[Architectury Transformer DEBUG] net/fabricmc/api/EnvType -> net/neoforged/api/distmarker/Dist
[Architectury Transformer DEBUG] net/fabricmc/api/Environment -> net/neoforged/api/distmarker/OnlyIn
[Architectury Transformer DEBUG] Found class transformer
[Architectury Transformer DEBUG] Writing com/github/starcatcher21/stargazer/block/clases/nebulas/NebulaCore with maxs=true frames=true
[Architectury Transformer DEBUG] Transformed com/github/starcatcher21/stargazer/block/clases/nebulas/NebulaCore in 5.239 ms
[Architectury Transformer DEBUG] Transforming from com/github/starcatcher21/stargazer/block/register/Chess.class to com/github/starcatcher21/stargazer/block/register/Chess.class with 6 transformer(s) on dev.architectury.transformer.handler.TinyRemapperPreparedTransformerHandler
[Architectury Transformer DEBUG] Remapping with 1 mapping provider(s):
[Architectury Transformer DEBUG]  - dev.architectury.transformer.transformers.TransformNeoForgeEnvironment$$Lambda/0x000000002606ed78@85ec632
[Architectury Transformer DEBUG] Remapping Classes:
[Architectury Transformer DEBUG] net/fabricmc/api/EnvType -> net/neoforged/api/distmarker/Dist
[Architectury Transformer DEBUG] net/fabricmc/api/Environment -> net/neoforged/api/distmarker/OnlyIn
[Architectury Transformer DEBUG] Found class transformer
[Architectury Transformer DEBUG] Writing com/github/starcatcher21/stargazer/block/register/Chess with maxs=true frames=true
[Architectury Transformer DEBUG] Transformed com/github/starcatcher21/stargazer/block/register/Chess in 5.567 ms
[Architectury Transformer DEBUG] Transforming from com/github/starcatcher21/stargazer/block/clases/Chessboard.class to com/github/starcatcher21/stargazer/block/clases/Chessboard.class with 6 transformer(s) on dev.architectury.transformer.handler.TinyRemapperPreparedTransformerHandler
[Architectury Transformer DEBUG] Remapping with 1 mapping provider(s):
[Architectury Transformer DEBUG]  - dev.architectury.transformer.transformers.TransformNeoForgeEnvironment$$Lambda/0x000000002606ed78@85ec632
[Architectury Transformer DEBUG] Remapping Classes:
[Architectury Transformer DEBUG] net/fabricmc/api/EnvType -> net/neoforged/api/distmarker/Dist
[Architectury Transformer DEBUG] net/fabricmc/api/Environment -> net/neoforged/api/distmarker/OnlyIn
[Architectury Transformer DEBUG] Found class transformer
[Architectury Transformer DEBUG] Writing com/github/starcatcher21/stargazer/block/clases/Chessboard with maxs=true frames=true
[Architectury Transformer DEBUG] Transformed com/github/starcatcher21/stargazer/block/clases/Chessboard in 6.964 ms
[Architectury Transformer DEBUG] Transforming from com/github/starcatcher21/stargazer/block/register/RedOrbBlocks.class to com/github/starcatcher21/stargazer/block/register/RedOrbBlocks.class with 6 transformer(s) on dev.architectury.transformer.handler.TinyRemapperPreparedTransformerHandler
[Architectury Transformer DEBUG] Remapping with 1 mapping provider(s):
[Architectury Transformer DEBUG]  - dev.architectury.transformer.transformers.TransformNeoForgeEnvironment$$Lambda/0x000000002606ed78@85ec632
[Architectury Transformer DEBUG] Remapping Classes:
[Architectury Transformer DEBUG] net/fabricmc/api/EnvType -> net/neoforged/api/distmarker/Dist
[Architectury Transformer DEBUG] net/fabricmc/api/Environment -> net/neoforged/api/distmarker/OnlyIn
[Architectury Transformer DEBUG] Found class transformer
[Architectury Transformer DEBUG] Writing com/github/starcatcher21/stargazer/block/register/RedOrbBlocks with maxs=true frames=true
[Architectury Transformer DEBUG] Transformed com/github/starcatcher21/stargazer/block/register/RedOrbBlocks in 6.166 ms
[Architectury Transformer DEBUG] Transforming from com/github/starcatcher21/stargazer/block/clases/OrbFlower.class to com/github/starcatcher21/stargazer/block/clases/OrbFlower.class with 6 transformer(s) on dev.architectury.transformer.handler.TinyRemapperPreparedTransformerHandler
[Architectury Transformer DEBUG] Remapping with 1 mapping provider(s):
[Architectury Transformer DEBUG]  - dev.architectury.transformer.transformers.TransformNeoForgeEnvironment$$Lambda/0x000000002606ed78@85ec632
[Architectury Transformer DEBUG] Remapping Classes:
[Architectury Transformer DEBUG] net/fabricmc/api/EnvType -> net/neoforged/api/distmarker/Dist
[Architectury Transformer DEBUG] net/fabricmc/api/Environment -> net/neoforged/api/distmarker/OnlyIn
[Architectury Transformer DEBUG] Found class transformer
[Architectury Transformer DEBUG] Writing com/github/starcatcher21/stargazer/block/clases/OrbFlower with maxs=true frames=true
[Architectury Transformer DEBUG] Transformed com/github/starcatcher21/stargazer/block/clases/OrbFlower in 7.016 ms
[Architectury Transformer DEBUG] Transforming from com/github/starcatcher21/stargazer/block/clases/CustomRedSapling.class to com/github/starcatcher21/stargazer/block/clases/CustomRedSapling.class with 6 transformer(s) on dev.architectury.transformer.handler.TinyRemapperPreparedTransformerHandler
[Architectury Transformer DEBUG] Remapping with 1 mapping provider(s):
[Architectury Transformer DEBUG]  - dev.architectury.transformer.transformers.TransformNeoForgeEnvironment$$Lambda/0x000000002606ed78@85ec632
[Architectury Transformer DEBUG] Remapping Classes:
[Architectury Transformer DEBUG] net/fabricmc/api/EnvType -> net/neoforged/api/distmarker/Dist
[Architectury Transformer DEBUG] net/fabricmc/api/Environment -> net/neoforged/api/distmarker/OnlyIn
[Architectury Transformer DEBUG] Found class transformer
[Architectury Transformer DEBUG] Writing com/github/starcatcher21/stargazer/block/clases/CustomRedSapling with maxs=true frames=true
[Architectury Transformer DEBUG] Transformed com/github/starcatcher21/stargazer/block/clases/CustomRedSapling in 5.368 ms
[Architectury Transformer DEBUG] Transforming from com/github/starcatcher21/stargazer/block/clases/RedHangingFlower.class to com/github/starcatcher21/stargazer/block/clases/RedHangingFlower.class with 6 transformer(s) on dev.architectury.transformer.handler.TinyRemapperPreparedTransformerHandler
[Architectury Transformer DEBUG] Remapping with 1 mapping provider(s):
[Architectury Transformer DEBUG]  - dev.architectury.transformer.transformers.TransformNeoForgeEnvironment$$Lambda/0x000000002606ed78@85ec632
[Architectury Transformer DEBUG] Remapping Classes:
[Architectury Transformer DEBUG] net/fabricmc/api/EnvType -> net/neoforged/api/distmarker/Dist
[Architectury Transformer DEBUG] net/fabricmc/api/Environment -> net/neoforged/api/distmarker/OnlyIn
[Architectury Transformer DEBUG] Found class transformer
[Architectury Transformer DEBUG] Writing com/github/starcatcher21/stargazer/block/clases/RedHangingFlower with maxs=true frames=true
[Architectury Transformer DEBUG] Transformed com/github/starcatcher21/stargazer/block/clases/RedHangingFlower in 5.833 ms
[Architectury Transformer DEBUG] Transforming from com/github/starcatcher21/stargazer/block/clases/RedGrass.class to com/github/starcatcher21/stargazer/block/clases/RedGrass.class with 6 transformer(s) on dev.architectury.transformer.handler.TinyRemapperPreparedTransformerHandler
[Architectury Transformer DEBUG] Remapping with 1 mapping provider(s):
[Architectury Transformer DEBUG]  - dev.architectury.transformer.transformers.TransformNeoForgeEnvironment$$Lambda/0x000000002606ed78@85ec632
[Architectury Transformer DEBUG] Remapping Classes:
[Architectury Transformer DEBUG] net/fabricmc/api/EnvType -> net/neoforged/api/distmarker/Dist
[Architectury Transformer DEBUG] net/fabricmc/api/Environment -> net/neoforged/api/distmarker/OnlyIn
[Architectury Transformer DEBUG] Found class transformer
[Architectury Transformer DEBUG] Writing com/github/starcatcher21/stargazer/block/clases/RedGrass with maxs=true frames=true
[Architectury Transformer DEBUG] Transformed com/github/starcatcher21/stargazer/block/clases/RedGrass in 5.932 ms
[Architectury Transformer DEBUG] Transforming from com/github/starcatcher21/stargazer/block/clases/RedOrbPlatform.class to com/github/starcatcher21/stargazer/block/clases/RedOrbPlatform.class with 6 transformer(s) on dev.architectury.transformer.handler.TinyRemapperPreparedTransformerHandler
[Architectury Transformer DEBUG] Remapping with 1 mapping provider(s):
[Architectury Transformer DEBUG]  - dev.architectury.transformer.transformers.TransformNeoForgeEnvironment$$Lambda/0x000000002606ed78@85ec632
[Architectury Transformer DEBUG] Remapping Classes:
[Architectury Transformer DEBUG] net/fabricmc/api/EnvType -> net/neoforged/api/distmarker/Dist
[Architectury Transformer DEBUG] net/fabricmc/api/Environment -> net/neoforged/api/distmarker/OnlyIn
[Architectury Transformer DEBUG] Found class transformer
[Architectury Transformer DEBUG] Writing com/github/starcatcher21/stargazer/block/clases/RedOrbPlatform with maxs=true frames=true
[Architectury Transformer DEBUG] Transformed com/github/starcatcher21/stargazer/block/clases/RedOrbPlatform in 6.661 ms
[Architectury Transformer DEBUG] Transforming from com/github/starcatcher21/stargazer/block/register/Hedges.class to com/github/starcatcher21/stargazer/block/register/Hedges.class with 6 transformer(s) on dev.architectury.transformer.handler.TinyRemapperPreparedTransformerHandler
[Architectury Transformer DEBUG] Remapping with 1 mapping provider(s):
[Architectury Transformer DEBUG]  - dev.architectury.transformer.transformers.TransformNeoForgeEnvironment$$Lambda/0x000000002606ed78@85ec632
[Architectury Transformer DEBUG] Remapping Classes:
[Architectury Transformer DEBUG] net/fabricmc/api/EnvType -> net/neoforged/api/distmarker/Dist
[Architectury Transformer DEBUG] net/fabricmc/api/Environment -> net/neoforged/api/distmarker/OnlyIn
[Architectury Transformer DEBUG] Found class transformer
[Architectury Transformer DEBUG] Writing com/github/starcatcher21/stargazer/block/register/Hedges with maxs=true frames=true
[Architectury Transformer DEBUG] Transformed com/github/starcatcher21/stargazer/block/register/Hedges in 6.028 ms
[Architectury Transformer DEBUG] Transforming from com/github/starcatcher21/stargazer/block/clases/Hedge.class to com/github/starcatcher21/stargazer/block/clases/Hedge.class with 6 transformer(s) on dev.architectury.transformer.handler.TinyRemapperPreparedTransformerHandler
[Architectury Transformer DEBUG] Remapping with 1 mapping provider(s):
[Architectury Transformer DEBUG]  - dev.architectury.transformer.transformers.TransformNeoForgeEnvironment$$Lambda/0x000000002606ed78@85ec632
[Architectury Transformer DEBUG] Remapping Classes:
[Architectury Transformer DEBUG] net/fabricmc/api/EnvType -> net/neoforged/api/distmarker/Dist
[Architectury Transformer DEBUG] net/fabricmc/api/Environment -> net/neoforged/api/distmarker/OnlyIn
[Architectury Transformer DEBUG] Found class transformer
[Architectury Transformer DEBUG] Writing com/github/starcatcher21/stargazer/block/clases/Hedge with maxs=true frames=true
[Architectury Transformer DEBUG] Transformed com/github/starcatcher21/stargazer/block/clases/Hedge in 5.469 ms
[Architectury Transformer DEBUG] Transforming from com/github/starcatcher21/stargazer/block/register/Wander.class to com/github/starcatcher21/stargazer/block/register/Wander.class with 6 transformer(s) on dev.architectury.transformer.handler.TinyRemapperPreparedTransformerHandler
[Architectury Transformer DEBUG] Remapping with 1 mapping provider(s):
[Architectury Transformer DEBUG]  - dev.architectury.transformer.transformers.TransformNeoForgeEnvironment$$Lambda/0x000000002606ed78@85ec632
[Architectury Transformer DEBUG] Remapping Classes:
[Architectury Transformer DEBUG] net/fabricmc/api/EnvType -> net/neoforged/api/distmarker/Dist
[Architectury Transformer DEBUG] net/fabricmc/api/Environment -> net/neoforged/api/distmarker/OnlyIn
[Architectury Transformer DEBUG] Found class transformer
[Architectury Transformer DEBUG] Writing com/github/starcatcher21/stargazer/block/register/Wander with maxs=true frames=true
[Architectury Transformer DEBUG] Transformed com/github/starcatcher21/stargazer/block/register/Wander in 6.039 ms
[Architectury Transformer DEBUG] Transforming from com/github/starcatcher21/stargazer/block/clases/CustomWanderSapling.class to com/github/starcatcher21/stargazer/block/clases/CustomWanderSapling.class with 6 transformer(s) on dev.architectury.transformer.handler.TinyRemapperPreparedTransformerHandler
[Architectury Transformer DEBUG] Remapping with 1 mapping provider(s):
[Architectury Transformer DEBUG]  - dev.architectury.transformer.transformers.TransformNeoForgeEnvironment$$Lambda/0x000000002606ed78@85ec632
[Architectury Transformer DEBUG] Remapping Classes:
[Architectury Transformer DEBUG] net/fabricmc/api/EnvType -> net/neoforged/api/distmarker/Dist
[Architectury Transformer DEBUG] net/fabricmc/api/Environment -> net/neoforged/api/distmarker/OnlyIn
[Architectury Transformer DEBUG] Found class transformer
[Architectury Transformer DEBUG] Writing com/github/starcatcher21/stargazer/block/clases/CustomWanderSapling with maxs=true frames=true
[Architectury Transformer DEBUG] Transformed com/github/starcatcher21/stargazer/block/clases/CustomWanderSapling in 6.790 ms
[Architectury Transformer DEBUG] Transforming from com/github/starcatcher21/stargazer/block/clases/wander/Boril.class to com/github/starcatcher21/stargazer/block/clases/wander/Boril.class with 6 transformer(s) on dev.architectury.transformer.handler.TinyRemapperPreparedTransformerHandler
[Architectury Transformer DEBUG] Remapping with 1 mapping provider(s):
[Architectury Transformer DEBUG]  - dev.architectury.transformer.transformers.TransformNeoForgeEnvironment$$Lambda/0x000000002606ed78@85ec632
[Architectury Transformer DEBUG] Remapping Classes:
[Architectury Transformer DEBUG] net/fabricmc/api/EnvType -> net/neoforged/api/distmarker/Dist
[Architectury Transformer DEBUG] net/fabricmc/api/Environment -> net/neoforged/api/distmarker/OnlyIn
[Architectury Transformer DEBUG] Found class transformer
[Architectury Transformer DEBUG] Writing com/github/starcatcher21/stargazer/block/clases/wander/Boril with maxs=true frames=true
[Architectury Transformer DEBUG] Transformed com/github/starcatcher21/stargazer/block/clases/wander/Boril in 7.825 ms
[Architectury Transformer DEBUG] Transforming from com/github/starcatcher21/stargazer/block/register/Energy.class to com/github/starcatcher21/stargazer/block/register/Energy.class with 6 transformer(s) on dev.architectury.transformer.handler.TinyRemapperPreparedTransformerHandler
[Architectury Transformer DEBUG] Remapping with 1 mapping provider(s):
[Architectury Transformer DEBUG]  - dev.architectury.transformer.transformers.TransformNeoForgeEnvironment$$Lambda/0x000000002606ed78@85ec632
[Architectury Transformer DEBUG] Remapping Classes:
[Architectury Transformer DEBUG] net/fabricmc/api/EnvType -> net/neoforged/api/distmarker/Dist
[Architectury Transformer DEBUG] net/fabricmc/api/Environment -> net/neoforged/api/distmarker/OnlyIn
[Architectury Transformer DEBUG] Found class transformer
[Architectury Transformer DEBUG] Writing com/github/starcatcher21/stargazer/block/register/Energy with maxs=true frames=true
[Architectury Transformer DEBUG] Transformed com/github/starcatcher21/stargazer/block/register/Energy in 6.605 ms
[Architectury Transformer DEBUG] Transforming from com/github/starcatcher21/stargazer/block/clases/energy/generators/StarGenerator.class to com/github/starcatcher21/stargazer/block/clases/energy/generators/StarGenerator.class with 6 transformer(s) on dev.architectury.transformer.handler.TinyRemapperPreparedTransformerHandler
[Architectury Transformer DEBUG] Remapping with 1 mapping provider(s):
[Architectury Transformer DEBUG]  - dev.architectury.transformer.transformers.TransformNeoForgeEnvironment$$Lambda/0x000000002606ed78@85ec632
[Architectury Transformer DEBUG] Remapping Classes:
[Architectury Transformer DEBUG] net/fabricmc/api/EnvType -> net/neoforged/api/distmarker/Dist
[Architectury Transformer DEBUG] net/fabricmc/api/Environment -> net/neoforged/api/distmarker/OnlyIn
[Architectury Transformer DEBUG] Found class transformer
[Architectury Transformer DEBUG] Writing com/github/starcatcher21/stargazer/block/clases/energy/generators/StarGenerator with maxs=true frames=true
[Architectury Transformer DEBUG] Transformed com/github/starcatcher21/stargazer/block/clases/energy/generators/StarGenerator in 6.957 ms
[Architectury Transformer DEBUG] Transforming from com/github/starcatcher21/stargazer/block/clases/energy/generators/StarGeneratorEntity.class to com/github/starcatcher21/stargazer/block/clases/energy/generators/StarGeneratorEntity.class with 6 transformer(s) on dev.architectury.transformer.handler.TinyRemapperPreparedTransformerHandler
[Architectury Transformer DEBUG] Remapping with 1 mapping provider(s):
[Architectury Transformer DEBUG]  - dev.architectury.transformer.transformers.TransformNeoForgeEnvironment$$Lambda/0x000000002606ed78@85ec632
[Architectury Transformer DEBUG] Remapping Classes:
[Architectury Transformer DEBUG] net/fabricmc/api/EnvType -> net/neoforged/api/distmarker/Dist
[Architectury Transformer DEBUG] net/fabricmc/api/Environment -> net/neoforged/api/distmarker/OnlyIn
[Architectury Transformer DEBUG] Found class transformer
[Architectury Transformer DEBUG] Writing com/github/starcatcher21/stargazer/block/clases/energy/generators/StarGeneratorEntity with maxs=true frames=true
[Architectury Transformer DEBUG] Transformed com/github/starcatcher21/stargazer/block/clases/energy/generators/StarGeneratorEntity in 7.342 ms
[Architectury Transformer DEBUG] Transforming from com/github/starcatcher21/stargazer/screens/StarGeneratorScreenHandler.class to com/github/starcatcher21/stargazer/screens/StarGeneratorScreenHandler.class with 6 transformer(s) on dev.architectury.transformer.handler.TinyRemapperPreparedTransformerHandler
[Architectury Transformer DEBUG] Remapping with 1 mapping provider(s):
[Architectury Transformer DEBUG]  - dev.architectury.transformer.transformers.TransformNeoForgeEnvironment$$Lambda/0x000000002606ed78@85ec632
[Architectury Transformer DEBUG] Remapping Classes:
[Architectury Transformer DEBUG] net/fabricmc/api/EnvType -> net/neoforged/api/distmarker/Dist
[Architectury Transformer DEBUG] net/fabricmc/api/Environment -> net/neoforged/api/distmarker/OnlyIn
[Architectury Transformer DEBUG] Found class transformer
[Architectury Transformer DEBUG] Writing com/github/starcatcher21/stargazer/screens/StarGeneratorScreenHandler with maxs=true frames=true
[Architectury Transformer DEBUG] Transformed com/github/starcatcher21/stargazer/screens/StarGeneratorScreenHandler in 6.751 ms
[Architectury Transformer DEBUG] Transforming from com/github/starcatcher21/stargazer/block/clases/energy/cables/YellowCable.class to com/github/starcatcher21/stargazer/block/clases/energy/cables/YellowCable.class with 6 transformer(s) on dev.architectury.transformer.handler.TinyRemapperPreparedTransformerHandler
[Architectury Transformer DEBUG] Remapping with 1 mapping provider(s):
[Architectury Transformer DEBUG]  - dev.architectury.transformer.transformers.TransformNeoForgeEnvironment$$Lambda/0x000000002606ed78@85ec632
[Architectury Transformer DEBUG] Remapping Classes:
[Architectury Transformer DEBUG] net/fabricmc/api/EnvType -> net/neoforged/api/distmarker/Dist
[Architectury Transformer DEBUG] net/fabricmc/api/Environment -> net/neoforged/api/distmarker/OnlyIn
[Architectury Transformer DEBUG] Found class transformer
[Architectury Transformer DEBUG] Writing com/github/starcatcher21/stargazer/block/clases/energy/cables/YellowCable with maxs=true frames=true
[Architectury Transformer DEBUG] Transformed com/github/starcatcher21/stargazer/block/clases/energy/cables/YellowCable in 6.498 ms
[Architectury Transformer DEBUG] Transforming from com/github/starcatcher21/stargazer/block/clases/energy/cables/YellowCableEntity.class to com/github/starcatcher21/stargazer/block/clases/energy/cables/YellowCableEntity.class with 6 transformer(s) on dev.architectury.transformer.handler.TinyRemapperPreparedTransformerHandler
[Architectury Transformer DEBUG] Remapping with 1 mapping provider(s):
[Architectury Transformer DEBUG]  - dev.architectury.transformer.transformers.TransformNeoForgeEnvironment$$Lambda/0x000000002606ed78@85ec632
[Architectury Transformer DEBUG] Remapping Classes:
[Architectury Transformer DEBUG] net/fabricmc/api/EnvType -> net/neoforged/api/distmarker/Dist
[Architectury Transformer DEBUG] net/fabricmc/api/Environment -> net/neoforged/api/distmarker/OnlyIn
[Architectury Transformer DEBUG] Found class transformer
[Architectury Transformer DEBUG] Writing com/github/starcatcher21/stargazer/block/clases/energy/cables/YellowCableEntity with maxs=true frames=true
[Architectury Transformer DEBUG] Transformed com/github/starcatcher21/stargazer/block/clases/energy/cables/YellowCableEntity in 5.699 ms
[Architectury Transformer DEBUG] Transforming from com/github/starcatcher21/stargazer/block/clases/energy/cables/BaseCableEntity.class to com/github/starcatcher21/stargazer/block/clases/energy/cables/BaseCableEntity.class with 6 transformer(s) on dev.architectury.transformer.handler.TinyRemapperPreparedTransformerHandler
[Architectury Transformer DEBUG] Remapping with 1 mapping provider(s):
[Architectury Transformer DEBUG]  - dev.architectury.transformer.transformers.TransformNeoForgeEnvironment$$Lambda/0x000000002606ed78@85ec632
[Architectury Transformer DEBUG] Remapping Classes:
[Architectury Transformer DEBUG] net/fabricmc/api/EnvType -> net/neoforged/api/distmarker/Dist
[Architectury Transformer DEBUG] net/fabricmc/api/Environment -> net/neoforged/api/distmarker/OnlyIn
[Architectury Transformer DEBUG] Found class transformer
[Architectury Transformer DEBUG] Writing com/github/starcatcher21/stargazer/block/clases/energy/cables/BaseCableEntity with maxs=true frames=true
[Architectury Transformer DEBUG] Transformed com/github/starcatcher21/stargazer/block/clases/energy/cables/BaseCableEntity in 6.983 ms
[Architectury Transformer DEBUG] Transforming from com/github/starcatcher21/stargazer/block/clases/energy/cables/BlueCable.class to com/github/starcatcher21/stargazer/block/clases/energy/cables/BlueCable.class with 6 transformer(s) on dev.architectury.transformer.handler.TinyRemapperPreparedTransformerHandler
[Architectury Transformer DEBUG] Remapping with 1 mapping provider(s):
[Architectury Transformer DEBUG]  - dev.architectury.transformer.transformers.TransformNeoForgeEnvironment$$Lambda/0x000000002606ed78@85ec632
[Architectury Transformer DEBUG] Remapping Classes:
[Architectury Transformer DEBUG] net/fabricmc/api/EnvType -> net/neoforged/api/distmarker/Dist
[Architectury Transformer DEBUG] net/fabricmc/api/Environment -> net/neoforged/api/distmarker/OnlyIn
[Architectury Transformer DEBUG] Found class transformer
[Architectury Transformer DEBUG] Writing com/github/starcatcher21/stargazer/block/clases/energy/cables/BlueCable with maxs=true frames=true
[Architectury Transformer DEBUG] Transformed com/github/starcatcher21/stargazer/block/clases/energy/cables/BlueCable in 8.238 ms
[Architectury Transformer DEBUG] Transforming from com/github/starcatcher21/stargazer/block/clases/energy/cables/BlueCableEntity.class to com/github/starcatcher21/stargazer/block/clases/energy/cables/BlueCableEntity.class with 6 transformer(s) on dev.architectury.transformer.handler.TinyRemapperPreparedTransformerHandler
[Architectury Transformer DEBUG] Remapping with 1 mapping provider(s):
[Architectury Transformer DEBUG]  - dev.architectury.transformer.transformers.TransformNeoForgeEnvironment$$Lambda/0x000000002606ed78@85ec632
[Architectury Transformer DEBUG] Remapping Classes:
[Architectury Transformer DEBUG] net/fabricmc/api/EnvType -> net/neoforged/api/distmarker/Dist
[Architectury Transformer DEBUG] net/fabricmc/api/Environment -> net/neoforged/api/distmarker/OnlyIn
[Architectury Transformer DEBUG] Found class transformer
[Architectury Transformer DEBUG] Writing com/github/starcatcher21/stargazer/block/clases/energy/cables/BlueCableEntity with maxs=true frames=true
[Architectury Transformer DEBUG] Transformed com/github/starcatcher21/stargazer/block/clases/energy/cables/BlueCableEntity in 6.816 ms
[Architectury Transformer DEBUG] Transforming from com/github/starcatcher21/stargazer/block/clases/energy/cables/RedCable.class to com/github/starcatcher21/stargazer/block/clases/energy/cables/RedCable.class with 6 transformer(s) on dev.architectury.transformer.handler.TinyRemapperPreparedTransformerHandler
[Architectury Transformer DEBUG] Remapping with 1 mapping provider(s):
[Architectury Transformer DEBUG]  - dev.architectury.transformer.transformers.TransformNeoForgeEnvironment$$Lambda/0x000000002606ed78@85ec632
[Architectury Transformer DEBUG] Remapping Classes:
[Architectury Transformer DEBUG] net/fabricmc/api/EnvType -> net/neoforged/api/distmarker/Dist
[Architectury Transformer DEBUG] net/fabricmc/api/Environment -> net/neoforged/api/distmarker/OnlyIn
[Architectury Transformer DEBUG] Found class transformer
[Architectury Transformer DEBUG] Writing com/github/starcatcher21/stargazer/block/clases/energy/cables/RedCable with maxs=true frames=true
[Architectury Transformer DEBUG] Transformed com/github/starcatcher21/stargazer/block/clases/energy/cables/RedCable in 9.711 ms
[Architectury Transformer DEBUG] Transforming from com/github/starcatcher21/stargazer/block/clases/energy/cables/RedCableEntity.class to com/github/starcatcher21/stargazer/block/clases/energy/cables/RedCableEntity.class with 6 transformer(s) on dev.architectury.transformer.handler.TinyRemapperPreparedTransformerHandler
[Architectury Transformer DEBUG] Remapping with 1 mapping provider(s):
[Architectury Transformer DEBUG]  - dev.architectury.transformer.transformers.TransformNeoForgeEnvironment$$Lambda/0x000000002606ed78@85ec632
[Architectury Transformer DEBUG] Remapping Classes:
[Architectury Transformer DEBUG] net/fabricmc/api/EnvType -> net/neoforged/api/distmarker/Dist
[Architectury Transformer DEBUG] net/fabricmc/api/Environment -> net/neoforged/api/distmarker/OnlyIn
[Architectury Transformer DEBUG] Found class transformer
[Architectury Transformer DEBUG] Writing com/github/starcatcher21/stargazer/block/clases/energy/cables/RedCableEntity with maxs=true frames=true
[Architectury Transformer DEBUG] Transformed com/github/starcatcher21/stargazer/block/clases/energy/cables/RedCableEntity in 6.465 ms
[Architectury Transformer DEBUG] Transforming from com/github/starcatcher21/stargazer/block/clases/energy/cables/PurpleCable.class to com/github/starcatcher21/stargazer/block/clases/energy/cables/PurpleCable.class with 6 transformer(s) on dev.architectury.transformer.handler.TinyRemapperPreparedTransformerHandler
[Architectury Transformer DEBUG] Remapping with 1 mapping provider(s):
[Architectury Transformer DEBUG]  - dev.architectury.transformer.transformers.TransformNeoForgeEnvironment$$Lambda/0x000000002606ed78@85ec632
[Architectury Transformer DEBUG] Remapping Classes:
[Architectury Transformer DEBUG] net/fabricmc/api/EnvType -> net/neoforged/api/distmarker/Dist
[Architectury Transformer DEBUG] net/fabricmc/api/Environment -> net/neoforged/api/distmarker/OnlyIn
[Architectury Transformer DEBUG] Found class transformer
[Architectury Transformer DEBUG] Writing com/github/starcatcher21/stargazer/block/clases/energy/cables/PurpleCable with maxs=true frames=true
[Architectury Transformer DEBUG] Transformed com/github/starcatcher21/stargazer/block/clases/energy/cables/PurpleCable in 7.502 ms
[Architectury Transformer DEBUG] Transforming from com/github/starcatcher21/stargazer/block/clases/energy/cables/PurpleCableEntity.class to com/github/starcatcher21/stargazer/block/clases/energy/cables/PurpleCableEntity.class with 6 transformer(s) on dev.architectury.transformer.handler.TinyRemapperPreparedTransformerHandler
[Architectury Transformer DEBUG] Remapping with 1 mapping provider(s):
[Architectury Transformer DEBUG]  - dev.architectury.transformer.transformers.TransformNeoForgeEnvironment$$Lambda/0x000000002606ed78@85ec632
[Architectury Transformer DEBUG] Remapping Classes:
[Architectury Transformer DEBUG] net/fabricmc/api/EnvType -> net/neoforged/api/distmarker/Dist
[Architectury Transformer DEBUG] net/fabricmc/api/Environment -> net/neoforged/api/distmarker/OnlyIn
[Architectury Transformer DEBUG] Found class transformer
[Architectury Transformer DEBUG] Writing com/github/starcatcher21/stargazer/block/clases/energy/cables/PurpleCableEntity with maxs=true frames=true
[Architectury Transformer DEBUG] Transformed com/github/starcatcher21/stargazer/block/clases/energy/cables/PurpleCableEntity in 6.696 ms
[Architectury Transformer DEBUG] Transforming from com/github/starcatcher21/stargazer/block/clases/energy/machines/NightWatcher.class to com/github/starcatcher21/stargazer/block/clases/energy/machines/NightWatcher.class with 6 transformer(s) on dev.architectury.transformer.handler.TinyRemapperPreparedTransformerHandler
[Architectury Transformer DEBUG] Remapping with 1 mapping provider(s):
[Architectury Transformer DEBUG]  - dev.architectury.transformer.transformers.TransformNeoForgeEnvironment$$Lambda/0x000000002606ed78@85ec632
[Architectury Transformer DEBUG] Remapping Classes:
[Architectury Transformer DEBUG] net/fabricmc/api/EnvType -> net/neoforged/api/distmarker/Dist
[Architectury Transformer DEBUG] net/fabricmc/api/Environment -> net/neoforged/api/distmarker/OnlyIn
[Architectury Transformer DEBUG] Found class transformer
[Architectury Transformer DEBUG] Writing com/github/starcatcher21/stargazer/block/clases/energy/machines/NightWatcher with maxs=true frames=true
[Architectury Transformer DEBUG] Transformed com/github/starcatcher21/stargazer/block/clases/energy/machines/NightWatcher in 5.761 ms
[Architectury Transformer DEBUG] Transforming from com/github/starcatcher21/stargazer/block/clases/energy/machines/NightWatcherEntity.class to com/github/starcatcher21/stargazer/block/clases/energy/machines/NightWatcherEntity.class with 6 transformer(s) on dev.architectury.transformer.handler.TinyRemapperPreparedTransformerHandler
[Architectury Transformer DEBUG] Remapping with 1 mapping provider(s):
[Architectury Transformer DEBUG]  - dev.architectury.transformer.transformers.TransformNeoForgeEnvironment$$Lambda/0x000000002606ed78@85ec632
[Architectury Transformer DEBUG] Remapping Classes:
[Architectury Transformer DEBUG] net/fabricmc/api/EnvType -> net/neoforged/api/distmarker/Dist
[Architectury Transformer DEBUG] net/fabricmc/api/Environment -> net/neoforged/api/distmarker/OnlyIn
[Architectury Transformer DEBUG] Found class transformer
[Architectury Transformer DEBUG] Writing com/github/starcatcher21/stargazer/block/clases/energy/machines/NightWatcherEntity with maxs=true frames=true
[Architectury Transformer DEBUG] Transformed com/github/starcatcher21/stargazer/block/clases/energy/machines/NightWatcherEntity in 5.112 ms
[Architectury Transformer DEBUG] Transforming from com/github/starcatcher21/stargazer/screens/NightWatcherScreenHandler.class to com/github/starcatcher21/stargazer/screens/NightWatcherScreenHandler.class with 6 transformer(s) on dev.architectury.transformer.handler.TinyRemapperPreparedTransformerHandler
[Architectury Transformer DEBUG] Remapping with 1 mapping provider(s):
[Architectury Transformer DEBUG]  - dev.architectury.transformer.transformers.TransformNeoForgeEnvironment$$Lambda/0x000000002606ed78@85ec632
[Architectury Transformer DEBUG] Remapping Classes:
[Architectury Transformer DEBUG] net/fabricmc/api/EnvType -> net/neoforged/api/distmarker/Dist
[Architectury Transformer DEBUG] net/fabricmc/api/Environment -> net/neoforged/api/distmarker/OnlyIn
[Architectury Transformer DEBUG] Found class transformer
[Architectury Transformer DEBUG] Writing com/github/starcatcher21/stargazer/screens/NightWatcherScreenHandler with maxs=true frames=true
[Architectury Transformer DEBUG] Transformed com/github/starcatcher21/stargazer/screens/NightWatcherScreenHandler in 4.178 ms
[Architectury Transformer DEBUG] Transforming from com/github/starcatcher21/stargazer/block/clases/energy/machines/StarCrusher.class to com/github/starcatcher21/stargazer/block/clases/energy/machines/StarCrusher.class with 6 transformer(s) on dev.architectury.transformer.handler.TinyRemapperPreparedTransformerHandler
[Architectury Transformer DEBUG] Remapping with 1 mapping provider(s):
[Architectury Transformer DEBUG]  - dev.architectury.transformer.transformers.TransformNeoForgeEnvironment$$Lambda/0x000000002606ed78@85ec632
[Architectury Transformer DEBUG] Remapping Classes:
[Architectury Transformer DEBUG] net/fabricmc/api/EnvType -> net/neoforged/api/distmarker/Dist
[Architectury Transformer DEBUG] net/fabricmc/api/Environment -> net/neoforged/api/distmarker/OnlyIn
[Architectury Transformer DEBUG] Found class transformer
[Architectury Transformer DEBUG] Writing com/github/starcatcher21/stargazer/block/clases/energy/machines/StarCrusher with maxs=true frames=true
[Architectury Transformer DEBUG] Transformed com/github/starcatcher21/stargazer/block/clases/energy/machines/StarCrusher in 4.604 ms
[Architectury Transformer DEBUG] Transforming from com/github/starcatcher21/stargazer/block/clases/energy/machines/StarCrusherEntity.class to com/github/starcatcher21/stargazer/block/clases/energy/machines/StarCrusherEntity.class with 6 transformer(s) on dev.architectury.transformer.handler.TinyRemapperPreparedTransformerHandler
[Architectury Transformer DEBUG] Remapping with 1 mapping provider(s):
[Architectury Transformer DEBUG]  - dev.architectury.transformer.transformers.TransformNeoForgeEnvironment$$Lambda/0x000000002606ed78@85ec632
[Architectury Transformer DEBUG] Remapping Classes:
[Architectury Transformer DEBUG] net/fabricmc/api/EnvType -> net/neoforged/api/distmarker/Dist
[Architectury Transformer DEBUG] net/fabricmc/api/Environment -> net/neoforged/api/distmarker/OnlyIn
[Architectury Transformer DEBUG] Found class transformer
[Architectury Transformer DEBUG] Writing com/github/starcatcher21/stargazer/block/clases/energy/machines/StarCrusherEntity with maxs=true frames=true
[Architectury Transformer DEBUG] Transformed com/github/starcatcher21/stargazer/block/clases/energy/machines/StarCrusherEntity in 3.631 ms
[Architectury Transformer DEBUG] Transforming from com/github/starcatcher21/stargazer/screens/StarCrusherScreenHandler.class to com/github/starcatcher21/stargazer/screens/StarCrusherScreenHandler.class with 6 transformer(s) on dev.architectury.transformer.handler.TinyRemapperPreparedTransformerHandler
[Architectury Transformer DEBUG] Remapping with 1 mapping provider(s):
[Architectury Transformer DEBUG]  - dev.architectury.transformer.transformers.TransformNeoForgeEnvironment$$Lambda/0x000000002606ed78@85ec632
[Architectury Transformer DEBUG] Remapping Classes:
[Architectury Transformer DEBUG] net/fabricmc/api/EnvType -> net/neoforged/api/distmarker/Dist
[Architectury Transformer DEBUG] net/fabricmc/api/Environment -> net/neoforged/api/distmarker/OnlyIn
[Architectury Transformer DEBUG] Found class transformer
[Architectury Transformer DEBUG] Writing com/github/starcatcher21/stargazer/screens/StarCrusherScreenHandler with maxs=true frames=true
[Architectury Transformer DEBUG] Transformed com/github/starcatcher21/stargazer/screens/StarCrusherScreenHandler in 3.272 ms
[Architectury Transformer DEBUG] Transforming from com/github/starcatcher21/stargazer/RegistryKeys.class to com/github/starcatcher21/stargazer/RegistryKeys.class with 6 transformer(s) on dev.architectury.transformer.handler.TinyRemapperPreparedTransformerHandler
[Architectury Transformer DEBUG] Remapping with 1 mapping provider(s):
[Architectury Transformer DEBUG]  - dev.architectury.transformer.transformers.TransformNeoForgeEnvironment$$Lambda/0x000000002606ed78@85ec632
[Architectury Transformer DEBUG] Remapping Classes:
[Architectury Transformer DEBUG] net/fabricmc/api/EnvType -> net/neoforged/api/distmarker/Dist
[Architectury Transformer DEBUG] net/fabricmc/api/Environment -> net/neoforged/api/distmarker/OnlyIn
[Architectury Transformer DEBUG] Found class transformer
[Architectury Transformer DEBUG] Writing com/github/starcatcher21/stargazer/RegistryKeys with maxs=true frames=true
[Architectury Transformer DEBUG] Transformed com/github/starcatcher21/stargazer/RegistryKeys in 3.908 ms
[Architectury Transformer DEBUG] Transforming from com/github/starcatcher21/stargazer/nbt/StarPatternsComponent.class to com/github/starcatcher21/stargazer/nbt/StarPatternsComponent.class with 6 transformer(s) on dev.architectury.transformer.handler.TinyRemapperPreparedTransformerHandler
[Architectury Transformer DEBUG] Remapping with 1 mapping provider(s):
[Architectury Transformer DEBUG]  - dev.architectury.transformer.transformers.TransformNeoForgeEnvironment$$Lambda/0x000000002606ed78@85ec632
[Architectury Transformer DEBUG] Remapping Classes:
[Architectury Transformer DEBUG] net/fabricmc/api/EnvType -> net/neoforged/api/distmarker/Dist
[Architectury Transformer DEBUG] net/fabricmc/api/Environment -> net/neoforged/api/distmarker/OnlyIn
[Architectury Transformer DEBUG] Found class transformer
[Architectury Transformer DEBUG] Writing com/github/starcatcher21/stargazer/nbt/StarPatternsComponent with maxs=true frames=true
[Architectury Transformer DEBUG] Transformed com/github/starcatcher21/stargazer/nbt/StarPatternsComponent in 3.351 ms
[Architectury Transformer DEBUG] Transforming from com/github/starcatcher21/stargazer/nbt/StarPatternsComponent$Layer.class to com/github/starcatcher21/stargazer/nbt/StarPatternsComponent$Layer.class with 6 transformer(s) on dev.architectury.transformer.handler.TinyRemapperPreparedTransformerHandler
[Architectury Transformer DEBUG] Remapping with 1 mapping provider(s):
[Architectury Transformer DEBUG]  - dev.architectury.transformer.transformers.TransformNeoForgeEnvironment$$Lambda/0x000000002606ed78@85ec632
[Architectury Transformer DEBUG] Remapping Classes:
[Architectury Transformer DEBUG] net/fabricmc/api/EnvType -> net/neoforged/api/distmarker/Dist
[Architectury Transformer DEBUG] net/fabricmc/api/Environment -> net/neoforged/api/distmarker/OnlyIn
[Architectury Transformer DEBUG] Found class transformer
[Architectury Transformer DEBUG] Writing com/github/starcatcher21/stargazer/nbt/StarPatternsComponent$Layer with maxs=true frames=true
[Architectury Transformer DEBUG] Transformed com/github/starcatcher21/stargazer/nbt/StarPatternsComponent$Layer in 4.608 ms
[Architectury Transformer DEBUG] Transforming from com/github/starcatcher21/stargazer/nbt/StarPattern.class to com/github/starcatcher21/stargazer/nbt/StarPattern.class with 6 transformer(s) on dev.architectury.transformer.handler.TinyRemapperPreparedTransformerHandler
[Architectury Transformer DEBUG] Remapping with 1 mapping provider(s):
[Architectury Transformer DEBUG]  - dev.architectury.transformer.transformers.TransformNeoForgeEnvironment$$Lambda/0x000000002606ed78@85ec632
[Architectury Transformer DEBUG] Remapping Classes:
[Architectury Transformer DEBUG] net/fabricmc/api/EnvType -> net/neoforged/api/distmarker/Dist
[Architectury Transformer DEBUG] net/fabricmc/api/Environment -> net/neoforged/api/distmarker/OnlyIn
[Architectury Transformer DEBUG] Found class transformer
[Architectury Transformer DEBUG] Writing com/github/starcatcher21/stargazer/nbt/StarPattern with maxs=true frames=true
[Architectury Transformer DEBUG] Transformed com/github/starcatcher21/stargazer/nbt/StarPattern in 3.194 ms
[Architectury Transformer DEBUG] Transforming from com/github/starcatcher21/stargazer/nbt/ComponentTypes.class to com/github/starcatcher21/stargazer/nbt/ComponentTypes.class with 6 transformer(s) on dev.architectury.transformer.handler.TinyRemapperPreparedTransformerHandler
[Architectury Transformer DEBUG] Remapping with 1 mapping provider(s):
[Architectury Transformer DEBUG]  - dev.architectury.transformer.transformers.TransformNeoForgeEnvironment$$Lambda/0x000000002606ed78@85ec632
[Architectury Transformer DEBUG] Remapping Classes:
[Architectury Transformer DEBUG] net/fabricmc/api/EnvType -> net/neoforged/api/distmarker/Dist
[Architectury Transformer DEBUG] net/fabricmc/api/Environment -> net/neoforged/api/distmarker/OnlyIn
[Architectury Transformer DEBUG] Found class transformer
[Architectury Transformer DEBUG] Writing com/github/starcatcher21/stargazer/nbt/ComponentTypes with maxs=true frames=true
[Architectury Transformer DEBUG] Transformed com/github/starcatcher21/stargazer/nbt/ComponentTypes in 3.211 ms
[Architectury Transformer DEBUG] Transforming from com/github/starcatcher21/stargazer/nbt/Patterns.class to com/github/starcatcher21/stargazer/nbt/Patterns.class with 6 transformer(s) on dev.architectury.transformer.handler.TinyRemapperPreparedTransformerHandler
[Architectury Transformer DEBUG] Remapping with 1 mapping provider(s):
[Architectury Transformer DEBUG]  - dev.architectury.transformer.transformers.TransformNeoForgeEnvironment$$Lambda/0x000000002606ed78@85ec632
[Architectury Transformer DEBUG] Remapping Classes:
[Architectury Transformer DEBUG] net/fabricmc/api/EnvType -> net/neoforged/api/distmarker/Dist
[Architectury Transformer DEBUG] net/fabricmc/api/Environment -> net/neoforged/api/distmarker/OnlyIn
[Architectury Transformer DEBUG] Found class transformer
[Architectury Transformer DEBUG] Writing com/github/starcatcher21/stargazer/nbt/Patterns with maxs=true frames=true
[Architectury Transformer DEBUG] Transformed com/github/starcatcher21/stargazer/nbt/Patterns in 3.023 ms
[Architectury Transformer DEBUG] Transforming from com/github/starcatcher21/stargazer/screens/ScreenHandlerTypes.class to com/github/starcatcher21/stargazer/screens/ScreenHandlerTypes.class with 6 transformer(s) on dev.architectury.transformer.handler.TinyRemapperPreparedTransformerHandler
[Architectury Transformer DEBUG] Remapping with 1 mapping provider(s):
[Architectury Transformer DEBUG]  - dev.architectury.transformer.transformers.TransformNeoForgeEnvironment$$Lambda/0x000000002606ed78@85ec632
[Architectury Transformer DEBUG] Remapping Classes:
[Architectury Transformer DEBUG] net/fabricmc/api/EnvType -> net/neoforged/api/distmarker/Dist
[Architectury Transformer DEBUG] net/fabricmc/api/Environment -> net/neoforged/api/distmarker/OnlyIn
[Architectury Transformer DEBUG] Found class transformer
[Architectury Transformer DEBUG] Writing com/github/starcatcher21/stargazer/screens/ScreenHandlerTypes with maxs=true frames=true
[Architectury Transformer DEBUG] Transformed com/github/starcatcher21/stargazer/screens/ScreenHandlerTypes in 3.175 ms
[Architectury Transformer DEBUG] Transforming from com/github/starcatcher21/stargazer/worldgen/CustomFeatures.class to com/github/starcatcher21/stargazer/worldgen/CustomFeatures.class with 6 transformer(s) on dev.architectury.transformer.handler.TinyRemapperPreparedTransformerHandler
[Architectury Transformer DEBUG] Remapping with 1 mapping provider(s):
[Architectury Transformer DEBUG]  - dev.architectury.transformer.transformers.TransformNeoForgeEnvironment$$Lambda/0x000000002606ed78@85ec632
[Architectury Transformer DEBUG] Remapping Classes:
[Architectury Transformer DEBUG] net/fabricmc/api/EnvType -> net/neoforged/api/distmarker/Dist
[Architectury Transformer DEBUG] net/fabricmc/api/Environment -> net/neoforged/api/distmarker/OnlyIn
[Architectury Transformer DEBUG] Found class transformer
[Architectury Transformer DEBUG] Writing com/github/starcatcher21/stargazer/worldgen/CustomFeatures with maxs=true frames=true
[Architectury Transformer DEBUG] Transformed com/github/starcatcher21/stargazer/worldgen/CustomFeatures in 4.406 ms
[Architectury Transformer DEBUG] Transforming from com/github/starcatcher21/stargazer/worldgen/features/trees/moon/MoonTrees.class to com/github/starcatcher21/stargazer/worldgen/features/trees/moon/MoonTrees.class with 6 transformer(s) on dev.architectury.transformer.handler.TinyRemapperPreparedTransformerHandler
[Architectury Transformer DEBUG] Remapping with 1 mapping provider(s):
[Architectury Transformer DEBUG]  - dev.architectury.transformer.transformers.TransformNeoForgeEnvironment$$Lambda/0x000000002606ed78@85ec632
[Architectury Transformer DEBUG] Remapping Classes:
[Architectury Transformer DEBUG] net/fabricmc/api/EnvType -> net/neoforged/api/distmarker/Dist
[Architectury Transformer DEBUG] net/fabricmc/api/Environment -> net/neoforged/api/distmarker/OnlyIn
[Architectury Transformer DEBUG] Found class transformer
[Architectury Transformer DEBUG] Writing com/github/starcatcher21/stargazer/worldgen/features/trees/moon/MoonTrees with maxs=true frames=true
[Architectury Transformer DEBUG] Transformed com/github/starcatcher21/stargazer/worldgen/features/trees/moon/MoonTrees in 3.223 ms
[Architectury Transformer DEBUG] Transforming from com/github/starcatcher21/stargazer/worldgen/features/amertylst/Amertylst.class to com/github/starcatcher21/stargazer/worldgen/features/amertylst/Amertylst.class with 6 transformer(s) on dev.architectury.transformer.handler.TinyRemapperPreparedTransformerHandler
[Architectury Transformer DEBUG] Remapping with 1 mapping provider(s):
[Architectury Transformer DEBUG]  - dev.architectury.transformer.transformers.TransformNeoForgeEnvironment$$Lambda/0x000000002606ed78@85ec632
[Architectury Transformer DEBUG] Remapping Classes:
[Architectury Transformer DEBUG] net/fabricmc/api/EnvType -> net/neoforged/api/distmarker/Dist
[Architectury Transformer DEBUG] net/fabricmc/api/Environment -> net/neoforged/api/distmarker/OnlyIn
[Architectury Transformer DEBUG] Found class transformer
[Architectury Transformer DEBUG] Writing com/github/starcatcher21/stargazer/worldgen/features/amertylst/Amertylst with maxs=true frames=true
[Architectury Transformer DEBUG] Transformed com/github/starcatcher21/stargazer/worldgen/features/amertylst/Amertylst in 3.145 ms
[Architectury Transformer DEBUG] Transforming from com/github/starcatcher21/stargazer/worldgen/features/trees/yeri/YeriTrees.class to com/github/starcatcher21/stargazer/worldgen/features/trees/yeri/YeriTrees.class with 6 transformer(s) on dev.architectury.transformer.handler.TinyRemapperPreparedTransformerHandler
[Architectury Transformer DEBUG] Remapping with 1 mapping provider(s):
[Architectury Transformer DEBUG]  - dev.architectury.transformer.transformers.TransformNeoForgeEnvironment$$Lambda/0x000000002606ed78@85ec632
[Architectury Transformer DEBUG] Remapping Classes:
[Architectury Transformer DEBUG] net/fabricmc/api/EnvType -> net/neoforged/api/distmarker/Dist
[Architectury Transformer DEBUG] net/fabricmc/api/Environment -> net/neoforged/api/distmarker/OnlyIn
[Architectury Transformer DEBUG] Found class transformer
[Architectury Transformer DEBUG] Writing com/github/starcatcher21/stargazer/worldgen/features/trees/yeri/YeriTrees with maxs=true frames=true
[Architectury Transformer DEBUG] Transformed com/github/starcatcher21/stargazer/worldgen/features/trees/yeri/YeriTrees in 3.427 ms
[Architectury Transformer DEBUG] Transforming from com/github/starcatcher21/stargazer/worldgen/features/chess/ChessTrees.class to com/github/starcatcher21/stargazer/worldgen/features/chess/ChessTrees.class with 6 transformer(s) on dev.architectury.transformer.handler.TinyRemapperPreparedTransformerHandler
[Architectury Transformer DEBUG] Remapping with 1 mapping provider(s):
[Architectury Transformer DEBUG]  - dev.architectury.transformer.transformers.TransformNeoForgeEnvironment$$Lambda/0x000000002606ed78@85ec632
[Architectury Transformer DEBUG] Remapping Classes:
[Architectury Transformer DEBUG] net/fabricmc/api/EnvType -> net/neoforged/api/distmarker/Dist
[Architectury Transformer DEBUG] net/fabricmc/api/Environment -> net/neoforged/api/distmarker/OnlyIn
[Architectury Transformer DEBUG] Found class transformer
[Architectury Transformer DEBUG] Writing com/github/starcatcher21/stargazer/worldgen/features/chess/ChessTrees with maxs=true frames=true
[Architectury Transformer DEBUG] Transformed com/github/starcatcher21/stargazer/worldgen/features/chess/ChessTrees in 5.315 ms
[Architectury Transformer DEBUG] Transforming from com/github/starcatcher21/stargazer/worldgen/features/trees/nebulas/NebulaTrees.class to com/github/starcatcher21/stargazer/worldgen/features/trees/nebulas/NebulaTrees.class with 6 transformer(s) on dev.architectury.transformer.handler.TinyRemapperPreparedTransformerHandler
[Architectury Transformer DEBUG] Remapping with 1 mapping provider(s):
[Architectury Transformer DEBUG]  - dev.architectury.transformer.transformers.TransformNeoForgeEnvironment$$Lambda/0x000000002606ed78@85ec632
[Architectury Transformer DEBUG] Remapping Classes:
[Architectury Transformer DEBUG] net/fabricmc/api/EnvType -> net/neoforged/api/distmarker/Dist
[Architectury Transformer DEBUG] net/fabricmc/api/Environment -> net/neoforged/api/distmarker/OnlyIn
[Architectury Transformer DEBUG] Found class transformer
[Architectury Transformer DEBUG] Writing com/github/starcatcher21/stargazer/worldgen/features/trees/nebulas/NebulaTrees with maxs=true frames=true
[Architectury Transformer DEBUG] Transformed com/github/starcatcher21/stargazer/worldgen/features/trees/nebulas/NebulaTrees in 5.005 ms
[Architectury Transformer DEBUG] Transforming from com/github/starcatcher21/stargazer/worldgen/features/trees/darkness/DarknessTrees.class to com/github/starcatcher21/stargazer/worldgen/features/trees/darkness/DarknessTrees.class with 6 transformer(s) on dev.architectury.transformer.handler.TinyRemapperPreparedTransformerHandler
[Architectury Transformer DEBUG] Remapping with 1 mapping provider(s):
[Architectury Transformer DEBUG]  - dev.architectury.transformer.transformers.TransformNeoForgeEnvironment$$Lambda/0x000000002606ed78@85ec632
[Architectury Transformer DEBUG] Remapping Classes:
[Architectury Transformer DEBUG] net/fabricmc/api/EnvType -> net/neoforged/api/distmarker/Dist
[Architectury Transformer DEBUG] net/fabricmc/api/Environment -> net/neoforged/api/distmarker/OnlyIn
[Architectury Transformer DEBUG] Found class transformer
[Architectury Transformer DEBUG] Writing com/github/starcatcher21/stargazer/worldgen/features/trees/darkness/DarknessTrees with maxs=true frames=true
[Architectury Transformer DEBUG] Transformed com/github/starcatcher21/stargazer/worldgen/features/trees/darkness/DarknessTrees in 4.194 ms
[Architectury Transformer DEBUG] Transforming from com/github/starcatcher21/stargazer/worldgen/features/Eyes.class to com/github/starcatcher21/stargazer/worldgen/features/Eyes.class with 6 transformer(s) on dev.architectury.transformer.handler.TinyRemapperPreparedTransformerHandler
[Architectury Transformer DEBUG] Remapping with 1 mapping provider(s):
[Architectury Transformer DEBUG]  - dev.architectury.transformer.transformers.TransformNeoForgeEnvironment$$Lambda/0x000000002606ed78@85ec632
[Architectury Transformer DEBUG] Remapping Classes:
[Architectury Transformer DEBUG] net/fabricmc/api/EnvType -> net/neoforged/api/distmarker/Dist
[Architectury Transformer DEBUG] net/fabricmc/api/Environment -> net/neoforged/api/distmarker/OnlyIn
[Architectury Transformer DEBUG] Found class transformer
[Architectury Transformer DEBUG] Writing com/github/starcatcher21/stargazer/worldgen/features/Eyes with maxs=true frames=true
[Architectury Transformer DEBUG] Transformed com/github/starcatcher21/stargazer/worldgen/features/Eyes in 4.787 ms
[Architectury Transformer DEBUG] Transforming from com/github/starcatcher21/stargazer/worldgen/features/Gradi.class to com/github/starcatcher21/stargazer/worldgen/features/Gradi.class with 6 transformer(s) on dev.architectury.transformer.handler.TinyRemapperPreparedTransformerHandler
[Architectury Transformer DEBUG] Remapping with 1 mapping provider(s):
[Architectury Transformer DEBUG]  - dev.architectury.transformer.transformers.TransformNeoForgeEnvironment$$Lambda/0x000000002606ed78@85ec632
[Architectury Transformer DEBUG] Remapping Classes:
[Architectury Transformer DEBUG] net/fabricmc/api/EnvType -> net/neoforged/api/distmarker/Dist
[Architectury Transformer DEBUG] net/fabricmc/api/Environment -> net/neoforged/api/distmarker/OnlyIn
[Architectury Transformer DEBUG] Found class transformer
[Architectury Transformer DEBUG] Writing com/github/starcatcher21/stargazer/worldgen/features/Gradi with maxs=true frames=true
[Architectury Transformer DEBUG] Transformed com/github/starcatcher21/stargazer/worldgen/features/Gradi in 3.406 ms
[Architectury Transformer DEBUG] Transforming from com/github/starcatcher21/stargazer/worldgen/features/ForgetMeNow.class to com/github/starcatcher21/stargazer/worldgen/features/ForgetMeNow.class with 6 transformer(s) on dev.architectury.transformer.handler.TinyRemapperPreparedTransformerHandler
[Architectury Transformer DEBUG] Remapping with 1 mapping provider(s):
[Architectury Transformer DEBUG]  - dev.architectury.transformer.transformers.TransformNeoForgeEnvironment$$Lambda/0x000000002606ed78@85ec632
[Architectury Transformer DEBUG] Remapping Classes:
[Architectury Transformer DEBUG] net/fabricmc/api/EnvType -> net/neoforged/api/distmarker/Dist
[Architectury Transformer DEBUG] net/fabricmc/api/Environment -> net/neoforged/api/distmarker/OnlyIn
[Architectury Transformer DEBUG] Found class transformer
[Architectury Transformer DEBUG] Writing com/github/starcatcher21/stargazer/worldgen/features/ForgetMeNow with maxs=true frames=true
[Architectury Transformer DEBUG] Transformed com/github/starcatcher21/stargazer/worldgen/features/ForgetMeNow in 3.554 ms
[Architectury Transformer DEBUG] Transforming from com/github/starcatcher21/stargazer/worldgen/features/iron/IronOre.class to com/github/starcatcher21/stargazer/worldgen/features/iron/IronOre.class with 6 transformer(s) on dev.architectury.transformer.handler.TinyRemapperPreparedTransformerHandler
[Architectury Transformer DEBUG] Remapping with 1 mapping provider(s):
[Architectury Transformer DEBUG]  - dev.architectury.transformer.transformers.TransformNeoForgeEnvironment$$Lambda/0x000000002606ed78@85ec632
[Architectury Transformer DEBUG] Remapping Classes:
[Architectury Transformer DEBUG] net/fabricmc/api/EnvType -> net/neoforged/api/distmarker/Dist
[Architectury Transformer DEBUG] net/fabricmc/api/Environment -> net/neoforged/api/distmarker/OnlyIn
[Architectury Transformer DEBUG] Found class transformer
[Architectury Transformer DEBUG] Writing com/github/starcatcher21/stargazer/worldgen/features/iron/IronOre with maxs=true frames=true
[Architectury Transformer DEBUG] Transformed com/github/starcatcher21/stargazer/worldgen/features/iron/IronOre in 3.482 ms
[Architectury Transformer DEBUG] Transforming from com/github/starcatcher21/stargazer/worldgen/features/crystals/CrystalOre.class to com/github/starcatcher21/stargazer/worldgen/features/crystals/CrystalOre.class with 6 transformer(s) on dev.architectury.transformer.handler.TinyRemapperPreparedTransformerHandler
[Architectury Transformer DEBUG] Remapping with 1 mapping provider(s):
[Architectury Transformer DEBUG]  - dev.architectury.transformer.transformers.TransformNeoForgeEnvironment$$Lambda/0x000000002606ed78@85ec632
[Architectury Transformer DEBUG] Remapping Classes:
[Architectury Transformer DEBUG] net/fabricmc/api/EnvType -> net/neoforged/api/distmarker/Dist
[Architectury Transformer DEBUG] net/fabricmc/api/Environment -> net/neoforged/api/distmarker/OnlyIn
[Architectury Transformer DEBUG] Found class transformer
[Architectury Transformer DEBUG] Writing com/github/starcatcher21/stargazer/worldgen/features/crystals/CrystalOre with maxs=true frames=true
[Architectury Transformer DEBUG] Transformed com/github/starcatcher21/stargazer/worldgen/features/crystals/CrystalOre in 3.174 ms
[Architectury Transformer DEBUG] Transforming from com/github/starcatcher21/stargazer/worldgen/features/prismaticore/PrismaticOre.class to com/github/starcatcher21/stargazer/worldgen/features/prismaticore/PrismaticOre.class with 6 transformer(s) on dev.architectury.transformer.handler.TinyRemapperPreparedTransformerHandler
[Architectury Transformer DEBUG] Remapping with 1 mapping provider(s):
[Architectury Transformer DEBUG]  - dev.architectury.transformer.transformers.TransformNeoForgeEnvironment$$Lambda/0x000000002606ed78@85ec632
[Architectury Transformer DEBUG] Remapping Classes:
[Architectury Transformer DEBUG] net/fabricmc/api/EnvType -> net/neoforged/api/distmarker/Dist
[Architectury Transformer DEBUG] net/fabricmc/api/Environment -> net/neoforged/api/distmarker/OnlyIn
[Architectury Transformer DEBUG] Found class transformer
[Architectury Transformer DEBUG] Writing com/github/starcatcher21/stargazer/worldgen/features/prismaticore/PrismaticOre with maxs=true frames=true
[Architectury Transformer DEBUG] Transformed com/github/starcatcher21/stargazer/worldgen/features/prismaticore/PrismaticOre in 3.298 ms
[Architectury Transformer DEBUG] Transforming from com/github/starcatcher21/stargazer/worldgen/features/trees/bones/BoneTrees.class to com/github/starcatcher21/stargazer/worldgen/features/trees/bones/BoneTrees.class with 6 transformer(s) on dev.architectury.transformer.handler.TinyRemapperPreparedTransformerHandler
[Architectury Transformer DEBUG] Remapping with 1 mapping provider(s):
[Architectury Transformer DEBUG]  - dev.architectury.transformer.transformers.TransformNeoForgeEnvironment$$Lambda/0x000000002606ed78@85ec632
[Architectury Transformer DEBUG] Remapping Classes:
[Architectury Transformer DEBUG] net/fabricmc/api/EnvType -> net/neoforged/api/distmarker/Dist
[Architectury Transformer DEBUG] net/fabricmc/api/Environment -> net/neoforged/api/distmarker/OnlyIn
[Architectury Transformer DEBUG] Found class transformer
[Architectury Transformer DEBUG] Writing com/github/starcatcher21/stargazer/worldgen/features/trees/bones/BoneTrees with maxs=true frames=true
[Architectury Transformer DEBUG] Transformed com/github/starcatcher21/stargazer/worldgen/features/trees/bones/BoneTrees in 3.492 ms
[Architectury Transformer DEBUG] Transforming from com/github/starcatcher21/stargazer/worldgen/features/trees/purple_shroom/PurpleShrooms.class to com/github/starcatcher21/stargazer/worldgen/features/trees/purple_shroom/PurpleShrooms.class with 6 transformer(s) on dev.architectury.transformer.handler.TinyRemapperPreparedTransformerHandler
[Architectury Transformer DEBUG] Remapping with 1 mapping provider(s):
[Architectury Transformer DEBUG]  - dev.architectury.transformer.transformers.TransformNeoForgeEnvironment$$Lambda/0x000000002606ed78@85ec632
[Architectury Transformer DEBUG] Remapping Classes:
[Architectury Transformer DEBUG] net/fabricmc/api/EnvType -> net/neoforged/api/distmarker/Dist
[Architectury Transformer DEBUG] net/fabricmc/api/Environment -> net/neoforged/api/distmarker/OnlyIn
[Architectury Transformer DEBUG] Found class transformer
[Architectury Transformer DEBUG] Writing com/github/starcatcher21/stargazer/worldgen/features/trees/purple_shroom/PurpleShrooms with maxs=true frames=true
[Architectury Transformer DEBUG] Transformed com/github/starcatcher21/stargazer/worldgen/features/trees/purple_shroom/PurpleShrooms in 3.056 ms
[Architectury Transformer DEBUG] Transforming from com/github/starcatcher21/stargazer/worldgen/features/trees/curve/CurveTrees.class to com/github/starcatcher21/stargazer/worldgen/features/trees/curve/CurveTrees.class with 6 transformer(s) on dev.architectury.transformer.handler.TinyRemapperPreparedTransformerHandler
[Architectury Transformer DEBUG] Remapping with 1 mapping provider(s):
[Architectury Transformer DEBUG]  - dev.architectury.transformer.transformers.TransformNeoForgeEnvironment$$Lambda/0x000000002606ed78@85ec632
[Architectury Transformer DEBUG] Remapping Classes:
[Architectury Transformer DEBUG] net/fabricmc/api/EnvType -> net/neoforged/api/distmarker/Dist
[Architectury Transformer DEBUG] net/fabricmc/api/Environment -> net/neoforged/api/distmarker/OnlyIn
[Architectury Transformer DEBUG] Found class transformer
[Architectury Transformer DEBUG] Writing com/github/starcatcher21/stargazer/worldgen/features/trees/curve/CurveTrees with maxs=true frames=true
[Architectury Transformer DEBUG] Transformed com/github/starcatcher21/stargazer/worldgen/features/trees/curve/CurveTrees in 3.510 ms
[Architectury Transformer DEBUG] Transforming from com/github/starcatcher21/stargazer/worldgen/features/trees/glass/GlassTrees.class to com/github/starcatcher21/stargazer/worldgen/features/trees/glass/GlassTrees.class with 6 transformer(s) on dev.architectury.transformer.handler.TinyRemapperPreparedTransformerHandler
[Architectury Transformer DEBUG] Remapping with 1 mapping provider(s):
[Architectury Transformer DEBUG]  - dev.architectury.transformer.transformers.TransformNeoForgeEnvironment$$Lambda/0x000000002606ed78@85ec632
[Architectury Transformer DEBUG] Remapping Classes:
[Architectury Transformer DEBUG] net/fabricmc/api/EnvType -> net/neoforged/api/distmarker/Dist
[Architectury Transformer DEBUG] net/fabricmc/api/Environment -> net/neoforged/api/distmarker/OnlyIn
[Architectury Transformer DEBUG] Found class transformer
[Architectury Transformer DEBUG] Writing com/github/starcatcher21/stargazer/worldgen/features/trees/glass/GlassTrees with maxs=true frames=true
[Architectury Transformer DEBUG] Transformed com/github/starcatcher21/stargazer/worldgen/features/trees/glass/GlassTrees in 3.640 ms
[Architectury Transformer DEBUG] Transforming from com/github/starcatcher21/stargazer/worldgen/features/trees/trunn/TrunnTrees.class to com/github/starcatcher21/stargazer/worldgen/features/trees/trunn/TrunnTrees.class with 6 transformer(s) on dev.architectury.transformer.handler.TinyRemapperPreparedTransformerHandler
[Architectury Transformer DEBUG] Remapping with 1 mapping provider(s):
[Architectury Transformer DEBUG]  - dev.architectury.transformer.transformers.TransformNeoForgeEnvironment$$Lambda/0x000000002606ed78@85ec632
[Architectury Transformer DEBUG] Remapping Classes:
[Architectury Transformer DEBUG] net/fabricmc/api/EnvType -> net/neoforged/api/distmarker/Dist
[Architectury Transformer DEBUG] net/fabricmc/api/Environment -> net/neoforged/api/distmarker/OnlyIn
[Architectury Transformer DEBUG] Found class transformer
[Architectury Transformer DEBUG] Writing com/github/starcatcher21/stargazer/worldgen/features/trees/trunn/TrunnTrees with maxs=true frames=true
[Architectury Transformer DEBUG] Transformed com/github/starcatcher21/stargazer/worldgen/features/trees/trunn/TrunnTrees in 3.229 ms
[Architectury Transformer DEBUG] Transforming from com/github/starcatcher21/stargazer/worldgen/features/trees/bubbles/Bubbles.class to com/github/starcatcher21/stargazer/worldgen/features/trees/bubbles/Bubbles.class with 6 transformer(s) on dev.architectury.transformer.handler.TinyRemapperPreparedTransformerHandler
[Architectury Transformer DEBUG] Remapping with 1 mapping provider(s):
[Architectury Transformer DEBUG]  - dev.architectury.transformer.transformers.TransformNeoForgeEnvironment$$Lambda/0x000000002606ed78@85ec632
[Architectury Transformer DEBUG] Remapping Classes:
[Architectury Transformer DEBUG] net/fabricmc/api/EnvType -> net/neoforged/api/distmarker/Dist
[Architectury Transformer DEBUG] net/fabricmc/api/Environment -> net/neoforged/api/distmarker/OnlyIn
[Architectury Transformer DEBUG] Found class transformer
[Architectury Transformer DEBUG] Writing com/github/starcatcher21/stargazer/worldgen/features/trees/bubbles/Bubbles with maxs=true frames=true
[Architectury Transformer DEBUG] Transformed com/github/starcatcher21/stargazer/worldgen/features/trees/bubbles/Bubbles in 3.651 ms
[Architectury Transformer DEBUG] Transforming from com/github/starcatcher21/stargazer/worldgen/features/blackstone_pillars/BlackStonePillars.class to com/github/starcatcher21/stargazer/worldgen/features/blackstone_pillars/BlackStonePillars.class with 6 transformer(s) on dev.architectury.transformer.handler.TinyRemapperPreparedTransformerHandler
[Architectury Transformer DEBUG] Remapping with 1 mapping provider(s):
[Architectury Transformer DEBUG]  - dev.architectury.transformer.transformers.TransformNeoForgeEnvironment$$Lambda/0x000000002606ed78@85ec632
[Architectury Transformer DEBUG] Remapping Classes:
[Architectury Transformer DEBUG] net/fabricmc/api/EnvType -> net/neoforged/api/distmarker/Dist
[Architectury Transformer DEBUG] net/fabricmc/api/Environment -> net/neoforged/api/distmarker/OnlyIn
[Architectury Transformer DEBUG] Found class transformer
[Architectury Transformer DEBUG] Writing com/github/starcatcher21/stargazer/worldgen/features/blackstone_pillars/BlackStonePillars with maxs=true frames=true
[Architectury Transformer DEBUG] Transformed com/github/starcatcher21/stargazer/worldgen/features/blackstone_pillars/BlackStonePillars in 4.372 ms
[Architectury Transformer DEBUG] Transforming from com/github/starcatcher21/stargazer/worldgen/features/trees/fullmoon/FullMoonTrees.class to com/github/starcatcher21/stargazer/worldgen/features/trees/fullmoon/FullMoonTrees.class with 6 transformer(s) on dev.architectury.transformer.handler.TinyRemapperPreparedTransformerHandler
[Architectury Transformer DEBUG] Remapping with 1 mapping provider(s):
[Architectury Transformer DEBUG]  - dev.architectury.transformer.transformers.TransformNeoForgeEnvironment$$Lambda/0x000000002606ed78@85ec632
[Architectury Transformer DEBUG] Remapping Classes:
[Architectury Transformer DEBUG] net/fabricmc/api/EnvType -> net/neoforged/api/distmarker/Dist
[Architectury Transformer DEBUG] net/fabricmc/api/Environment -> net/neoforged/api/distmarker/OnlyIn
[Architectury Transformer DEBUG] Found class transformer
[Architectury Transformer DEBUG] Writing com/github/starcatcher21/stargazer/worldgen/features/trees/fullmoon/FullMoonTrees with maxs=true frames=true
[Architectury Transformer DEBUG] Transformed com/github/starcatcher21/stargazer/worldgen/features/trees/fullmoon/FullMoonTrees in 2.963 ms
[Architectury Transformer DEBUG] Transforming from com/github/starcatcher21/stargazer/worldgen/features/trees/spiro/SpiroTrees.class to com/github/starcatcher21/stargazer/worldgen/features/trees/spiro/SpiroTrees.class with 6 transformer(s) on dev.architectury.transformer.handler.TinyRemapperPreparedTransformerHandler
[Architectury Transformer DEBUG] Remapping with 1 mapping provider(s):
[Architectury Transformer DEBUG]  - dev.architectury.transformer.transformers.TransformNeoForgeEnvironment$$Lambda/0x000000002606ed78@85ec632
[Architectury Transformer DEBUG] Remapping Classes:
[Architectury Transformer DEBUG] net/fabricmc/api/EnvType -> net/neoforged/api/distmarker/Dist
[Architectury Transformer DEBUG] net/fabricmc/api/Environment -> net/neoforged/api/distmarker/OnlyIn
[Architectury Transformer DEBUG] Found class transformer
[Architectury Transformer DEBUG] Writing com/github/starcatcher21/stargazer/worldgen/features/trees/spiro/SpiroTrees with maxs=true frames=true
[Architectury Transformer DEBUG] Transformed com/github/starcatcher21/stargazer/worldgen/features/trees/spiro/SpiroTrees in 2.853 ms
[Architectury Transformer DEBUG] Transforming from com/github/starcatcher21/stargazer/worldgen/features/trees/green_rocks/GreenRocks.class to com/github/starcatcher21/stargazer/worldgen/features/trees/green_rocks/GreenRocks.class with 6 transformer(s) on dev.architectury.transformer.handler.TinyRemapperPreparedTransformerHandler
[Architectury Transformer DEBUG] Remapping with 1 mapping provider(s):
[Architectury Transformer DEBUG]  - dev.architectury.transformer.transformers.TransformNeoForgeEnvironment$$Lambda/0x000000002606ed78@85ec632
[Architectury Transformer DEBUG] Remapping Classes:
[Architectury Transformer DEBUG] net/fabricmc/api/EnvType -> net/neoforged/api/distmarker/Dist
[Architectury Transformer DEBUG] net/fabricmc/api/Environment -> net/neoforged/api/distmarker/OnlyIn
[Architectury Transformer DEBUG] Found class transformer
[Architectury Transformer DEBUG] Writing com/github/starcatcher21/stargazer/worldgen/features/trees/green_rocks/GreenRocks with maxs=true frames=true
[Architectury Transformer DEBUG] Transformed com/github/starcatcher21/stargazer/worldgen/features/trees/green_rocks/GreenRocks in 2.834 ms
[Architectury Transformer DEBUG] Transforming from com/github/starcatcher21/stargazer/worldgen/features/trees/star/StarTrees.class to com/github/starcatcher21/stargazer/worldgen/features/trees/star/StarTrees.class with 6 transformer(s) on dev.architectury.transformer.handler.TinyRemapperPreparedTransformerHandler
[Architectury Transformer DEBUG] Remapping with 1 mapping provider(s):
[Architectury Transformer DEBUG]  - dev.architectury.transformer.transformers.TransformNeoForgeEnvironment$$Lambda/0x000000002606ed78@85ec632
[Architectury Transformer DEBUG] Remapping Classes:
[Architectury Transformer DEBUG] net/fabricmc/api/EnvType -> net/neoforged/api/distmarker/Dist
[Architectury Transformer DEBUG] net/fabricmc/api/Environment -> net/neoforged/api/distmarker/OnlyIn
[Architectury Transformer DEBUG] Found class transformer
[Architectury Transformer DEBUG] Writing com/github/starcatcher21/stargazer/worldgen/features/trees/star/StarTrees with maxs=true frames=true
[Architectury Transformer DEBUG] Transformed com/github/starcatcher21/stargazer/worldgen/features/trees/star/StarTrees in 2.681 ms
[Architectury Transformer DEBUG] Transforming from com/github/starcatcher21/stargazer/worldgen/features/trees/eyeblodbirch/EyeBirchTrees.class to com/github/starcatcher21/stargazer/worldgen/features/trees/eyeblodbirch/EyeBirchTrees.class with 6 transformer(s) on dev.architectury.transformer.handler.TinyRemapperPreparedTransformerHandler
[Architectury Transformer DEBUG] Remapping with 1 mapping provider(s):
[Architectury Transformer DEBUG]  - dev.architectury.transformer.transformers.TransformNeoForgeEnvironment$$Lambda/0x000000002606ed78@85ec632
[Architectury Transformer DEBUG] Remapping Classes:
[Architectury Transformer DEBUG] net/fabricmc/api/EnvType -> net/neoforged/api/distmarker/Dist
[Architectury Transformer DEBUG] net/fabricmc/api/Environment -> net/neoforged/api/distmarker/OnlyIn
[Architectury Transformer DEBUG] Found class transformer
[Architectury Transformer DEBUG] Writing com/github/starcatcher21/stargazer/worldgen/features/trees/eyeblodbirch/EyeBirchTrees with maxs=true frames=true
[Architectury Transformer DEBUG] Transformed com/github/starcatcher21/stargazer/worldgen/features/trees/eyeblodbirch/EyeBirchTrees in 2.836 ms
[Architectury Transformer DEBUG] Transforming from com/github/starcatcher21/stargazer/effects/StatusEffects.class to com/github/starcatcher21/stargazer/effects/StatusEffects.class with 6 transformer(s) on dev.architectury.transformer.handler.TinyRemapperPreparedTransformerHandler
[Architectury Transformer DEBUG] Remapping with 1 mapping provider(s):
[Architectury Transformer DEBUG]  - dev.architectury.transformer.transformers.TransformNeoForgeEnvironment$$Lambda/0x000000002606ed78@85ec632
[Architectury Transformer DEBUG] Remapping Classes:
[Architectury Transformer DEBUG] net/fabricmc/api/EnvType -> net/neoforged/api/distmarker/Dist
[Architectury Transformer DEBUG] net/fabricmc/api/Environment -> net/neoforged/api/distmarker/OnlyIn
[Architectury Transformer DEBUG] Found class transformer
[Architectury Transformer DEBUG] Writing com/github/starcatcher21/stargazer/effects/StatusEffects with maxs=true frames=true
[Architectury Transformer DEBUG] Transformed com/github/starcatcher21/stargazer/effects/StatusEffects in 3.462 ms
[Architectury Transformer DEBUG] Transforming from com/github/starcatcher21/stargazer/effects/Hydrophobic.class to com/github/starcatcher21/stargazer/effects/Hydrophobic.class with 6 transformer(s) on dev.architectury.transformer.handler.TinyRemapperPreparedTransformerHandler
[Architectury Transformer DEBUG] Remapping with 1 mapping provider(s):
[Architectury Transformer DEBUG]  - dev.architectury.transformer.transformers.TransformNeoForgeEnvironment$$Lambda/0x000000002606ed78@85ec632
[Architectury Transformer DEBUG] Remapping Classes:
[Architectury Transformer DEBUG] net/fabricmc/api/EnvType -> net/neoforged/api/distmarker/Dist
[Architectury Transformer DEBUG] net/fabricmc/api/Environment -> net/neoforged/api/distmarker/OnlyIn
[Architectury Transformer DEBUG] Found class transformer
[Architectury Transformer DEBUG] Writing com/github/starcatcher21/stargazer/effects/Hydrophobic with maxs=true frames=true
[Architectury Transformer DEBUG] Transformed com/github/starcatcher21/stargazer/effects/Hydrophobic in 3.731 ms
[Architectury Transformer DEBUG] Transforming from com/github/starcatcher21/stargazer/effects/CosmoFeeling.class to com/github/starcatcher21/stargazer/effects/CosmoFeeling.class with 6 transformer(s) on dev.architectury.transformer.handler.TinyRemapperPreparedTransformerHandler
[Architectury Transformer DEBUG] Remapping with 1 mapping provider(s):
[Architectury Transformer DEBUG]  - dev.architectury.transformer.transformers.TransformNeoForgeEnvironment$$Lambda/0x000000002606ed78@85ec632
[Architectury Transformer DEBUG] Remapping Classes:
[Architectury Transformer DEBUG] net/fabricmc/api/EnvType -> net/neoforged/api/distmarker/Dist
[Architectury Transformer DEBUG] net/fabricmc/api/Environment -> net/neoforged/api/distmarker/OnlyIn
[Architectury Transformer DEBUG] Found class transformer
[Architectury Transformer DEBUG] Writing com/github/starcatcher21/stargazer/effects/CosmoFeeling with maxs=true frames=true
[Architectury Transformer DEBUG] Transformed com/github/starcatcher21/stargazer/effects/CosmoFeeling in 2.590 ms
[Architectury Transformer DEBUG] Transforming from com/github/starcatcher21/stargazer/effects/GlassHands.class to com/github/starcatcher21/stargazer/effects/GlassHands.class with 6 transformer(s) on dev.architectury.transformer.handler.TinyRemapperPreparedTransformerHandler
[Architectury Transformer DEBUG] Remapping with 1 mapping provider(s):
[Architectury Transformer DEBUG]  - dev.architectury.transformer.transformers.TransformNeoForgeEnvironment$$Lambda/0x000000002606ed78@85ec632
[Architectury Transformer DEBUG] Remapping Classes:
[Architectury Transformer DEBUG] net/fabricmc/api/EnvType -> net/neoforged/api/distmarker/Dist
[Architectury Transformer DEBUG] net/fabricmc/api/Environment -> net/neoforged/api/distmarker/OnlyIn
[Architectury Transformer DEBUG] Found class transformer
[Architectury Transformer DEBUG] Writing com/github/starcatcher21/stargazer/effects/GlassHands with maxs=true frames=true
[Architectury Transformer DEBUG] Transformed com/github/starcatcher21/stargazer/effects/GlassHands in 2.369 ms
[Architectury Transformer DEBUG] Transforming from com/github/starcatcher21/stargazer/effects/Potions.class to com/github/starcatcher21/stargazer/effects/Potions.class with 6 transformer(s) on dev.architectury.transformer.handler.TinyRemapperPreparedTransformerHandler
[Architectury Transformer DEBUG] Remapping with 1 mapping provider(s):
[Architectury Transformer DEBUG]  - dev.architectury.transformer.transformers.TransformNeoForgeEnvironment$$Lambda/0x000000002606ed78@85ec632
[Architectury Transformer DEBUG] Remapping Classes:
[Architectury Transformer DEBUG] net/fabricmc/api/EnvType -> net/neoforged/api/distmarker/Dist
[Architectury Transformer DEBUG] net/fabricmc/api/Environment -> net/neoforged/api/distmarker/OnlyIn
[Architectury Transformer DEBUG] Found class transformer
[Architectury Transformer DEBUG] Writing com/github/starcatcher21/stargazer/effects/Potions with maxs=true frames=true
[Architectury Transformer DEBUG] Transformed com/github/starcatcher21/stargazer/effects/Potions in 2.597 ms
[Architectury Transformer DEBUG] Transforming from com/github/starcatcher21/stargazer/GameRules.class to com/github/starcatcher21/stargazer/GameRules.class with 6 transformer(s) on dev.architectury.transformer.handler.TinyRemapperPreparedTransformerHandler
[Architectury Transformer DEBUG] Remapping with 1 mapping provider(s):
[Architectury Transformer DEBUG]  - dev.architectury.transformer.transformers.TransformNeoForgeEnvironment$$Lambda/0x000000002606ed78@85ec632
[Architectury Transformer DEBUG] Remapping Classes:
[Architectury Transformer DEBUG] net/fabricmc/api/EnvType -> net/neoforged/api/distmarker/Dist
[Architectury Transformer DEBUG] net/fabricmc/api/Environment -> net/neoforged/api/distmarker/OnlyIn
[Architectury Transformer DEBUG] Found class transformer
[Architectury Transformer DEBUG] Writing com/github/starcatcher21/stargazer/GameRules with maxs=true frames=true
[Architectury Transformer DEBUG] Transformed com/github/starcatcher21/stargazer/GameRules in 3.010 ms
[Architectury Transformer DEBUG] Transforming from com/github/starcatcher21/stargazer/mechanics/DamageTypeRegistry.class to com/github/starcatcher21/stargazer/mechanics/DamageTypeRegistry.class with 6 transformer(s) on dev.architectury.transformer.handler.TinyRemapperPreparedTransformerHandler
[Architectury Transformer DEBUG] Remapping with 1 mapping provider(s):
[Architectury Transformer DEBUG]  - dev.architectury.transformer.transformers.TransformNeoForgeEnvironment$$Lambda/0x000000002606ed78@85ec632
[Architectury Transformer DEBUG] Remapping Classes:
[Architectury Transformer DEBUG] net/fabricmc/api/EnvType -> net/neoforged/api/distmarker/Dist
[Architectury Transformer DEBUG] net/fabricmc/api/Environment -> net/neoforged/api/distmarker/OnlyIn
[Architectury Transformer DEBUG] Found class transformer
[Architectury Transformer DEBUG] Writing com/github/starcatcher21/stargazer/mechanics/DamageTypeRegistry with maxs=true frames=true
[Architectury Transformer DEBUG] Transformed com/github/starcatcher21/stargazer/mechanics/DamageTypeRegistry in 2.714 ms
[Architectury Transformer DEBUG] Transforming from com/github/starcatcher21/stargazer/worldgen/BiomeReg.class to com/github/starcatcher21/stargazer/worldgen/BiomeReg.class with 6 transformer(s) on dev.architectury.transformer.handler.TinyRemapperPreparedTransformerHandler
[Architectury Transformer DEBUG] Remapping with 1 mapping provider(s):
[Architectury Transformer DEBUG]  - dev.architectury.transformer.transformers.TransformNeoForgeEnvironment$$Lambda/0x000000002606ed78@85ec632
[Architectury Transformer DEBUG] Remapping Classes:
[Architectury Transformer DEBUG] net/fabricmc/api/EnvType -> net/neoforged/api/distmarker/Dist
[Architectury Transformer DEBUG] net/fabricmc/api/Environment -> net/neoforged/api/distmarker/OnlyIn
[Architectury Transformer DEBUG] Found class transformer
[Architectury Transformer DEBUG] Writing com/github/starcatcher21/stargazer/worldgen/BiomeReg with maxs=true frames=true
[Architectury Transformer DEBUG] Transformed com/github/starcatcher21/stargazer/worldgen/BiomeReg in 2.779 ms
[Architectury Transformer DEBUG] Transforming from com/github/starcatcher21/stargazer/worldgen/BiomeTags.class to com/github/starcatcher21/stargazer/worldgen/BiomeTags.class with 6 transformer(s) on dev.architectury.transformer.handler.TinyRemapperPreparedTransformerHandler
[Architectury Transformer DEBUG] Remapping with 1 mapping provider(s):
[Architectury Transformer DEBUG]  - dev.architectury.transformer.transformers.TransformNeoForgeEnvironment$$Lambda/0x000000002606ed78@85ec632
[Architectury Transformer DEBUG] Remapping Classes:
[Architectury Transformer DEBUG] net/fabricmc/api/EnvType -> net/neoforged/api/distmarker/Dist
[Architectury Transformer DEBUG] net/fabricmc/api/Environment -> net/neoforged/api/distmarker/OnlyIn
[Architectury Transformer DEBUG] Found class transformer
[Architectury Transformer DEBUG] Writing com/github/starcatcher21/stargazer/worldgen/BiomeTags with maxs=true frames=true
[Architectury Transformer DEBUG] Transformed com/github/starcatcher21/stargazer/worldgen/BiomeTags in 3.476 ms
[Architectury Transformer DEBUG] Transforming from com/github/starcatcher21/stargazer/item/ConsumeEffectsRegistry.class to com/github/starcatcher21/stargazer/item/ConsumeEffectsRegistry.class with 6 transformer(s) on dev.architectury.transformer.handler.TinyRemapperPreparedTransformerHandler
[Architectury Transformer DEBUG] Remapping with 1 mapping provider(s):
[Architectury Transformer DEBUG]  - dev.architectury.transformer.transformers.TransformNeoForgeEnvironment$$Lambda/0x000000002606ed78@85ec632
[Architectury Transformer DEBUG] Remapping Classes:
[Architectury Transformer DEBUG] net/fabricmc/api/EnvType -> net/neoforged/api/distmarker/Dist
[Architectury Transformer DEBUG] net/fabricmc/api/Environment -> net/neoforged/api/distmarker/OnlyIn
[Architectury Transformer DEBUG] Found class transformer
[Architectury Transformer DEBUG] Writing com/github/starcatcher21/stargazer/item/ConsumeEffectsRegistry with maxs=true frames=true
[Architectury Transformer DEBUG] Transformed com/github/starcatcher21/stargazer/item/ConsumeEffectsRegistry in 2.533 ms
[Architectury Transformer DEBUG] Transforming from com/github/starcatcher21/stargazer/block/BlockTypes.class to com/github/starcatcher21/stargazer/block/BlockTypes.class with 6 transformer(s) on dev.architectury.transformer.handler.TinyRemapperPreparedTransformerHandler
[Architectury Transformer DEBUG] Remapping with 1 mapping provider(s):
[Architectury Transformer DEBUG]  - dev.architectury.transformer.transformers.TransformNeoForgeEnvironment$$Lambda/0x000000002606ed78@85ec632
[Architectury Transformer DEBUG] Remapping Classes:
[Architectury Transformer DEBUG] net/fabricmc/api/EnvType -> net/neoforged/api/distmarker/Dist
[Architectury Transformer DEBUG] net/fabricmc/api/Environment -> net/neoforged/api/distmarker/OnlyIn
[Architectury Transformer DEBUG] Found class transformer
[Architectury Transformer DEBUG] Writing com/github/starcatcher21/stargazer/block/BlockTypes with maxs=true frames=true
[Architectury Transformer DEBUG] Transformed com/github/starcatcher21/stargazer/block/BlockTypes in 4.954 ms
[Architectury Transformer DEBUG] Transforming from com/github/starcatcher21/stargazer/energy/ModEnergyStorage.class to com/github/starcatcher21/stargazer/energy/ModEnergyStorage.class with 6 transformer(s) on dev.architectury.transformer.handler.TinyRemapperPreparedTransformerHandler
[Architectury Transformer DEBUG] Remapping with 1 mapping provider(s):
[Architectury Transformer DEBUG]  - dev.architectury.transformer.transformers.TransformNeoForgeEnvironment$$Lambda/0x000000002606ed78@85ec632
[Architectury Transformer DEBUG] Remapping Classes:
[Architectury Transformer DEBUG] net/fabricmc/api/EnvType -> net/neoforged/api/distmarker/Dist
[Architectury Transformer DEBUG] net/fabricmc/api/Environment -> net/neoforged/api/distmarker/OnlyIn
[Architectury Transformer DEBUG] Found class transformer
[Architectury Transformer DEBUG] Writing com/github/starcatcher21/stargazer/energy/ModEnergyStorage with maxs=true frames=true
[Architectury Transformer DEBUG] Transformed com/github/starcatcher21/stargazer/energy/ModEnergyStorage in 3.373 ms
[Architectury Transformer DEBUG] Transforming from com/github/starcatcher21/stargazer/mechanics/PointOfIntrests.class to com/github/starcatcher21/stargazer/mechanics/PointOfIntrests.class with 6 transformer(s) on dev.architectury.transformer.handler.TinyRemapperPreparedTransformerHandler
[Architectury Transformer DEBUG] Remapping with 1 mapping provider(s):
[Architectury Transformer DEBUG]  - dev.architectury.transformer.transformers.TransformNeoForgeEnvironment$$Lambda/0x000000002606ed78@85ec632
[Architectury Transformer DEBUG] Remapping Classes:
[Architectury Transformer DEBUG] net/fabricmc/api/EnvType -> net/neoforged/api/distmarker/Dist
[Architectury Transformer DEBUG] net/fabricmc/api/Environment -> net/neoforged/api/distmarker/OnlyIn
[Architectury Transformer DEBUG] Found class transformer
[Architectury Transformer DEBUG] Writing com/github/starcatcher21/stargazer/mechanics/PointOfIntrests with maxs=true frames=true
[Architectury Transformer DEBUG] Transformed com/github/starcatcher21/stargazer/mechanics/PointOfIntrests in 3.133 ms
[Architectury Transformer DEBUG] Transforming from com/github/starcatcher21/stargazer/CreativeTab/ItemGroup.class to com/github/starcatcher21/stargazer/CreativeTab/ItemGroup.class with 6 transformer(s) on dev.architectury.transformer.handler.TinyRemapperPreparedTransformerHandler
[Architectury Transformer DEBUG] Remapping with 1 mapping provider(s):
[Architectury Transformer DEBUG]  - dev.architectury.transformer.transformers.TransformNeoForgeEnvironment$$Lambda/0x000000002606ed78@85ec632
[Architectury Transformer DEBUG] Remapping Classes:
[Architectury Transformer DEBUG] net/fabricmc/api/EnvType -> net/neoforged/api/distmarker/Dist
[Architectury Transformer DEBUG] net/fabricmc/api/Environment -> net/neoforged/api/distmarker/OnlyIn
[Architectury Transformer DEBUG] Found class transformer
[Architectury Transformer DEBUG] Writing com/github/starcatcher21/stargazer/CreativeTab/ItemGroup with maxs=true frames=true
[Architectury Transformer DEBUG] Transformed com/github/starcatcher21/stargazer/CreativeTab/ItemGroup in 3.219 ms
[Architectury Transformer DEBUG] Transforming from com/github/starcatcher21/stargazer/particle/Particles.class to com/github/starcatcher21/stargazer/particle/Particles.class with 6 transformer(s) on dev.architectury.transformer.handler.TinyRemapperPreparedTransformerHandler
[Architectury Transformer DEBUG] Remapping with 1 mapping provider(s):
[Architectury Transformer DEBUG]  - dev.architectury.transformer.transformers.TransformNeoForgeEnvironment$$Lambda/0x000000002606ed78@85ec632
[Architectury Transformer DEBUG] Remapping Classes:
[Architectury Transformer DEBUG] net/fabricmc/api/EnvType -> net/neoforged/api/distmarker/Dist
[Architectury Transformer DEBUG] net/fabricmc/api/Environment -> net/neoforged/api/distmarker/OnlyIn
[Architectury Transformer DEBUG] Found class transformer
[Architectury Transformer DEBUG] Writing com/github/starcatcher21/stargazer/particle/Particles with maxs=true frames=true
[Architectury Transformer DEBUG] Transformed com/github/starcatcher21/stargazer/particle/Particles in 4.159 ms
[Architectury Transformer DEBUG] Transforming from com/github/starcatcher21/stargazer/particle/Particles$2.class to com/github/starcatcher21/stargazer/particle/Particles$2.class with 6 transformer(s) on dev.architectury.transformer.handler.TinyRemapperPreparedTransformerHandler
[Architectury Transformer DEBUG] Remapping with 1 mapping provider(s):
[Architectury Transformer DEBUG]  - dev.architectury.transformer.transformers.TransformNeoForgeEnvironment$$Lambda/0x000000002606ed78@85ec632
[Architectury Transformer DEBUG] Remapping Classes:
[Architectury Transformer DEBUG] net/fabricmc/api/EnvType -> net/neoforged/api/distmarker/Dist
[Architectury Transformer DEBUG] net/fabricmc/api/Environment -> net/neoforged/api/distmarker/OnlyIn
[Architectury Transformer DEBUG] Found class transformer
[Architectury Transformer DEBUG] Writing com/github/starcatcher21/stargazer/particle/Particles$2 with maxs=true frames=true
[Architectury Transformer DEBUG] Transformed com/github/starcatcher21/stargazer/particle/Particles$2 in 3.100 ms
[Architectury Transformer DEBUG] Transforming from com/github/starcatcher21/stargazer/particle/Particles$1.class to com/github/starcatcher21/stargazer/particle/Particles$1.class with 6 transformer(s) on dev.architectury.transformer.handler.TinyRemapperPreparedTransformerHandler
[Architectury Transformer DEBUG] Remapping with 1 mapping provider(s):
[Architectury Transformer DEBUG]  - dev.architectury.transformer.transformers.TransformNeoForgeEnvironment$$Lambda/0x000000002606ed78@85ec632
[Architectury Transformer DEBUG] Remapping Classes:
[Architectury Transformer DEBUG] net/fabricmc/api/EnvType -> net/neoforged/api/distmarker/Dist
[Architectury Transformer DEBUG] net/fabricmc/api/Environment -> net/neoforged/api/distmarker/OnlyIn
[Architectury Transformer DEBUG] Found class transformer
[Architectury Transformer DEBUG] Writing com/github/starcatcher21/stargazer/particle/Particles$1 with maxs=true frames=true
[Architectury Transformer DEBUG] Transformed com/github/starcatcher21/stargazer/particle/Particles$1 in 2.981 ms
[Architectury Transformer DEBUG] Transforming from com/github/starcatcher21/stargazer/particle/Particles$6.class to com/github/starcatcher21/stargazer/particle/Particles$6.class with 6 transformer(s) on dev.architectury.transformer.handler.TinyRemapperPreparedTransformerHandler
[Architectury Transformer DEBUG] Remapping with 1 mapping provider(s):
[Architectury Transformer DEBUG]  - dev.architectury.transformer.transformers.TransformNeoForgeEnvironment$$Lambda/0x000000002606ed78@85ec632
[Architectury Transformer DEBUG] Remapping Classes:
[Architectury Transformer DEBUG] net/fabricmc/api/EnvType -> net/neoforged/api/distmarker/Dist
[Architectury Transformer DEBUG] net/fabricmc/api/Environment -> net/neoforged/api/distmarker/OnlyIn
[Architectury Transformer DEBUG] Found class transformer
[Architectury Transformer DEBUG] Writing com/github/starcatcher21/stargazer/particle/Particles$6 with maxs=true frames=true
[Architectury Transformer DEBUG] Transformed com/github/starcatcher21/stargazer/particle/Particles$6 in 2.878 ms
[Architectury Transformer DEBUG] Transforming from com/github/starcatcher21/stargazer/particle/Particles$5.class to com/github/starcatcher21/stargazer/particle/Particles$5.class with 6 transformer(s) on dev.architectury.transformer.handler.TinyRemapperPreparedTransformerHandler
[Architectury Transformer DEBUG] Remapping with 1 mapping provider(s):
[Architectury Transformer DEBUG]  - dev.architectury.transformer.transformers.TransformNeoForgeEnvironment$$Lambda/0x000000002606ed78@85ec632
[Architectury Transformer DEBUG] Remapping Classes:
[Architectury Transformer DEBUG] net/fabricmc/api/EnvType -> net/neoforged/api/distmarker/Dist
[Architectury Transformer DEBUG] net/fabricmc/api/Environment -> net/neoforged/api/distmarker/OnlyIn
[Architectury Transformer DEBUG] Found class transformer
[Architectury Transformer DEBUG] Writing com/github/starcatcher21/stargazer/particle/Particles$5 with maxs=true frames=true
[Architectury Transformer DEBUG] Transformed com/github/starcatcher21/stargazer/particle/Particles$5 in 3.074 ms
[Architectury Transformer DEBUG] Transforming from com/github/starcatcher21/stargazer/particle/Particles$3.class to com/github/starcatcher21/stargazer/particle/Particles$3.class with 6 transformer(s) on dev.architectury.transformer.handler.TinyRemapperPreparedTransformerHandler
[Architectury Transformer DEBUG] Remapping with 1 mapping provider(s):
[Architectury Transformer DEBUG]  - dev.architectury.transformer.transformers.TransformNeoForgeEnvironment$$Lambda/0x000000002606ed78@85ec632
[Architectury Transformer DEBUG] Remapping Classes:
[Architectury Transformer DEBUG] net/fabricmc/api/EnvType -> net/neoforged/api/distmarker/Dist
[Architectury Transformer DEBUG] net/fabricmc/api/Environment -> net/neoforged/api/distmarker/OnlyIn
[Architectury Transformer DEBUG] Found class transformer
[Architectury Transformer DEBUG] Writing com/github/starcatcher21/stargazer/particle/Particles$3 with maxs=true frames=true
[Architectury Transformer DEBUG] Transformed com/github/starcatcher21/stargazer/particle/Particles$3 in 2.985 ms
[Architectury Transformer DEBUG] Transforming from com/github/starcatcher21/stargazer/particle/Particles$4.class to com/github/starcatcher21/stargazer/particle/Particles$4.class with 6 transformer(s) on dev.architectury.transformer.handler.TinyRemapperPreparedTransformerHandler
[Architectury Transformer DEBUG] Remapping with 1 mapping provider(s):
[Architectury Transformer DEBUG]  - dev.architectury.transformer.transformers.TransformNeoForgeEnvironment$$Lambda/0x000000002606ed78@85ec632
[Architectury Transformer DEBUG] Remapping Classes:
[Architectury Transformer DEBUG] net/fabricmc/api/EnvType -> net/neoforged/api/distmarker/Dist
[Architectury Transformer DEBUG] net/fabricmc/api/Environment -> net/neoforged/api/distmarker/OnlyIn
[Architectury Transformer DEBUG] Found class transformer
[Architectury Transformer DEBUG] Writing com/github/starcatcher21/stargazer/particle/Particles$4 with maxs=true frames=true
[Architectury Transformer DEBUG] Transformed com/github/starcatcher21/stargazer/particle/Particles$4 in 5.038 ms
[Architectury Transformer DEBUG] Transforming from com/github/starcatcher21/stargazer/worldgen/features/trees/TreesRegistry.class to com/github/starcatcher21/stargazer/worldgen/features/trees/TreesRegistry.class with 6 transformer(s) on dev.architectury.transformer.handler.TinyRemapperPreparedTransformerHandler
[Architectury Transformer DEBUG] Remapping with 1 mapping provider(s):
[Architectury Transformer DEBUG]  - dev.architectury.transformer.transformers.TransformNeoForgeEnvironment$$Lambda/0x000000002606ed78@85ec632
[Architectury Transformer DEBUG] Remapping Classes:
[Architectury Transformer DEBUG] net/fabricmc/api/EnvType -> net/neoforged/api/distmarker/Dist
[Architectury Transformer DEBUG] net/fabricmc/api/Environment -> net/neoforged/api/distmarker/OnlyIn
[Architectury Transformer DEBUG] Found class transformer
[Architectury Transformer DEBUG] Writing com/github/starcatcher21/stargazer/worldgen/features/trees/TreesRegistry with maxs=true frames=true
[Architectury Transformer DEBUG] Transformed com/github/starcatcher21/stargazer/worldgen/features/trees/TreesRegistry in 3.491 ms
[Architectury Transformer DEBUG] Transforming from com/github/starcatcher21/stargazer/worldgen/features/trees/moon/MoonBase.class to com/github/starcatcher21/stargazer/worldgen/features/trees/moon/MoonBase.class with 6 transformer(s) on dev.architectury.transformer.handler.TinyRemapperPreparedTransformerHandler
[Architectury Transformer DEBUG] Remapping with 1 mapping provider(s):
[Architectury Transformer DEBUG]  - dev.architectury.transformer.transformers.TransformNeoForgeEnvironment$$Lambda/0x000000002606ed78@85ec632
[Architectury Transformer DEBUG] Remapping Classes:
[Architectury Transformer DEBUG] net/fabricmc/api/EnvType -> net/neoforged/api/distmarker/Dist
[Architectury Transformer DEBUG] net/fabricmc/api/Environment -> net/neoforged/api/distmarker/OnlyIn
[Architectury Transformer DEBUG] Found class transformer
[Architectury Transformer DEBUG] Writing com/github/starcatcher21/stargazer/worldgen/features/trees/moon/MoonBase with maxs=true frames=true
[Architectury Transformer DEBUG] Transformed com/github/starcatcher21/stargazer/worldgen/features/trees/moon/MoonBase in 4.484 ms
[Architectury Transformer DEBUG] Transforming from com/github/starcatcher21/stargazer/worldgen/features/trees/curve/CurveBase.class to com/github/starcatcher21/stargazer/worldgen/features/trees/curve/CurveBase.class with 6 transformer(s) on dev.architectury.transformer.handler.TinyRemapperPreparedTransformerHandler
[Architectury Transformer DEBUG] Remapping with 1 mapping provider(s):
[Architectury Transformer DEBUG]  - dev.architectury.transformer.transformers.TransformNeoForgeEnvironment$$Lambda/0x000000002606ed78@85ec632
[Architectury Transformer DEBUG] Remapping Classes:
[Architectury Transformer DEBUG] net/fabricmc/api/EnvType -> net/neoforged/api/distmarker/Dist
[Architectury Transformer DEBUG] net/fabricmc/api/Environment -> net/neoforged/api/distmarker/OnlyIn
[Architectury Transformer DEBUG] Found class transformer
[Architectury Transformer DEBUG] Writing com/github/starcatcher21/stargazer/worldgen/features/trees/curve/CurveBase with maxs=true frames=true
[Architectury Transformer DEBUG] Transformed com/github/starcatcher21/stargazer/worldgen/features/trees/curve/CurveBase in 3.813 ms
[Architectury Transformer DEBUG] Transforming from com/github/starcatcher21/stargazer/worldgen/features/trees/purple_shroom/PurpleBase.class to com/github/starcatcher21/stargazer/worldgen/features/trees/purple_shroom/PurpleBase.class with 6 transformer(s) on dev.architectury.transformer.handler.TinyRemapperPreparedTransformerHandler
[Architectury Transformer DEBUG] Remapping with 1 mapping provider(s):
[Architectury Transformer DEBUG]  - dev.architectury.transformer.transformers.TransformNeoForgeEnvironment$$Lambda/0x000000002606ed78@85ec632
[Architectury Transformer DEBUG] Remapping Classes:
[Architectury Transformer DEBUG] net/fabricmc/api/EnvType -> net/neoforged/api/distmarker/Dist
[Architectury Transformer DEBUG] net/fabricmc/api/Environment -> net/neoforged/api/distmarker/OnlyIn
[Architectury Transformer DEBUG] Found class transformer
[Architectury Transformer DEBUG] Writing com/github/starcatcher21/stargazer/worldgen/features/trees/purple_shroom/PurpleBase with maxs=true frames=true
[Architectury Transformer DEBUG] Transformed com/github/starcatcher21/stargazer/worldgen/features/trees/purple_shroom/PurpleBase in 2.670 ms
[Architectury Transformer DEBUG] Transforming from com/github/starcatcher21/stargazer/worldgen/features/blackstone_pillars/BlackStonePillar1.class to com/github/starcatcher21/stargazer/worldgen/features/blackstone_pillars/BlackStonePillar1.class with 6 transformer(s) on dev.architectury.transformer.handler.TinyRemapperPreparedTransformerHandler
[Architectury Transformer DEBUG] Remapping with 1 mapping provider(s):
[Architectury Transformer DEBUG]  - dev.architectury.transformer.transformers.TransformNeoForgeEnvironment$$Lambda/0x000000002606ed78@85ec632
[Architectury Transformer DEBUG] Remapping Classes:
[Architectury Transformer DEBUG] net/fabricmc/api/EnvType -> net/neoforged/api/distmarker/Dist
[Architectury Transformer DEBUG] net/fabricmc/api/Environment -> net/neoforged/api/distmarker/OnlyIn
[Architectury Transformer DEBUG] Found class transformer
[Architectury Transformer DEBUG] Writing com/github/starcatcher21/stargazer/worldgen/features/blackstone_pillars/BlackStonePillar1 with maxs=true frames=true
[Architectury Transformer DEBUG] Transformed com/github/starcatcher21/stargazer/worldgen/features/blackstone_pillars/BlackStonePillar1 in 2.749 ms
[Architectury Transformer DEBUG] Transforming from com/github/starcatcher21/stargazer/worldgen/features/blackstone_pillars/BlackStonePillar2.class to com/github/starcatcher21/stargazer/worldgen/features/blackstone_pillars/BlackStonePillar2.class with 6 transformer(s) on dev.architectury.transformer.handler.TinyRemapperPreparedTransformerHandler
[Architectury Transformer DEBUG] Remapping with 1 mapping provider(s):
[Architectury Transformer DEBUG]  - dev.architectury.transformer.transformers.TransformNeoForgeEnvironment$$Lambda/0x000000002606ed78@85ec632
[Architectury Transformer DEBUG] Remapping Classes:
[Architectury Transformer DEBUG] net/fabricmc/api/EnvType -> net/neoforged/api/distmarker/Dist
[Architectury Transformer DEBUG] net/fabricmc/api/Environment -> net/neoforged/api/distmarker/OnlyIn
[Architectury Transformer DEBUG] Found class transformer
[Architectury Transformer DEBUG] Writing com/github/starcatcher21/stargazer/worldgen/features/blackstone_pillars/BlackStonePillar2 with maxs=true frames=true
[Architectury Transformer DEBUG] Transformed com/github/starcatcher21/stargazer/worldgen/features/blackstone_pillars/BlackStonePillar2 in 2.498 ms
[Architectury Transformer DEBUG] Transforming from com/github/starcatcher21/stargazer/worldgen/features/blackstone_pillars/BlackStonePillar3.class to com/github/starcatcher21/stargazer/worldgen/features/blackstone_pillars/BlackStonePillar3.class with 6 transformer(s) on dev.architectury.transformer.handler.TinyRemapperPreparedTransformerHandler
[Architectury Transformer DEBUG] Remapping with 1 mapping provider(s):
[Architectury Transformer DEBUG]  - dev.architectury.transformer.transformers.TransformNeoForgeEnvironment$$Lambda/0x000000002606ed78@85ec632
[Architectury Transformer DEBUG] Remapping Classes:
[Architectury Transformer DEBUG] net/fabricmc/api/EnvType -> net/neoforged/api/distmarker/Dist
[Architectury Transformer DEBUG] net/fabricmc/api/Environment -> net/neoforged/api/distmarker/OnlyIn
[Architectury Transformer DEBUG] Found class transformer
[Architectury Transformer DEBUG] Writing com/github/starcatcher21/stargazer/worldgen/features/blackstone_pillars/BlackStonePillar3 with maxs=true frames=true
[Architectury Transformer DEBUG] Transformed com/github/starcatcher21/stargazer/worldgen/features/blackstone_pillars/BlackStonePillar3 in 2.377 ms
[Architectury Transformer DEBUG] Transforming from com/github/starcatcher21/stargazer/worldgen/features/PlacedFeatures.class to com/github/starcatcher21/stargazer/worldgen/features/PlacedFeatures.class with 6 transformer(s) on dev.architectury.transformer.handler.TinyRemapperPreparedTransformerHandler
[Architectury Transformer DEBUG] Remapping with 1 mapping provider(s):
[Architectury Transformer DEBUG]  - dev.architectury.transformer.transformers.TransformNeoForgeEnvironment$$Lambda/0x000000002606ed78@85ec632
[Architectury Transformer DEBUG] Remapping Classes:
[Architectury Transformer DEBUG] net/fabricmc/api/EnvType -> net/neoforged/api/distmarker/Dist
[Architectury Transformer DEBUG] net/fabricmc/api/Environment -> net/neoforged/api/distmarker/OnlyIn
[Architectury Transformer DEBUG] Found class transformer
[Architectury Transformer DEBUG] Writing com/github/starcatcher21/stargazer/worldgen/features/PlacedFeatures with maxs=true frames=true
[Architectury Transformer DEBUG] Transformed com/github/starcatcher21/stargazer/worldgen/features/PlacedFeatures in 3.144 ms
[Architectury Transformer DEBUG] Transforming from com/github/starcatcher21/stargazer/stats/ModStats.class to com/github/starcatcher21/stargazer/stats/ModStats.class with 6 transformer(s) on dev.architectury.transformer.handler.TinyRemapperPreparedTransformerHandler
[Architectury Transformer DEBUG] Remapping with 1 mapping provider(s):
[Architectury Transformer DEBUG]  - dev.architectury.transformer.transformers.TransformNeoForgeEnvironment$$Lambda/0x000000002606ed78@85ec632
[Architectury Transformer DEBUG] Remapping Classes:
[Architectury Transformer DEBUG] net/fabricmc/api/EnvType -> net/neoforged/api/distmarker/Dist
[Architectury Transformer DEBUG] net/fabricmc/api/Environment -> net/neoforged/api/distmarker/OnlyIn
[Architectury Transformer DEBUG] Found class transformer
[Architectury Transformer DEBUG] Writing com/github/starcatcher21/stargazer/stats/ModStats with maxs=true frames=true
[Architectury Transformer DEBUG] Transformed com/github/starcatcher21/stargazer/stats/ModStats in 2.432 ms
[Architectury Transformer DEBUG] Transforming from com/github/starcatcher21/stargazer/villager/ModVillagers.class to com/github/starcatcher21/stargazer/villager/ModVillagers.class with 6 transformer(s) on dev.architectury.transformer.handler.TinyRemapperPreparedTransformerHandler
[Architectury Transformer DEBUG] Remapping with 1 mapping provider(s):
[Architectury Transformer DEBUG]  - dev.architectury.transformer.transformers.TransformNeoForgeEnvironment$$Lambda/0x000000002606ed78@85ec632
[Architectury Transformer DEBUG] Remapping Classes:
[Architectury Transformer DEBUG] net/fabricmc/api/EnvType -> net/neoforged/api/distmarker/Dist
[Architectury Transformer DEBUG] net/fabricmc/api/Environment -> net/neoforged/api/distmarker/OnlyIn
[Architectury Transformer DEBUG] Found class transformer
[Architectury Transformer DEBUG] Writing com/github/starcatcher21/stargazer/villager/ModVillagers with maxs=true frames=true
[Architectury Transformer DEBUG] Transformed com/github/starcatcher21/stargazer/villager/ModVillagers in 2.578 ms
[Architectury Transformer DEBUG] Transforming from com/github/starcatcher21/stargazer/mechanics/advancements/Criterias.class to com/github/starcatcher21/stargazer/mechanics/advancements/Criterias.class with 6 transformer(s) on dev.architectury.transformer.handler.TinyRemapperPreparedTransformerHandler
[Architectury Transformer DEBUG] Remapping with 1 mapping provider(s):
[Architectury Transformer DEBUG]  - dev.architectury.transformer.transformers.TransformNeoForgeEnvironment$$Lambda/0x000000002606ed78@85ec632
[Architectury Transformer DEBUG] Remapping Classes:
[Architectury Transformer DEBUG] net/fabricmc/api/EnvType -> net/neoforged/api/distmarker/Dist
[Architectury Transformer DEBUG] net/fabricmc/api/Environment -> net/neoforged/api/distmarker/OnlyIn
[Architectury Transformer DEBUG] Found class transformer
[Architectury Transformer DEBUG] Writing com/github/starcatcher21/stargazer/mechanics/advancements/Criterias with maxs=true frames=true
[Architectury Transformer DEBUG] Transformed com/github/starcatcher21/stargazer/mechanics/advancements/Criterias in 2.809 ms
[Architectury Transformer DEBUG] Transforming from com/github/starcatcher21/stargazer/mechanics/advancements/Starcatching.class to com/github/starcatcher21/stargazer/mechanics/advancements/Starcatching.class with 6 transformer(s) on dev.architectury.transformer.handler.TinyRemapperPreparedTransformerHandler
[Architectury Transformer DEBUG] Remapping with 1 mapping provider(s):
[Architectury Transformer DEBUG]  - dev.architectury.transformer.transformers.TransformNeoForgeEnvironment$$Lambda/0x000000002606ed78@85ec632
[Architectury Transformer DEBUG] Remapping Classes:
[Architectury Transformer DEBUG] net/fabricmc/api/EnvType -> net/neoforged/api/distmarker/Dist
[Architectury Transformer DEBUG] net/fabricmc/api/Environment -> net/neoforged/api/distmarker/OnlyIn
[Architectury Transformer DEBUG] Found class transformer
[Architectury Transformer DEBUG] Writing com/github/starcatcher21/stargazer/mechanics/advancements/Starcatching with maxs=true frames=true
[Architectury Transformer DEBUG] Transformed com/github/starcatcher21/stargazer/mechanics/advancements/Starcatching in 2.543 ms
[Architectury Transformer DEBUG] Transforming from com/github/starcatcher21/stargazer/mechanics/advancements/StarModifier.class to com/github/starcatcher21/stargazer/mechanics/advancements/StarModifier.class with 6 transformer(s) on dev.architectury.transformer.handler.TinyRemapperPreparedTransformerHandler
[Architectury Transformer DEBUG] Remapping with 1 mapping provider(s):
[Architectury Transformer DEBUG]  - dev.architectury.transformer.transformers.TransformNeoForgeEnvironment$$Lambda/0x000000002606ed78@85ec632
[Architectury Transformer DEBUG] Remapping Classes:
[Architectury Transformer DEBUG] net/fabricmc/api/EnvType -> net/neoforged/api/distmarker/Dist
[Architectury Transformer DEBUG] net/fabricmc/api/Environment -> net/neoforged/api/distmarker/OnlyIn
[Architectury Transformer DEBUG] Found class transformer
[Architectury Transformer DEBUG] Writing com/github/starcatcher21/stargazer/mechanics/advancements/StarModifier with maxs=true frames=true
[Architectury Transformer DEBUG] Transformed com/github/starcatcher21/stargazer/mechanics/advancements/StarModifier in 3.259 ms
[Architectury Transformer DEBUG] Transforming from com/github/starcatcher21/stargazer/mechanics/advancements/CosmicPortal.class to com/github/starcatcher21/stargazer/mechanics/advancements/CosmicPortal.class with 6 transformer(s) on dev.architectury.transformer.handler.TinyRemapperPreparedTransformerHandler
[Architectury Transformer DEBUG] Remapping with 1 mapping provider(s):
[Architectury Transformer DEBUG]  - dev.architectury.transformer.transformers.TransformNeoForgeEnvironment$$Lambda/0x000000002606ed78@85ec632
[Architectury Transformer DEBUG] Remapping Classes:
[Architectury Transformer DEBUG] net/fabricmc/api/EnvType -> net/neoforged/api/distmarker/Dist
[Architectury Transformer DEBUG] net/fabricmc/api/Environment -> net/neoforged/api/distmarker/OnlyIn
[Architectury Transformer DEBUG] Found class transformer
[Architectury Transformer DEBUG] Writing com/github/starcatcher21/stargazer/mechanics/advancements/CosmicPortal with maxs=true frames=true
[Architectury Transformer DEBUG] Transformed com/github/starcatcher21/stargazer/mechanics/advancements/CosmicPortal in 2.661 ms
[Architectury Transformer DEBUG] Transforming from com/github/starcatcher21/stargazer/mechanics/advancements/StarTrap.class to com/github/starcatcher21/stargazer/mechanics/advancements/StarTrap.class with 6 transformer(s) on dev.architectury.transformer.handler.TinyRemapperPreparedTransformerHandler
[Architectury Transformer DEBUG] Remapping with 1 mapping provider(s):
[Architectury Transformer DEBUG]  - dev.architectury.transformer.transformers.TransformNeoForgeEnvironment$$Lambda/0x000000002606ed78@85ec632
[Architectury Transformer DEBUG] Remapping Classes:
[Architectury Transformer DEBUG] net/fabricmc/api/EnvType -> net/neoforged/api/distmarker/Dist
[Architectury Transformer DEBUG] net/fabricmc/api/Environment -> net/neoforged/api/distmarker/OnlyIn
[Architectury Transformer DEBUG] Found class transformer
[Architectury Transformer DEBUG] Writing com/github/starcatcher21/stargazer/mechanics/advancements/StarTrap with maxs=true frames=true
[Architectury Transformer DEBUG] Transformed com/github/starcatcher21/stargazer/mechanics/advancements/StarTrap in 3.121 ms
[Architectury Transformer DEBUG] Transforming from com/github/starcatcher21/stargazer/mechanics/advancements/ForgeCraft.class to com/github/starcatcher21/stargazer/mechanics/advancements/ForgeCraft.class with 6 transformer(s) on dev.architectury.transformer.handler.TinyRemapperPreparedTransformerHandler
[Architectury Transformer DEBUG] Remapping with 1 mapping provider(s):
[Architectury Transformer DEBUG]  - dev.architectury.transformer.transformers.TransformNeoForgeEnvironment$$Lambda/0x000000002606ed78@85ec632
[Architectury Transformer DEBUG] Remapping Classes:
[Architectury Transformer DEBUG] net/fabricmc/api/EnvType -> net/neoforged/api/distmarker/Dist
[Architectury Transformer DEBUG] net/fabricmc/api/Environment -> net/neoforged/api/distmarker/OnlyIn
[Architectury Transformer DEBUG] Found class transformer
[Architectury Transformer DEBUG] Writing com/github/starcatcher21/stargazer/mechanics/advancements/ForgeCraft with maxs=true frames=true
[Architectury Transformer DEBUG] Transformed com/github/starcatcher21/stargazer/mechanics/advancements/ForgeCraft in 3.144 ms
[Architectury Transformer DEBUG] Transforming from com/github/starcatcher21/stargazer/mechanics/advancements/MoonWeld.class to com/github/starcatcher21/stargazer/mechanics/advancements/MoonWeld.class with 6 transformer(s) on dev.architectury.transformer.handler.TinyRemapperPreparedTransformerHandler
[Architectury Transformer DEBUG] Remapping with 1 mapping provider(s):
[Architectury Transformer DEBUG]  - dev.architectury.transformer.transformers.TransformNeoForgeEnvironment$$Lambda/0x000000002606ed78@85ec632
[Architectury Transformer DEBUG] Remapping Classes:
[Architectury Transformer DEBUG] net/fabricmc/api/EnvType -> net/neoforged/api/distmarker/Dist
[Architectury Transformer DEBUG] net/fabricmc/api/Environment -> net/neoforged/api/distmarker/OnlyIn
[Architectury Transformer DEBUG] Found class transformer
[Architectury Transformer DEBUG] Writing com/github/starcatcher21/stargazer/mechanics/advancements/MoonWeld with maxs=true frames=true
[Architectury Transformer DEBUG] Transformed com/github/starcatcher21/stargazer/mechanics/advancements/MoonWeld in 2.520 ms
[Architectury Transformer DEBUG] Transforming from com/github/starcatcher21/stargazer/mechanics/advancements/Negative.class to com/github/starcatcher21/stargazer/mechanics/advancements/Negative.class with 6 transformer(s) on dev.architectury.transformer.handler.TinyRemapperPreparedTransformerHandler
[Architectury Transformer DEBUG] Remapping with 1 mapping provider(s):
[Architectury Transformer DEBUG]  - dev.architectury.transformer.transformers.TransformNeoForgeEnvironment$$Lambda/0x000000002606ed78@85ec632
[Architectury Transformer DEBUG] Remapping Classes:
[Architectury Transformer DEBUG] net/fabricmc/api/EnvType -> net/neoforged/api/distmarker/Dist
[Architectury Transformer DEBUG] net/fabricmc/api/Environment -> net/neoforged/api/distmarker/OnlyIn
[Architectury Transformer DEBUG] Found class transformer
[Architectury Transformer DEBUG] Writing com/github/starcatcher21/stargazer/mechanics/advancements/Negative with maxs=true frames=true
[Architectury Transformer DEBUG] Transformed com/github/starcatcher21/stargazer/mechanics/advancements/Negative in 2.424 ms
[Architectury Transformer DEBUG] Transforming from com/github/starcatcher21/stargazer/villager/ModTraids.class to com/github/starcatcher21/stargazer/villager/ModTraids.class with 6 transformer(s) on dev.architectury.transformer.handler.TinyRemapperPreparedTransformerHandler
[Architectury Transformer DEBUG] Remapping with 1 mapping provider(s):
[Architectury Transformer DEBUG]  - dev.architectury.transformer.transformers.TransformNeoForgeEnvironment$$Lambda/0x000000002606ed78@85ec632
[Architectury Transformer DEBUG] Remapping Classes:
[Architectury Transformer DEBUG] net/fabricmc/api/EnvType -> net/neoforged/api/distmarker/Dist
[Architectury Transformer DEBUG] net/fabricmc/api/Environment -> net/neoforged/api/distmarker/OnlyIn
[Architectury Transformer DEBUG] Found class transformer
[Architectury Transformer DEBUG] Writing com/github/starcatcher21/stargazer/villager/ModTraids with maxs=true frames=true
[Architectury Transformer DEBUG] Transformed com/github/starcatcher21/stargazer/villager/ModTraids in 2.678 ms
[Architectury Transformer DEBUG] Transforming from com/github/starcatcher21/stargazer/screens/recipe/RecipeTypes.class to com/github/starcatcher21/stargazer/screens/recipe/RecipeTypes.class with 6 transformer(s) on dev.architectury.transformer.handler.TinyRemapperPreparedTransformerHandler
[Architectury Transformer DEBUG] Remapping with 1 mapping provider(s):
[Architectury Transformer DEBUG]  - dev.architectury.transformer.transformers.TransformNeoForgeEnvironment$$Lambda/0x000000002606ed78@85ec632
[Architectury Transformer DEBUG] Remapping Classes:
[Architectury Transformer DEBUG] net/fabricmc/api/EnvType -> net/neoforged/api/distmarker/Dist
[Architectury Transformer DEBUG] net/fabricmc/api/Environment -> net/neoforged/api/distmarker/OnlyIn
[Architectury Transformer DEBUG] Found class transformer
[Architectury Transformer DEBUG] Writing com/github/starcatcher21/stargazer/screens/recipe/RecipeTypes with maxs=true frames=true
[Architectury Transformer DEBUG] Transformed com/github/starcatcher21/stargazer/screens/recipe/RecipeTypes in 2.828 ms
[Architectury Transformer DEBUG] Transforming from com/github/starcatcher21/stargazer/StargazerClient.class to com/github/starcatcher21/stargazer/StargazerClient.class with 6 transformer(s) on dev.architectury.transformer.handler.TinyRemapperPreparedTransformerHandler
[Architectury Transformer DEBUG] Remapping with 1 mapping provider(s):
[Architectury Transformer DEBUG]  - dev.architectury.transformer.transformers.TransformNeoForgeEnvironment$$Lambda/0x000000002606ed78@85ec632
[Architectury Transformer DEBUG] Remapping Classes:
[Architectury Transformer DEBUG] net/fabricmc/api/EnvType -> net/neoforged/api/distmarker/Dist
[Architectury Transformer DEBUG] net/fabricmc/api/Environment -> net/neoforged/api/distmarker/OnlyIn
[Architectury Transformer DEBUG] Found class transformer
[Architectury Transformer DEBUG] Writing com/github/starcatcher21/stargazer/StargazerClient with maxs=true frames=true
[Architectury Transformer DEBUG] Transformed com/github/starcatcher21/stargazer/StargazerClient in 3.098 ms
[Architectury Transformer DEBUG] Transforming from com/github/starcatcher21/stargazer/block/clases/star/star_display/StarDisplayModel.class to com/github/starcatcher21/stargazer/block/clases/star/star_display/StarDisplayModel.class with 6 transformer(s) on dev.architectury.transformer.handler.TinyRemapperPreparedTransformerHandler
[Architectury Transformer DEBUG] Remapping with 1 mapping provider(s):
[Architectury Transformer DEBUG]  - dev.architectury.transformer.transformers.TransformNeoForgeEnvironment$$Lambda/0x000000002606ed78@85ec632
[Architectury Transformer DEBUG] Remapping Classes:
[Architectury Transformer DEBUG] net/fabricmc/api/EnvType -> net/neoforged/api/distmarker/Dist
[Architectury Transformer DEBUG] net/fabricmc/api/Environment -> net/neoforged/api/distmarker/OnlyIn
[Architectury Transformer DEBUG] Found class transformer
[Architectury Transformer DEBUG] Writing com/github/starcatcher21/stargazer/block/clases/star/star_display/StarDisplayModel with maxs=true frames=true
[Architectury Transformer DEBUG] Transformed com/github/starcatcher21/stargazer/block/clases/star/star_display/StarDisplayModel in 2.745 ms
[Architectury Transformer DEBUG] Transforming from com/github/starcatcher21/stargazer/block/clases/eyes/eyejar/EyeJarModel.class to com/github/starcatcher21/stargazer/block/clases/eyes/eyejar/EyeJarModel.class with 6 transformer(s) on dev.architectury.transformer.handler.TinyRemapperPreparedTransformerHandler
[Architectury Transformer DEBUG] Remapping with 1 mapping provider(s):
[Architectury Transformer DEBUG]  - dev.architectury.transformer.transformers.TransformNeoForgeEnvironment$$Lambda/0x000000002606ed78@85ec632
[Architectury Transformer DEBUG] Remapping Classes:
[Architectury Transformer DEBUG] net/fabricmc/api/EnvType -> net/neoforged/api/distmarker/Dist
[Architectury Transformer DEBUG] net/fabricmc/api/Environment -> net/neoforged/api/distmarker/OnlyIn
[Architectury Transformer DEBUG] Found class transformer
[Architectury Transformer DEBUG] Writing com/github/starcatcher21/stargazer/block/clases/eyes/eyejar/EyeJarModel with maxs=true frames=true
[Architectury Transformer DEBUG] Transformed com/github/starcatcher21/stargazer/block/clases/eyes/eyejar/EyeJarModel in 3.304 ms
[Architectury Transformer DEBUG] Transforming from com/github/starcatcher21/stargazer/block/clases/moon/star_trap/StarTrapModel.class to com/github/starcatcher21/stargazer/block/clases/moon/star_trap/StarTrapModel.class with 6 transformer(s) on dev.architectury.transformer.handler.TinyRemapperPreparedTransformerHandler
[Architectury Transformer DEBUG] Remapping with 1 mapping provider(s):
[Architectury Transformer DEBUG]  - dev.architectury.transformer.transformers.TransformNeoForgeEnvironment$$Lambda/0x000000002606ed78@85ec632
[Architectury Transformer DEBUG] Remapping Classes:
[Architectury Transformer DEBUG] net/fabricmc/api/EnvType -> net/neoforged/api/distmarker/Dist
[Architectury Transformer DEBUG] net/fabricmc/api/Environment -> net/neoforged/api/distmarker/OnlyIn
[Architectury Transformer DEBUG] Found class transformer
[Architectury Transformer DEBUG] Writing com/github/starcatcher21/stargazer/block/clases/moon/star_trap/StarTrapModel with maxs=true frames=true
[Architectury Transformer DEBUG] Transformed com/github/starcatcher21/stargazer/block/clases/moon/star_trap/StarTrapModel in 3.608 ms
[Architectury Transformer DEBUG] Transforming from com/github/starcatcher21/stargazer/particle/ParticlesClient.class to com/github/starcatcher21/stargazer/particle/ParticlesClient.class with 6 transformer(s) on dev.architectury.transformer.handler.TinyRemapperPreparedTransformerHandler
[Architectury Transformer DEBUG] Remapping with 1 mapping provider(s):
[Architectury Transformer DEBUG]  - dev.architectury.transformer.transformers.TransformNeoForgeEnvironment$$Lambda/0x000000002606ed78@85ec632
[Architectury Transformer DEBUG] Remapping Classes:
[Architectury Transformer DEBUG] net/fabricmc/api/EnvType -> net/neoforged/api/distmarker/Dist
[Architectury Transformer DEBUG] net/fabricmc/api/Environment -> net/neoforged/api/distmarker/OnlyIn
[Architectury Transformer DEBUG] Found class transformer
[Architectury Transformer DEBUG] Writing com/github/starcatcher21/stargazer/particle/ParticlesClient with maxs=true frames=true
[Architectury Transformer DEBUG] Transformed com/github/starcatcher21/stargazer/particle/ParticlesClient in 3.791 ms
[Architectury Transformer DEBUG] Transforming from com/github/starcatcher21/stargazer/particle/StarParticle2$Factory.class to com/github/starcatcher21/stargazer/particle/StarParticle2$Factory.class with 6 transformer(s) on dev.architectury.transformer.handler.TinyRemapperPreparedTransformerHandler
[Architectury Transformer DEBUG] Remapping with 1 mapping provider(s):
[Architectury Transformer DEBUG]  - dev.architectury.transformer.transformers.TransformNeoForgeEnvironment$$Lambda/0x000000002606ed78@85ec632
[Architectury Transformer DEBUG] Remapping Classes:
[Architectury Transformer DEBUG] net/fabricmc/api/EnvType -> net/neoforged/api/distmarker/Dist
[Architectury Transformer DEBUG] net/fabricmc/api/Environment -> net/neoforged/api/distmarker/OnlyIn
[Architectury Transformer DEBUG] Found class transformer
[Architectury Transformer DEBUG] Writing com/github/starcatcher21/stargazer/particle/StarParticle2$Factory with maxs=true frames=true
[Architectury Transformer DEBUG] Transformed com/github/starcatcher21/stargazer/particle/StarParticle2$Factory in 2.661 ms
[Architectury Transformer DEBUG] Transforming from com/github/starcatcher21/stargazer/particle/StarParticle2.class to com/github/starcatcher21/stargazer/particle/StarParticle2.class with 6 transformer(s) on dev.architectury.transformer.handler.TinyRemapperPreparedTransformerHandler
[Architectury Transformer DEBUG] Remapping with 1 mapping provider(s):
[Architectury Transformer DEBUG]  - dev.architectury.transformer.transformers.TransformNeoForgeEnvironment$$Lambda/0x000000002606ed78@85ec632
[Architectury Transformer DEBUG] Remapping Classes:
[Architectury Transformer DEBUG] net/fabricmc/api/EnvType -> net/neoforged/api/distmarker/Dist
[Architectury Transformer DEBUG] net/fabricmc/api/Environment -> net/neoforged/api/distmarker/OnlyIn
[Architectury Transformer DEBUG] Found class transformer
[Architectury Transformer DEBUG] Writing com/github/starcatcher21/stargazer/particle/StarParticle2 with maxs=true frames=true
[Architectury Transformer DEBUG] Transformed com/github/starcatcher21/stargazer/particle/StarParticle2 in 4.160 ms
[Architectury Transformer DEBUG] Transforming from com/github/starcatcher21/stargazer/particle/StarParticle$TintedLeavesFactory.class to com/github/starcatcher21/stargazer/particle/StarParticle$TintedLeavesFactory.class with 6 transformer(s) on dev.architectury.transformer.handler.TinyRemapperPreparedTransformerHandler
[Architectury Transformer DEBUG] Remapping with 1 mapping provider(s):
[Architectury Transformer DEBUG]  - dev.architectury.transformer.transformers.TransformNeoForgeEnvironment$$Lambda/0x000000002606ed78@85ec632
[Architectury Transformer DEBUG] Remapping Classes:
[Architectury Transformer DEBUG] net/fabricmc/api/EnvType -> net/neoforged/api/distmarker/Dist
[Architectury Transformer DEBUG] net/fabricmc/api/Environment -> net/neoforged/api/distmarker/OnlyIn
[Architectury Transformer DEBUG] Found class transformer
[Architectury Transformer DEBUG] Writing com/github/starcatcher21/stargazer/particle/StarParticle$TintedLeavesFactory with maxs=true frames=true
[Architectury Transformer DEBUG] Transformed com/github/starcatcher21/stargazer/particle/StarParticle$TintedLeavesFactory in 3.373 ms
[Architectury Transformer DEBUG] Transforming from com/github/starcatcher21/stargazer/particle/StarParticle.class to com/github/starcatcher21/stargazer/particle/StarParticle.class with 6 transformer(s) on dev.architectury.transformer.handler.TinyRemapperPreparedTransformerHandler
[Architectury Transformer DEBUG] Remapping with 1 mapping provider(s):
[Architectury Transformer DEBUG]  - dev.architectury.transformer.transformers.TransformNeoForgeEnvironment$$Lambda/0x000000002606ed78@85ec632
[Architectury Transformer DEBUG] Remapping Classes:
[Architectury Transformer DEBUG] net/fabricmc/api/EnvType -> net/neoforged/api/distmarker/Dist
[Architectury Transformer DEBUG] net/fabricmc/api/Environment -> net/neoforged/api/distmarker/OnlyIn
[Architectury Transformer DEBUG] Found class transformer
[Architectury Transformer DEBUG] Writing com/github/starcatcher21/stargazer/particle/StarParticle with maxs=true frames=true
[Architectury Transformer DEBUG] Transformed com/github/starcatcher21/stargazer/particle/StarParticle in 2.765 ms
[Architectury Transformer DEBUG] Transforming from com/github/starcatcher21/stargazer/Keybinds.class to com/github/starcatcher21/stargazer/Keybinds.class with 6 transformer(s) on dev.architectury.transformer.handler.TinyRemapperPreparedTransformerHandler
[Architectury Transformer DEBUG] Remapping with 1 mapping provider(s):
[Architectury Transformer DEBUG]  - dev.architectury.transformer.transformers.TransformNeoForgeEnvironment$$Lambda/0x000000002606ed78@85ec632
[Architectury Transformer DEBUG] Remapping Classes:
[Architectury Transformer DEBUG] net/fabricmc/api/EnvType -> net/neoforged/api/distmarker/Dist
[Architectury Transformer DEBUG] net/fabricmc/api/Environment -> net/neoforged/api/distmarker/OnlyIn
[Architectury Transformer DEBUG] Found class transformer
[Architectury Transformer DEBUG] Writing com/github/starcatcher21/stargazer/Keybinds with maxs=true frames=true
[Architectury Transformer DEBUG] Transformed com/github/starcatcher21/stargazer/Keybinds in 2.866 ms
[Architectury Transformer DEBUG] Transforming from com/github/starcatcher21/stargazer/entity/renderers/GhostRenderer.class to com/github/starcatcher21/stargazer/entity/renderers/GhostRenderer.class with 6 transformer(s) on dev.architectury.transformer.handler.TinyRemapperPreparedTransformerHandler
[Architectury Transformer DEBUG] Remapping with 1 mapping provider(s):
[Architectury Transformer DEBUG]  - dev.architectury.transformer.transformers.TransformNeoForgeEnvironment$$Lambda/0x000000002606ed78@85ec632
[Architectury Transformer DEBUG] Remapping Classes:
[Architectury Transformer DEBUG] net/fabricmc/api/EnvType -> net/neoforged/api/distmarker/Dist
[Architectury Transformer DEBUG] net/fabricmc/api/Environment -> net/neoforged/api/distmarker/OnlyIn
[Architectury Transformer DEBUG] Found class transformer
[Architectury Transformer DEBUG] Writing com/github/starcatcher21/stargazer/entity/renderers/GhostRenderer with maxs=true frames=true
[Architectury Transformer DEBUG] Transformed com/github/starcatcher21/stargazer/entity/renderers/GhostRenderer in 4.583 ms
[Architectury Transformer DEBUG] Transforming from com/github/starcatcher21/stargazer/entity/models/GhostModel.class to com/github/starcatcher21/stargazer/entity/models/GhostModel.class with 6 transformer(s) on dev.architectury.transformer.handler.TinyRemapperPreparedTransformerHandler
[Architectury Transformer DEBUG] Remapping with 1 mapping provider(s):
[Architectury Transformer DEBUG]  - dev.architectury.transformer.transformers.TransformNeoForgeEnvironment$$Lambda/0x000000002606ed78@85ec632
[Architectury Transformer DEBUG] Remapping Classes:
[Architectury Transformer DEBUG] net/fabricmc/api/EnvType -> net/neoforged/api/distmarker/Dist
[Architectury Transformer DEBUG] net/fabricmc/api/Environment -> net/neoforged/api/distmarker/OnlyIn
[Architectury Transformer DEBUG] Found class transformer
[Architectury Transformer DEBUG] Writing com/github/starcatcher21/stargazer/entity/models/GhostModel with maxs=true frames=true
[Architectury Transformer DEBUG] Transformed com/github/starcatcher21/stargazer/entity/models/GhostModel in 6.093 ms
[Architectury Transformer DEBUG] Transforming from com/github/starcatcher21/stargazer/entity/renderers/AmethystTurtleRenderer.class to com/github/starcatcher21/stargazer/entity/renderers/AmethystTurtleRenderer.class with 6 transformer(s) on dev.architectury.transformer.handler.TinyRemapperPreparedTransformerHandler
[Architectury Transformer DEBUG] Remapping with 1 mapping provider(s):
[Architectury Transformer DEBUG]  - dev.architectury.transformer.transformers.TransformNeoForgeEnvironment$$Lambda/0x000000002606ed78@85ec632
[Architectury Transformer DEBUG] Remapping Classes:
[Architectury Transformer DEBUG] net/fabricmc/api/EnvType -> net/neoforged/api/distmarker/Dist
[Architectury Transformer DEBUG] net/fabricmc/api/Environment -> net/neoforged/api/distmarker/OnlyIn
[Architectury Transformer DEBUG] Found class transformer
[Architectury Transformer DEBUG] Writing com/github/starcatcher21/stargazer/entity/renderers/AmethystTurtleRenderer with maxs=true frames=true
[Architectury Transformer DEBUG] Transformed com/github/starcatcher21/stargazer/entity/renderers/AmethystTurtleRenderer in 5.144 ms
[Architectury Transformer DEBUG] Transforming from com/github/starcatcher21/stargazer/entity/models/AmethystTurtleModel.class to com/github/starcatcher21/stargazer/entity/models/AmethystTurtleModel.class with 6 transformer(s) on dev.architectury.transformer.handler.TinyRemapperPreparedTransformerHandler
[Architectury Transformer DEBUG] Remapping with 1 mapping provider(s):
[Architectury Transformer DEBUG]  - dev.architectury.transformer.transformers.TransformNeoForgeEnvironment$$Lambda/0x000000002606ed78@85ec632
[Architectury Transformer DEBUG] Remapping Classes:
[Architectury Transformer DEBUG] net/fabricmc/api/EnvType -> net/neoforged/api/distmarker/Dist
[Architectury Transformer DEBUG] net/fabricmc/api/Environment -> net/neoforged/api/distmarker/OnlyIn
[Architectury Transformer DEBUG] Found class transformer
[Architectury Transformer DEBUG] Writing com/github/starcatcher21/stargazer/entity/models/AmethystTurtleModel with maxs=true frames=true
[Architectury Transformer DEBUG] Transformed com/github/starcatcher21/stargazer/entity/models/AmethystTurtleModel in 4.789 ms
[Architectury Transformer DEBUG] Transforming from com/github/starcatcher21/stargazer/entity/renderers/EyeBatRenderer.class to com/github/starcatcher21/stargazer/entity/renderers/EyeBatRenderer.class with 6 transformer(s) on dev.architectury.transformer.handler.TinyRemapperPreparedTransformerHandler
[Architectury Transformer DEBUG] Remapping with 1 mapping provider(s):
[Architectury Transformer DEBUG]  - dev.architectury.transformer.transformers.TransformNeoForgeEnvironment$$Lambda/0x000000002606ed78@85ec632
[Architectury Transformer DEBUG] Remapping Classes:
[Architectury Transformer DEBUG] net/fabricmc/api/EnvType -> net/neoforged/api/distmarker/Dist
[Architectury Transformer DEBUG] net/fabricmc/api/Environment -> net/neoforged/api/distmarker/OnlyIn
[Architectury Transformer DEBUG] Found class transformer
[Architectury Transformer DEBUG] Writing com/github/starcatcher21/stargazer/entity/renderers/EyeBatRenderer with maxs=true frames=true
[Architectury Transformer DEBUG] Transformed com/github/starcatcher21/stargazer/entity/renderers/EyeBatRenderer in 3.753 ms
[Architectury Transformer DEBUG] Transforming from com/github/starcatcher21/stargazer/entity/models/EyeBatModel.class to com/github/starcatcher21/stargazer/entity/models/EyeBatModel.class with 6 transformer(s) on dev.architectury.transformer.handler.TinyRemapperPreparedTransformerHandler
[Architectury Transformer DEBUG] Remapping with 1 mapping provider(s):
[Architectury Transformer DEBUG]  - dev.architectury.transformer.transformers.TransformNeoForgeEnvironment$$Lambda/0x000000002606ed78@85ec632
[Architectury Transformer DEBUG] Remapping Classes:
[Architectury Transformer DEBUG] net/fabricmc/api/EnvType -> net/neoforged/api/distmarker/Dist
[Architectury Transformer DEBUG] net/fabricmc/api/Environment -> net/neoforged/api/distmarker/OnlyIn
[Architectury Transformer DEBUG] Found class transformer
[Architectury Transformer DEBUG] Writing com/github/starcatcher21/stargazer/entity/models/EyeBatModel with maxs=true frames=true
[Architectury Transformer DEBUG] Transformed com/github/starcatcher21/stargazer/entity/models/EyeBatModel in 3.709 ms
[Architectury Transformer DEBUG] Transforming from com/github/starcatcher21/stargazer/entity/renderers/StarRenderer.class to com/github/starcatcher21/stargazer/entity/renderers/StarRenderer.class with 6 transformer(s) on dev.architectury.transformer.handler.TinyRemapperPreparedTransformerHandler
[Architectury Transformer DEBUG] Remapping with 1 mapping provider(s):
[Architectury Transformer DEBUG]  - dev.architectury.transformer.transformers.TransformNeoForgeEnvironment$$Lambda/0x000000002606ed78@85ec632
[Architectury Transformer DEBUG] Remapping Classes:
[Architectury Transformer DEBUG] net/fabricmc/api/EnvType -> net/neoforged/api/distmarker/Dist
[Architectury Transformer DEBUG] net/fabricmc/api/Environment -> net/neoforged/api/distmarker/OnlyIn
[Architectury Transformer DEBUG] Found class transformer
[Architectury Transformer DEBUG] Writing com/github/starcatcher21/stargazer/entity/renderers/StarRenderer with maxs=true frames=true
[Architectury Transformer DEBUG] Transformed com/github/starcatcher21/stargazer/entity/renderers/StarRenderer in 3.318 ms
[Architectury Transformer DEBUG] Transforming from com/github/starcatcher21/stargazer/entity/models/StarModel.class to com/github/starcatcher21/stargazer/entity/models/StarModel.class with 6 transformer(s) on dev.architectury.transformer.handler.TinyRemapperPreparedTransformerHandler
[Architectury Transformer DEBUG] Remapping with 1 mapping provider(s):
[Architectury Transformer DEBUG]  - dev.architectury.transformer.transformers.TransformNeoForgeEnvironment$$Lambda/0x000000002606ed78@85ec632
[Architectury Transformer DEBUG] Remapping Classes:
[Architectury Transformer DEBUG] net/fabricmc/api/EnvType -> net/neoforged/api/distmarker/Dist
[Architectury Transformer DEBUG] net/fabricmc/api/Environment -> net/neoforged/api/distmarker/OnlyIn
[Architectury Transformer DEBUG] Found class transformer
[Architectury Transformer DEBUG] Writing com/github/starcatcher21/stargazer/entity/models/StarModel with maxs=true frames=true
[Architectury Transformer DEBUG] Transformed com/github/starcatcher21/stargazer/entity/models/StarModel in 4.513 ms
[Architectury Transformer DEBUG] Transforming from com/github/starcatcher21/stargazer/entity/renderers/StarRenderer$1.class to com/github/starcatcher21/stargazer/entity/renderers/StarRenderer$1.class with 6 transformer(s) on dev.architectury.transformer.handler.TinyRemapperPreparedTransformerHandler
[Architectury Transformer DEBUG] Remapping with 1 mapping provider(s):
[Architectury Transformer DEBUG]  - dev.architectury.transformer.transformers.TransformNeoForgeEnvironment$$Lambda/0x000000002606ed78@85ec632
[Architectury Transformer DEBUG] Remapping Classes:
[Architectury Transformer DEBUG] net/fabricmc/api/EnvType -> net/neoforged/api/distmarker/Dist
[Architectury Transformer DEBUG] net/fabricmc/api/Environment -> net/neoforged/api/distmarker/OnlyIn
[Architectury Transformer DEBUG] Found class transformer
[Architectury Transformer DEBUG] Writing com/github/starcatcher21/stargazer/entity/renderers/StarRenderer$1 with maxs=true frames=true
[Architectury Transformer DEBUG] Transformed com/github/starcatcher21/stargazer/entity/renderers/StarRenderer$1 in 3.543 ms
[Architectury Transformer DEBUG] Transforming from com/github/starcatcher21/stargazer/entity/renderers/RookRenderer.class to com/github/starcatcher21/stargazer/entity/renderers/RookRenderer.class with 6 transformer(s) on dev.architectury.transformer.handler.TinyRemapperPreparedTransformerHandler
[Architectury Transformer DEBUG] Remapping with 1 mapping provider(s):
[Architectury Transformer DEBUG]  - dev.architectury.transformer.transformers.TransformNeoForgeEnvironment$$Lambda/0x000000002606ed78@85ec632
[Architectury Transformer DEBUG] Remapping Classes:
[Architectury Transformer DEBUG] net/fabricmc/api/EnvType -> net/neoforged/api/distmarker/Dist
[Architectury Transformer DEBUG] net/fabricmc/api/Environment -> net/neoforged/api/distmarker/OnlyIn
[Architectury Transformer DEBUG] Found class transformer
[Architectury Transformer DEBUG] Writing com/github/starcatcher21/stargazer/entity/renderers/RookRenderer with maxs=true frames=true
[Architectury Transformer DEBUG] Transformed com/github/starcatcher21/stargazer/entity/renderers/RookRenderer in 3.255 ms
[Architectury Transformer DEBUG] Transforming from com/github/starcatcher21/stargazer/entity/models/RookModel.class to com/github/starcatcher21/stargazer/entity/models/RookModel.class with 6 transformer(s) on dev.architectury.transformer.handler.TinyRemapperPreparedTransformerHandler
[Architectury Transformer DEBUG] Remapping with 1 mapping provider(s):
[Architectury Transformer DEBUG]  - dev.architectury.transformer.transformers.TransformNeoForgeEnvironment$$Lambda/0x000000002606ed78@85ec632
[Architectury Transformer DEBUG] Remapping Classes:
[Architectury Transformer DEBUG] net/fabricmc/api/EnvType -> net/neoforged/api/distmarker/Dist
[Architectury Transformer DEBUG] net/fabricmc/api/Environment -> net/neoforged/api/distmarker/OnlyIn
[Architectury Transformer DEBUG] Found class transformer
[Architectury Transformer DEBUG] Writing com/github/starcatcher21/stargazer/entity/models/RookModel with maxs=true frames=true
[Architectury Transformer DEBUG] Transformed com/github/starcatcher21/stargazer/entity/models/RookModel in 2.748 ms
[Architectury Transformer DEBUG] Transforming from com/github/starcatcher21/stargazer/entity/renderers/BlackRookRenderer.class to com/github/starcatcher21/stargazer/entity/renderers/BlackRookRenderer.class with 6 transformer(s) on dev.architectury.transformer.handler.TinyRemapperPreparedTransformerHandler
[Architectury Transformer DEBUG] Remapping with 1 mapping provider(s):
[Architectury Transformer DEBUG]  - dev.architectury.transformer.transformers.TransformNeoForgeEnvironment$$Lambda/0x000000002606ed78@85ec632
[Architectury Transformer DEBUG] Remapping Classes:
[Architectury Transformer DEBUG] net/fabricmc/api/EnvType -> net/neoforged/api/distmarker/Dist
[Architectury Transformer DEBUG] net/fabricmc/api/Environment -> net/neoforged/api/distmarker/OnlyIn
[Architectury Transformer DEBUG] Found class transformer
[Architectury Transformer DEBUG] Writing com/github/starcatcher21/stargazer/entity/renderers/BlackRookRenderer with maxs=true frames=true
[Architectury Transformer DEBUG] Transformed com/github/starcatcher21/stargazer/entity/renderers/BlackRookRenderer in 2.575 ms
[Architectury Transformer DEBUG] Transforming from com/github/starcatcher21/stargazer/entity/models/BlackRookModel.class to com/github/starcatcher21/stargazer/entity/models/BlackRookModel.class with 6 transformer(s) on dev.architectury.transformer.handler.TinyRemapperPreparedTransformerHandler
[Architectury Transformer DEBUG] Remapping with 1 mapping provider(s):
[Architectury Transformer DEBUG]  - dev.architectury.transformer.transformers.TransformNeoForgeEnvironment$$Lambda/0x000000002606ed78@85ec632
[Architectury Transformer DEBUG] Remapping Classes:
[Architectury Transformer DEBUG] net/fabricmc/api/EnvType -> net/neoforged/api/distmarker/Dist
[Architectury Transformer DEBUG] net/fabricmc/api/Environment -> net/neoforged/api/distmarker/OnlyIn
[Architectury Transformer DEBUG] Found class transformer
[Architectury Transformer DEBUG] Writing com/github/starcatcher21/stargazer/entity/models/BlackRookModel with maxs=true frames=true
[Architectury Transformer DEBUG] Transformed com/github/starcatcher21/stargazer/entity/models/BlackRookModel in 2.726 ms
[Architectury Transformer DEBUG] Transforming from com/github/starcatcher21/stargazer/entity/renderers/ScrubyRenderer.class to com/github/starcatcher21/stargazer/entity/renderers/ScrubyRenderer.class with 6 transformer(s) on dev.architectury.transformer.handler.TinyRemapperPreparedTransformerHandler
[Architectury Transformer DEBUG] Remapping with 1 mapping provider(s):
[Architectury Transformer DEBUG]  - dev.architectury.transformer.transformers.TransformNeoForgeEnvironment$$Lambda/0x000000002606ed78@85ec632
[Architectury Transformer DEBUG] Remapping Classes:
[Architectury Transformer DEBUG] net/fabricmc/api/EnvType -> net/neoforged/api/distmarker/Dist
[Architectury Transformer DEBUG] net/fabricmc/api/Environment -> net/neoforged/api/distmarker/OnlyIn
[Architectury Transformer DEBUG] Found class transformer
[Architectury Transformer DEBUG] Writing com/github/starcatcher21/stargazer/entity/renderers/ScrubyRenderer with maxs=true frames=true
[Architectury Transformer DEBUG] Transformed com/github/starcatcher21/stargazer/entity/renderers/ScrubyRenderer in 2.558 ms
[Architectury Transformer DEBUG] Transforming from com/github/starcatcher21/stargazer/entity/models/ScrubyModel.class to com/github/starcatcher21/stargazer/entity/models/ScrubyModel.class with 6 transformer(s) on dev.architectury.transformer.handler.TinyRemapperPreparedTransformerHandler
[Architectury Transformer DEBUG] Remapping with 1 mapping provider(s):
[Architectury Transformer DEBUG]  - dev.architectury.transformer.transformers.TransformNeoForgeEnvironment$$Lambda/0x000000002606ed78@85ec632
[Architectury Transformer DEBUG] Remapping Classes:
[Architectury Transformer DEBUG] net/fabricmc/api/EnvType -> net/neoforged/api/distmarker/Dist
[Architectury Transformer DEBUG] net/fabricmc/api/Environment -> net/neoforged/api/distmarker/OnlyIn
[Architectury Transformer DEBUG] Found class transformer
[Architectury Transformer DEBUG] Writing com/github/starcatcher21/stargazer/entity/models/ScrubyModel with maxs=true frames=true
[Architectury Transformer DEBUG] Transformed com/github/starcatcher21/stargazer/entity/models/ScrubyModel in 2.996 ms
[Architectury Transformer DEBUG] Transforming from com/github/starcatcher21/stargazer/entity/renderers/BlackFoxRenderer.class to com/github/starcatcher21/stargazer/entity/renderers/BlackFoxRenderer.class with 6 transformer(s) on dev.architectury.transformer.handler.TinyRemapperPreparedTransformerHandler
[Architectury Transformer DEBUG] Remapping with 1 mapping provider(s):
[Architectury Transformer DEBUG]  - dev.architectury.transformer.transformers.TransformNeoForgeEnvironment$$Lambda/0x000000002606ed78@85ec632
[Architectury Transformer DEBUG] Remapping Classes:
[Architectury Transformer DEBUG] net/fabricmc/api/EnvType -> net/neoforged/api/distmarker/Dist
[Architectury Transformer DEBUG] net/fabricmc/api/Environment -> net/neoforged/api/distmarker/OnlyIn
[Architectury Transformer DEBUG] Found class transformer
[Architectury Transformer DEBUG] Writing com/github/starcatcher21/stargazer/entity/renderers/BlackFoxRenderer with maxs=true frames=true
[Architectury Transformer DEBUG] Transformed com/github/starcatcher21/stargazer/entity/renderers/BlackFoxRenderer in 3.028 ms
[Architectury Transformer DEBUG] Transforming from com/github/starcatcher21/stargazer/entity/models/BlackFoxModel.class to com/github/starcatcher21/stargazer/entity/models/BlackFoxModel.class with 6 transformer(s) on dev.architectury.transformer.handler.TinyRemapperPreparedTransformerHandler
[Architectury Transformer DEBUG] Remapping with 1 mapping provider(s):
[Architectury Transformer DEBUG]  - dev.architectury.transformer.transformers.TransformNeoForgeEnvironment$$Lambda/0x000000002606ed78@85ec632
[Architectury Transformer DEBUG] Remapping Classes:
[Architectury Transformer DEBUG] net/fabricmc/api/EnvType -> net/neoforged/api/distmarker/Dist
[Architectury Transformer DEBUG] net/fabricmc/api/Environment -> net/neoforged/api/distmarker/OnlyIn
[Architectury Transformer DEBUG] Found class transformer
[Architectury Transformer DEBUG] Writing com/github/starcatcher21/stargazer/entity/models/BlackFoxModel with maxs=true frames=true
[Architectury Transformer DEBUG] Transformed com/github/starcatcher21/stargazer/entity/models/BlackFoxModel in 4.464 ms
[Architectury Transformer DEBUG] Transforming from com/github/starcatcher21/stargazer/worldgen/features/trees/bubbles/txt.class to com/github/starcatcher21/stargazer/worldgen/features/trees/bubbles/txt.class with 6 transformer(s) on dev.architectury.transformer.handler.TinyRemapperPreparedTransformerHandler
[Architectury Transformer DEBUG] Remapping with 1 mapping provider(s):
[Architectury Transformer DEBUG]  - dev.architectury.transformer.transformers.TransformNeoForgeEnvironment$$Lambda/0x000000002606ed78@85ec632
[Architectury Transformer DEBUG] Remapping Classes:
[Architectury Transformer DEBUG] net/fabricmc/api/EnvType -> net/neoforged/api/distmarker/Dist
[Architectury Transformer DEBUG] net/fabricmc/api/Environment -> net/neoforged/api/distmarker/OnlyIn
[Architectury Transformer DEBUG] Found class transformer
[Architectury Transformer DEBUG] Writing com/github/starcatcher21/stargazer/worldgen/features/trees/bubbles/txt with maxs=true frames=true
[Architectury Transformer DEBUG] Transformed com/github/starcatcher21/stargazer/worldgen/features/trees/bubbles/txt in 7.833 ms
[Architectury Transformer DEBUG] Transforming from com/github/starcatcher21/stargazer/worldgen/features/trees/bubbles/dxd.class to com/github/starcatcher21/stargazer/worldgen/features/trees/bubbles/dxd.class with 6 transformer(s) on dev.architectury.transformer.handler.TinyRemapperPreparedTransformerHandler
[Architectury Transformer DEBUG] Remapping with 1 mapping provider(s):
[Architectury Transformer DEBUG]  - dev.architectury.transformer.transformers.TransformNeoForgeEnvironment$$Lambda/0x000000002606ed78@85ec632
[Architectury Transformer DEBUG] Remapping Classes:
[Architectury Transformer DEBUG] net/fabricmc/api/EnvType -> net/neoforged/api/distmarker/Dist
[Architectury Transformer DEBUG] net/fabricmc/api/Environment -> net/neoforged/api/distmarker/OnlyIn
[Architectury Transformer DEBUG] Found class transformer
[Architectury Transformer DEBUG] Writing com/github/starcatcher21/stargazer/worldgen/features/trees/bubbles/dxd with maxs=true frames=true
[Architectury Transformer DEBUG] Transformed com/github/starcatcher21/stargazer/worldgen/features/trees/bubbles/dxd in 7.516 ms
[Architectury Transformer DEBUG] Transforming from com/github/starcatcher21/stargazer/block/clases/teleporter/CopperTeleporterState.class to com/github/starcatcher21/stargazer/block/clases/teleporter/CopperTeleporterState.class with 6 transformer(s) on dev.architectury.transformer.handler.TinyRemapperPreparedTransformerHandler
[Architectury Transformer DEBUG] Remapping with 1 mapping provider(s):
[Architectury Transformer DEBUG]  - dev.architectury.transformer.transformers.TransformNeoForgeEnvironment$$Lambda/0x000000002606ed78@85ec632
[Architectury Transformer DEBUG] Remapping Classes:
[Architectury Transformer DEBUG] net/fabricmc/api/EnvType -> net/neoforged/api/distmarker/Dist
[Architectury Transformer DEBUG] net/fabricmc/api/Environment -> net/neoforged/api/distmarker/OnlyIn
[Architectury Transformer DEBUG] Found class transformer
[Architectury Transformer DEBUG] Writing com/github/starcatcher21/stargazer/block/clases/teleporter/CopperTeleporterState with maxs=true frames=true
[Architectury Transformer DEBUG] Transformed com/github/starcatcher21/stargazer/block/clases/teleporter/CopperTeleporterState in 9.512 ms
[Architectury Transformer DEBUG] Transforming from com/github/starcatcher21/stargazer/block/clases/teleporter/DarkTeleporterState.class to com/github/starcatcher21/stargazer/block/clases/teleporter/DarkTeleporterState.class with 6 transformer(s) on dev.architectury.transformer.handler.TinyRemapperPreparedTransformerHandler
[Architectury Transformer DEBUG] Remapping with 1 mapping provider(s):
[Architectury Transformer DEBUG]  - dev.architectury.transformer.transformers.TransformNeoForgeEnvironment$$Lambda/0x000000002606ed78@85ec632
[Architectury Transformer DEBUG] Remapping Classes:
[Architectury Transformer DEBUG] net/fabricmc/api/EnvType -> net/neoforged/api/distmarker/Dist
[Architectury Transformer DEBUG] net/fabricmc/api/Environment -> net/neoforged/api/distmarker/OnlyIn
[Architectury Transformer DEBUG] Found class transformer
[Architectury Transformer DEBUG] Writing com/github/starcatcher21/stargazer/block/clases/teleporter/DarkTeleporterState with maxs=true frames=true
[Architectury Transformer DEBUG] Transformed com/github/starcatcher21/stargazer/block/clases/teleporter/DarkTeleporterState in 6.802 ms
[Architectury Transformer DEBUG] Transforming from com/github/starcatcher21/stargazer/block/clases/teleporter/EndTeleporterState.class to com/github/starcatcher21/stargazer/block/clases/teleporter/EndTeleporterState.class with 6 transformer(s) on dev.architectury.transformer.handler.TinyRemapperPreparedTransformerHandler
[Architectury Transformer DEBUG] Remapping with 1 mapping provider(s):
[Architectury Transformer DEBUG]  - dev.architectury.transformer.transformers.TransformNeoForgeEnvironment$$Lambda/0x000000002606ed78@85ec632
[Architectury Transformer DEBUG] Remapping Classes:
[Architectury Transformer DEBUG] net/fabricmc/api/EnvType -> net/neoforged/api/distmarker/Dist
[Architectury Transformer DEBUG] net/fabricmc/api/Environment -> net/neoforged/api/distmarker/OnlyIn
[Architectury Transformer DEBUG] Found class transformer
[Architectury Transformer DEBUG] Writing com/github/starcatcher21/stargazer/block/clases/teleporter/EndTeleporterState with maxs=true frames=true
[Architectury Transformer DEBUG] Transformed com/github/starcatcher21/stargazer/block/clases/teleporter/EndTeleporterState in 6.899 ms
[Architectury Transformer DEBUG] Transforming from com/github/starcatcher21/stargazer/block/clases/teleporter/RedTeleporterState.class to com/github/starcatcher21/stargazer/block/clases/teleporter/RedTeleporterState.class with 6 transformer(s) on dev.architectury.transformer.handler.TinyRemapperPreparedTransformerHandler
[Architectury Transformer DEBUG] Remapping with 1 mapping provider(s):
[Architectury Transformer DEBUG]  - dev.architectury.transformer.transformers.TransformNeoForgeEnvironment$$Lambda/0x000000002606ed78@85ec632
[Architectury Transformer DEBUG] Remapping Classes:
[Architectury Transformer DEBUG] net/fabricmc/api/EnvType -> net/neoforged/api/distmarker/Dist
[Architectury Transformer DEBUG] net/fabricmc/api/Environment -> net/neoforged/api/distmarker/OnlyIn
[Architectury Transformer DEBUG] Found class transformer
[Architectury Transformer DEBUG] Writing com/github/starcatcher21/stargazer/block/clases/teleporter/RedTeleporterState with maxs=true frames=true
[Architectury Transformer DEBUG] Transformed com/github/starcatcher21/stargazer/block/clases/teleporter/RedTeleporterState in 8.441 ms
[Architectury Transformer DEBUG] Transforming from com/github/starcatcher21/stargazer/worldgen/features/iron/iron1.class to com/github/starcatcher21/stargazer/worldgen/features/iron/iron1.class with 6 transformer(s) on dev.architectury.transformer.handler.TinyRemapperPreparedTransformerHandler
[Architectury Transformer DEBUG] Remapping with 1 mapping provider(s):
[Architectury Transformer DEBUG]  - dev.architectury.transformer.transformers.TransformNeoForgeEnvironment$$Lambda/0x000000002606ed78@85ec632
[Architectury Transformer DEBUG] Remapping Classes:
[Architectury Transformer DEBUG] net/fabricmc/api/EnvType -> net/neoforged/api/distmarker/Dist
[Architectury Transformer DEBUG] net/fabricmc/api/Environment -> net/neoforged/api/distmarker/OnlyIn
[Architectury Transformer DEBUG] Found class transformer
[Architectury Transformer DEBUG] Writing com/github/starcatcher21/stargazer/worldgen/features/iron/iron1 with maxs=true frames=true
[Architectury Transformer DEBUG] Transformed com/github/starcatcher21/stargazer/worldgen/features/iron/iron1 in 6.793 ms
[Architectury Transformer DEBUG] Transforming from com/github/starcatcher21/stargazer/worldgen/features/iron/iron2.class to com/github/starcatcher21/stargazer/worldgen/features/iron/iron2.class with 6 transformer(s) on dev.architectury.transformer.handler.TinyRemapperPreparedTransformerHandler
[Architectury Transformer DEBUG] Remapping with 1 mapping provider(s):
[Architectury Transformer DEBUG]  - dev.architectury.transformer.transformers.TransformNeoForgeEnvironment$$Lambda/0x000000002606ed78@85ec632
[Architectury Transformer DEBUG] Remapping Classes:
[Architectury Transformer DEBUG] net/fabricmc/api/EnvType -> net/neoforged/api/distmarker/Dist
[Architectury Transformer DEBUG] net/fabricmc/api/Environment -> net/neoforged/api/distmarker/OnlyIn
[Architectury Transformer DEBUG] Found class transformer
[Architectury Transformer DEBUG] Writing com/github/starcatcher21/stargazer/worldgen/features/iron/iron2 with maxs=true frames=true
[Architectury Transformer DEBUG] Transformed com/github/starcatcher21/stargazer/worldgen/features/iron/iron2 in 5.823 ms
[Architectury Transformer DEBUG] Transforming from com/github/starcatcher21/stargazer/worldgen/features/prismaticore/Prismatic1.class to com/github/starcatcher21/stargazer/worldgen/features/prismaticore/Prismatic1.class with 6 transformer(s) on dev.architectury.transformer.handler.TinyRemapperPreparedTransformerHandler
[Architectury Transformer DEBUG] Remapping with 1 mapping provider(s):
[Architectury Transformer DEBUG]  - dev.architectury.transformer.transformers.TransformNeoForgeEnvironment$$Lambda/0x000000002606ed78@85ec632
[Architectury Transformer DEBUG] Remapping Classes:
[Architectury Transformer DEBUG] net/fabricmc/api/EnvType -> net/neoforged/api/distmarker/Dist
[Architectury Transformer DEBUG] net/fabricmc/api/Environment -> net/neoforged/api/distmarker/OnlyIn
[Architectury Transformer DEBUG] Found class transformer
[Architectury Transformer DEBUG] Writing com/github/starcatcher21/stargazer/worldgen/features/prismaticore/Prismatic1 with maxs=true frames=true
[Architectury Transformer DEBUG] Transformed com/github/starcatcher21/stargazer/worldgen/features/prismaticore/Prismatic1 in 7.615 ms
[Architectury Transformer DEBUG] Transforming from com/github/starcatcher21/stargazer/worldgen/features/crystals/crystal1.class to com/github/starcatcher21/stargazer/worldgen/features/crystals/crystal1.class with 6 transformer(s) on dev.architectury.transformer.handler.TinyRemapperPreparedTransformerHandler
[Architectury Transformer DEBUG] Remapping with 1 mapping provider(s):
[Architectury Transformer DEBUG]  - dev.architectury.transformer.transformers.TransformNeoForgeEnvironment$$Lambda/0x000000002606ed78@85ec632
[Architectury Transformer DEBUG] Remapping Classes:
[Architectury Transformer DEBUG] net/fabricmc/api/EnvType -> net/neoforged/api/distmarker/Dist
[Architectury Transformer DEBUG] net/fabricmc/api/Environment -> net/neoforged/api/distmarker/OnlyIn
[Architectury Transformer DEBUG] Found class transformer
[Architectury Transformer DEBUG] Writing com/github/starcatcher21/stargazer/worldgen/features/crystals/crystal1 with maxs=true frames=true
[Architectury Transformer DEBUG] Transformed com/github/starcatcher21/stargazer/worldgen/features/crystals/crystal1 in 6.504 ms
[Architectury Transformer DEBUG] Transforming from com/github/starcatcher21/stargazer/worldgen/features/crystals/crystal2.class to com/github/starcatcher21/stargazer/worldgen/features/crystals/crystal2.class with 6 transformer(s) on dev.architectury.transformer.handler.TinyRemapperPreparedTransformerHandler
[Architectury Transformer DEBUG] Remapping with 1 mapping provider(s):
[Architectury Transformer DEBUG]  - dev.architectury.transformer.transformers.TransformNeoForgeEnvironment$$Lambda/0x000000002606ed78@85ec632
[Architectury Transformer DEBUG] Remapping Classes:
[Architectury Transformer DEBUG] net/fabricmc/api/EnvType -> net/neoforged/api/distmarker/Dist
[Architectury Transformer DEBUG] net/fabricmc/api/Environment -> net/neoforged/api/distmarker/OnlyIn
[Architectury Transformer DEBUG] Found class transformer
[Architectury Transformer DEBUG] Writing com/github/starcatcher21/stargazer/worldgen/features/crystals/crystal2 with maxs=true frames=true
[Architectury Transformer DEBUG] Transformed com/github/starcatcher21/stargazer/worldgen/features/crystals/crystal2 in 6.888 ms
[Architectury Transformer DEBUG] Transforming from com/github/starcatcher21/stargazer/worldgen/features/trees/bones/CinemaTree.class to com/github/starcatcher21/stargazer/worldgen/features/trees/bones/CinemaTree.class with 6 transformer(s) on dev.architectury.transformer.handler.TinyRemapperPreparedTransformerHandler
[Architectury Transformer DEBUG] Remapping with 1 mapping provider(s):
[Architectury Transformer DEBUG]  - dev.architectury.transformer.transformers.TransformNeoForgeEnvironment$$Lambda/0x000000002606ed78@85ec632
[Architectury Transformer DEBUG] Remapping Classes:
[Architectury Transformer DEBUG] net/fabricmc/api/EnvType -> net/neoforged/api/distmarker/Dist
[Architectury Transformer DEBUG] net/fabricmc/api/Environment -> net/neoforged/api/distmarker/OnlyIn
[Architectury Transformer DEBUG] Found class transformer
[Architectury Transformer DEBUG] Writing com/github/starcatcher21/stargazer/worldgen/features/trees/bones/CinemaTree with maxs=true frames=true
[Architectury Transformer DEBUG] Transformed com/github/starcatcher21/stargazer/worldgen/features/trees/bones/CinemaTree in 6.119 ms
[Architectury Transformer DEBUG] Transforming from com/github/starcatcher21/stargazer/worldgen/features/trees/bones/NotCinemaTree.class to com/github/starcatcher21/stargazer/worldgen/features/trees/bones/NotCinemaTree.class with 6 transformer(s) on dev.architectury.transformer.handler.TinyRemapperPreparedTransformerHandler
[Architectury Transformer DEBUG] Remapping with 1 mapping provider(s):
[Architectury Transformer DEBUG]  - dev.architectury.transformer.transformers.TransformNeoForgeEnvironment$$Lambda/0x000000002606ed78@85ec632
[Architectury Transformer DEBUG] Remapping Classes:
[Architectury Transformer DEBUG] net/fabricmc/api/EnvType -> net/neoforged/api/distmarker/Dist
[Architectury Transformer DEBUG] net/fabricmc/api/Environment -> net/neoforged/api/distmarker/OnlyIn
[Architectury Transformer DEBUG] Found class transformer
[Architectury Transformer DEBUG] Writing com/github/starcatcher21/stargazer/worldgen/features/trees/bones/NotCinemaTree with maxs=true frames=true
[Architectury Transformer DEBUG] Transformed com/github/starcatcher21/stargazer/worldgen/features/trees/bones/NotCinemaTree in 7.295 ms
[Architectury Transformer DEBUG] Transforming from com/github/starcatcher21/stargazer/worldgen/features/trees/bones/bald1.class to com/github/starcatcher21/stargazer/worldgen/features/trees/bones/bald1.class with 6 transformer(s) on dev.architectury.transformer.handler.TinyRemapperPreparedTransformerHandler
[Architectury Transformer DEBUG] Remapping with 1 mapping provider(s):
[Architectury Transformer DEBUG]  - dev.architectury.transformer.transformers.TransformNeoForgeEnvironment$$Lambda/0x000000002606ed78@85ec632
[Architectury Transformer DEBUG] Remapping Classes:
[Architectury Transformer DEBUG] net/fabricmc/api/EnvType -> net/neoforged/api/distmarker/Dist
[Architectury Transformer DEBUG] net/fabricmc/api/Environment -> net/neoforged/api/distmarker/OnlyIn
[Architectury Transformer DEBUG] Found class transformer
[Architectury Transformer DEBUG] Writing com/github/starcatcher21/stargazer/worldgen/features/trees/bones/bald1 with maxs=true frames=true
[Architectury Transformer DEBUG] Transformed com/github/starcatcher21/stargazer/worldgen/features/trees/bones/bald1 in 8.257 ms
[Architectury Transformer DEBUG] Transforming from com/github/starcatcher21/stargazer/worldgen/features/trees/bones/bald2.class to com/github/starcatcher21/stargazer/worldgen/features/trees/bones/bald2.class with 6 transformer(s) on dev.architectury.transformer.handler.TinyRemapperPreparedTransformerHandler
[Architectury Transformer DEBUG] Remapping with 1 mapping provider(s):
[Architectury Transformer DEBUG]  - dev.architectury.transformer.transformers.TransformNeoForgeEnvironment$$Lambda/0x000000002606ed78@85ec632
[Architectury Transformer DEBUG] Remapping Classes:
[Architectury Transformer DEBUG] net/fabricmc/api/EnvType -> net/neoforged/api/distmarker/Dist
[Architectury Transformer DEBUG] net/fabricmc/api/Environment -> net/neoforged/api/distmarker/OnlyIn
[Architectury Transformer DEBUG] Found class transformer
[Architectury Transformer DEBUG] Writing com/github/starcatcher21/stargazer/worldgen/features/trees/bones/bald2 with maxs=true frames=true
[Architectury Transformer DEBUG] Transformed com/github/starcatcher21/stargazer/worldgen/features/trees/bones/bald2 in 8.325 ms
[Architectury Transformer DEBUG] Transforming from com/github/starcatcher21/stargazer/worldgen/features/trees/bones/bald3.class to com/github/starcatcher21/stargazer/worldgen/features/trees/bones/bald3.class with 6 transformer(s) on dev.architectury.transformer.handler.TinyRemapperPreparedTransformerHandler
[Architectury Transformer DEBUG] Remapping with 1 mapping provider(s):
[Architectury Transformer DEBUG]  - dev.architectury.transformer.transformers.TransformNeoForgeEnvironment$$Lambda/0x000000002606ed78@85ec632
[Architectury Transformer DEBUG] Remapping Classes:
[Architectury Transformer DEBUG] net/fabricmc/api/EnvType -> net/neoforged/api/distmarker/Dist
[Architectury Transformer DEBUG] net/fabricmc/api/Environment -> net/neoforged/api/distmarker/OnlyIn
[Architectury Transformer DEBUG] Found class transformer
[Architectury Transformer DEBUG] Writing com/github/starcatcher21/stargazer/worldgen/features/trees/bones/bald3 with maxs=true frames=true
[Architectury Transformer DEBUG] Transformed com/github/starcatcher21/stargazer/worldgen/features/trees/bones/bald3 in 7.812 ms
[Architectury Transformer DEBUG] Transforming from com/github/starcatcher21/stargazer/worldgen/features/trees/bones/crown.class to com/github/starcatcher21/stargazer/worldgen/features/trees/bones/crown.class with 6 transformer(s) on dev.architectury.transformer.handler.TinyRemapperPreparedTransformerHandler
[Architectury Transformer DEBUG] Remapping with 1 mapping provider(s):
[Architectury Transformer DEBUG]  - dev.architectury.transformer.transformers.TransformNeoForgeEnvironment$$Lambda/0x000000002606ed78@85ec632
[Architectury Transformer DEBUG] Remapping Classes:
[Architectury Transformer DEBUG] net/fabricmc/api/EnvType -> net/neoforged/api/distmarker/Dist
[Architectury Transformer DEBUG] net/fabricmc/api/Environment -> net/neoforged/api/distmarker/OnlyIn
[Architectury Transformer DEBUG] Found class transformer
[Architectury Transformer DEBUG] Writing com/github/starcatcher21/stargazer/worldgen/features/trees/bones/crown with maxs=true frames=true
[Architectury Transformer DEBUG] Transformed com/github/starcatcher21/stargazer/worldgen/features/trees/bones/crown in 6.417 ms
[Architectury Transformer DEBUG] Transforming from com/github/starcatcher21/stargazer/worldgen/features/trees/fullmoon/FullMoonTree1.class to com/github/starcatcher21/stargazer/worldgen/features/trees/fullmoon/FullMoonTree1.class with 6 transformer(s) on dev.architectury.transformer.handler.TinyRemapperPreparedTransformerHandler
[Architectury Transformer DEBUG] Remapping with 1 mapping provider(s):
[Architectury Transformer DEBUG]  - dev.architectury.transformer.transformers.TransformNeoForgeEnvironment$$Lambda/0x000000002606ed78@85ec632
[Architectury Transformer DEBUG] Remapping Classes:
[Architectury Transformer DEBUG] net/fabricmc/api/EnvType -> net/neoforged/api/distmarker/Dist
[Architectury Transformer DEBUG] net/fabricmc/api/Environment -> net/neoforged/api/distmarker/OnlyIn
[Architectury Transformer DEBUG] Found class transformer
[Architectury Transformer DEBUG] Writing com/github/starcatcher21/stargazer/worldgen/features/trees/fullmoon/FullMoonTree1 with maxs=true frames=true
[Architectury Transformer DEBUG] Transformed com/github/starcatcher21/stargazer/worldgen/features/trees/fullmoon/FullMoonTree1 in 5.321 ms
[Architectury Transformer DEBUG] Transforming from com/github/starcatcher21/stargazer/worldgen/features/trees/curve/CurveTree.class to com/github/starcatcher21/stargazer/worldgen/features/trees/curve/CurveTree.class with 6 transformer(s) on dev.architectury.transformer.handler.TinyRemapperPreparedTransformerHandler
[Architectury Transformer DEBUG] Remapping with 1 mapping provider(s):
[Architectury Transformer DEBUG]  - dev.architectury.transformer.transformers.TransformNeoForgeEnvironment$$Lambda/0x000000002606ed78@85ec632
[Architectury Transformer DEBUG] Remapping Classes:
[Architectury Transformer DEBUG] net/fabricmc/api/EnvType -> net/neoforged/api/distmarker/Dist
[Architectury Transformer DEBUG] net/fabricmc/api/Environment -> net/neoforged/api/distmarker/OnlyIn
[Architectury Transformer DEBUG] Found class transformer
[Architectury Transformer DEBUG] Writing com/github/starcatcher21/stargazer/worldgen/features/trees/curve/CurveTree with maxs=true frames=true
[Architectury Transformer DEBUG] Transformed com/github/starcatcher21/stargazer/worldgen/features/trees/curve/CurveTree in 5.315 ms
[Architectury Transformer DEBUG] Transforming from com/github/starcatcher21/stargazer/worldgen/features/trees/moon/MoonTree1.class to com/github/starcatcher21/stargazer/worldgen/features/trees/moon/MoonTree1.class with 6 transformer(s) on dev.architectury.transformer.handler.TinyRemapperPreparedTransformerHandler
[Architectury Transformer DEBUG] Remapping with 1 mapping provider(s):
[Architectury Transformer DEBUG]  - dev.architectury.transformer.transformers.TransformNeoForgeEnvironment$$Lambda/0x000000002606ed78@85ec632
[Architectury Transformer DEBUG] Remapping Classes:
[Architectury Transformer DEBUG] net/fabricmc/api/EnvType -> net/neoforged/api/distmarker/Dist
[Architectury Transformer DEBUG] net/fabricmc/api/Environment -> net/neoforged/api/distmarker/OnlyIn
[Architectury Transformer DEBUG] Found class transformer
[Architectury Transformer DEBUG] Writing com/github/starcatcher21/stargazer/worldgen/features/trees/moon/MoonTree1 with maxs=true frames=true
[Architectury Transformer DEBUG] Transformed com/github/starcatcher21/stargazer/worldgen/features/trees/moon/MoonTree1 in 6.388 ms
[Architectury Transformer DEBUG] Transforming from com/github/starcatcher21/stargazer/worldgen/features/trees/moon/MoonTree2.class to com/github/starcatcher21/stargazer/worldgen/features/trees/moon/MoonTree2.class with 6 transformer(s) on dev.architectury.transformer.handler.TinyRemapperPreparedTransformerHandler
[Architectury Transformer DEBUG] Remapping with 1 mapping provider(s):
[Architectury Transformer DEBUG]  - dev.architectury.transformer.transformers.TransformNeoForgeEnvironment$$Lambda/0x000000002606ed78@85ec632
[Architectury Transformer DEBUG] Remapping Classes:
[Architectury Transformer DEBUG] net/fabricmc/api/EnvType -> net/neoforged/api/distmarker/Dist
[Architectury Transformer DEBUG] net/fabricmc/api/Environment -> net/neoforged/api/distmarker/OnlyIn
[Architectury Transformer DEBUG] Found class transformer
[Architectury Transformer DEBUG] Writing com/github/starcatcher21/stargazer/worldgen/features/trees/moon/MoonTree2 with maxs=true frames=true
[Architectury Transformer DEBUG] Transformed com/github/starcatcher21/stargazer/worldgen/features/trees/moon/MoonTree2 in 6.116 ms
[Architectury Transformer DEBUG] Transforming from com/github/starcatcher21/stargazer/worldgen/features/trees/moon/MoonTree3.class to com/github/starcatcher21/stargazer/worldgen/features/trees/moon/MoonTree3.class with 6 transformer(s) on dev.architectury.transformer.handler.TinyRemapperPreparedTransformerHandler
[Architectury Transformer DEBUG] Remapping with 1 mapping provider(s):
[Architectury Transformer DEBUG]  - dev.architectury.transformer.transformers.TransformNeoForgeEnvironment$$Lambda/0x000000002606ed78@85ec632
[Architectury Transformer DEBUG] Remapping Classes:
[Architectury Transformer DEBUG] net/fabricmc/api/EnvType -> net/neoforged/api/distmarker/Dist
[Architectury Transformer DEBUG] net/fabricmc/api/Environment -> net/neoforged/api/distmarker/OnlyIn
[Architectury Transformer DEBUG] Found class transformer
[Architectury Transformer DEBUG] Writing com/github/starcatcher21/stargazer/worldgen/features/trees/moon/MoonTree3 with maxs=true frames=true
[Architectury Transformer DEBUG] Transformed com/github/starcatcher21/stargazer/worldgen/features/trees/moon/MoonTree3 in 7.774 ms
[Architectury Transformer DEBUG] Transforming from com/github/starcatcher21/stargazer/worldgen/features/trees/purple_shroom/Purple1.class to com/github/starcatcher21/stargazer/worldgen/features/trees/purple_shroom/Purple1.class with 6 transformer(s) on dev.architectury.transformer.handler.TinyRemapperPreparedTransformerHandler
[Architectury Transformer DEBUG] Remapping with 1 mapping provider(s):
[Architectury Transformer DEBUG]  - dev.architectury.transformer.transformers.TransformNeoForgeEnvironment$$Lambda/0x000000002606ed78@85ec632
[Architectury Transformer DEBUG] Remapping Classes:
[Architectury Transformer DEBUG] net/fabricmc/api/EnvType -> net/neoforged/api/distmarker/Dist
[Architectury Transformer DEBUG] net/fabricmc/api/Environment -> net/neoforged/api/distmarker/OnlyIn
[Architectury Transformer DEBUG] Found class transformer
[Architectury Transformer DEBUG] Writing com/github/starcatcher21/stargazer/worldgen/features/trees/purple_shroom/Purple1 with maxs=true frames=true
[Architectury Transformer DEBUG] Transformed com/github/starcatcher21/stargazer/worldgen/features/trees/purple_shroom/Purple1 in 5.384 ms
[Architectury Transformer DEBUG] Transforming from com/github/starcatcher21/stargazer/block/clases/moon/geode_fruit/GeodeFruitStage.class to com/github/starcatcher21/stargazer/block/clases/moon/geode_fruit/GeodeFruitStage.class with 6 transformer(s) on dev.architectury.transformer.handler.TinyRemapperPreparedTransformerHandler
[Architectury Transformer DEBUG] Remapping with 1 mapping provider(s):
[Architectury Transformer DEBUG]  - dev.architectury.transformer.transformers.TransformNeoForgeEnvironment$$Lambda/0x000000002606ed78@85ec632
[Architectury Transformer DEBUG] Remapping Classes:
[Architectury Transformer DEBUG] net/fabricmc/api/EnvType -> net/neoforged/api/distmarker/Dist
[Architectury Transformer DEBUG] net/fabricmc/api/Environment -> net/neoforged/api/distmarker/OnlyIn
[Architectury Transformer DEBUG] Found class transformer
[Architectury Transformer DEBUG] Writing com/github/starcatcher21/stargazer/block/clases/moon/geode_fruit/GeodeFruitStage with maxs=true frames=true
[Architectury Transformer DEBUG] Transformed com/github/starcatcher21/stargazer/block/clases/moon/geode_fruit/GeodeFruitStage in 6.251 ms
[Architectury Transformer DEBUG] Transforming from com/github/starcatcher21/stargazer/worldgen/features/trees/star/StarTree.class to com/github/starcatcher21/stargazer/worldgen/features/trees/star/StarTree.class with 6 transformer(s) on dev.architectury.transformer.handler.TinyRemapperPreparedTransformerHandler
[Architectury Transformer DEBUG] Remapping with 1 mapping provider(s):
[Architectury Transformer DEBUG]  - dev.architectury.transformer.transformers.TransformNeoForgeEnvironment$$Lambda/0x000000002606ed78@85ec632
[Architectury Transformer DEBUG] Remapping Classes:
[Architectury Transformer DEBUG] net/fabricmc/api/EnvType -> net/neoforged/api/distmarker/Dist
[Architectury Transformer DEBUG] net/fabricmc/api/Environment -> net/neoforged/api/distmarker/OnlyIn
[Architectury Transformer DEBUG] Found class transformer
[Architectury Transformer DEBUG] Writing com/github/starcatcher21/stargazer/worldgen/features/trees/star/StarTree with maxs=true frames=true
[Architectury Transformer DEBUG] Transformed com/github/starcatcher21/stargazer/worldgen/features/trees/star/StarTree in 6.845 ms
[Architectury Transformer DEBUG] Transforming from com/github/starcatcher21/stargazer/worldgen/features/trees/eyeblodbirch/EyeBirch.class to com/github/starcatcher21/stargazer/worldgen/features/trees/eyeblodbirch/EyeBirch.class with 6 transformer(s) on dev.architectury.transformer.handler.TinyRemapperPreparedTransformerHandler
[Architectury Transformer DEBUG] Remapping with 1 mapping provider(s):
[Architectury Transformer DEBUG]  - dev.architectury.transformer.transformers.TransformNeoForgeEnvironment$$Lambda/0x000000002606ed78@85ec632
[Architectury Transformer DEBUG] Remapping Classes:
[Architectury Transformer DEBUG] net/fabricmc/api/EnvType -> net/neoforged/api/distmarker/Dist
[Architectury Transformer DEBUG] net/fabricmc/api/Environment -> net/neoforged/api/distmarker/OnlyIn
[Architectury Transformer DEBUG] Found class transformer
[Architectury Transformer DEBUG] Writing com/github/starcatcher21/stargazer/worldgen/features/trees/eyeblodbirch/EyeBirch with maxs=true frames=true
[Architectury Transformer DEBUG] Transformed com/github/starcatcher21/stargazer/worldgen/features/trees/eyeblodbirch/EyeBirch in 7.138 ms
[Architectury Transformer DEBUG] Transforming from com/github/starcatcher21/stargazer/block/clases/moon/plants/GiantCropSide.class to com/github/starcatcher21/stargazer/block/clases/moon/plants/GiantCropSide.class with 6 transformer(s) on dev.architectury.transformer.handler.TinyRemapperPreparedTransformerHandler
[Architectury Transformer DEBUG] Remapping with 1 mapping provider(s):
[Architectury Transformer DEBUG]  - dev.architectury.transformer.transformers.TransformNeoForgeEnvironment$$Lambda/0x000000002606ed78@85ec632
[Architectury Transformer DEBUG] Remapping Classes:
[Architectury Transformer DEBUG] net/fabricmc/api/EnvType -> net/neoforged/api/distmarker/Dist
[Architectury Transformer DEBUG] net/fabricmc/api/Environment -> net/neoforged/api/distmarker/OnlyIn
[Architectury Transformer DEBUG] Found class transformer
[Architectury Transformer DEBUG] Writing com/github/starcatcher21/stargazer/block/clases/moon/plants/GiantCropSide with maxs=true frames=true
[Architectury Transformer DEBUG] Transformed com/github/starcatcher21/stargazer/block/clases/moon/plants/GiantCropSide in 7.408 ms
[Architectury Transformer DEBUG] Transforming from com/github/starcatcher21/stargazer/worldgen/features/trees/darkness/DarkTree.class to com/github/starcatcher21/stargazer/worldgen/features/trees/darkness/DarkTree.class with 6 transformer(s) on dev.architectury.transformer.handler.TinyRemapperPreparedTransformerHandler
[Architectury Transformer DEBUG] Remapping with 1 mapping provider(s):
[Architectury Transformer DEBUG]  - dev.architectury.transformer.transformers.TransformNeoForgeEnvironment$$Lambda/0x000000002606ed78@85ec632
[Architectury Transformer DEBUG] Remapping Classes:
[Architectury Transformer DEBUG] net/fabricmc/api/EnvType -> net/neoforged/api/distmarker/Dist
[Architectury Transformer DEBUG] net/fabricmc/api/Environment -> net/neoforged/api/distmarker/OnlyIn
[Architectury Transformer DEBUG] Found class transformer
[Architectury Transformer DEBUG] Writing com/github/starcatcher21/stargazer/worldgen/features/trees/darkness/DarkTree with maxs=true frames=true
[Architectury Transformer DEBUG] Transformed com/github/starcatcher21/stargazer/worldgen/features/trees/darkness/DarkTree in 5.100 ms
[Architectury Transformer DEBUG] Transforming from com/github/starcatcher21/stargazer/worldgen/features/trees/darkness/DarkTree2.class to com/github/starcatcher21/stargazer/worldgen/features/trees/darkness/DarkTree2.class with 6 transformer(s) on dev.architectury.transformer.handler.TinyRemapperPreparedTransformerHandler
[Architectury Transformer DEBUG] Remapping with 1 mapping provider(s):
[Architectury Transformer DEBUG]  - dev.architectury.transformer.transformers.TransformNeoForgeEnvironment$$Lambda/0x000000002606ed78@85ec632
[Architectury Transformer DEBUG] Remapping Classes:
[Architectury Transformer DEBUG] net/fabricmc/api/EnvType -> net/neoforged/api/distmarker/Dist
[Architectury Transformer DEBUG] net/fabricmc/api/Environment -> net/neoforged/api/distmarker/OnlyIn
[Architectury Transformer DEBUG] Found class transformer
[Architectury Transformer DEBUG] Writing com/github/starcatcher21/stargazer/worldgen/features/trees/darkness/DarkTree2 with maxs=true frames=true
[Architectury Transformer DEBUG] Transformed com/github/starcatcher21/stargazer/worldgen/features/trees/darkness/DarkTree2 in 3.871 ms
[Architectury Transformer DEBUG] Transforming from com/github/starcatcher21/stargazer/worldgen/features/trees/darkness/DarkTree3.class to com/github/starcatcher21/stargazer/worldgen/features/trees/darkness/DarkTree3.class with 6 transformer(s) on dev.architectury.transformer.handler.TinyRemapperPreparedTransformerHandler
[Architectury Transformer DEBUG] Remapping with 1 mapping provider(s):
[Architectury Transformer DEBUG]  - dev.architectury.transformer.transformers.TransformNeoForgeEnvironment$$Lambda/0x000000002606ed78@85ec632
[Architectury Transformer DEBUG] Remapping Classes:
[Architectury Transformer DEBUG] net/fabricmc/api/EnvType -> net/neoforged/api/distmarker/Dist
[Architectury Transformer DEBUG] net/fabricmc/api/Environment -> net/neoforged/api/distmarker/OnlyIn
[Architectury Transformer DEBUG] Found class transformer
[Architectury Transformer DEBUG] Writing com/github/starcatcher21/stargazer/worldgen/features/trees/darkness/DarkTree3 with maxs=true frames=true
[Architectury Transformer DEBUG] Transformed com/github/starcatcher21/stargazer/worldgen/features/trees/darkness/DarkTree3 in 3.604 ms
[Architectury Transformer DEBUG] Transforming from com/github/starcatcher21/stargazer/worldgen/features/trees/nebulas/Purple.class to com/github/starcatcher21/stargazer/worldgen/features/trees/nebulas/Purple.class with 6 transformer(s) on dev.architectury.transformer.handler.TinyRemapperPreparedTransformerHandler
[Architectury Transformer DEBUG] Remapping with 1 mapping provider(s):
[Architectury Transformer DEBUG]  - dev.architectury.transformer.transformers.TransformNeoForgeEnvironment$$Lambda/0x000000002606ed78@85ec632
[Architectury Transformer DEBUG] Remapping Classes:
[Architectury Transformer DEBUG] net/fabricmc/api/EnvType -> net/neoforged/api/distmarker/Dist
[Architectury Transformer DEBUG] net/fabricmc/api/Environment -> net/neoforged/api/distmarker/OnlyIn
[Architectury Transformer DEBUG] Found class transformer
[Architectury Transformer DEBUG] Writing com/github/starcatcher21/stargazer/worldgen/features/trees/nebulas/Purple with maxs=true frames=true
[Architectury Transformer DEBUG] Transformed com/github/starcatcher21/stargazer/worldgen/features/trees/nebulas/Purple in 4.541 ms
[Architectury Transformer DEBUG] Transforming from com/github/starcatcher21/stargazer/worldgen/features/trees/nebulas/Blue.class to com/github/starcatcher21/stargazer/worldgen/features/trees/nebulas/Blue.class with 6 transformer(s) on dev.architectury.transformer.handler.TinyRemapperPreparedTransformerHandler
[Architectury Transformer DEBUG] Remapping with 1 mapping provider(s):
[Architectury Transformer DEBUG]  - dev.architectury.transformer.transformers.TransformNeoForgeEnvironment$$Lambda/0x000000002606ed78@85ec632
[Architectury Transformer DEBUG] Remapping Classes:
[Architectury Transformer DEBUG] net/fabricmc/api/EnvType -> net/neoforged/api/distmarker/Dist
[Architectury Transformer DEBUG] net/fabricmc/api/Environment -> net/neoforged/api/distmarker/OnlyIn
[Architectury Transformer DEBUG] Found class transformer
[Architectury Transformer DEBUG] Writing com/github/starcatcher21/stargazer/worldgen/features/trees/nebulas/Blue with maxs=true frames=true
[Architectury Transformer DEBUG] Transformed com/github/starcatcher21/stargazer/worldgen/features/trees/nebulas/Blue in 3.382 ms
[Architectury Transformer DEBUG] Transforming from com/github/starcatcher21/stargazer/worldgen/features/trees/nebulas/Red.class to com/github/starcatcher21/stargazer/worldgen/features/trees/nebulas/Red.class with 6 transformer(s) on dev.architectury.transformer.handler.TinyRemapperPreparedTransformerHandler
[Architectury Transformer DEBUG] Remapping with 1 mapping provider(s):
[Architectury Transformer DEBUG]  - dev.architectury.transformer.transformers.TransformNeoForgeEnvironment$$Lambda/0x000000002606ed78@85ec632
[Architectury Transformer DEBUG] Remapping Classes:
[Architectury Transformer DEBUG] net/fabricmc/api/EnvType -> net/neoforged/api/distmarker/Dist
[Architectury Transformer DEBUG] net/fabricmc/api/Environment -> net/neoforged/api/distmarker/OnlyIn
[Architectury Transformer DEBUG] Found class transformer
[Architectury Transformer DEBUG] Writing com/github/starcatcher21/stargazer/worldgen/features/trees/nebulas/Red with maxs=true frames=true
[Architectury Transformer DEBUG] Transformed com/github/starcatcher21/stargazer/worldgen/features/trees/nebulas/Red in 3.480 ms
[Architectury Transformer DEBUG] Transforming from com/github/starcatcher21/stargazer/worldgen/features/trees/nebulas/Yellow.class to com/github/starcatcher21/stargazer/worldgen/features/trees/nebulas/Yellow.class with 6 transformer(s) on dev.architectury.transformer.handler.TinyRemapperPreparedTransformerHandler
[Architectury Transformer DEBUG] Remapping with 1 mapping provider(s):
[Architectury Transformer DEBUG]  - dev.architectury.transformer.transformers.TransformNeoForgeEnvironment$$Lambda/0x000000002606ed78@85ec632
[Architectury Transformer DEBUG] Remapping Classes:
[Architectury Transformer DEBUG] net/fabricmc/api/EnvType -> net/neoforged/api/distmarker/Dist
[Architectury Transformer DEBUG] net/fabricmc/api/Environment -> net/neoforged/api/distmarker/OnlyIn
[Architectury Transformer DEBUG] Found class transformer
[Architectury Transformer DEBUG] Writing com/github/starcatcher21/stargazer/worldgen/features/trees/nebulas/Yellow with maxs=true frames=true
[Architectury Transformer DEBUG] Transformed com/github/starcatcher21/stargazer/worldgen/features/trees/nebulas/Yellow in 5.006 ms
[Architectury Transformer DEBUG] Transforming from com/github/starcatcher21/stargazer/worldgen/features/chess/Pawn.class to com/github/starcatcher21/stargazer/worldgen/features/chess/Pawn.class with 6 transformer(s) on dev.architectury.transformer.handler.TinyRemapperPreparedTransformerHandler
[Architectury Transformer DEBUG] Remapping with 1 mapping provider(s):
[Architectury Transformer DEBUG]  - dev.architectury.transformer.transformers.TransformNeoForgeEnvironment$$Lambda/0x000000002606ed78@85ec632
[Architectury Transformer DEBUG] Remapping Classes:
[Architectury Transformer DEBUG] net/fabricmc/api/EnvType -> net/neoforged/api/distmarker/Dist
[Architectury Transformer DEBUG] net/fabricmc/api/Environment -> net/neoforged/api/distmarker/OnlyIn
[Architectury Transformer DEBUG] Found class transformer
[Architectury Transformer DEBUG] Writing com/github/starcatcher21/stargazer/worldgen/features/chess/Pawn with maxs=true frames=true
[Architectury Transformer DEBUG] Transformed com/github/starcatcher21/stargazer/worldgen/features/chess/Pawn in 2.748 ms
[Architectury Transformer DEBUG] Transforming from com/github/starcatcher21/stargazer/worldgen/features/chess/Base.class to com/github/starcatcher21/stargazer/worldgen/features/chess/Base.class with 6 transformer(s) on dev.architectury.transformer.handler.TinyRemapperPreparedTransformerHandler
[Architectury Transformer DEBUG] Remapping with 1 mapping provider(s):
[Architectury Transformer DEBUG]  - dev.architectury.transformer.transformers.TransformNeoForgeEnvironment$$Lambda/0x000000002606ed78@85ec632
[Architectury Transformer DEBUG] Remapping Classes:
[Architectury Transformer DEBUG] net/fabricmc/api/EnvType -> net/neoforged/api/distmarker/Dist
[Architectury Transformer DEBUG] net/fabricmc/api/Environment -> net/neoforged/api/distmarker/OnlyIn
[Architectury Transformer DEBUG] Found class transformer
[Architectury Transformer DEBUG] Writing com/github/starcatcher21/stargazer/worldgen/features/chess/Base with maxs=true frames=true
[Architectury Transformer DEBUG] Transformed com/github/starcatcher21/stargazer/worldgen/features/chess/Base in 2.665 ms
[Architectury Transformer DEBUG] Transforming from com/github/starcatcher21/stargazer/worldgen/features/chess/Shaft.class to com/github/starcatcher21/stargazer/worldgen/features/chess/Shaft.class with 6 transformer(s) on dev.architectury.transformer.handler.TinyRemapperPreparedTransformerHandler
[Architectury Transformer DEBUG] Remapping with 1 mapping provider(s):
[Architectury Transformer DEBUG]  - dev.architectury.transformer.transformers.TransformNeoForgeEnvironment$$Lambda/0x000000002606ed78@85ec632
[Architectury Transformer DEBUG] Remapping Classes:
[Architectury Transformer DEBUG] net/fabricmc/api/EnvType -> net/neoforged/api/distmarker/Dist
[Architectury Transformer DEBUG] net/fabricmc/api/Environment -> net/neoforged/api/distmarker/OnlyIn
[Architectury Transformer DEBUG] Found class transformer
[Architectury Transformer DEBUG] Writing com/github/starcatcher21/stargazer/worldgen/features/chess/Shaft with maxs=true frames=true
[Architectury Transformer DEBUG] Transformed com/github/starcatcher21/stargazer/worldgen/features/chess/Shaft in 2.825 ms
[Architectury Transformer DEBUG] Transforming from com/github/starcatcher21/stargazer/worldgen/features/chess/Rook.class to com/github/starcatcher21/stargazer/worldgen/features/chess/Rook.class with 6 transformer(s) on dev.architectury.transformer.handler.TinyRemapperPreparedTransformerHandler
[Architectury Transformer DEBUG] Remapping with 1 mapping provider(s):
[Architectury Transformer DEBUG]  - dev.architectury.transformer.transformers.TransformNeoForgeEnvironment$$Lambda/0x000000002606ed78@85ec632
[Architectury Transformer DEBUG] Remapping Classes:
[Architectury Transformer DEBUG] net/fabricmc/api/EnvType -> net/neoforged/api/distmarker/Dist
[Architectury Transformer DEBUG] net/fabricmc/api/Environment -> net/neoforged/api/distmarker/OnlyIn
[Architectury Transformer DEBUG] Found class transformer
[Architectury Transformer DEBUG] Writing com/github/starcatcher21/stargazer/worldgen/features/chess/Rook with maxs=true frames=true
[Architectury Transformer DEBUG] Transformed com/github/starcatcher21/stargazer/worldgen/features/chess/Rook in 6.509 ms
[Architectury Transformer DEBUG] Transforming from com/github/starcatcher21/stargazer/worldgen/features/chess/Bishop.class to com/github/starcatcher21/stargazer/worldgen/features/chess/Bishop.class with 6 transformer(s) on dev.architectury.transformer.handler.TinyRemapperPreparedTransformerHandler
[Architectury Transformer DEBUG] Remapping with 1 mapping provider(s):
[Architectury Transformer DEBUG]  - dev.architectury.transformer.transformers.TransformNeoForgeEnvironment$$Lambda/0x000000002606ed78@85ec632
[Architectury Transformer DEBUG] Remapping Classes:
[Architectury Transformer DEBUG] net/fabricmc/api/EnvType -> net/neoforged/api/distmarker/Dist
[Architectury Transformer DEBUG] net/fabricmc/api/Environment -> net/neoforged/api/distmarker/OnlyIn
[Architectury Transformer DEBUG] Found class transformer
[Architectury Transformer DEBUG] Writing com/github/starcatcher21/stargazer/worldgen/features/chess/Bishop with maxs=true frames=true
[Architectury Transformer DEBUG] Transformed com/github/starcatcher21/stargazer/worldgen/features/chess/Bishop in 4.035 ms
[Architectury Transformer DEBUG] Transforming from com/github/starcatcher21/stargazer/worldgen/features/chess/King.class to com/github/starcatcher21/stargazer/worldgen/features/chess/King.class with 6 transformer(s) on dev.architectury.transformer.handler.TinyRemapperPreparedTransformerHandler
[Architectury Transformer DEBUG] Remapping with 1 mapping provider(s):
[Architectury Transformer DEBUG]  - dev.architectury.transformer.transformers.TransformNeoForgeEnvironment$$Lambda/0x000000002606ed78@85ec632
[Architectury Transformer DEBUG] Remapping Classes:
[Architectury Transformer DEBUG] net/fabricmc/api/EnvType -> net/neoforged/api/distmarker/Dist
[Architectury Transformer DEBUG] net/fabricmc/api/Environment -> net/neoforged/api/distmarker/OnlyIn
[Architectury Transformer DEBUG] Found class transformer
[Architectury Transformer DEBUG] Writing com/github/starcatcher21/stargazer/worldgen/features/chess/King with maxs=true frames=true
[Architectury Transformer DEBUG] Transformed com/github/starcatcher21/stargazer/worldgen/features/chess/King in 3.558 ms
[Architectury Transformer DEBUG] Transforming from com/github/starcatcher21/stargazer/worldgen/features/chess/Queen.class to com/github/starcatcher21/stargazer/worldgen/features/chess/Queen.class with 6 transformer(s) on dev.architectury.transformer.handler.TinyRemapperPreparedTransformerHandler
[Architectury Transformer DEBUG] Remapping with 1 mapping provider(s):
[Architectury Transformer DEBUG]  - dev.architectury.transformer.transformers.TransformNeoForgeEnvironment$$Lambda/0x000000002606ed78@85ec632
[Architectury Transformer DEBUG] Remapping Classes:
[Architectury Transformer DEBUG] net/fabricmc/api/EnvType -> net/neoforged/api/distmarker/Dist
[Architectury Transformer DEBUG] net/fabricmc/api/Environment -> net/neoforged/api/distmarker/OnlyIn
[Architectury Transformer DEBUG] Found class transformer
[Architectury Transformer DEBUG] Writing com/github/starcatcher21/stargazer/worldgen/features/chess/Queen with maxs=true frames=true
[Architectury Transformer DEBUG] Transformed com/github/starcatcher21/stargazer/worldgen/features/chess/Queen in 3.819 ms
[Architectury Transformer DEBUG] Transforming from com/github/starcatcher21/stargazer/worldgen/features/chess/Horse.class to com/github/starcatcher21/stargazer/worldgen/features/chess/Horse.class with 6 transformer(s) on dev.architectury.transformer.handler.TinyRemapperPreparedTransformerHandler
[Architectury Transformer DEBUG] Remapping with 1 mapping provider(s):
[Architectury Transformer DEBUG]  - dev.architectury.transformer.transformers.TransformNeoForgeEnvironment$$Lambda/0x000000002606ed78@85ec632
[Architectury Transformer DEBUG] Remapping Classes:
[Architectury Transformer DEBUG] net/fabricmc/api/EnvType -> net/neoforged/api/distmarker/Dist
[Architectury Transformer DEBUG] net/fabricmc/api/Environment -> net/neoforged/api/distmarker/OnlyIn
[Architectury Transformer DEBUG] Found class transformer
[Architectury Transformer DEBUG] Writing com/github/starcatcher21/stargazer/worldgen/features/chess/Horse with maxs=true frames=true
[Architectury Transformer DEBUG] Transformed com/github/starcatcher21/stargazer/worldgen/features/chess/Horse in 3.492 ms
[Architectury Transformer DEBUG] Transforming from com/github/starcatcher21/stargazer/worldgen/features/trees/green_rocks/Rock1.class to com/github/starcatcher21/stargazer/worldgen/features/trees/green_rocks/Rock1.class with 6 transformer(s) on dev.architectury.transformer.handler.TinyRemapperPreparedTransformerHandler
[Architectury Transformer DEBUG] Remapping with 1 mapping provider(s):
[Architectury Transformer DEBUG]  - dev.architectury.transformer.transformers.TransformNeoForgeEnvironment$$Lambda/0x000000002606ed78@85ec632
[Architectury Transformer DEBUG] Remapping Classes:
[Architectury Transformer DEBUG] net/fabricmc/api/EnvType -> net/neoforged/api/distmarker/Dist
[Architectury Transformer DEBUG] net/fabricmc/api/Environment -> net/neoforged/api/distmarker/OnlyIn
[Architectury Transformer DEBUG] Found class transformer
[Architectury Transformer DEBUG] Writing com/github/starcatcher21/stargazer/worldgen/features/trees/green_rocks/Rock1 with maxs=true frames=true
[Architectury Transformer DEBUG] Transformed com/github/starcatcher21/stargazer/worldgen/features/trees/green_rocks/Rock1 in 3.847 ms
[Architectury Transformer DEBUG] Transforming from com/github/starcatcher21/stargazer/worldgen/features/trees/green_rocks/Rock2.class to com/github/starcatcher21/stargazer/worldgen/features/trees/green_rocks/Rock2.class with 6 transformer(s) on dev.architectury.transformer.handler.TinyRemapperPreparedTransformerHandler
[Architectury Transformer DEBUG] Remapping with 1 mapping provider(s):
[Architectury Transformer DEBUG]  - dev.architectury.transformer.transformers.TransformNeoForgeEnvironment$$Lambda/0x000000002606ed78@85ec632
[Architectury Transformer DEBUG] Remapping Classes:
[Architectury Transformer DEBUG] net/fabricmc/api/EnvType -> net/neoforged/api/distmarker/Dist
[Architectury Transformer DEBUG] net/fabricmc/api/Environment -> net/neoforged/api/distmarker/OnlyIn
[Architectury Transformer DEBUG] Found class transformer
[Architectury Transformer DEBUG] Writing com/github/starcatcher21/stargazer/worldgen/features/trees/green_rocks/Rock2 with maxs=true frames=true
[Architectury Transformer DEBUG] Transformed com/github/starcatcher21/stargazer/worldgen/features/trees/green_rocks/Rock2 in 3.622 ms
[Architectury Transformer DEBUG] Transforming from com/github/starcatcher21/stargazer/worldgen/features/trees/green_rocks/Rock3.class to com/github/starcatcher21/stargazer/worldgen/features/trees/green_rocks/Rock3.class with 6 transformer(s) on dev.architectury.transformer.handler.TinyRemapperPreparedTransformerHandler
[Architectury Transformer DEBUG] Remapping with 1 mapping provider(s):
[Architectury Transformer DEBUG]  - dev.architectury.transformer.transformers.TransformNeoForgeEnvironment$$Lambda/0x000000002606ed78@85ec632
[Architectury Transformer DEBUG] Remapping Classes:
[Architectury Transformer DEBUG] net/fabricmc/api/EnvType -> net/neoforged/api/distmarker/Dist
[Architectury Transformer DEBUG] net/fabricmc/api/Environment -> net/neoforged/api/distmarker/OnlyIn
[Architectury Transformer DEBUG] Found class transformer
[Architectury Transformer DEBUG] Writing com/github/starcatcher21/stargazer/worldgen/features/trees/green_rocks/Rock3 with maxs=true frames=true
[Architectury Transformer DEBUG] Transformed com/github/starcatcher21/stargazer/worldgen/features/trees/green_rocks/Rock3 in 3.827 ms
[Architectury Transformer DEBUG] Transforming from com/github/starcatcher21/stargazer/worldgen/features/trees/green_rocks/Rock4.class to com/github/starcatcher21/stargazer/worldgen/features/trees/green_rocks/Rock4.class with 6 transformer(s) on dev.architectury.transformer.handler.TinyRemapperPreparedTransformerHandler
[Architectury Transformer DEBUG] Remapping with 1 mapping provider(s):
[Architectury Transformer DEBUG]  - dev.architectury.transformer.transformers.TransformNeoForgeEnvironment$$Lambda/0x000000002606ed78@85ec632
[Architectury Transformer DEBUG] Remapping Classes:
[Architectury Transformer DEBUG] net/fabricmc/api/EnvType -> net/neoforged/api/distmarker/Dist
[Architectury Transformer DEBUG] net/fabricmc/api/Environment -> net/neoforged/api/distmarker/OnlyIn
[Architectury Transformer DEBUG] Found class transformer
[Architectury Transformer DEBUG] Writing com/github/starcatcher21/stargazer/worldgen/features/trees/green_rocks/Rock4 with maxs=true frames=true
[Architectury Transformer DEBUG] Transformed com/github/starcatcher21/stargazer/worldgen/features/trees/green_rocks/Rock4 in 2.657 ms
[Architectury Transformer DEBUG] Transforming from com/github/starcatcher21/stargazer/worldgen/features/trees/green_rocks/Rock5.class to com/github/starcatcher21/stargazer/worldgen/features/trees/green_rocks/Rock5.class with 6 transformer(s) on dev.architectury.transformer.handler.TinyRemapperPreparedTransformerHandler
[Architectury Transformer DEBUG] Remapping with 1 mapping provider(s):
[Architectury Transformer DEBUG]  - dev.architectury.transformer.transformers.TransformNeoForgeEnvironment$$Lambda/0x000000002606ed78@85ec632
[Architectury Transformer DEBUG] Remapping Classes:
[Architectury Transformer DEBUG] net/fabricmc/api/EnvType -> net/neoforged/api/distmarker/Dist
[Architectury Transformer DEBUG] net/fabricmc/api/Environment -> net/neoforged/api/distmarker/OnlyIn
[Architectury Transformer DEBUG] Found class transformer
[Architectury Transformer DEBUG] Writing com/github/starcatcher21/stargazer/worldgen/features/trees/green_rocks/Rock5 with maxs=true frames=true
[Architectury Transformer DEBUG] Transformed com/github/starcatcher21/stargazer/worldgen/features/trees/green_rocks/Rock5 in 2.843 ms
[Architectury Transformer DEBUG] Transforming from com/github/starcatcher21/stargazer/worldgen/features/trees/spiro/SpiroTree1.class to com/github/starcatcher21/stargazer/worldgen/features/trees/spiro/SpiroTree1.class with 6 transformer(s) on dev.architectury.transformer.handler.TinyRemapperPreparedTransformerHandler
[Architectury Transformer DEBUG] Remapping with 1 mapping provider(s):
[Architectury Transformer DEBUG]  - dev.architectury.transformer.transformers.TransformNeoForgeEnvironment$$Lambda/0x000000002606ed78@85ec632
[Architectury Transformer DEBUG] Remapping Classes:
[Architectury Transformer DEBUG] net/fabricmc/api/EnvType -> net/neoforged/api/distmarker/Dist
[Architectury Transformer DEBUG] net/fabricmc/api/Environment -> net/neoforged/api/distmarker/OnlyIn
[Architectury Transformer DEBUG] Found class transformer
[Architectury Transformer DEBUG] Writing com/github/starcatcher21/stargazer/worldgen/features/trees/spiro/SpiroTree1 with maxs=true frames=true
[Architectury Transformer DEBUG] Transformed com/github/starcatcher21/stargazer/worldgen/features/trees/spiro/SpiroTree1 in 2.967 ms
[Architectury Transformer DEBUG] Transforming from com/github/starcatcher21/stargazer/worldgen/features/trees/yeri/YeriTree.class to com/github/starcatcher21/stargazer/worldgen/features/trees/yeri/YeriTree.class with 6 transformer(s) on dev.architectury.transformer.handler.TinyRemapperPreparedTransformerHandler
[Architectury Transformer DEBUG] Remapping with 1 mapping provider(s):
[Architectury Transformer DEBUG]  - dev.architectury.transformer.transformers.TransformNeoForgeEnvironment$$Lambda/0x000000002606ed78@85ec632
[Architectury Transformer DEBUG] Remapping Classes:
[Architectury Transformer DEBUG] net/fabricmc/api/EnvType -> net/neoforged/api/distmarker/Dist
[Architectury Transformer DEBUG] net/fabricmc/api/Environment -> net/neoforged/api/distmarker/OnlyIn
[Architectury Transformer DEBUG] Found class transformer
[Architectury Transformer DEBUG] Writing com/github/starcatcher21/stargazer/worldgen/features/trees/yeri/YeriTree with maxs=true frames=true
[Architectury Transformer DEBUG] Transformed com/github/starcatcher21/stargazer/worldgen/features/trees/yeri/YeriTree in 3.477 ms
[Architectury Transformer DEBUG] Transforming from com/github/starcatcher21/stargazer/worldgen/features/trees/glass/GlassTree1.class to com/github/starcatcher21/stargazer/worldgen/features/trees/glass/GlassTree1.class with 6 transformer(s) on dev.architectury.transformer.handler.TinyRemapperPreparedTransformerHandler
[Architectury Transformer DEBUG] Remapping with 1 mapping provider(s):
[Architectury Transformer DEBUG]  - dev.architectury.transformer.transformers.TransformNeoForgeEnvironment$$Lambda/0x000000002606ed78@85ec632
[Architectury Transformer DEBUG] Remapping Classes:
[Architectury Transformer DEBUG] net/fabricmc/api/EnvType -> net/neoforged/api/distmarker/Dist
[Architectury Transformer DEBUG] net/fabricmc/api/Environment -> net/neoforged/api/distmarker/OnlyIn
[Architectury Transformer DEBUG] Found class transformer
[Architectury Transformer DEBUG] Writing com/github/starcatcher21/stargazer/worldgen/features/trees/glass/GlassTree1 with maxs=true frames=true
[Architectury Transformer DEBUG] Transformed com/github/starcatcher21/stargazer/worldgen/features/trees/glass/GlassTree1 in 3.049 ms
[Architectury Transformer DEBUG] Transforming from com/github/starcatcher21/stargazer/worldgen/features/trees/trunn/TrunnTree.class to com/github/starcatcher21/stargazer/worldgen/features/trees/trunn/TrunnTree.class with 6 transformer(s) on dev.architectury.transformer.handler.TinyRemapperPreparedTransformerHandler
[Architectury Transformer DEBUG] Remapping with 1 mapping provider(s):
[Architectury Transformer DEBUG]  - dev.architectury.transformer.transformers.TransformNeoForgeEnvironment$$Lambda/0x000000002606ed78@85ec632
[Architectury Transformer DEBUG] Remapping Classes:
[Architectury Transformer DEBUG] net/fabricmc/api/EnvType -> net/neoforged/api/distmarker/Dist
[Architectury Transformer DEBUG] net/fabricmc/api/Environment -> net/neoforged/api/distmarker/OnlyIn
[Architectury Transformer DEBUG] Found class transformer
[Architectury Transformer DEBUG] Writing com/github/starcatcher21/stargazer/worldgen/features/trees/trunn/TrunnTree with maxs=true frames=true
[Architectury Transformer DEBUG] Transformed com/github/starcatcher21/stargazer/worldgen/features/trees/trunn/TrunnTree in 3.649 ms
[Architectury Transformer DEBUG] Transforming from com/github/starcatcher21/stargazer/entity/Ghost.class to com/github/starcatcher21/stargazer/entity/Ghost.class with 6 transformer(s) on dev.architectury.transformer.handler.TinyRemapperPreparedTransformerHandler
[Architectury Transformer DEBUG] Remapping with 1 mapping provider(s):
[Architectury Transformer DEBUG]  - dev.architectury.transformer.transformers.TransformNeoForgeEnvironment$$Lambda/0x000000002606ed78@85ec632
[Architectury Transformer DEBUG] Remapping Classes:
[Architectury Transformer DEBUG] net/fabricmc/api/EnvType -> net/neoforged/api/distmarker/Dist
[Architectury Transformer DEBUG] net/fabricmc/api/Environment -> net/neoforged/api/distmarker/OnlyIn
[Architectury Transformer DEBUG] Found class transformer
[Architectury Transformer DEBUG] Writing com/github/starcatcher21/stargazer/entity/Ghost with maxs=true frames=true
[Architectury Transformer DEBUG] Transformed com/github/starcatcher21/stargazer/entity/Ghost in 4.746 ms
[Architectury Transformer DEBUG] Transforming from com/github/starcatcher21/stargazer/entity/AmethystTurtle.class to com/github/starcatcher21/stargazer/entity/AmethystTurtle.class with 6 transformer(s) on dev.architectury.transformer.handler.TinyRemapperPreparedTransformerHandler
[Architectury Transformer DEBUG] Remapping with 1 mapping provider(s):
[Architectury Transformer DEBUG]  - dev.architectury.transformer.transformers.TransformNeoForgeEnvironment$$Lambda/0x000000002606ed78@85ec632
[Architectury Transformer DEBUG] Remapping Classes:
[Architectury Transformer DEBUG] net/fabricmc/api/EnvType -> net/neoforged/api/distmarker/Dist
[Architectury Transformer DEBUG] net/fabricmc/api/Environment -> net/neoforged/api/distmarker/OnlyIn
[Architectury Transformer DEBUG] Found class transformer
[Architectury Transformer DEBUG] Writing com/github/starcatcher21/stargazer/entity/AmethystTurtle with maxs=true frames=true
[Architectury Transformer DEBUG] Transformed com/github/starcatcher21/stargazer/entity/AmethystTurtle in 3.858 ms
[Architectury Transformer DEBUG] Transforming from com/github/starcatcher21/stargazer/entity/EyeBat.class to com/github/starcatcher21/stargazer/entity/EyeBat.class with 6 transformer(s) on dev.architectury.transformer.handler.TinyRemapperPreparedTransformerHandler
[Architectury Transformer DEBUG] Remapping with 1 mapping provider(s):
[Architectury Transformer DEBUG]  - dev.architectury.transformer.transformers.TransformNeoForgeEnvironment$$Lambda/0x000000002606ed78@85ec632
[Architectury Transformer DEBUG] Remapping Classes:
[Architectury Transformer DEBUG] net/fabricmc/api/EnvType -> net/neoforged/api/distmarker/Dist
[Architectury Transformer DEBUG] net/fabricmc/api/Environment -> net/neoforged/api/distmarker/OnlyIn
[Architectury Transformer DEBUG] Found class transformer
[Architectury Transformer DEBUG] Writing com/github/starcatcher21/stargazer/entity/EyeBat with maxs=true frames=true
[Architectury Transformer DEBUG] Transformed com/github/starcatcher21/stargazer/entity/EyeBat in 2.826 ms
[Architectury Transformer DEBUG] Transforming from com/github/starcatcher21/stargazer/entity/Star.class to com/github/starcatcher21/stargazer/entity/Star.class with 6 transformer(s) on dev.architectury.transformer.handler.TinyRemapperPreparedTransformerHandler
[Architectury Transformer DEBUG] Remapping with 1 mapping provider(s):
[Architectury Transformer DEBUG]  - dev.architectury.transformer.transformers.TransformNeoForgeEnvironment$$Lambda/0x000000002606ed78@85ec632
[Architectury Transformer DEBUG] Remapping Classes:
[Architectury Transformer DEBUG] net/fabricmc/api/EnvType -> net/neoforged/api/distmarker/Dist
[Architectury Transformer DEBUG] net/fabricmc/api/Environment -> net/neoforged/api/distmarker/OnlyIn
[Architectury Transformer DEBUG] Found class transformer
[Architectury Transformer DEBUG] Writing com/github/starcatcher21/stargazer/entity/Star with maxs=true frames=true
[Architectury Transformer DEBUG] Transformed com/github/starcatcher21/stargazer/entity/Star in 3.562 ms
[Architectury Transformer DEBUG] Transforming from com/github/starcatcher21/stargazer/entity/Rook.class to com/github/starcatcher21/stargazer/entity/Rook.class with 6 transformer(s) on dev.architectury.transformer.handler.TinyRemapperPreparedTransformerHandler
[Architectury Transformer DEBUG] Remapping with 1 mapping provider(s):
[Architectury Transformer DEBUG]  - dev.architectury.transformer.transformers.TransformNeoForgeEnvironment$$Lambda/0x000000002606ed78@85ec632
[Architectury Transformer DEBUG] Remapping Classes:
[Architectury Transformer DEBUG] net/fabricmc/api/EnvType -> net/neoforged/api/distmarker/Dist
[Architectury Transformer DEBUG] net/fabricmc/api/Environment -> net/neoforged/api/distmarker/OnlyIn
[Architectury Transformer DEBUG] Found class transformer
[Architectury Transformer DEBUG] Writing com/github/starcatcher21/stargazer/entity/Rook with maxs=true frames=true
[Architectury Transformer DEBUG] Transformed com/github/starcatcher21/stargazer/entity/Rook in 2.816 ms
[Architectury Transformer DEBUG] Transforming from com/github/starcatcher21/stargazer/entity/BlackRook.class to com/github/starcatcher21/stargazer/entity/BlackRook.class with 6 transformer(s) on dev.architectury.transformer.handler.TinyRemapperPreparedTransformerHandler
[Architectury Transformer DEBUG] Remapping with 1 mapping provider(s):
[Architectury Transformer DEBUG]  - dev.architectury.transformer.transformers.TransformNeoForgeEnvironment$$Lambda/0x000000002606ed78@85ec632
[Architectury Transformer DEBUG] Remapping Classes:
[Architectury Transformer DEBUG] net/fabricmc/api/EnvType -> net/neoforged/api/distmarker/Dist
[Architectury Transformer DEBUG] net/fabricmc/api/Environment -> net/neoforged/api/distmarker/OnlyIn
[Architectury Transformer DEBUG] Found class transformer
[Architectury Transformer DEBUG] Writing com/github/starcatcher21/stargazer/entity/BlackRook with maxs=true frames=true
[Architectury Transformer DEBUG] Transformed com/github/starcatcher21/stargazer/entity/BlackRook in 3.175 ms
[Architectury Transformer DEBUG] Transforming from com/github/starcatcher21/stargazer/entity/Scruby.class to com/github/starcatcher21/stargazer/entity/Scruby.class with 6 transformer(s) on dev.architectury.transformer.handler.TinyRemapperPreparedTransformerHandler
[Architectury Transformer DEBUG] Remapping with 1 mapping provider(s):
[Architectury Transformer DEBUG]  - dev.architectury.transformer.transformers.TransformNeoForgeEnvironment$$Lambda/0x000000002606ed78@85ec632
[Architectury Transformer DEBUG] Remapping Classes:
[Architectury Transformer DEBUG] net/fabricmc/api/EnvType -> net/neoforged/api/distmarker/Dist
[Architectury Transformer DEBUG] net/fabricmc/api/Environment -> net/neoforged/api/distmarker/OnlyIn
[Architectury Transformer DEBUG] Found class transformer
[Architectury Transformer DEBUG] Writing com/github/starcatcher21/stargazer/entity/Scruby with maxs=true frames=true
[Architectury Transformer DEBUG] Transformed com/github/starcatcher21/stargazer/entity/Scruby in 2.872 ms
[Architectury Transformer DEBUG] Transforming from com/github/starcatcher21/stargazer/entity/BlackFox.class to com/github/starcatcher21/stargazer/entity/BlackFox.class with 6 transformer(s) on dev.architectury.transformer.handler.TinyRemapperPreparedTransformerHandler
[Architectury Transformer DEBUG] Remapping with 1 mapping provider(s):
[Architectury Transformer DEBUG]  - dev.architectury.transformer.transformers.TransformNeoForgeEnvironment$$Lambda/0x000000002606ed78@85ec632
[Architectury Transformer DEBUG] Remapping Classes:
[Architectury Transformer DEBUG] net/fabricmc/api/EnvType -> net/neoforged/api/distmarker/Dist
[Architectury Transformer DEBUG] net/fabricmc/api/Environment -> net/neoforged/api/distmarker/OnlyIn
[Architectury Transformer DEBUG] Found class transformer
[Architectury Transformer DEBUG] Writing com/github/starcatcher21/stargazer/entity/BlackFox with maxs=true frames=true
[Architectury Transformer DEBUG] Transformed com/github/starcatcher21/stargazer/entity/BlackFox in 2.838 ms
[Architectury Transformer DEBUG] Transforming from com/github/starcatcher21/stargazer/StargazerAttributes.class to com/github/starcatcher21/stargazer/StargazerAttributes.class with 6 transformer(s) on dev.architectury.transformer.handler.TinyRemapperPreparedTransformerHandler
[Architectury Transformer DEBUG] Remapping with 1 mapping provider(s):
[Architectury Transformer DEBUG]  - dev.architectury.transformer.transformers.TransformNeoForgeEnvironment$$Lambda/0x000000002606ed78@85ec632
[Architectury Transformer DEBUG] Remapping Classes:
[Architectury Transformer DEBUG] net/fabricmc/api/EnvType -> net/neoforged/api/distmarker/Dist
[Architectury Transformer DEBUG] net/fabricmc/api/Environment -> net/neoforged/api/distmarker/OnlyIn
[Architectury Transformer DEBUG] Found class transformer
[Architectury Transformer DEBUG] Writing com/github/starcatcher21/stargazer/StargazerAttributes with maxs=true frames=true
[Architectury Transformer DEBUG] Transformed com/github/starcatcher21/stargazer/StargazerAttributes in 3.208 ms
[Architectury Transformer DEBUG] Transforming from com/github/starcatcher21/stargazer/block/clases/negative/NegativeBlockEntityRenderer.class to com/github/starcatcher21/stargazer/block/clases/negative/NegativeBlockEntityRenderer.class with 6 transformer(s) on dev.architectury.transformer.handler.TinyRemapperPreparedTransformerHandler
[Architectury Transformer DEBUG] Remapping with 1 mapping provider(s):
[Architectury Transformer DEBUG]  - dev.architectury.transformer.transformers.TransformNeoForgeEnvironment$$Lambda/0x000000002606ed78@85ec632
[Architectury Transformer DEBUG] Remapping Classes:
[Architectury Transformer DEBUG] net/fabricmc/api/EnvType -> net/neoforged/api/distmarker/Dist
[Architectury Transformer DEBUG] net/fabricmc/api/Environment -> net/neoforged/api/distmarker/OnlyIn
[Architectury Transformer DEBUG] Found class transformer
[Architectury Transformer DEBUG] Writing com/github/starcatcher21/stargazer/block/clases/negative/NegativeBlockEntityRenderer with maxs=true frames=true
[Architectury Transformer DEBUG] Transformed com/github/starcatcher21/stargazer/block/clases/negative/NegativeBlockEntityRenderer in 3.395 ms
[Architectury Transformer DEBUG] Transforming from com/github/starcatcher21/stargazer/block/clases/negative/NegativeBlockEntityRenderState.class to com/github/starcatcher21/stargazer/block/clases/negative/NegativeBlockEntityRenderState.class with 6 transformer(s) on dev.architectury.transformer.handler.TinyRemapperPreparedTransformerHandler
[Architectury Transformer DEBUG] Remapping with 1 mapping provider(s):
[Architectury Transformer DEBUG]  - dev.architectury.transformer.transformers.TransformNeoForgeEnvironment$$Lambda/0x000000002606ed78@85ec632
[Architectury Transformer DEBUG] Remapping Classes:
[Architectury Transformer DEBUG] net/fabricmc/api/EnvType -> net/neoforged/api/distmarker/Dist
[Architectury Transformer DEBUG] net/fabricmc/api/Environment -> net/neoforged/api/distmarker/OnlyIn
[Architectury Transformer DEBUG] Found class transformer
[Architectury Transformer DEBUG] Writing com/github/starcatcher21/stargazer/block/clases/negative/NegativeBlockEntityRenderState with maxs=true frames=true
[Architectury Transformer DEBUG] Transformed com/github/starcatcher21/stargazer/block/clases/negative/NegativeBlockEntityRenderState in 3.210 ms
[Architectury Transformer DEBUG] Transforming from com/github/starcatcher21/stargazer/block/clases/nored/NoRedBlockEntityRenderer.class to com/github/starcatcher21/stargazer/block/clases/nored/NoRedBlockEntityRenderer.class with 6 transformer(s) on dev.architectury.transformer.handler.TinyRemapperPreparedTransformerHandler
[Architectury Transformer DEBUG] Remapping with 1 mapping provider(s):
[Architectury Transformer DEBUG]  - dev.architectury.transformer.transformers.TransformNeoForgeEnvironment$$Lambda/0x000000002606ed78@85ec632
[Architectury Transformer DEBUG] Remapping Classes:
[Architectury Transformer DEBUG] net/fabricmc/api/EnvType -> net/neoforged/api/distmarker/Dist
[Architectury Transformer DEBUG] net/fabricmc/api/Environment -> net/neoforged/api/distmarker/OnlyIn
[Architectury Transformer DEBUG] Found class transformer
[Architectury Transformer DEBUG] Writing com/github/starcatcher21/stargazer/block/clases/nored/NoRedBlockEntityRenderer with maxs=true frames=true
[Architectury Transformer DEBUG] Transformed com/github/starcatcher21/stargazer/block/clases/nored/NoRedBlockEntityRenderer in 4.097 ms
[Architectury Transformer DEBUG] Transforming from com/github/starcatcher21/stargazer/block/clases/nored/NoRedBlockEntityRenderState.class to com/github/starcatcher21/stargazer/block/clases/nored/NoRedBlockEntityRenderState.class with 6 transformer(s) on dev.architectury.transformer.handler.TinyRemapperPreparedTransformerHandler
[Architectury Transformer DEBUG] Remapping with 1 mapping provider(s):
[Architectury Transformer DEBUG]  - dev.architectury.transformer.transformers.TransformNeoForgeEnvironment$$Lambda/0x000000002606ed78@85ec632
[Architectury Transformer DEBUG] Remapping Classes:
[Architectury Transformer DEBUG] net/fabricmc/api/EnvType -> net/neoforged/api/distmarker/Dist
[Architectury Transformer DEBUG] net/fabricmc/api/Environment -> net/neoforged/api/distmarker/OnlyIn
[Architectury Transformer DEBUG] Found class transformer
[Architectury Transformer DEBUG] Writing com/github/starcatcher21/stargazer/block/clases/nored/NoRedBlockEntityRenderState with maxs=true frames=true
[Architectury Transformer DEBUG] Transformed com/github/starcatcher21/stargazer/block/clases/nored/NoRedBlockEntityRenderState in 2.994 ms
[Architectury Transformer DEBUG] Transforming from com/github/starcatcher21/stargazer/block/clases/nogreen/NoGreenBlockEntityRenderer.class to com/github/starcatcher21/stargazer/block/clases/nogreen/NoGreenBlockEntityRenderer.class with 6 transformer(s) on dev.architectury.transformer.handler.TinyRemapperPreparedTransformerHandler
[Architectury Transformer DEBUG] Remapping with 1 mapping provider(s):
[Architectury Transformer DEBUG]  - dev.architectury.transformer.transformers.TransformNeoForgeEnvironment$$Lambda/0x000000002606ed78@85ec632
[Architectury Transformer DEBUG] Remapping Classes:
[Architectury Transformer DEBUG] net/fabricmc/api/EnvType -> net/neoforged/api/distmarker/Dist
[Architectury Transformer DEBUG] net/fabricmc/api/Environment -> net/neoforged/api/distmarker/OnlyIn
[Architectury Transformer DEBUG] Found class transformer
[Architectury Transformer DEBUG] Writing com/github/starcatcher21/stargazer/block/clases/nogreen/NoGreenBlockEntityRenderer with maxs=true frames=true
[Architectury Transformer DEBUG] Transformed com/github/starcatcher21/stargazer/block/clases/nogreen/NoGreenBlockEntityRenderer in 4.498 ms
[Architectury Transformer DEBUG] Transforming from com/github/starcatcher21/stargazer/block/clases/nogreen/NoGreenBlockEntityRenderState.class to com/github/starcatcher21/stargazer/block/clases/nogreen/NoGreenBlockEntityRenderState.class with 6 transformer(s) on dev.architectury.transformer.handler.TinyRemapperPreparedTransformerHandler
[Architectury Transformer DEBUG] Remapping with 1 mapping provider(s):
[Architectury Transformer DEBUG]  - dev.architectury.transformer.transformers.TransformNeoForgeEnvironment$$Lambda/0x000000002606ed78@85ec632
[Architectury Transformer DEBUG] Remapping Classes:
[Architectury Transformer DEBUG] net/fabricmc/api/EnvType -> net/neoforged/api/distmarker/Dist
[Architectury Transformer DEBUG] net/fabricmc/api/Environment -> net/neoforged/api/distmarker/OnlyIn
[Architectury Transformer DEBUG] Found class transformer
[Architectury Transformer DEBUG] Writing com/github/starcatcher21/stargazer/block/clases/nogreen/NoGreenBlockEntityRenderState with maxs=true frames=true
[Architectury Transformer DEBUG] Transformed com/github/starcatcher21/stargazer/block/clases/nogreen/NoGreenBlockEntityRenderState in 3.682 ms
[Architectury Transformer DEBUG] Transforming from com/github/starcatcher21/stargazer/block/clases/noblue/NoBlueBlockEntityRenderer.class to com/github/starcatcher21/stargazer/block/clases/noblue/NoBlueBlockEntityRenderer.class with 6 transformer(s) on dev.architectury.transformer.handler.TinyRemapperPreparedTransformerHandler
[Architectury Transformer DEBUG] Remapping with 1 mapping provider(s):
[Architectury Transformer DEBUG]  - dev.architectury.transformer.transformers.TransformNeoForgeEnvironment$$Lambda/0x000000002606ed78@85ec632
[Architectury Transformer DEBUG] Remapping Classes:
[Architectury Transformer DEBUG] net/fabricmc/api/EnvType -> net/neoforged/api/distmarker/Dist
[Architectury Transformer DEBUG] net/fabricmc/api/Environment -> net/neoforged/api/distmarker/OnlyIn
[Architectury Transformer DEBUG] Found class transformer
[Architectury Transformer DEBUG] Writing com/github/starcatcher21/stargazer/block/clases/noblue/NoBlueBlockEntityRenderer with maxs=true frames=true
[Architectury Transformer DEBUG] Transformed com/github/starcatcher21/stargazer/block/clases/noblue/NoBlueBlockEntityRenderer in 6.624 ms
[Architectury Transformer DEBUG] Transforming from com/github/starcatcher21/stargazer/block/clases/noblue/NoBlueBlockEntityRenderState.class to com/github/starcatcher21/stargazer/block/clases/noblue/NoBlueBlockEntityRenderState.class with 6 transformer(s) on dev.architectury.transformer.handler.TinyRemapperPreparedTransformerHandler
[Architectury Transformer DEBUG] Remapping with 1 mapping provider(s):
[Architectury Transformer DEBUG]  - dev.architectury.transformer.transformers.TransformNeoForgeEnvironment$$Lambda/0x000000002606ed78@85ec632
[Architectury Transformer DEBUG] Remapping Classes:
[Architectury Transformer DEBUG] net/fabricmc/api/EnvType -> net/neoforged/api/distmarker/Dist
[Architectury Transformer DEBUG] net/fabricmc/api/Environment -> net/neoforged/api/distmarker/OnlyIn
[Architectury Transformer DEBUG] Found class transformer
[Architectury Transformer DEBUG] Writing com/github/starcatcher21/stargazer/block/clases/noblue/NoBlueBlockEntityRenderState with maxs=true frames=true
[Architectury Transformer DEBUG] Transformed com/github/starcatcher21/stargazer/block/clases/noblue/NoBlueBlockEntityRenderState in 5.825 ms
[Architectury Transformer DEBUG] Transforming from com/github/starcatcher21/stargazer/block/clases/star/cosmic/CosmicBlockEntityRenderer.class to com/github/starcatcher21/stargazer/block/clases/star/cosmic/CosmicBlockEntityRenderer.class with 6 transformer(s) on dev.architectury.transformer.handler.TinyRemapperPreparedTransformerHandler
[Architectury Transformer DEBUG] Remapping with 1 mapping provider(s):
[Architectury Transformer DEBUG]  - dev.architectury.transformer.transformers.TransformNeoForgeEnvironment$$Lambda/0x000000002606ed78@85ec632
[Architectury Transformer DEBUG] Remapping Classes:
[Architectury Transformer DEBUG] net/fabricmc/api/EnvType -> net/neoforged/api/distmarker/Dist
[Architectury Transformer DEBUG] net/fabricmc/api/Environment -> net/neoforged/api/distmarker/OnlyIn
[Architectury Transformer DEBUG] Found class transformer
[Architectury Transformer DEBUG] Writing com/github/starcatcher21/stargazer/block/clases/star/cosmic/CosmicBlockEntityRenderer with maxs=true frames=true
[Architectury Transformer DEBUG] Transformed com/github/starcatcher21/stargazer/block/clases/star/cosmic/CosmicBlockEntityRenderer in 7.950 ms
[Architectury Transformer DEBUG] Transforming from com/github/starcatcher21/stargazer/block/clases/star/cosmic/CosmicBlockEntityRenderState.class to com/github/starcatcher21/stargazer/block/clases/star/cosmic/CosmicBlockEntityRenderState.class with 6 transformer(s) on dev.architectury.transformer.handler.TinyRemapperPreparedTransformerHandler
[Architectury Transformer DEBUG] Remapping with 1 mapping provider(s):
[Architectury Transformer DEBUG]  - dev.architectury.transformer.transformers.TransformNeoForgeEnvironment$$Lambda/0x000000002606ed78@85ec632
[Architectury Transformer DEBUG] Remapping Classes:
[Architectury Transformer DEBUG] net/fabricmc/api/EnvType -> net/neoforged/api/distmarker/Dist
[Architectury Transformer DEBUG] net/fabricmc/api/Environment -> net/neoforged/api/distmarker/OnlyIn
[Architectury Transformer DEBUG] Found class transformer
[Architectury Transformer DEBUG] Writing com/github/starcatcher21/stargazer/block/clases/star/cosmic/CosmicBlockEntityRenderState with maxs=true frames=true
[Architectury Transformer DEBUG] Transformed com/github/starcatcher21/stargazer/block/clases/star/cosmic/CosmicBlockEntityRenderState in 9.745 ms
[Architectury Transformer DEBUG] Transforming from com/github/starcatcher21/stargazer/block/clases/star/leaves/StarLeavesEntityRenderer.class to com/github/starcatcher21/stargazer/block/clases/star/leaves/StarLeavesEntityRenderer.class with 6 transformer(s) on dev.architectury.transformer.handler.TinyRemapperPreparedTransformerHandler
[Architectury Transformer DEBUG] Remapping with 1 mapping provider(s):
[Architectury Transformer DEBUG]  - dev.architectury.transformer.transformers.TransformNeoForgeEnvironment$$Lambda/0x000000002606ed78@85ec632
[Architectury Transformer DEBUG] Remapping Classes:
[Architectury Transformer DEBUG] net/fabricmc/api/EnvType -> net/neoforged/api/distmarker/Dist
[Architectury Transformer DEBUG] net/fabricmc/api/Environment -> net/neoforged/api/distmarker/OnlyIn
[Architectury Transformer DEBUG] Found class transformer
[Architectury Transformer DEBUG] Writing com/github/starcatcher21/stargazer/block/clases/star/leaves/StarLeavesEntityRenderer with maxs=true frames=true
[Architectury Transformer DEBUG] Transformed com/github/starcatcher21/stargazer/block/clases/star/leaves/StarLeavesEntityRenderer in 8.976 ms
[Architectury Transformer DEBUG] Transforming from com/github/starcatcher21/stargazer/block/clases/star/leaves/StarLeavesBlockEntityRenderState.class to com/github/starcatcher21/stargazer/block/clases/star/leaves/StarLeavesBlockEntityRenderState.class with 6 transformer(s) on dev.architectury.transformer.handler.TinyRemapperPreparedTransformerHandler
[Architectury Transformer DEBUG] Remapping with 1 mapping provider(s):
[Architectury Transformer DEBUG]  - dev.architectury.transformer.transformers.TransformNeoForgeEnvironment$$Lambda/0x000000002606ed78@85ec632
[Architectury Transformer DEBUG] Remapping Classes:
[Architectury Transformer DEBUG] net/fabricmc/api/EnvType -> net/neoforged/api/distmarker/Dist
[Architectury Transformer DEBUG] net/fabricmc/api/Environment -> net/neoforged/api/distmarker/OnlyIn
[Architectury Transformer DEBUG] Found class transformer
[Architectury Transformer DEBUG] Writing com/github/starcatcher21/stargazer/block/clases/star/leaves/StarLeavesBlockEntityRenderState with maxs=true frames=true
[Architectury Transformer DEBUG] Transformed com/github/starcatcher21/stargazer/block/clases/star/leaves/StarLeavesBlockEntityRenderState in 7.128 ms
[Architectury Transformer DEBUG] Transforming from com/github/starcatcher21/stargazer/block/clases/star/aurora/AuroraEntityRenderer.class to com/github/starcatcher21/stargazer/block/clases/star/aurora/AuroraEntityRenderer.class with 6 transformer(s) on dev.architectury.transformer.handler.TinyRemapperPreparedTransformerHandler
[Architectury Transformer DEBUG] Remapping with 1 mapping provider(s):
[Architectury Transformer DEBUG]  - dev.architectury.transformer.transformers.TransformNeoForgeEnvironment$$Lambda/0x000000002606ed78@85ec632
[Architectury Transformer DEBUG] Remapping Classes:
[Architectury Transformer DEBUG] net/fabricmc/api/EnvType -> net/neoforged/api/distmarker/Dist
[Architectury Transformer DEBUG] net/fabricmc/api/Environment -> net/neoforged/api/distmarker/OnlyIn
[Architectury Transformer DEBUG] Found class transformer
[Architectury Transformer DEBUG] Writing com/github/starcatcher21/stargazer/block/clases/star/aurora/AuroraEntityRenderer with maxs=true frames=true
[Architectury Transformer DEBUG] Transformed com/github/starcatcher21/stargazer/block/clases/star/aurora/AuroraEntityRenderer in 7.877 ms
[Architectury Transformer DEBUG] Transforming from com/github/starcatcher21/stargazer/block/clases/star/aurora/AuroraBlockEntityRenderState.class to com/github/starcatcher21/stargazer/block/clases/star/aurora/AuroraBlockEntityRenderState.class with 6 transformer(s) on dev.architectury.transformer.handler.TinyRemapperPreparedTransformerHandler
[Architectury Transformer DEBUG] Remapping with 1 mapping provider(s):
[Architectury Transformer DEBUG]  - dev.architectury.transformer.transformers.TransformNeoForgeEnvironment$$Lambda/0x000000002606ed78@85ec632
[Architectury Transformer DEBUG] Remapping Classes:
[Architectury Transformer DEBUG] net/fabricmc/api/EnvType -> net/neoforged/api/distmarker/Dist
[Architectury Transformer DEBUG] net/fabricmc/api/Environment -> net/neoforged/api/distmarker/OnlyIn
[Architectury Transformer DEBUG] Found class transformer
[Architectury Transformer DEBUG] Writing com/github/starcatcher21/stargazer/block/clases/star/aurora/AuroraBlockEntityRenderState with maxs=true frames=true
[Architectury Transformer DEBUG] Transformed com/github/starcatcher21/stargazer/block/clases/star/aurora/AuroraBlockEntityRenderState in 7.770 ms
[Architectury Transformer DEBUG] Transforming from com/github/starcatcher21/stargazer/block/clases/star/barrier/StarBarrierBlockEntityRenderer.class to com/github/starcatcher21/stargazer/block/clases/star/barrier/StarBarrierBlockEntityRenderer.class with 6 transformer(s) on dev.architectury.transformer.handler.TinyRemapperPreparedTransformerHandler
[Architectury Transformer DEBUG] Remapping with 1 mapping provider(s):
[Architectury Transformer DEBUG]  - dev.architectury.transformer.transformers.TransformNeoForgeEnvironment$$Lambda/0x000000002606ed78@85ec632
[Architectury Transformer DEBUG] Remapping Classes:
[Architectury Transformer DEBUG] net/fabricmc/api/EnvType -> net/neoforged/api/distmarker/Dist
[Architectury Transformer DEBUG] net/fabricmc/api/Environment -> net/neoforged/api/distmarker/OnlyIn
[Architectury Transformer DEBUG] Found class transformer
[Architectury Transformer DEBUG] Writing com/github/starcatcher21/stargazer/block/clases/star/barrier/StarBarrierBlockEntityRenderer with maxs=true frames=true
[Architectury Transformer DEBUG] Transformed com/github/starcatcher21/stargazer/block/clases/star/barrier/StarBarrierBlockEntityRenderer in 8.485 ms
[Architectury Transformer DEBUG] Transforming from com/github/starcatcher21/stargazer/block/clases/star/barrier/StarBarrierBlockEntityRenderState.class to com/github/starcatcher21/stargazer/block/clases/star/barrier/StarBarrierBlockEntityRenderState.class with 6 transformer(s) on dev.architectury.transformer.handler.TinyRemapperPreparedTransformerHandler
[Architectury Transformer DEBUG] Remapping with 1 mapping provider(s):
[Architectury Transformer DEBUG]  - dev.architectury.transformer.transformers.TransformNeoForgeEnvironment$$Lambda/0x000000002606ed78@85ec632
[Architectury Transformer DEBUG] Remapping Classes:
[Architectury Transformer DEBUG] net/fabricmc/api/EnvType -> net/neoforged/api/distmarker/Dist
[Architectury Transformer DEBUG] net/fabricmc/api/Environment -> net/neoforged/api/distmarker/OnlyIn
[Architectury Transformer DEBUG] Found class transformer
[Architectury Transformer DEBUG] Writing com/github/starcatcher21/stargazer/block/clases/star/barrier/StarBarrierBlockEntityRenderState with maxs=true frames=true
[Architectury Transformer DEBUG] Transformed com/github/starcatcher21/stargazer/block/clases/star/barrier/StarBarrierBlockEntityRenderState in 6.369 ms
[Architectury Transformer DEBUG] Transforming from com/github/starcatcher21/stargazer/screens/recipe/StarforgeRecipeInventory.class to com/github/starcatcher21/stargazer/screens/recipe/StarforgeRecipeInventory.class with 6 transformer(s) on dev.architectury.transformer.handler.TinyRemapperPreparedTransformerHandler
[Architectury Transformer DEBUG] Remapping with 1 mapping provider(s):
[Architectury Transformer DEBUG]  - dev.architectury.transformer.transformers.TransformNeoForgeEnvironment$$Lambda/0x000000002606ed78@85ec632
[Architectury Transformer DEBUG] Remapping Classes:
[Architectury Transformer DEBUG] net/fabricmc/api/EnvType -> net/neoforged/api/distmarker/Dist
[Architectury Transformer DEBUG] net/fabricmc/api/Environment -> net/neoforged/api/distmarker/OnlyIn
[Architectury Transformer DEBUG] Found class transformer
[Architectury Transformer DEBUG] Writing com/github/starcatcher21/stargazer/screens/recipe/StarforgeRecipeInventory with maxs=true frames=true
[Architectury Transformer DEBUG] Transformed com/github/starcatcher21/stargazer/screens/recipe/StarforgeRecipeInventory in 6.604 ms
[Architectury Transformer DEBUG] Transforming from com/github/starcatcher21/stargazer/screens/slots/StarforgeResultSlot.class to com/github/starcatcher21/stargazer/screens/slots/StarforgeResultSlot.class with 6 transformer(s) on dev.architectury.transformer.handler.TinyRemapperPreparedTransformerHandler
[Architectury Transformer DEBUG] Remapping with 1 mapping provider(s):
[Architectury Transformer DEBUG]  - dev.architectury.transformer.transformers.TransformNeoForgeEnvironment$$Lambda/0x000000002606ed78@85ec632
[Architectury Transformer DEBUG] Remapping Classes:
[Architectury Transformer DEBUG] net/fabricmc/api/EnvType -> net/neoforged/api/distmarker/Dist
[Architectury Transformer DEBUG] net/fabricmc/api/Environment -> net/neoforged/api/distmarker/OnlyIn
[Architectury Transformer DEBUG] Found class transformer
[Architectury Transformer DEBUG] Writing com/github/starcatcher21/stargazer/screens/slots/StarforgeResultSlot with maxs=true frames=true
[Architectury Transformer DEBUG] Transformed com/github/starcatcher21/stargazer/screens/slots/StarforgeResultSlot in 7.257 ms
[Architectury Transformer DEBUG] Transforming from com/github/starcatcher21/stargazer/screens/handled/StarforgeHandled.class to com/github/starcatcher21/stargazer/screens/handled/StarforgeHandled.class with 6 transformer(s) on dev.architectury.transformer.handler.TinyRemapperPreparedTransformerHandler
[Architectury Transformer DEBUG] Remapping with 1 mapping provider(s):
[Architectury Transformer DEBUG]  - dev.architectury.transformer.transformers.TransformNeoForgeEnvironment$$Lambda/0x000000002606ed78@85ec632
[Architectury Transformer DEBUG] Remapping Classes:
[Architectury Transformer DEBUG] net/fabricmc/api/EnvType -> net/neoforged/api/distmarker/Dist
[Architectury Transformer DEBUG] net/fabricmc/api/Environment -> net/neoforged/api/distmarker/OnlyIn
[Architectury Transformer DEBUG] Found class transformer
[Architectury Transformer DEBUG] Writing com/github/starcatcher21/stargazer/screens/handled/StarforgeHandled with maxs=true frames=true
[Architectury Transformer DEBUG] Transformed com/github/starcatcher21/stargazer/screens/handled/StarforgeHandled in 6.609 ms
[Architectury Transformer DEBUG] Transforming from com/github/starcatcher21/stargazer/screens/recipe/MoonWelderRecipeInventory.class to com/github/starcatcher21/stargazer/screens/recipe/MoonWelderRecipeInventory.class with 6 transformer(s) on dev.architectury.transformer.handler.TinyRemapperPreparedTransformerHandler
[Architectury Transformer DEBUG] Remapping with 1 mapping provider(s):
[Architectury Transformer DEBUG]  - dev.architectury.transformer.transformers.TransformNeoForgeEnvironment$$Lambda/0x000000002606ed78@85ec632
[Architectury Transformer DEBUG] Remapping Classes:
[Architectury Transformer DEBUG] net/fabricmc/api/EnvType -> net/neoforged/api/distmarker/Dist
[Architectury Transformer DEBUG] net/fabricmc/api/Environment -> net/neoforged/api/distmarker/OnlyIn
[Architectury Transformer DEBUG] Found class transformer
[Architectury Transformer DEBUG] Writing com/github/starcatcher21/stargazer/screens/recipe/MoonWelderRecipeInventory with maxs=true frames=true
[Architectury Transformer DEBUG] Transformed com/github/starcatcher21/stargazer/screens/recipe/MoonWelderRecipeInventory in 6.183 ms
[Architectury Transformer DEBUG] Transforming from com/github/starcatcher21/stargazer/screens/slots/MoonWelderResultSlot.class to com/github/starcatcher21/stargazer/screens/slots/MoonWelderResultSlot.class with 6 transformer(s) on dev.architectury.transformer.handler.TinyRemapperPreparedTransformerHandler
[Architectury Transformer DEBUG] Remapping with 1 mapping provider(s):
[Architectury Transformer DEBUG]  - dev.architectury.transformer.transformers.TransformNeoForgeEnvironment$$Lambda/0x000000002606ed78@85ec632
[Architectury Transformer DEBUG] Remapping Classes:
[Architectury Transformer DEBUG] net/fabricmc/api/EnvType -> net/neoforged/api/distmarker/Dist
[Architectury Transformer DEBUG] net/fabricmc/api/Environment -> net/neoforged/api/distmarker/OnlyIn
[Architectury Transformer DEBUG] Found class transformer
[Architectury Transformer DEBUG] Writing com/github/starcatcher21/stargazer/screens/slots/MoonWelderResultSlot with maxs=true frames=true
[Architectury Transformer DEBUG] Transformed com/github/starcatcher21/stargazer/screens/slots/MoonWelderResultSlot in 7.251 ms
[Architectury Transformer DEBUG] Transforming from com/github/starcatcher21/stargazer/screens/handled/MoonWelderHandled.class to com/github/starcatcher21/stargazer/screens/handled/MoonWelderHandled.class with 6 transformer(s) on dev.architectury.transformer.handler.TinyRemapperPreparedTransformerHandler
[Architectury Transformer DEBUG] Remapping with 1 mapping provider(s):
[Architectury Transformer DEBUG]  - dev.architectury.transformer.transformers.TransformNeoForgeEnvironment$$Lambda/0x000000002606ed78@85ec632
[Architectury Transformer DEBUG] Remapping Classes:
[Architectury Transformer DEBUG] net/fabricmc/api/EnvType -> net/neoforged/api/distmarker/Dist
[Architectury Transformer DEBUG] net/fabricmc/api/Environment -> net/neoforged/api/distmarker/OnlyIn
[Architectury Transformer DEBUG] Found class transformer
[Architectury Transformer DEBUG] Writing com/github/starcatcher21/stargazer/screens/handled/MoonWelderHandled with maxs=true frames=true
[Architectury Transformer DEBUG] Transformed com/github/starcatcher21/stargazer/screens/handled/MoonWelderHandled in 4.939 ms
[Architectury Transformer DEBUG] Transforming from com/github/starcatcher21/stargazer/screens/handled/StarBookHandled.class to com/github/starcatcher21/stargazer/screens/handled/StarBookHandled.class with 6 transformer(s) on dev.architectury.transformer.handler.TinyRemapperPreparedTransformerHandler
[Architectury Transformer DEBUG] Remapping with 1 mapping provider(s):
[Architectury Transformer DEBUG]  - dev.architectury.transformer.transformers.TransformNeoForgeEnvironment$$Lambda/0x000000002606ed78@85ec632
[Architectury Transformer DEBUG] Remapping Classes:
[Architectury Transformer DEBUG] net/fabricmc/api/EnvType -> net/neoforged/api/distmarker/Dist
[Architectury Transformer DEBUG] net/fabricmc/api/Environment -> net/neoforged/api/distmarker/OnlyIn
[Architectury Transformer DEBUG] Found class transformer
[Architectury Transformer DEBUG] Writing com/github/starcatcher21/stargazer/screens/handled/StarBookHandled with maxs=true frames=true
[Architectury Transformer DEBUG] Transformed com/github/starcatcher21/stargazer/screens/handled/StarBookHandled in 6.223 ms
[Architectury Transformer DEBUG] Transforming from com/github/starcatcher21/stargazer/screens/StarGeneratorScreenHandler$1.class to com/github/starcatcher21/stargazer/screens/StarGeneratorScreenHandler$1.class with 6 transformer(s) on dev.architectury.transformer.handler.TinyRemapperPreparedTransformerHandler
[Architectury Transformer DEBUG] Remapping with 1 mapping provider(s):
[Architectury Transformer DEBUG]  - dev.architectury.transformer.transformers.TransformNeoForgeEnvironment$$Lambda/0x000000002606ed78@85ec632
[Architectury Transformer DEBUG] Remapping Classes:
[Architectury Transformer DEBUG] net/fabricmc/api/EnvType -> net/neoforged/api/distmarker/Dist
[Architectury Transformer DEBUG] net/fabricmc/api/Environment -> net/neoforged/api/distmarker/OnlyIn
[Architectury Transformer DEBUG] Found class transformer
[Architectury Transformer DEBUG] Writing com/github/starcatcher21/stargazer/screens/StarGeneratorScreenHandler$1 with maxs=true frames=true
[Architectury Transformer DEBUG] Transformed com/github/starcatcher21/stargazer/screens/StarGeneratorScreenHandler$1 in 7.922 ms
[Architectury Transformer DEBUG] Transforming from com/github/starcatcher21/stargazer/screens/StarGeneratorScreenHandler$2.class to com/github/starcatcher21/stargazer/screens/StarGeneratorScreenHandler$2.class with 6 transformer(s) on dev.architectury.transformer.handler.TinyRemapperPreparedTransformerHandler
[Architectury Transformer DEBUG] Remapping with 1 mapping provider(s):
[Architectury Transformer DEBUG]  - dev.architectury.transformer.transformers.TransformNeoForgeEnvironment$$Lambda/0x000000002606ed78@85ec632
[Architectury Transformer DEBUG] Remapping Classes:
[Architectury Transformer DEBUG] net/fabricmc/api/EnvType -> net/neoforged/api/distmarker/Dist
[Architectury Transformer DEBUG] net/fabricmc/api/Environment -> net/neoforged/api/distmarker/OnlyIn
[Architectury Transformer DEBUG] Found class transformer
[Architectury Transformer DEBUG] Writing com/github/starcatcher21/stargazer/screens/StarGeneratorScreenHandler$2 with maxs=true frames=true
[Architectury Transformer DEBUG] Transformed com/github/starcatcher21/stargazer/screens/StarGeneratorScreenHandler$2 in 7.254 ms
[Architectury Transformer DEBUG] Transforming from com/github/starcatcher21/stargazer/screens/handled/StargeneratorHandled.class to com/github/starcatcher21/stargazer/screens/handled/StargeneratorHandled.class with 6 transformer(s) on dev.architectury.transformer.handler.TinyRemapperPreparedTransformerHandler
[Architectury Transformer DEBUG] Remapping with 1 mapping provider(s):
[Architectury Transformer DEBUG]  - dev.architectury.transformer.transformers.TransformNeoForgeEnvironment$$Lambda/0x000000002606ed78@85ec632
[Architectury Transformer DEBUG] Remapping Classes:
[Architectury Transformer DEBUG] net/fabricmc/api/EnvType -> net/neoforged/api/distmarker/Dist
[Architectury Transformer DEBUG] net/fabricmc/api/Environment -> net/neoforged/api/distmarker/OnlyIn
[Architectury Transformer DEBUG] Found class transformer
[Architectury Transformer DEBUG] Writing com/github/starcatcher21/stargazer/screens/handled/StargeneratorHandled with maxs=true frames=true
[Architectury Transformer DEBUG] Transformed com/github/starcatcher21/stargazer/screens/handled/StargeneratorHandled in 5.346 ms
[Architectury Transformer DEBUG] Transforming from com/github/starcatcher21/stargazer/screens/NightWatcherScreenHandler$1.class to com/github/starcatcher21/stargazer/screens/NightWatcherScreenHandler$1.class with 6 transformer(s) on dev.architectury.transformer.handler.TinyRemapperPreparedTransformerHandler
[Architectury Transformer DEBUG] Remapping with 1 mapping provider(s):
[Architectury Transformer DEBUG]  - dev.architectury.transformer.transformers.TransformNeoForgeEnvironment$$Lambda/0x000000002606ed78@85ec632
[Architectury Transformer DEBUG] Remapping Classes:
[Architectury Transformer DEBUG] net/fabricmc/api/EnvType -> net/neoforged/api/distmarker/Dist
[Architectury Transformer DEBUG] net/fabricmc/api/Environment -> net/neoforged/api/distmarker/OnlyIn
[Architectury Transformer DEBUG] Found class transformer
[Architectury Transformer DEBUG] Writing com/github/starcatcher21/stargazer/screens/NightWatcherScreenHandler$1 with maxs=true frames=true
[Architectury Transformer DEBUG] Transformed com/github/starcatcher21/stargazer/screens/NightWatcherScreenHandler$1 in 2.771 ms
[Architectury Transformer DEBUG] Transforming from com/github/starcatcher21/stargazer/screens/handled/NightWatcherHandled.class to com/github/starcatcher21/stargazer/screens/handled/NightWatcherHandled.class with 6 transformer(s) on dev.architectury.transformer.handler.TinyRemapperPreparedTransformerHandler
[Architectury Transformer DEBUG] Remapping with 1 mapping provider(s):
[Architectury Transformer DEBUG]  - dev.architectury.transformer.transformers.TransformNeoForgeEnvironment$$Lambda/0x000000002606ed78@85ec632
[Architectury Transformer DEBUG] Remapping Classes:
[Architectury Transformer DEBUG] net/fabricmc/api/EnvType -> net/neoforged/api/distmarker/Dist
[Architectury Transformer DEBUG] net/fabricmc/api/Environment -> net/neoforged/api/distmarker/OnlyIn
[Architectury Transformer DEBUG] Found class transformer
[Architectury Transformer DEBUG] Writing com/github/starcatcher21/stargazer/screens/handled/NightWatcherHandled with maxs=true frames=true
[Architectury Transformer DEBUG] Transformed com/github/starcatcher21/stargazer/screens/handled/NightWatcherHandled in 2.835 ms
[Architectury Transformer DEBUG] Transforming from com/github/starcatcher21/stargazer/screens/StarCrusherScreenHandler$1.class to com/github/starcatcher21/stargazer/screens/StarCrusherScreenHandler$1.class with 6 transformer(s) on dev.architectury.transformer.handler.TinyRemapperPreparedTransformerHandler
[Architectury Transformer DEBUG] Remapping with 1 mapping provider(s):
[Architectury Transformer DEBUG]  - dev.architectury.transformer.transformers.TransformNeoForgeEnvironment$$Lambda/0x000000002606ed78@85ec632
[Architectury Transformer DEBUG] Remapping Classes:
[Architectury Transformer DEBUG] net/fabricmc/api/EnvType -> net/neoforged/api/distmarker/Dist
[Architectury Transformer DEBUG] net/fabricmc/api/Environment -> net/neoforged/api/distmarker/OnlyIn
[Architectury Transformer DEBUG] Found class transformer
[Architectury Transformer DEBUG] Writing com/github/starcatcher21/stargazer/screens/StarCrusherScreenHandler$1 with maxs=true frames=true
[Architectury Transformer DEBUG] Transformed com/github/starcatcher21/stargazer/screens/StarCrusherScreenHandler$1 in 3.160 ms
[Architectury Transformer DEBUG] Transforming from com/github/starcatcher21/stargazer/screens/handled/StarCrusherHandled.class to com/github/starcatcher21/stargazer/screens/handled/StarCrusherHandled.class with 6 transformer(s) on dev.architectury.transformer.handler.TinyRemapperPreparedTransformerHandler
[Architectury Transformer DEBUG] Remapping with 1 mapping provider(s):
[Architectury Transformer DEBUG]  - dev.architectury.transformer.transformers.TransformNeoForgeEnvironment$$Lambda/0x000000002606ed78@85ec632
[Architectury Transformer DEBUG] Remapping Classes:
[Architectury Transformer DEBUG] net/fabricmc/api/EnvType -> net/neoforged/api/distmarker/Dist
[Architectury Transformer DEBUG] net/fabricmc/api/Environment -> net/neoforged/api/distmarker/OnlyIn
[Architectury Transformer DEBUG] Found class transformer
[Architectury Transformer DEBUG] Writing com/github/starcatcher21/stargazer/screens/handled/StarCrusherHandled with maxs=true frames=true
[Architectury Transformer DEBUG] Transformed com/github/starcatcher21/stargazer/screens/handled/StarCrusherHandled in 3.515 ms
[Architectury Transformer DEBUG] Transforming from com/github/starcatcher21/stargazer/screens/recipe/RecipeTypes$1.class to com/github/starcatcher21/stargazer/screens/recipe/RecipeTypes$1.class with 6 transformer(s) on dev.architectury.transformer.handler.TinyRemapperPreparedTransformerHandler
[Architectury Transformer DEBUG] Remapping with 1 mapping provider(s):
[Architectury Transformer DEBUG]  - dev.architectury.transformer.transformers.TransformNeoForgeEnvironment$$Lambda/0x000000002606ed78@85ec632
[Architectury Transformer DEBUG] Remapping Classes:
[Architectury Transformer DEBUG] net/fabricmc/api/EnvType -> net/neoforged/api/distmarker/Dist
[Architectury Transformer DEBUG] net/fabricmc/api/Environment -> net/neoforged/api/distmarker/OnlyIn
[Architectury Transformer DEBUG] Found class transformer
[Architectury Transformer DEBUG] Writing com/github/starcatcher21/stargazer/screens/recipe/RecipeTypes$1 with maxs=true frames=true
[Architectury Transformer DEBUG] Transformed com/github/starcatcher21/stargazer/screens/recipe/RecipeTypes$1 in 2.574 ms
[Architectury Transformer DEBUG] Transforming from com/github/starcatcher21/stargazer/worldgen/features/amertylst/AmertylstConfig.class to com/github/starcatcher21/stargazer/worldgen/features/amertylst/AmertylstConfig.class with 6 transformer(s) on dev.architectury.transformer.handler.TinyRemapperPreparedTransformerHandler
[Architectury Transformer DEBUG] Remapping with 1 mapping provider(s):
[Architectury Transformer DEBUG]  - dev.architectury.transformer.transformers.TransformNeoForgeEnvironment$$Lambda/0x000000002606ed78@85ec632
[Architectury Transformer DEBUG] Remapping Classes:
[Architectury Transformer DEBUG] net/fabricmc/api/EnvType -> net/neoforged/api/distmarker/Dist
[Architectury Transformer DEBUG] net/fabricmc/api/Environment -> net/neoforged/api/distmarker/OnlyIn
[Architectury Transformer DEBUG] Found class transformer
[Architectury Transformer DEBUG] Writing com/github/starcatcher21/stargazer/worldgen/features/amertylst/AmertylstConfig with maxs=true frames=true
[Architectury Transformer DEBUG] Transformed com/github/starcatcher21/stargazer/worldgen/features/amertylst/AmertylstConfig in 4.313 ms
[Architectury Transformer DEBUG] Transforming from com/github/starcatcher21/stargazer/block/clases/star/star_display/StarDisplayRenderer.class to com/github/starcatcher21/stargazer/block/clases/star/star_display/StarDisplayRenderer.class with 6 transformer(s) on dev.architectury.transformer.handler.TinyRemapperPreparedTransformerHandler
[Architectury Transformer DEBUG] Remapping with 1 mapping provider(s):
[Architectury Transformer DEBUG]  - dev.architectury.transformer.transformers.TransformNeoForgeEnvironment$$Lambda/0x000000002606ed78@85ec632
[Architectury Transformer DEBUG] Remapping Classes:
[Architectury Transformer DEBUG] net/fabricmc/api/EnvType -> net/neoforged/api/distmarker/Dist
[Architectury Transformer DEBUG] net/fabricmc/api/Environment -> net/neoforged/api/distmarker/OnlyIn
[Architectury Transformer DEBUG] Found class transformer
[Architectury Transformer DEBUG] Writing com/github/starcatcher21/stargazer/block/clases/star/star_display/StarDisplayRenderer with maxs=true frames=true
[Architectury Transformer DEBUG] Transformed com/github/starcatcher21/stargazer/block/clases/star/star_display/StarDisplayRenderer in 18.19 ms
[Architectury Transformer DEBUG] Transforming from com/github/starcatcher21/stargazer/mechanics/advancements/Starcatching$Conditions.class to com/github/starcatcher21/stargazer/mechanics/advancements/Starcatching$Conditions.class with 6 transformer(s) on dev.architectury.transformer.handler.TinyRemapperPreparedTransformerHandler
[Architectury Transformer DEBUG] Remapping with 1 mapping provider(s):
[Architectury Transformer DEBUG]  - dev.architectury.transformer.transformers.TransformNeoForgeEnvironment$$Lambda/0x000000002606ed78@85ec632
[Architectury Transformer DEBUG] Remapping Classes:
[Architectury Transformer DEBUG] net/fabricmc/api/EnvType -> net/neoforged/api/distmarker/Dist
[Architectury Transformer DEBUG] net/fabricmc/api/Environment -> net/neoforged/api/distmarker/OnlyIn
[Architectury Transformer DEBUG] Found class transformer
[Architectury Transformer DEBUG] Writing com/github/starcatcher21/stargazer/mechanics/advancements/Starcatching$Conditions with maxs=true frames=true
[Architectury Transformer DEBUG] Transformed com/github/starcatcher21/stargazer/mechanics/advancements/Starcatching$Conditions in 56.77 ms
[Architectury Transformer DEBUG] Transforming from com/github/starcatcher21/stargazer/mechanics/advancements/ForgeCraft$Conditions.class to com/github/starcatcher21/stargazer/mechanics/advancements/ForgeCraft$Conditions.class with 6 transformer(s) on dev.architectury.transformer.handler.TinyRemapperPreparedTransformerHandler
[Architectury Transformer DEBUG] Remapping with 1 mapping provider(s):
[Architectury Transformer DEBUG]  - dev.architectury.transformer.transformers.TransformNeoForgeEnvironment$$Lambda/0x000000002606ed78@85ec632
[Architectury Transformer DEBUG] Remapping Classes:
[Architectury Transformer DEBUG] net/fabricmc/api/EnvType -> net/neoforged/api/distmarker/Dist
[Architectury Transformer DEBUG] net/fabricmc/api/Environment -> net/neoforged/api/distmarker/OnlyIn
[Architectury Transformer DEBUG] Found class transformer
[Architectury Transformer DEBUG] Writing com/github/starcatcher21/stargazer/mechanics/advancements/ForgeCraft$Conditions with maxs=true frames=true
[Architectury Transformer DEBUG] Transformed com/github/starcatcher21/stargazer/mechanics/advancements/ForgeCraft$Conditions in 11.51 ms
[Architectury Transformer DEBUG] Transforming from com/github/starcatcher21/stargazer/mechanics/advancements/StarModifier$Conditions.class to com/github/starcatcher21/stargazer/mechanics/advancements/StarModifier$Conditions.class with 6 transformer(s) on dev.architectury.transformer.handler.TinyRemapperPreparedTransformerHandler
[Architectury Transformer DEBUG] Remapping with 1 mapping provider(s):
[Architectury Transformer DEBUG]  - dev.architectury.transformer.transformers.TransformNeoForgeEnvironment$$Lambda/0x000000002606ed78@85ec632
[Architectury Transformer DEBUG] Remapping Classes:
[Architectury Transformer DEBUG] net/fabricmc/api/EnvType -> net/neoforged/api/distmarker/Dist
[Architectury Transformer DEBUG] net/fabricmc/api/Environment -> net/neoforged/api/distmarker/OnlyIn
[Architectury Transformer DEBUG] Found class transformer
[Architectury Transformer DEBUG] Writing com/github/starcatcher21/stargazer/mechanics/advancements/StarModifier$Conditions with maxs=true frames=true
[Architectury Transformer DEBUG] Transformed com/github/starcatcher21/stargazer/mechanics/advancements/StarModifier$Conditions in 9.131 ms
[Architectury Transformer DEBUG] Transforming from com/github/starcatcher21/stargazer/mechanics/advancements/Negative$Conditions.class to com/github/starcatcher21/stargazer/mechanics/advancements/Negative$Conditions.class with 6 transformer(s) on dev.architectury.transformer.handler.TinyRemapperPreparedTransformerHandler
[Architectury Transformer DEBUG] Remapping with 1 mapping provider(s):
[Architectury Transformer DEBUG]  - dev.architectury.transformer.transformers.TransformNeoForgeEnvironment$$Lambda/0x000000002606ed78@85ec632
[Architectury Transformer DEBUG] Remapping Classes:
[Architectury Transformer DEBUG] net/fabricmc/api/EnvType -> net/neoforged/api/distmarker/Dist
[Architectury Transformer DEBUG] net/fabricmc/api/Environment -> net/neoforged/api/distmarker/OnlyIn
[Architectury Transformer DEBUG] Found class transformer
[Architectury Transformer DEBUG] Writing com/github/starcatcher21/stargazer/mechanics/advancements/Negative$Conditions with maxs=true frames=true
[Architectury Transformer DEBUG] Transformed com/github/starcatcher21/stargazer/mechanics/advancements/Negative$Conditions in 8.946 ms
[Architectury Transformer DEBUG] Transforming from com/github/starcatcher21/stargazer/mechanics/advancements/CosmicPortal$Conditions.class to com/github/starcatcher21/stargazer/mechanics/advancements/CosmicPortal$Conditions.class with 6 transformer(s) on dev.architectury.transformer.handler.TinyRemapperPreparedTransformerHandler
[Architectury Transformer DEBUG] Remapping with 1 mapping provider(s):
[Architectury Transformer DEBUG]  - dev.architectury.transformer.transformers.TransformNeoForgeEnvironment$$Lambda/0x000000002606ed78@85ec632
[Architectury Transformer DEBUG] Remapping Classes:
[Architectury Transformer DEBUG] net/fabricmc/api/EnvType -> net/neoforged/api/distmarker/Dist
[Architectury Transformer DEBUG] net/fabricmc/api/Environment -> net/neoforged/api/distmarker/OnlyIn
[Architectury Transformer DEBUG] Found class transformer
[Architectury Transformer DEBUG] Writing com/github/starcatcher21/stargazer/mechanics/advancements/CosmicPortal$Conditions with maxs=true frames=true
[Architectury Transformer DEBUG] Transformed com/github/starcatcher21/stargazer/mechanics/advancements/CosmicPortal$Conditions in 6.997 ms
[Architectury Transformer DEBUG] Transforming from com/github/starcatcher21/stargazer/mechanics/advancements/MoonWeld$Conditions.class to com/github/starcatcher21/stargazer/mechanics/advancements/MoonWeld$Conditions.class with 6 transformer(s) on dev.architectury.transformer.handler.TinyRemapperPreparedTransformerHandler
[Architectury Transformer DEBUG] Remapping with 1 mapping provider(s):
[Architectury Transformer DEBUG]  - dev.architectury.transformer.transformers.TransformNeoForgeEnvironment$$Lambda/0x000000002606ed78@85ec632
[Architectury Transformer DEBUG] Remapping Classes:
[Architectury Transformer DEBUG] net/fabricmc/api/EnvType -> net/neoforged/api/distmarker/Dist
[Architectury Transformer DEBUG] net/fabricmc/api/Environment -> net/neoforged/api/distmarker/OnlyIn
[Architectury Transformer DEBUG] Found class transformer
[Architectury Transformer DEBUG] Writing com/github/starcatcher21/stargazer/mechanics/advancements/MoonWeld$Conditions with maxs=true frames=true
[Architectury Transformer DEBUG] Transformed com/github/starcatcher21/stargazer/mechanics/advancements/MoonWeld$Conditions in 5.778 ms
[Architectury Transformer DEBUG] Transforming from com/github/starcatcher21/stargazer/mechanics/advancements/StarTrap$Conditions.class to com/github/starcatcher21/stargazer/mechanics/advancements/StarTrap$Conditions.class with 6 transformer(s) on dev.architectury.transformer.handler.TinyRemapperPreparedTransformerHandler
[Architectury Transformer DEBUG] Remapping with 1 mapping provider(s):
[Architectury Transformer DEBUG]  - dev.architectury.transformer.transformers.TransformNeoForgeEnvironment$$Lambda/0x000000002606ed78@85ec632
[Architectury Transformer DEBUG] Remapping Classes:
[Architectury Transformer DEBUG] net/fabricmc/api/EnvType -> net/neoforged/api/distmarker/Dist
[Architectury Transformer DEBUG] net/fabricmc/api/Environment -> net/neoforged/api/distmarker/OnlyIn
[Architectury Transformer DEBUG] Found class transformer
[Architectury Transformer DEBUG] Writing com/github/starcatcher21/stargazer/mechanics/advancements/StarTrap$Conditions with maxs=true frames=true
[Architectury Transformer DEBUG] Transformed com/github/starcatcher21/stargazer/mechanics/advancements/StarTrap$Conditions in 4.940 ms
[Architectury Transformer DEBUG] Transforming from com/github/starcatcher21/stargazer/energy/SimpleModEnergyStorage.class to com/github/starcatcher21/stargazer/energy/SimpleModEnergyStorage.class with 6 transformer(s) on dev.architectury.transformer.handler.TinyRemapperPreparedTransformerHandler
[Architectury Transformer DEBUG] Remapping with 1 mapping provider(s):
[Architectury Transformer DEBUG]  - dev.architectury.transformer.transformers.TransformNeoForgeEnvironment$$Lambda/0x000000002606ed78@85ec632
[Architectury Transformer DEBUG] Remapping Classes:
[Architectury Transformer DEBUG] net/fabricmc/api/EnvType -> net/neoforged/api/distmarker/Dist
[Architectury Transformer DEBUG] net/fabricmc/api/Environment -> net/neoforged/api/distmarker/OnlyIn
[Architectury Transformer DEBUG] Found class transformer
[Architectury Transformer DEBUG] Writing com/github/starcatcher21/stargazer/energy/SimpleModEnergyStorage with maxs=true frames=true
[Architectury Transformer DEBUG] Transformed com/github/starcatcher21/stargazer/energy/SimpleModEnergyStorage in 10.17 ms
[Architectury Transformer DEBUG] Transforming from com/github/starcatcher21/stargazer/block/clases/energy/machines/NightWatcherEntity$1.class to com/github/starcatcher21/stargazer/block/clases/energy/machines/NightWatcherEntity$1.class with 6 transformer(s) on dev.architectury.transformer.handler.TinyRemapperPreparedTransformerHandler
[Architectury Transformer DEBUG] Remapping with 1 mapping provider(s):
[Architectury Transformer DEBUG]  - dev.architectury.transformer.transformers.TransformNeoForgeEnvironment$$Lambda/0x000000002606ed78@85ec632
[Architectury Transformer DEBUG] Remapping Classes:
[Architectury Transformer DEBUG] net/fabricmc/api/EnvType -> net/neoforged/api/distmarker/Dist
[Architectury Transformer DEBUG] net/fabricmc/api/Environment -> net/neoforged/api/distmarker/OnlyIn
[Architectury Transformer DEBUG] Found class transformer
[Architectury Transformer DEBUG] Writing com/github/starcatcher21/stargazer/block/clases/energy/machines/NightWatcherEntity$1 with maxs=true frames=true
[Architectury Transformer DEBUG] Transformed com/github/starcatcher21/stargazer/block/clases/energy/machines/NightWatcherEntity$1 in 7.449 ms
[Architectury Transformer DEBUG] Transforming from com/github/starcatcher21/stargazer/block/clases/energy/generators/StarGeneratorEntity$1.class to com/github/starcatcher21/stargazer/block/clases/energy/generators/StarGeneratorEntity$1.class with 6 transformer(s) on dev.architectury.transformer.handler.TinyRemapperPreparedTransformerHandler
[Architectury Transformer DEBUG] Remapping with 1 mapping provider(s):
[Architectury Transformer DEBUG]  - dev.architectury.transformer.transformers.TransformNeoForgeEnvironment$$Lambda/0x000000002606ed78@85ec632
[Architectury Transformer DEBUG] Remapping Classes:
[Architectury Transformer DEBUG] net/fabricmc/api/EnvType -> net/neoforged/api/distmarker/Dist
[Architectury Transformer DEBUG] net/fabricmc/api/Environment -> net/neoforged/api/distmarker/OnlyIn
[Architectury Transformer DEBUG] Found class transformer
[Architectury Transformer DEBUG] Writing com/github/starcatcher21/stargazer/block/clases/energy/generators/StarGeneratorEntity$1 with maxs=true frames=true
[Architectury Transformer DEBUG] Transformed com/github/starcatcher21/stargazer/block/clases/energy/generators/StarGeneratorEntity$1 in 5.611 ms
[Architectury Transformer DEBUG] Transforming from com/github/starcatcher21/stargazer/energy/EnergyHooks.class to com/github/starcatcher21/stargazer/energy/EnergyHooks.class with 6 transformer(s) on dev.architectury.transformer.handler.TinyRemapperPreparedTransformerHandler
[Architectury Transformer DEBUG] Remapping with 1 mapping provider(s):
[Architectury Transformer DEBUG]  - dev.architectury.transformer.transformers.TransformNeoForgeEnvironment$$Lambda/0x000000002606ed78@85ec632
[Architectury Transformer DEBUG] Remapping Classes:
[Architectury Transformer DEBUG] net/fabricmc/api/EnvType -> net/neoforged/api/distmarker/Dist
[Architectury Transformer DEBUG] net/fabricmc/api/Environment -> net/neoforged/api/distmarker/OnlyIn
[Architectury Transformer DEBUG] Found class transformer
[Architectury Transformer DEBUG] Writing com/github/starcatcher21/stargazer/energy/EnergyHooks with maxs=true frames=true
[Architectury Transformer DEBUG] Transformed com/github/starcatcher21/stargazer/energy/EnergyHooks in 6.982 ms
[Architectury Transformer DEBUG] Transforming from com/github/starcatcher21/stargazer/mechanics/PlayerCosmicGrav.class to com/github/starcatcher21/stargazer/mechanics/PlayerCosmicGrav.class with 6 transformer(s) on dev.architectury.transformer.handler.TinyRemapperPreparedTransformerHandler
[Architectury Transformer DEBUG] Remapping with 1 mapping provider(s):
[Architectury Transformer DEBUG]  - dev.architectury.transformer.transformers.TransformNeoForgeEnvironment$$Lambda/0x000000002606ed78@85ec632
[Architectury Transformer DEBUG] Remapping Classes:
[Architectury Transformer DEBUG] net/fabricmc/api/EnvType -> net/neoforged/api/distmarker/Dist
[Architectury Transformer DEBUG] net/fabricmc/api/Environment -> net/neoforged/api/distmarker/OnlyIn
[Architectury Transformer DEBUG] Found class transformer
[Architectury Transformer DEBUG] Writing com/github/starcatcher21/stargazer/mechanics/PlayerCosmicGrav with maxs=true frames=true
[Architectury Transformer DEBUG] Transformed com/github/starcatcher21/stargazer/mechanics/PlayerCosmicGrav in 6.827 ms
[Architectury Transformer DEBUG] Transforming from com/github/starcatcher21/stargazer/mechanics/PlayerRedOrbGrav.class to com/github/starcatcher21/stargazer/mechanics/PlayerRedOrbGrav.class with 6 transformer(s) on dev.architectury.transformer.handler.TinyRemapperPreparedTransformerHandler
[Architectury Transformer DEBUG] Remapping with 1 mapping provider(s):
[Architectury Transformer DEBUG]  - dev.architectury.transformer.transformers.TransformNeoForgeEnvironment$$Lambda/0x000000002606ed78@85ec632
[Architectury Transformer DEBUG] Remapping Classes:
[Architectury Transformer DEBUG] net/fabricmc/api/EnvType -> net/neoforged/api/distmarker/Dist
[Architectury Transformer DEBUG] net/fabricmc/api/Environment -> net/neoforged/api/distmarker/OnlyIn
[Architectury Transformer DEBUG] Found class transformer
[Architectury Transformer DEBUG] Writing com/github/starcatcher21/stargazer/mechanics/PlayerRedOrbGrav with maxs=true frames=true
[Architectury Transformer DEBUG] Transformed com/github/starcatcher21/stargazer/mechanics/PlayerRedOrbGrav in 5.715 ms
[Architectury Transformer DEBUG] Transforming from com/github/starcatcher21/stargazer/mechanics/dash/DashClient.class to com/github/starcatcher21/stargazer/mechanics/dash/DashClient.class with 6 transformer(s) on dev.architectury.transformer.handler.TinyRemapperPreparedTransformerHandler
[Architectury Transformer DEBUG] Remapping with 1 mapping provider(s):
[Architectury Transformer DEBUG]  - dev.architectury.transformer.transformers.TransformNeoForgeEnvironment$$Lambda/0x000000002606ed78@85ec632
[Architectury Transformer DEBUG] Remapping Classes:
[Architectury Transformer DEBUG] net/fabricmc/api/EnvType -> net/neoforged/api/distmarker/Dist
[Architectury Transformer DEBUG] net/fabricmc/api/Environment -> net/neoforged/api/distmarker/OnlyIn
[Architectury Transformer DEBUG] Found class transformer
[Architectury Transformer DEBUG] Writing com/github/starcatcher21/stargazer/mechanics/dash/DashClient with maxs=true frames=true
[Architectury Transformer DEBUG] Transformed com/github/starcatcher21/stargazer/mechanics/dash/DashClient in 9.300 ms
[Architectury Transformer DEBUG] Transforming from com/github/starcatcher21/stargazer/mechanics/star/StargazeClient.class to com/github/starcatcher21/stargazer/mechanics/star/StargazeClient.class with 6 transformer(s) on dev.architectury.transformer.handler.TinyRemapperPreparedTransformerHandler
[Architectury Transformer DEBUG] Remapping with 1 mapping provider(s):
[Architectury Transformer DEBUG]  - dev.architectury.transformer.transformers.TransformNeoForgeEnvironment$$Lambda/0x000000002606ed78@85ec632
[Architectury Transformer DEBUG] Remapping Classes:
[Architectury Transformer DEBUG] net/fabricmc/api/EnvType -> net/neoforged/api/distmarker/Dist
[Architectury Transformer DEBUG] net/fabricmc/api/Environment -> net/neoforged/api/distmarker/OnlyIn
[Architectury Transformer DEBUG] Found class transformer
[Architectury Transformer DEBUG] Writing com/github/starcatcher21/stargazer/mechanics/star/StargazeClient with maxs=true frames=true
[Architectury Transformer DEBUG] Transformed com/github/starcatcher21/stargazer/mechanics/star/StargazeClient in 7.426 ms
[Architectury Transformer DEBUG] Transforming from com/github/starcatcher21/stargazer/compat/StarforgeCategory.class to com/github/starcatcher21/stargazer/compat/StarforgeCategory.class with 6 transformer(s) on dev.architectury.transformer.handler.TinyRemapperPreparedTransformerHandler
[Architectury Transformer DEBUG] Remapping with 1 mapping provider(s):
[Architectury Transformer DEBUG]  - dev.architectury.transformer.transformers.TransformNeoForgeEnvironment$$Lambda/0x000000002606ed78@85ec632
[Architectury Transformer DEBUG] Remapping Classes:
[Architectury Transformer DEBUG] net/fabricmc/api/EnvType -> net/neoforged/api/distmarker/Dist
[Architectury Transformer DEBUG] net/fabricmc/api/Environment -> net/neoforged/api/distmarker/OnlyIn
[Architectury Transformer DEBUG] Found class transformer
[Architectury Transformer DEBUG] Writing com/github/starcatcher21/stargazer/compat/StarforgeCategory with maxs=true frames=true
[Architectury Transformer DEBUG] Transformed com/github/starcatcher21/stargazer/compat/StarforgeCategory in 11.53 ms
[Architectury Transformer DEBUG] Transforming from com/github/starcatcher21/stargazer/compat/MoonWelderCategory.class to com/github/starcatcher21/stargazer/compat/MoonWelderCategory.class with 6 transformer(s) on dev.architectury.transformer.handler.TinyRemapperPreparedTransformerHandler
[Architectury Transformer DEBUG] Remapping with 1 mapping provider(s):
[Architectury Transformer DEBUG]  - dev.architectury.transformer.transformers.TransformNeoForgeEnvironment$$Lambda/0x000000002606ed78@85ec632
[Architectury Transformer DEBUG] Remapping Classes:
[Architectury Transformer DEBUG] net/fabricmc/api/EnvType -> net/neoforged/api/distmarker/Dist
[Architectury Transformer DEBUG] net/fabricmc/api/Environment -> net/neoforged/api/distmarker/OnlyIn
[Architectury Transformer DEBUG] Found class transformer
[Architectury Transformer DEBUG] Writing com/github/starcatcher21/stargazer/compat/MoonWelderCategory with maxs=true frames=true
[Architectury Transformer DEBUG] Transformed com/github/starcatcher21/stargazer/compat/MoonWelderCategory in 7.980 ms
[Architectury Transformer DEBUG] Transforming from com/github/starcatcher21/stargazer/compat/StarCrusherCategory.class to com/github/starcatcher21/stargazer/compat/StarCrusherCategory.class with 6 transformer(s) on dev.architectury.transformer.handler.TinyRemapperPreparedTransformerHandler
[Architectury Transformer DEBUG] Remapping with 1 mapping provider(s):
[Architectury Transformer DEBUG]  - dev.architectury.transformer.transformers.TransformNeoForgeEnvironment$$Lambda/0x000000002606ed78@85ec632
[Architectury Transformer DEBUG] Remapping Classes:
[Architectury Transformer DEBUG] net/fabricmc/api/EnvType -> net/neoforged/api/distmarker/Dist
[Architectury Transformer DEBUG] net/fabricmc/api/Environment -> net/neoforged/api/distmarker/OnlyIn
[Architectury Transformer DEBUG] Found class transformer
[Architectury Transformer DEBUG] Writing com/github/starcatcher21/stargazer/compat/StarCrusherCategory with maxs=true frames=true
[Architectury Transformer DEBUG] Transformed com/github/starcatcher21/stargazer/compat/StarCrusherCategory in 8.865 ms
[Architectury Transformer DEBUG] Transforming from com/github/starcatcher21/stargazer/renderer/SkyStarRenderer.class to com/github/starcatcher21/stargazer/renderer/SkyStarRenderer.class with 6 transformer(s) on dev.architectury.transformer.handler.TinyRemapperPreparedTransformerHandler
[Architectury Transformer DEBUG] Remapping with 1 mapping provider(s):
[Architectury Transformer DEBUG]  - dev.architectury.transformer.transformers.TransformNeoForgeEnvironment$$Lambda/0x000000002606ed78@85ec632
[Architectury Transformer DEBUG] Remapping Classes:
[Architectury Transformer DEBUG] net/fabricmc/api/EnvType -> net/neoforged/api/distmarker/Dist
[Architectury Transformer DEBUG] net/fabricmc/api/Environment -> net/neoforged/api/distmarker/OnlyIn
[Architectury Transformer DEBUG] Found class transformer
[Architectury Transformer DEBUG] Writing com/github/starcatcher21/stargazer/renderer/SkyStarRenderer with maxs=true frames=true
[Architectury Transformer DEBUG] Transformed com/github/starcatcher21/stargazer/renderer/SkyStarRenderer in 12.28 ms
[Architectury Transformer DEBUG] Transforming from com/github/starcatcher21/stargazer/renderer/SkyDimensionChecks.class to com/github/starcatcher21/stargazer/renderer/SkyDimensionChecks.class with 6 transformer(s) on dev.architectury.transformer.handler.TinyRemapperPreparedTransformerHandler
[Architectury Transformer DEBUG] Remapping with 1 mapping provider(s):
[Architectury Transformer DEBUG]  - dev.architectury.transformer.transformers.TransformNeoForgeEnvironment$$Lambda/0x000000002606ed78@85ec632
[Architectury Transformer DEBUG] Remapping Classes:
[Architectury Transformer DEBUG] net/fabricmc/api/EnvType -> net/neoforged/api/distmarker/Dist
[Architectury Transformer DEBUG] net/fabricmc/api/Environment -> net/neoforged/api/distmarker/OnlyIn
[Architectury Transformer DEBUG] Found class transformer
[Architectury Transformer DEBUG] Writing com/github/starcatcher21/stargazer/renderer/SkyDimensionChecks with maxs=true frames=true
[Architectury Transformer DEBUG] Transformed com/github/starcatcher21/stargazer/renderer/SkyDimensionChecks in 14.46 ms
[Architectury Transformer DEBUG] Transforming from com/github/starcatcher21/stargazer/CustomWorlds.class to com/github/starcatcher21/stargazer/CustomWorlds.class with 6 transformer(s) on dev.architectury.transformer.handler.TinyRemapperPreparedTransformerHandler
[Architectury Transformer DEBUG] Remapping with 1 mapping provider(s):
[Architectury Transformer DEBUG]  - dev.architectury.transformer.transformers.TransformNeoForgeEnvironment$$Lambda/0x000000002606ed78@85ec632
[Architectury Transformer DEBUG] Remapping Classes:
[Architectury Transformer DEBUG] net/fabricmc/api/EnvType -> net/neoforged/api/distmarker/Dist
[Architectury Transformer DEBUG] net/fabricmc/api/Environment -> net/neoforged/api/distmarker/OnlyIn
[Architectury Transformer DEBUG] Found class transformer
[Architectury Transformer DEBUG] Writing com/github/starcatcher21/stargazer/CustomWorlds with maxs=true frames=true
[Architectury Transformer DEBUG] Transformed com/github/starcatcher21/stargazer/CustomWorlds in 9.825 ms
[Architectury Transformer DEBUG] Transforming from com/github/starcatcher21/stargazer/compat/StargazingCategory.class to com/github/starcatcher21/stargazer/compat/StargazingCategory.class with 6 transformer(s) on dev.architectury.transformer.handler.TinyRemapperPreparedTransformerHandler
[Architectury Transformer DEBUG] Remapping with 1 mapping provider(s):
[Architectury Transformer DEBUG]  - dev.architectury.transformer.transformers.TransformNeoForgeEnvironment$$Lambda/0x000000002606ed78@85ec632
[Architectury Transformer DEBUG] Remapping Classes:
[Architectury Transformer DEBUG] net/fabricmc/api/EnvType -> net/neoforged/api/distmarker/Dist
[Architectury Transformer DEBUG] net/fabricmc/api/Environment -> net/neoforged/api/distmarker/OnlyIn
[Architectury Transformer DEBUG] Found class transformer
[Architectury Transformer DEBUG] Writing com/github/starcatcher21/stargazer/compat/StargazingCategory with maxs=true frames=true
[Architectury Transformer DEBUG] Transformed com/github/starcatcher21/stargazer/compat/StargazingCategory in 13.55 ms
[Architectury Transformer DEBUG] Transforming from com/github/starcatcher21/stargazer/screens/recipe/serializer/ShapedStarforgeRecipeDisplay.class to com/github/starcatcher21/stargazer/screens/recipe/serializer/ShapedStarforgeRecipeDisplay.class with 6 transformer(s) on dev.architectury.transformer.handler.TinyRemapperPreparedTransformerHandler
[Architectury Transformer DEBUG] Remapping with 1 mapping provider(s):
[Architectury Transformer DEBUG]  - dev.architectury.transformer.transformers.TransformNeoForgeEnvironment$$Lambda/0x000000002606ed78@85ec632
[Architectury Transformer DEBUG] Remapping Classes:
[Architectury Transformer DEBUG] net/fabricmc/api/EnvType -> net/neoforged/api/distmarker/Dist
[Architectury Transformer DEBUG] net/fabricmc/api/Environment -> net/neoforged/api/distmarker/OnlyIn
[Architectury Transformer DEBUG] Found class transformer
[Architectury Transformer DEBUG] Writing com/github/starcatcher21/stargazer/screens/recipe/serializer/ShapedStarforgeRecipeDisplay with maxs=true frames=true
[Architectury Transformer DEBUG] Transformed com/github/starcatcher21/stargazer/screens/recipe/serializer/ShapedStarforgeRecipeDisplay in 20.74 ms
[Architectury Transformer DEBUG] Transforming from com/github/starcatcher21/stargazer/screens/recipe/serializer/ShapedMoonWelderRecipeDisplay.class to com/github/starcatcher21/stargazer/screens/recipe/serializer/ShapedMoonWelderRecipeDisplay.class with 6 transformer(s) on dev.architectury.transformer.handler.TinyRemapperPreparedTransformerHandler
[Architectury Transformer DEBUG] Remapping with 1 mapping provider(s):
[Architectury Transformer DEBUG]  - dev.architectury.transformer.transformers.TransformNeoForgeEnvironment$$Lambda/0x000000002606ed78@85ec632
[Architectury Transformer DEBUG] Remapping Classes:
[Architectury Transformer DEBUG] net/fabricmc/api/EnvType -> net/neoforged/api/distmarker/Dist
[Architectury Transformer DEBUG] net/fabricmc/api/Environment -> net/neoforged/api/distmarker/OnlyIn
[Architectury Transformer DEBUG] Found class transformer
[Architectury Transformer DEBUG] Writing com/github/starcatcher21/stargazer/screens/recipe/serializer/ShapedMoonWelderRecipeDisplay with maxs=true frames=true
[Architectury Transformer DEBUG] Transformed com/github/starcatcher21/stargazer/screens/recipe/serializer/ShapedMoonWelderRecipeDisplay in 14.80 ms
[Architectury Transformer DEBUG] Transforming from com/github/starcatcher21/stargazer/screens/recipe/serializer/StarCrusherRecipeDisplay.class to com/github/starcatcher21/stargazer/screens/recipe/serializer/StarCrusherRecipeDisplay.class with 6 transformer(s) on dev.architectury.transformer.handler.TinyRemapperPreparedTransformerHandler
[Architectury Transformer DEBUG] Remapping with 1 mapping provider(s):
[Architectury Transformer DEBUG]  - dev.architectury.transformer.transformers.TransformNeoForgeEnvironment$$Lambda/0x000000002606ed78@85ec632
[Architectury Transformer DEBUG] Remapping Classes:
[Architectury Transformer DEBUG] net/fabricmc/api/EnvType -> net/neoforged/api/distmarker/Dist
[Architectury Transformer DEBUG] net/fabricmc/api/Environment -> net/neoforged/api/distmarker/OnlyIn
[Architectury Transformer DEBUG] Found class transformer
[Architectury Transformer DEBUG] Writing com/github/starcatcher21/stargazer/screens/recipe/serializer/StarCrusherRecipeDisplay with maxs=true frames=true
[Architectury Transformer DEBUG] Transformed com/github/starcatcher21/stargazer/screens/recipe/serializer/StarCrusherRecipeDisplay in 38.39 ms
