[10:41:16] [main/INFO] (FabricLoader/GameProvider) Loading Minecraft 26.2 with Fabric Loader 0.19.5
[10:41:16] [main/INFO] (FabricLoader/Mappings) Mappings not present!
[10:41:16] [main/DEBUG] (FabricLoader/GamePatch) Found game constructor: net.minecraft.client.main.Main -> net.minecraft.client.Minecraft
[10:41:16] [main/DEBUG] (FabricLoader/GamePatch) Patching game constructor <init>(Lnet/minecraft/client/main/GameConfig;)V
[10:41:16] [main/DEBUG] (FabricLoader/GamePatch) Run directory field is thought to be net/minecraft/client/Minecraft/gameDirectory
[10:41:16] [main/DEBUG] (FabricLoader/GamePatch) Applying brand name hook to net/minecraft/client/ClientBrandRetriever::getClientModName
[10:41:16] [main/DEBUG] (FabricLoader/GamePatch) Applying brand name hook to net/minecraft/server/MinecraftServer::getServerModName
[10:41:16] [main/DEBUG] (FabricLoader/GamePatch) Patched 3 classs
[10:41:16] [main/DEBUG] (FabricLoader/Discovery) Mod discovery time: 31.9 ms
[10:41:16] [main/DEBUG] (FabricLoader/Resolution) Mod resolution time: 49.5 ms
[10:41:16] [main/INFO] (FabricLoader) Loading 60 mods:
	- architectury 21.0.7
	- cloth-basic-math 0.6.1
	- cloth-config 26.2.155
	- fabric-advancement-api-v1 1.0.0+58719a3b9e
	- fabric-api 0.161.0+26.2
	- fabric-api-base 2.0.4+ece063239e
	- fabric-api-lookup-api-v1 2.0.18+11e1c9a39e
	- fabric-biome-api-v1 18.0.6+c7bd5b8e9e
	- fabric-block-api-v1 3.1.0+53515aab9e
	- fabric-block-getter-api-v2 2.0.7+ec56b6019e
	- fabric-client-gametest-api-v1 6.0.2+0f4f1dca9e
	- fabric-command-api-v2 3.1.0+00cb03469e
	- fabric-content-registries-v0 11.3.2+37b1aa249e
	- fabric-convention-tags-v2 4.7.1+1f023a9e9e
	- fabric-crash-report-info-v1 1.0.5+086d547a9e
	- fabric-creative-tab-api-v1 5.0.15+6468574f9e
	- fabric-data-attachment-api-v1 2.2.19+515ac5339e
	- fabric-data-generation-api-v1 25.6.0+c0da0b829e
	- fabric-debug-api-v1 1.0.2+c792624d9e
	- fabric-dimensions-v1 5.1.12+515ac5339e
	- fabric-entity-events-v1 5.0.5+06488ac19e
	- fabric-events-interaction-v0 5.2.8+515ac5339e
	- fabric-game-rule-api-v1 4.0.8+46a6d00c9e
	- fabric-gametest-api-v1 4.0.22+4a7fa0819e
	- fabric-item-api-v1 14.5.0+c68f6cbe9e
	- fabric-key-mapping-api-v1 2.0.5+e2bdee789e
	- fabric-lifecycle-events-v1 4.1.4+29b6eb019e
	- fabric-loot-api-v3 3.0.17+06488ac19e
	- fabric-menu-api-v1 2.0.17+086d547a9e
	- fabric-message-api-v1 7.0.8+bb2ed3f79e
	- fabric-model-loading-api-v1 8.0.17+c80601bb9e
	- fabric-networking-api-v1 6.3.4+2989c6a09e
	- fabric-object-builder-api-v1 24.1.1+6fcd5f039e
	- fabric-particles-v1 5.0.19+d1756aa99e
	- fabric-permission-api-v1 1.0.5+e442d8d09e
	- fabric-recipe-api-v1 9.0.22+11e1c9a39e
	- fabric-registry-sync-v0 7.1.1+c7bd5b8e9e
	- fabric-renderer-api-v1 14.1.4+2b0d8a229e
	- fabric-renderer-indigo 9.1.4+2b0d8a229e
	- fabric-rendering-fluids-v1 6.0.4+06488ac19e
	- fabric-rendering-v1 25.3.3+515ac5339e
	- fabric-resource-conditions-api-v1 6.1.0+10e9a28b9e
	- fabric-resource-loader-v0 3.3.20+4fc5413f9e
	- fabric-resource-loader-v1 2.0.13+9edec1269e
	- fabric-screen-api-v1 5.2.1+5087f8249e
	- fabric-serialization-api-v1 2.0.4+11a26f319e
	- fabric-sound-api-v1 2.0.5+11a26f319e
	- fabric-tag-api-v1 2.1.4+515ac5339e
	- fabric-transfer-api-v1 8.0.13+11dbb7d79e
	- fabric-transitive-access-wideners-v1 8.1.4+67c847259e
	- fabricloader 0.19.5
	- geckolib 5.5.3
	- generated_e7d069e 1.0.0
	- java 26
	- minecraft 26.2
	- mixinextras 0.5.5
	- roughlyenoughitems 26.2.820
	- stargazer 0.0.8.1
	- starlib 1.0.3
	- team_reborn_energy 5.0.0
[10:41:16] [main/DEBUG] (FabricLoader/Knot) Adding /home/wilwe/.gradle/caches/modules-2/files-2.1/me.shedaniel.cloth/basic-math/0.6.1/2ddd64b22126332794a5754ff9b942e17fb44c39/basic-math-0.6.1.jar to classpath.
[10:41:16] [main/DEBUG] (FabricLoader/Knot) Adding /home/wilwe/.gradle/caches/modules-2/files-2.1/net.fabricmc.fabric-api/fabric-client-gametest-api-v1/6.0.2+0f4f1dca9e/f54e52e7af5a41fdcf6715f87d09282b2dc9b0f2/fabric-client-gametest-api-v1-6.0.2+0f4f1dca9e.jar to classpath.
[10:41:16] [main/DEBUG] (FabricLoader/Knot) Adding /home/wilwe/.gradle/caches/modules-2/files-2.1/net.fabricmc.fabric-api/fabric-crash-report-info-v1/1.0.5+086d547a9e/119f48a9a648d86c89fe21444176d0032449d95c/fabric-crash-report-info-v1-1.0.5+086d547a9e.jar to classpath.
[10:41:16] [main/DEBUG] (FabricLoader/Knot) Adding /home/wilwe/.gradle/caches/modules-2/files-2.1/net.fabricmc.fabric-api/fabric-api-base/2.0.4+ece063239e/e766f3698b7bab8b1e13683040f8648fab511ca3/fabric-api-base-2.0.4+ece063239e.jar to classpath.
[10:41:16] [main/DEBUG] (FabricLoader/Knot) Adding /home/wilwe/.gradle/caches/modules-2/files-2.1/net.fabricmc.fabric-api/fabric-key-mapping-api-v1/2.0.5+e2bdee789e/c86dc688a7e9caa7edca9973dc6abfe37c652135/fabric-key-mapping-api-v1-2.0.5+e2bdee789e.jar to classpath.
[10:41:16] [main/DEBUG] (FabricLoader/Knot) Adding /home/wilwe/.gradle/caches/modules-2/files-2.1/net.fabricmc.fabric-api/fabric-events-interaction-v0/5.2.8+515ac5339e/98650380bb4e65a3deb6254e7c10a171eb907477/fabric-events-interaction-v0-5.2.8+515ac5339e.jar to classpath.
[10:41:16] [main/DEBUG] (FabricLoader/Knot) Adding /home/wilwe/.gradle/caches/modules-2/files-2.1/net.fabricmc.fabric-api/fabric-transitive-access-wideners-v1/8.1.4+67c847259e/e1e769f8e123395ab939d5d8da900e6a6ad53ab2/fabric-transitive-access-wideners-v1-8.1.4+67c847259e.jar to classpath.
[10:41:16] [main/DEBUG] (FabricLoader/Knot) Adding /home/wilwe/.gradle/caches/modules-2/files-2.1/com.geckolib/geckolib-fabric-26.2/5.5.3/a4a19c46400da1c232df559cc026e8e4ef419845/geckolib-fabric-26.2-5.5.3.jar to classpath.
[10:41:16] [main/DEBUG] (FabricLoader/Knot) Adding /home/wilwe/.gradle/caches/modules-2/files-2.1/net.fabricmc.fabric-api/fabric-sound-api-v1/2.0.5+11a26f319e/73e4e62924608e1d1581f192607857db096dafe7/fabric-sound-api-v1-2.0.5+11a26f319e.jar to classpath.
[10:41:16] [main/DEBUG] (FabricLoader/Knot) Adding /home/wilwe/.gradle/caches/modules-2/files-2.1/net.fabricmc.fabric-api/fabric-networking-api-v1/6.3.4+2989c6a09e/608860809ec66fd65ca764c4157e96030f330537/fabric-networking-api-v1-6.3.4+2989c6a09e.jar to classpath.
[10:41:16] [main/DEBUG] (FabricLoader/Knot) Adding /home/wilwe/.gradle/caches/modules-2/files-2.1/net.fabricmc.fabric-api/fabric-data-generation-api-v1/25.6.0+c0da0b829e/6b314081c5999c2094b6a92323c055d59bf7e639/fabric-data-generation-api-v1-25.6.0+c0da0b829e.jar to classpath.
[10:41:16] [main/DEBUG] (FabricLoader/Knot) Adding /home/wilwe/.gradle/caches/modules-2/files-2.1/net.fabricmc.fabric-api/fabric-convention-tags-v2/4.7.1+1f023a9e9e/e465c608c60ceb105c4f5d792460f5de02d90135/fabric-convention-tags-v2-4.7.1+1f023a9e9e.jar to classpath.
[10:41:16] [main/DEBUG] (FabricLoader/Knot) Adding /home/wilwe/.gradle/caches/modules-2/files-2.1/net.fabricmc.fabric-api/fabric-object-builder-api-v1/24.1.1+6fcd5f039e/90175252776d48f5c549835501e7fa227e68c4c8/fabric-object-builder-api-v1-24.1.1+6fcd5f039e.jar to classpath.
[10:41:16] [main/DEBUG] (FabricLoader/Knot) Adding /home/wilwe/.gradle/caches/modules-2/files-2.1/net.fabricmc.fabric-api/fabric-tag-api-v1/2.1.4+515ac5339e/f66a24273cdcc2ce424bf8c69cdc9cf48bdcb328/fabric-tag-api-v1-2.1.4+515ac5339e.jar to classpath.
[10:41:16] [main/DEBUG] (FabricLoader/Knot) Adding /home/wilwe/.gradle/caches/modules-2/files-2.1/net.fabricmc.fabric-api/fabric-api-lookup-api-v1/2.0.18+11e1c9a39e/31fc094d5f4d878ed12bba2e5e8cdb42b26d83ae/fabric-api-lookup-api-v1-2.0.18+11e1c9a39e.jar to classpath.
[10:41:16] [main/DEBUG] (FabricLoader/Knot) Adding /home/wilwe/.gradle/caches/modules-2/files-2.1/net.fabricmc.fabric-api/fabric-content-registries-v0/11.3.2+37b1aa249e/6f664a04bd603be3564b614caafa898e2fc9c67c/fabric-content-registries-v0-11.3.2+37b1aa249e.jar to classpath.
[10:41:16] [main/DEBUG] (FabricLoader/Knot) Adding /home/wilwe/.gradle/caches/modules-2/files-2.1/me.shedaniel.cloth/cloth-config-fabric/26.2.155/babcf16dbd15e09d326e21ffe85ab3f7d843ef9e/cloth-config-fabric-26.2.155.jar to classpath.
[10:41:16] [main/DEBUG] (FabricLoader/Knot) Adding /home/wilwe/.gradle/caches/modules-2/files-2.1/net.fabricmc.fabric-api/fabric-lifecycle-events-v1/4.1.4+29b6eb019e/54a508470dcea81513e39001b5c0bf9fae0f1d5/fabric-lifecycle-events-v1-4.1.4+29b6eb019e.jar to classpath.
[10:41:16] [main/DEBUG] (FabricLoader/Knot) Adding /home/wilwe/.gradle/caches/modules-2/files-2.1/net.fabricmc.fabric-api/fabric-resource-conditions-api-v1/6.1.0+10e9a28b9e/bfe91afa0e7712974b318ed7e274b493b038a596/fabric-resource-conditions-api-v1-6.1.0+10e9a28b9e.jar to classpath.
[10:41:16] [main/DEBUG] (FabricLoader/Knot) Adding /home/wilwe/.gradle/caches/modules-2/files-2.1/net.fabricmc.fabric-api/fabric-screen-api-v1/5.2.1+5087f8249e/ef9ad9a09f392eff05957c24c71e4da6797bb8d9/fabric-screen-api-v1-5.2.1+5087f8249e.jar to classpath.
[10:41:16] [main/DEBUG] (FabricLoader/Knot) Adding /home/wilwe/.gradle/caches/modules-2/files-2.1/net.fabricmc.fabric-api/fabric-item-api-v1/14.5.0+c68f6cbe9e/c2d241b01e3c083637adb17c2c8ff798cb752d5a/fabric-item-api-v1-14.5.0+c68f6cbe9e.jar to classpath.
[10:41:16] [main/DEBUG] (FabricLoader/Knot) Adding /home/wilwe/.gradle/caches/modules-2/files-2.1/net.fabricmc.fabric-api/fabric-permission-api-v1/1.0.5+e442d8d09e/92197dd81a18322fd36b87de79bdaa8d2b4a1ba9/fabric-permission-api-v1-1.0.5+e442d8d09e.jar to classpath.
[10:41:16] [main/DEBUG] (FabricLoader/Knot) Adding /home/wilwe/.gradle/caches/modules-2/files-2.1/net.fabricmc.fabric-api/fabric-api/0.161.0+26.2/332da34ebb72171e603a0c538de17f4c54ea9e29/fabric-api-0.161.0+26.2.jar to classpath.
[10:41:16] [main/DEBUG] (FabricLoader/Knot) Adding /home/wilwe/.gradle/caches/modules-2/files-2.1/net.fabricmc.fabric-api/fabric-rendering-fluids-v1/6.0.4+06488ac19e/9ded3bc73b5ff3c441075d0c8eca988aacce1f1f/fabric-rendering-fluids-v1-6.0.4+06488ac19e.jar to classpath.
[10:41:16] [main/DEBUG] (FabricLoader/Knot) Adding /home/wilwe/.gradle/caches/modules-2/files-2.1/net.fabricmc.fabric-api/fabric-message-api-v1/7.0.8+bb2ed3f79e/106dc9ed22970076aaa39cd257b69705d136dd05/fabric-message-api-v1-7.0.8+bb2ed3f79e.jar to classpath.
[10:41:16] [main/DEBUG] (FabricLoader/Knot) Adding /home/wilwe/.gradle/caches/modules-2/files-2.1/net.fabricmc.fabric-api/fabric-particles-v1/5.0.19+d1756aa99e/f6290d6511388b78455e2186d980553879343172/fabric-particles-v1-5.0.19+d1756aa99e.jar to classpath.
[10:41:16] [main/DEBUG] (FabricLoader/Knot) Adding /home/wilwe/.gradle/caches/modules-2/files-2.1/dev.architectury/architectury-fabric/21.0.7/7c00161fc93303ba504f02f6bf3e3f42b99e1d84/architectury-fabric-21.0.7.jar to classpath.
[10:41:16] [main/DEBUG] (FabricLoader/Knot) Adding /home/wilwe/.gradle/caches/modules-2/files-2.1/net.fabricmc.fabric-api/fabric-gametest-api-v1/4.0.22+4a7fa0819e/3fb91749fe4f238518d2980fdc18454016949190/fabric-gametest-api-v1-4.0.22+4a7fa0819e.jar to classpath.
[10:41:16] [main/DEBUG] (FabricLoader/Knot) Adding /home/wilwe/.gradle/caches/modules-2/files-2.1/teamreborn/energy/5.0.0/c7b3f01292365bcb29940af26ed7047d5c538e7e/energy-5.0.0.jar to classpath.
[10:41:16] [main/DEBUG] (FabricLoader/Knot) Adding /home/wilwe/.gradle/caches/modules-2/files-2.1/net.fabricmc.fabric-api/fabric-dimensions-v1/5.1.12+515ac5339e/b9d60e3ceee08f0fbc6f19fe8264c82c5fc2d122/fabric-dimensions-v1-5.1.12+515ac5339e.jar to classpath.
[10:41:16] [main/DEBUG] (FabricLoader/Knot) Adding /home/wilwe/.gradle/caches/modules-2/files-2.1/net.fabricmc.fabric-api/fabric-game-rule-api-v1/4.0.8+46a6d00c9e/886816530fb79c925eb1bc6c34dd4d9d82e71d49/fabric-game-rule-api-v1-4.0.8+46a6d00c9e.jar to classpath.
[10:41:16] [main/DEBUG] (FabricLoader/Knot) Adding /home/wilwe/.m2/repository/com/github/starcatcher21/starlib/starlib-fabric/1.0.3/starlib-fabric-1.0.3.jar to classpath.
[10:41:16] [main/DEBUG] (FabricLoader/Knot) Adding /home/wilwe/Dokumenty/GitHub/stargazer_mod/fabric/build/resources/main to classpath.
[10:41:16] [main/DEBUG] (FabricLoader/Knot) Adding /home/wilwe/.gradle/caches/modules-2/files-2.1/net.fabricmc.fabric-api/fabric-debug-api-v1/1.0.2+c792624d9e/9f0581bb985edf22a0d812dbe67178bd2849286/fabric-debug-api-v1-1.0.2+c792624d9e.jar to classpath.
[10:41:16] [main/DEBUG] (FabricLoader/Knot) Adding /home/wilwe/.gradle/caches/modules-2/files-2.1/net.fabricmc.fabric-api/fabric-block-api-v1/3.1.0+53515aab9e/46cf7e7564fbbb13d099c3fe1b065561f14e268f/fabric-block-api-v1-3.1.0+53515aab9e.jar to classpath.
[10:41:16] [main/DEBUG] (FabricLoader/Knot) Adding /home/wilwe/.gradle/caches/modules-2/files-2.1/io.github.llamalad7/mixinextras-fabric/0.5.5/d1055b99c0ab08a8403fe2da3d79ca28e6340a76/mixinextras-fabric-0.5.5.jar to classpath.
[10:41:16] [main/DEBUG] (FabricLoader/Knot) Adding /home/wilwe/.gradle/caches/modules-2/files-2.1/net.fabricmc.fabric-api/fabric-resource-loader-v1/2.0.13+9edec1269e/db19bb66f069d7ed3dde41eb7e1f9ff3122c15a4/fabric-resource-loader-v1-2.0.13+9edec1269e.jar to classpath.
[10:41:16] [main/DEBUG] (FabricLoader/Knot) Adding /home/wilwe/.gradle/caches/modules-2/files-2.1/net.fabricmc.fabric-api/fabric-biome-api-v1/18.0.6+c7bd5b8e9e/414c89d2bc8ab64dce1763edc4dbe4619113a5b/fabric-biome-api-v1-18.0.6+c7bd5b8e9e.jar to classpath.
[10:41:16] [main/DEBUG] (FabricLoader/Knot) Adding /home/wilwe/.gradle/caches/modules-2/files-2.1/net.fabricmc.fabric-api/fabric-registry-sync-v0/7.1.1+c7bd5b8e9e/82c1ce3885265deb0c15970d4abadf0ae055a539/fabric-registry-sync-v0-7.1.1+c7bd5b8e9e.jar to classpath.
[10:41:16] [main/DEBUG] (FabricLoader/Knot) Adding /home/wilwe/.gradle/caches/modules-2/files-2.1/net.fabricmc.fabric-api/fabric-block-getter-api-v2/2.0.7+ec56b6019e/8204045ca262749761be09b144618e6c4133ebe1/fabric-block-getter-api-v2-2.0.7+ec56b6019e.jar to classpath.
[10:41:16] [main/DEBUG] (FabricLoader/Knot) Adding /home/wilwe/.gradle/caches/modules-2/files-2.1/net.fabricmc.fabric-api/fabric-data-attachment-api-v1/2.2.19+515ac5339e/6ac7e37bdfaf6b9fc26be152d01daa0f95d799a2/fabric-data-attachment-api-v1-2.2.19+515ac5339e.jar to classpath.
[10:41:16] [main/DEBUG] (FabricLoader/Knot) Adding /home/wilwe/.gradle/caches/modules-2/files-2.1/net.fabricmc.fabric-api/fabric-creative-tab-api-v1/5.0.15+6468574f9e/b8896143a3467ad9eeff3bda41fb787bc080019e/fabric-creative-tab-api-v1-5.0.15+6468574f9e.jar to classpath.
[10:41:16] [main/DEBUG] (FabricLoader/Knot) Adding /home/wilwe/.gradle/caches/modules-2/files-2.1/net.fabricmc.fabric-api/fabric-loot-api-v3/3.0.17+06488ac19e/964f3985687b491093db6b9ff87b35106112b74d/fabric-loot-api-v3-3.0.17+06488ac19e.jar to classpath.
[10:41:16] [main/DEBUG] (FabricLoader/Knot) Adding /home/wilwe/.gradle/caches/modules-2/files-2.1/net.fabricmc.fabric-api/fabric-recipe-api-v1/9.0.22+11e1c9a39e/e756703eda39613f8d638521829b673c92276604/fabric-recipe-api-v1-9.0.22+11e1c9a39e.jar to classpath.
[10:41:16] [main/DEBUG] (FabricLoader/Knot) Adding /home/wilwe/.gradle/caches/modules-2/files-2.1/net.fabricmc.fabric-api/fabric-command-api-v2/3.1.0+00cb03469e/b144d197307c39c1bc516c274d9460f0116131a3/fabric-command-api-v2-3.1.0+00cb03469e.jar to classpath.
[10:41:16] [main/DEBUG] (FabricLoader/Knot) Adding /home/wilwe/.gradle/caches/modules-2/files-2.1/net.fabricmc.fabric-api/fabric-transfer-api-v1/8.0.13+11dbb7d79e/10f39a4b46043bc724c7ea3b93bcc0243e592abb/fabric-transfer-api-v1-8.0.13+11dbb7d79e.jar to classpath.
[10:41:16] [main/DEBUG] (FabricLoader/Knot) Adding /home/wilwe/.gradle/caches/modules-2/files-2.1/net.fabricmc.fabric-api/fabric-menu-api-v1/2.0.17+086d547a9e/2d35d55e2aa842d5eec1f9262a74074385c69cfb/fabric-menu-api-v1-2.0.17+086d547a9e.jar to classpath.
[10:41:16] [main/DEBUG] (FabricLoader/Knot) Adding /home/wilwe/.gradle/caches/modules-2/files-2.1/me.shedaniel/RoughlyEnoughItems-fabric/26.2.820/a57f1180a72e5f5541ad3cf63a799e95140882e6/RoughlyEnoughItems-fabric-26.2.820.jar to classpath.
[10:41:16] [main/DEBUG] (FabricLoader/Knot) Adding /home/wilwe/.gradle/caches/modules-2/files-2.1/net.fabricmc.fabric-api/fabric-rendering-v1/25.3.3+515ac5339e/b970a6d778b9867d6ea13d5437193f1e86a19c55/fabric-rendering-v1-25.3.3+515ac5339e.jar to classpath.
[10:41:16] [main/DEBUG] (FabricLoader/Knot) Adding /home/wilwe/.gradle/caches/modules-2/files-2.1/net.fabricmc.fabric-api/fabric-advancement-api-v1/1.0.0+58719a3b9e/4394b4ce7f29690f622da915d780493148b974cb/fabric-advancement-api-v1-1.0.0+58719a3b9e.jar to classpath.
[10:41:16] [main/DEBUG] (FabricLoader/Knot) Adding /home/wilwe/.gradle/caches/modules-2/files-2.1/net.fabricmc.fabric-api/fabric-renderer-indigo/9.1.4+2b0d8a229e/48cdf540bd670fe9333a74dd1570316180d10ab3/fabric-renderer-indigo-9.1.4+2b0d8a229e.jar to classpath.
[10:41:16] [main/DEBUG] (FabricLoader/Knot) Adding /home/wilwe/.gradle/caches/modules-2/files-2.1/net.fabricmc.fabric-api/fabric-resource-loader-v0/3.3.20+4fc5413f9e/c6551ab905383f3c8e046a403a78a25bebabaff0/fabric-resource-loader-v0-3.3.20+4fc5413f9e.jar to classpath.
[10:41:16] [main/DEBUG] (FabricLoader/Knot) Adding /home/wilwe/.gradle/caches/modules-2/files-2.1/net.fabricmc.fabric-api/fabric-model-loading-api-v1/8.0.17+c80601bb9e/b7b69be9cac7b63f853bd3c937c1b774c96a13fb/fabric-model-loading-api-v1-8.0.17+c80601bb9e.jar to classpath.
[10:41:16] [main/DEBUG] (FabricLoader/Knot) Adding /home/wilwe/.gradle/caches/modules-2/files-2.1/net.fabricmc.fabric-api/fabric-renderer-api-v1/14.1.4+2b0d8a229e/f6a6d234cc1073ffb871150d548d2164f8bc8d0b/fabric-renderer-api-v1-14.1.4+2b0d8a229e.jar to classpath.
[10:41:16] [main/DEBUG] (FabricLoader/Knot) Adding /tmp/14675297127750677040.jar to classpath.
[10:41:16] [main/DEBUG] (FabricLoader/Knot) Adding /home/wilwe/.gradle/caches/modules-2/files-2.1/net.fabricmc.fabric-api/fabric-entity-events-v1/5.0.5+06488ac19e/5cbecb675b91d0ebfe2ef3f20339e1a2c76c435/fabric-entity-events-v1-5.0.5+06488ac19e.jar to classpath.
[10:41:16] [main/DEBUG] (FabricLoader/Knot) Adding /home/wilwe/.gradle/caches/modules-2/files-2.1/net.fabricmc.fabric-api/fabric-serialization-api-v1/2.0.4+11a26f319e/ebf77996be79909f639a7352689d851385a9cd2b/fabric-serialization-api-v1-2.0.4+11a26f319e.jar to classpath.
[10:41:16] [main/DEBUG] (FabricLoader/Entrypoint) Registering new-style initializer net.fabricmc.fabric.impl.client.gametest.FabricClientGameTestImpl for mod fabric-client-gametest-api-v1 (key client)
[10:41:16] [main/DEBUG] (FabricLoader/Entrypoint) Registering new-style initializer net.fabricmc.fabric.impl.event.interaction.InteractionEventsRouter for mod fabric-events-interaction-v0 (key main)
[10:41:16] [main/DEBUG] (FabricLoader/Entrypoint) Registering new-style initializer com.geckolib.GeckoLibClient for mod geckolib (key client)
[10:41:16] [main/DEBUG] (FabricLoader/Entrypoint) Registering new-style initializer com.geckolib.GeckoLib for mod geckolib (key main)
[10:41:16] [main/DEBUG] (FabricLoader/Entrypoint) Registering new-style initializer net.fabricmc.fabric.impl.networking.client.ClientNetworkingImpl::clientInit for mod fabric-networking-api-v1 (key client)
[10:41:16] [main/DEBUG] (FabricLoader/Entrypoint) Registering new-style initializer net.fabricmc.fabric.impl.networking.CommonPacketsImpl::init for mod fabric-networking-api-v1 (key main)
[10:41:16] [main/DEBUG] (FabricLoader/Entrypoint) Registering new-style initializer net.fabricmc.fabric.impl.networking.NetworkingImpl::init for mod fabric-networking-api-v1 (key main)
[10:41:16] [main/DEBUG] (FabricLoader/Entrypoint) Registering new-style initializer net.fabricmc.fabric.impl.tag.convention.v2.TranslationConventionLogWarnings for mod fabric-convention-tags-v2 (key main)
[10:41:16] [main/DEBUG] (FabricLoader/Entrypoint) Registering new-style initializer net.fabricmc.fabric.impl.tag.TagInit for mod fabric-tag-api-v1 (key main)
[10:41:16] [main/DEBUG] (FabricLoader/Entrypoint) Registering new-style initializer net.fabricmc.fabric.impl.lookup.ApiLookupImpl for mod fabric-api-lookup-api-v1 (key main)
[10:41:16] [main/DEBUG] (FabricLoader/Entrypoint) Registering new-style initializer me.shedaniel.clothconfig2.fabric.ClothConfigModMenuDemo for mod cloth-config (key modmenu)
[10:41:16] [main/DEBUG] (FabricLoader/Entrypoint) Registering new-style initializer me.shedaniel.autoconfig.example.ExampleInits::exampleCommonInit for mod cloth-config (key client)
[10:41:16] [main/DEBUG] (FabricLoader/Entrypoint) Registering new-style initializer net.fabricmc.fabric.impl.client.event.lifecycle.ClientLifecycleEventsImpl for mod fabric-lifecycle-events-v1 (key client)
[10:41:16] [main/DEBUG] (FabricLoader/Entrypoint) Registering new-style initializer net.fabricmc.fabric.impl.event.lifecycle.LifecycleEventsImpl for mod fabric-lifecycle-events-v1 (key main)
[10:41:16] [main/DEBUG] (FabricLoader/Entrypoint) Registering new-style initializer net.fabricmc.fabric.impl.resource.conditions.ResourceConditionsImpl for mod fabric-resource-conditions-api-v1 (key main)
[10:41:16] [main/DEBUG] (FabricLoader/Entrypoint) Registering new-style initializer net.fabricmc.fabric.impl.client.particle.ExtendedBlockParticleOptionSyncClient for mod fabric-particles-v1 (key client)
[10:41:16] [main/DEBUG] (FabricLoader/Entrypoint) Registering new-style initializer net.fabricmc.fabric.impl.particle.ExtendedBlockParticleOptionSync for mod fabric-particles-v1 (key main)
[10:41:16] [main/DEBUG] (FabricLoader/Entrypoint) Registering new-style initializer dev.architectury.init.fabric.ArchitecturyServer::init for mod architectury (key server)
[10:41:16] [main/DEBUG] (FabricLoader/Entrypoint) Registering new-style initializer dev.architectury.compat.fabric.ModMenuCompatibility for mod architectury (key modmenu)
[10:41:16] [main/DEBUG] (FabricLoader/Entrypoint) Registering new-style initializer dev.architectury.init.fabric.ArchitecturyClient::init for mod architectury (key client)
[10:41:16] [main/DEBUG] (FabricLoader/Entrypoint) Registering new-style initializer dev.architectury.utils.fabric.GameInstanceImpl::init for mod architectury (key main)
[10:41:16] [main/DEBUG] (FabricLoader/Entrypoint) Registering new-style initializer net.fabricmc.fabric.impl.gametest.FabricGameTestModInitializer for mod fabric-gametest-api-v1 (key main)
[10:41:16] [main/DEBUG] (FabricLoader/Entrypoint) Registering new-style initializer team.reborn.energy.impl.EnergyImpl::init for mod team_reborn_energy (key main)
[10:41:16] [main/DEBUG] (FabricLoader/Entrypoint) Registering new-style initializer net.fabricmc.fabric.impl.dimension.DimensionModificationImpl for mod fabric-dimensions-v1 (key main)
[10:41:16] [main/DEBUG] (FabricLoader/Entrypoint) Registering new-style initializer com.github.starcatcher21.starlib.fabric.StarlibFabric for mod starlib (key main)
[10:41:16] [main/DEBUG] (FabricLoader/Entrypoint) Registering new-style initializer com.github.starcatcher21.stargazer.fabric.StargazerDataGeneratorClient for mod stargazer (key fabric-datagen)
[10:41:16] [main/DEBUG] (FabricLoader/Entrypoint) Registering new-style initializer com.github.starcatcher21.stargazer.compat.StargazerREIClient for mod stargazer (key rei_client)
[10:41:16] [main/DEBUG] (FabricLoader/Entrypoint) Registering new-style initializer com.github.starcatcher21.stargazer.fabric.StargazerFabricClient for mod stargazer (key client)
[10:41:16] [main/DEBUG] (FabricLoader/Entrypoint) Registering new-style initializer com.github.starcatcher21.stargazer.fabric.StargazerFabric for mod stargazer (key main)
[10:41:16] [main/DEBUG] (FabricLoader/Entrypoint) Registering new-style initializer com.github.starcatcher21.stargazer.compat.StargazerREICommon for mod stargazer (key rei_common)
[10:41:16] [main/DEBUG] (FabricLoader/Entrypoint) Registering new-style initializer net.fabricmc.fabric.impl.client.registry.sync.FabricRegistryClientInit for mod fabric-registry-sync-v0 (key client)
[10:41:16] [main/DEBUG] (FabricLoader/Entrypoint) Registering new-style initializer net.fabricmc.fabric.impl.registry.sync.FabricRegistryInit for mod fabric-registry-sync-v0 (key main)
[10:41:16] [main/DEBUG] (FabricLoader/Entrypoint) Registering new-style initializer net.fabricmc.fabric.impl.attachment.client.AttachmentSyncClient for mod fabric-data-attachment-api-v1 (key client)
[10:41:16] [main/DEBUG] (FabricLoader/Entrypoint) Registering new-style initializer net.fabricmc.fabric.impl.attachment.AttachmentEntrypoint for mod fabric-data-attachment-api-v1 (key main)
[10:41:16] [main/DEBUG] (FabricLoader/Entrypoint) Registering new-style initializer net.fabricmc.fabric.impl.attachment.sync.AttachmentSync for mod fabric-data-attachment-api-v1 (key main)
[10:41:16] [main/DEBUG] (FabricLoader/Entrypoint) Registering new-style initializer net.fabricmc.fabric.impl.recipe.ingredient.client.CustomIngredientSyncClient for mod fabric-recipe-api-v1 (key client)
[10:41:16] [main/DEBUG] (FabricLoader/Entrypoint) Registering new-style initializer net.fabricmc.fabric.impl.recipe.sync.client.RecipeSyncImplClient for mod fabric-recipe-api-v1 (key client)
[10:41:16] [main/DEBUG] (FabricLoader/Entrypoint) Registering new-style initializer net.fabricmc.fabric.impl.recipe.ingredient.CustomIngredientInit for mod fabric-recipe-api-v1 (key main)
[10:41:16] [main/DEBUG] (FabricLoader/Entrypoint) Registering new-style initializer net.fabricmc.fabric.impl.recipe.ingredient.CustomIngredientSync for mod fabric-recipe-api-v1 (key main)
[10:41:16] [main/DEBUG] (FabricLoader/Entrypoint) Registering new-style initializer net.fabricmc.fabric.impl.recipe.sync.RecipeSyncImpl for mod fabric-recipe-api-v1 (key main)
[10:41:16] [main/DEBUG] (FabricLoader/Entrypoint) Registering new-style initializer net.fabricmc.fabric.impl.menu.client.ClientNetworking for mod fabric-menu-api-v1 (key client)
[10:41:16] [main/DEBUG] (FabricLoader/Entrypoint) Registering new-style initializer net.fabricmc.fabric.impl.menu.Networking for mod fabric-menu-api-v1 (key main)
[10:41:16] [main/DEBUG] (FabricLoader/Entrypoint) Registering new-style initializer me.shedaniel.rei.plugin.client.DefaultClientPlugin for mod roughlyenoughitems (key rei_client)
[10:41:16] [main/DEBUG] (FabricLoader/Entrypoint) Registering new-style initializer me.shedaniel.rei.plugin.client.runtime.DefaultClientRuntimePlugin for mod roughlyenoughitems (key rei_client)
[10:41:16] [main/DEBUG] (FabricLoader/Entrypoint) Registering new-style initializer me.shedaniel.rei.plugin.client.runtime.HideIngredientsFromTagsPlugin for mod roughlyenoughitems (key rei_client)
[10:41:16] [main/DEBUG] (FabricLoader/Entrypoint) Registering new-style initializer me.shedaniel.rei.fabric.RoughlyEnoughItemsFabric for mod roughlyenoughitems (key client)
[10:41:16] [main/DEBUG] (FabricLoader/Entrypoint) Registering new-style initializer me.shedaniel.rei.impl.init.RoughlyEnoughItemsInitializer::onInitializeClient for mod roughlyenoughitems (key client)
[10:41:16] [main/DEBUG] (FabricLoader/Entrypoint) Registering new-style initializer me.shedaniel.rei.impl.init.RoughlyEnoughItemsInitializer::onInitialize for mod roughlyenoughitems (key main)
[10:41:16] [main/DEBUG] (FabricLoader/Entrypoint) Registering new-style initializer me.shedaniel.rei.plugin.common.DefaultPlugin for mod roughlyenoughitems (key rei_common)
[10:41:16] [main/DEBUG] (FabricLoader/Entrypoint) Registering new-style initializer me.shedaniel.rei.plugin.common.runtime.DefaultRuntimePlugin for mod roughlyenoughitems (key rei_common)
[10:41:16] [main/DEBUG] (FabricLoader/Entrypoint) Registering new-style initializer net.fabricmc.fabric.impl.client.rendering.hud.HudStatusBarHeightRegistryImpl for mod fabric-rendering-v1 (key client)
[10:41:16] [main/DEBUG] (FabricLoader/Entrypoint) Registering new-style initializer net.fabricmc.fabric.impl.client.indigo.Indigo for mod fabric-renderer-indigo (key client)
[10:41:16] [main/DEBUG] (FabricLoader/Entrypoint) Registering new-style initializer net.fabricmc.fabric.impl.client.model.loading.CustomUnbakedBlockStateModelInit for mod fabric-model-loading-api-v1 (key client)
[10:41:16] [main/DEBUG] (FabricLoader/Entrypoint) Registering new-style initializer net.fabricmc.fabric.impl.client.renderer.DebugOverlayClient for mod fabric-renderer-api-v1 (key client)
[10:41:16] [main/INFO] (FabricLoader/Mixin) SpongePowered MIXIN Subsystem Version=0.8.7 Source=file:/home/wilwe/.gradle/caches/modules-2/files-2.1/net.fabricmc/sponge-mixin/0.17.4+mixin.0.8.7/5f66cc9f59b8efaa942155a3d5a30599bf6640dd/sponge-mixin-0.17.4+mixin.0.8.7.jar Service=Knot/Fabric Env=CLIENT
[10:41:16] [main/DEBUG] (FabricLoader/Mixin) Initialising Mixin Platform Manager
[10:41:16] [main/DEBUG] (FabricLoader/Mixin) Adding mixin platform agents for container ContainerHandleURI(file:///home/wilwe/.gradle/caches/modules-2/files-2.1/net.fabricmc/fabric-loader/0.19.5/ff9e65cffca4a67f31523e1807fe0855940fcbfa/fabric-loader-0.19.5.jar)
[10:41:16] [main/DEBUG] (FabricLoader/Mixin) Instancing new MixinPlatformAgentDefault for ContainerHandleURI(file:///home/wilwe/.gradle/caches/modules-2/files-2.1/net.fabricmc/fabric-loader/0.19.5/ff9e65cffca4a67f31523e1807fe0855940fcbfa/fabric-loader-0.19.5.jar)
[10:41:16] [main/DEBUG] (FabricLoader/Mixin) MixinPlatformAgentDefault accepted container ContainerHandleURI(file:///home/wilwe/.gradle/caches/modules-2/files-2.1/net.fabricmc/fabric-loader/0.19.5/ff9e65cffca4a67f31523e1807fe0855940fcbfa/fabric-loader-0.19.5.jar)
[10:41:16] [main/DEBUG] (FabricLoader/Mixin) Instancing new MixinPlatformAgentDefault for ContainerHandleURI(file:///home/wilwe/.gradle/caches/modules-2/files-2.1/net.fabricmc/fabric-loader/0.19.5/ff9e65cffca4a67f31523e1807fe0855940fcbfa/fabric-loader-0.19.5.jar)
[10:41:16] [main/DEBUG] (FabricLoader/Mixin) MixinPlatformAgentDefault accepted container ContainerHandleURI(file:///home/wilwe/.gradle/caches/modules-2/files-2.1/net.fabricmc/fabric-loader/0.19.5/ff9e65cffca4a67f31523e1807fe0855940fcbfa/fabric-loader-0.19.5.jar)
[10:41:16] [main/DEBUG] (FabricLoader/Mixin) Processing prepare() for PlatformAgent[MixinPlatformAgentDefault:ContainerHandleURI(file:///home/wilwe/.gradle/caches/modules-2/files-2.1/net.fabricmc/fabric-loader/0.19.5/ff9e65cffca4a67f31523e1807fe0855940fcbfa/fabric-loader-0.19.5.jar)]
[10:41:16] [main/DEBUG] (FabricLoader/Mixin) Processing prepare() for PlatformAgent[MixinPlatformAgentDefault:ContainerHandleURI(file:///home/wilwe/.gradle/caches/modules-2/files-2.1/net.fabricmc/fabric-loader/0.19.5/ff9e65cffca4a67f31523e1807fe0855940fcbfa/fabric-loader-0.19.5.jar)]
[10:41:16] [main/DEBUG] (FabricLoader/Mixin) Compatibility level JAVA_25 specified by fabric-client-gametest-api-v1.mixins.json is higher than the maximum level supported by this version of mixin (JAVA_13).
[10:41:16] [main/DEBUG] (FabricLoader/Mixin) Compatibility level set to JAVA_25
[10:41:16] [main/DEBUG] (FabricLoader/Mixin) Mixin config fabric-client-gametest-api-v1.mixins.json does not specify "minVersion" or "requiredFeatures" property
[10:41:16] [main/DEBUG] (FabricLoader/Mixin) Mixin config fabric-crash-report-info-v1.mixins.json does not specify "minVersion" or "requiredFeatures" property
[10:41:16] [main/DEBUG] (FabricLoader/Mixin) Mixin config fabric-key-mapping-api-v1.mixins.json does not specify "minVersion" or "requiredFeatures" property
[10:41:16] [main/DEBUG] (FabricLoader/Mixin) Mixin config fabric-events-interaction-v0.mixins.json does not specify "minVersion" or "requiredFeatures" property
[10:41:16] [main/DEBUG] (FabricLoader/Mixin) Mixin config fabric-events-interaction-v0.client.mixins.json does not specify "minVersion" or "requiredFeatures" property
[10:41:16] [main/DEBUG] (FabricLoader/Mixin) Compatibility level JAVA_17 specified by geckolib.mixins.json is higher than the maximum level supported by this version of mixin (JAVA_13).
[10:41:16] [main/DEBUG] (FabricLoader/Mixin) Mixin config fabric-sound-api-v1.mixins.json does not specify "minVersion" or "requiredFeatures" property
[10:41:16] [main/DEBUG] (FabricLoader/Mixin) Mixin config fabric-networking-api-v1.mixins.json does not specify "minVersion" or "requiredFeatures" property
[10:41:16] [main/DEBUG] (FabricLoader/Mixin) Mixin config fabric-networking-api-v1.client.mixins.json does not specify "minVersion" or "requiredFeatures" property
[10:41:16] [main/DEBUG] (FabricLoader/Mixin) Mixin config fabric-data-generation-api-v1.mixins.json does not specify "minVersion" or "requiredFeatures" property
[10:41:16] [main/DEBUG] (FabricLoader/Mixin) Mixin config fabric-data-generation-api-v1.client.mixins.json does not specify "minVersion" or "requiredFeatures" property
[10:41:16] [main/DEBUG] (FabricLoader/Mixin) Mixin config fabric-convention-tags-api-v2.mixins.json does not specify "minVersion" or "requiredFeatures" property
[10:41:16] [main/DEBUG] (FabricLoader/Mixin) Mixin config fabric-object-builder-v1.mixins.json does not specify "minVersion" or "requiredFeatures" property
[10:41:16] [main/DEBUG] (FabricLoader/Mixin) Mixin config fabric-object-builder-v1.client.mixins.json does not specify "minVersion" or "requiredFeatures" property
[10:41:16] [main/DEBUG] (FabricLoader/Mixin) Mixin config fabric-tag-api-v1.mixins.json does not specify "minVersion" or "requiredFeatures" property
[10:41:16] [main/DEBUG] (FabricLoader/Mixin) Mixin config fabric-api-lookup-api-v1.mixins.json does not specify "minVersion" or "requiredFeatures" property
[10:41:16] [main/DEBUG] (FabricLoader/Mixin) Mixin config fabric-content-registries-v0.mixins.json does not specify "minVersion" or "requiredFeatures" property
[10:41:16] [main/DEBUG] (FabricLoader/Mixin) Mixin config fabric-content-registries-v0.client.mixins.json does not specify "minVersion" or "requiredFeatures" property
[10:41:16] [main/DEBUG] (FabricLoader/Mixin) Mixin config fabric-lifecycle-events-v1.mixins.json does not specify "minVersion" or "requiredFeatures" property
[10:41:16] [main/DEBUG] (FabricLoader/Mixin) Mixin config fabric-lifecycle-events-v1.client.mixins.json does not specify "minVersion" or "requiredFeatures" property
[10:41:16] [main/DEBUG] (FabricLoader/Mixin) Mixin config fabric-resource-conditions-api-v1.mixins.json does not specify "minVersion" or "requiredFeatures" property
[10:41:16] [main/DEBUG] (FabricLoader/Mixin) Mixin config fabric-screen-api-v1.mixins.json does not specify "minVersion" or "requiredFeatures" property
[10:41:16] [main/DEBUG] (FabricLoader/Mixin) Mixin config fabric-item-api-v1.mixins.json does not specify "minVersion" or "requiredFeatures" property
[10:41:16] [main/DEBUG] (FabricLoader/Mixin) Mixin config fabric-item-api-v1.client.mixins.json does not specify "minVersion" or "requiredFeatures" property
[10:41:16] [main/DEBUG] (FabricLoader/Mixin) Mixin config fabric-permission-api-v1.mixins.json does not specify "minVersion" or "requiredFeatures" property
[10:41:16] [main/DEBUG] (FabricLoader/Mixin) Mixin config fabric-rendering-fluids-v1.mixins.json does not specify "minVersion" or "requiredFeatures" property
[10:41:16] [main/DEBUG] (FabricLoader/Mixin) Mixin config fabric-message-api-v1.mixins.json does not specify "minVersion" or "requiredFeatures" property
[10:41:16] [main/DEBUG] (FabricLoader/Mixin) Mixin config fabric-message-api-v1.client.mixins.json does not specify "minVersion" or "requiredFeatures" property
[10:41:16] [main/DEBUG] (FabricLoader/Mixin) Mixin config fabric-particles-v1.mixins.json does not specify "minVersion" or "requiredFeatures" property
[10:41:16] [main/DEBUG] (FabricLoader/Mixin) Mixin config fabric-particles-v1.client.mixins.json does not specify "minVersion" or "requiredFeatures" property
[10:41:16] [main/DEBUG] (FabricLoader/Mixin) Mixin config fabric-gametest-api-v1.mixins.json does not specify "minVersion" or "requiredFeatures" property
[10:41:16] [main/DEBUG] (FabricLoader/Mixin) Mixin config fabric-dimensions-v1.mixins.json does not specify "minVersion" or "requiredFeatures" property
[10:41:16] [main/DEBUG] (FabricLoader/Mixin) Mixin config fabric-game-rule-api-v1.mixins.json does not specify "minVersion" or "requiredFeatures" property
[10:41:16] [main/DEBUG] (FabricLoader/Mixin) Mixin config fabric-game-rule-api-v1.client.mixins.json does not specify "minVersion" or "requiredFeatures" property
[10:41:16] [main/DEBUG] (FabricLoader/Mixin) Mixin config fabric-debug-api-v1.mixins.json does not specify "minVersion" or "requiredFeatures" property
[10:41:16] [main/DEBUG] (FabricLoader/Mixin) Mixin config fabric-debug-api-v1.client.mixins.json does not specify "minVersion" or "requiredFeatures" property
[10:41:16] [main/DEBUG] (FabricLoader/Mixin) Mixin config fabric-block-api-v1.mixins.json does not specify "minVersion" or "requiredFeatures" property
[10:41:16] [main/DEBUG] (FabricLoader/Mixin) Mixin config fabric-resource-loader-v1.mixins.json does not specify "minVersion" or "requiredFeatures" property
[10:41:16] [main/DEBUG] (FabricLoader/Mixin) Mixin config fabric-resource-loader-v1.client.mixins.json does not specify "minVersion" or "requiredFeatures" property
[10:41:16] [main/DEBUG] (FabricLoader/Mixin) Mixin config fabric-biome-api-v1.mixins.json does not specify "minVersion" or "requiredFeatures" property
[10:41:16] [main/DEBUG] (FabricLoader/Mixin) Mixin config fabric-registry-sync-v0.mixins.json does not specify "minVersion" or "requiredFeatures" property
[10:41:16] [main/DEBUG] (FabricLoader/Mixin) Mixin config fabric-registry-sync-v0.client.mixins.json does not specify "minVersion" or "requiredFeatures" property
[10:41:16] [main/DEBUG] (FabricLoader/Mixin) Mixin config fabric-block-getter-api-v2.mixins.json does not specify "minVersion" or "requiredFeatures" property
[10:41:16] [main/DEBUG] (FabricLoader/Mixin) Mixin config fabric-block-getter-api-v2.client.mixins.json does not specify "minVersion" or "requiredFeatures" property
[10:41:16] [main/DEBUG] (FabricLoader/Mixin) Mixin config fabric-data-attachment-api-v1.mixins.json does not specify "minVersion" or "requiredFeatures" property
[10:41:16] [main/DEBUG] (FabricLoader/Mixin) Mixin config fabric-data-attachment-api-v1.client.mixins.json does not specify "minVersion" or "requiredFeatures" property
[10:41:16] [main/DEBUG] (FabricLoader/Mixin) Mixin config fabric-creative-tab-api-v1.mixins.json does not specify "minVersion" or "requiredFeatures" property
[10:41:16] [main/DEBUG] (FabricLoader/Mixin) Mixin config fabric-creative-tab-api-v1.client.mixins.json does not specify "minVersion" or "requiredFeatures" property
[10:41:16] [main/DEBUG] (FabricLoader/Mixin) Mixin config fabric-loot-api-v3.mixins.json does not specify "minVersion" or "requiredFeatures" property
[10:41:16] [main/DEBUG] (FabricLoader/Mixin) Mixin config fabric-recipe-api-v1.mixins.json does not specify "minVersion" or "requiredFeatures" property
[10:41:16] [main/DEBUG] (FabricLoader/Mixin) Mixin config fabric-recipe-api-v1.client.mixins.json does not specify "minVersion" or "requiredFeatures" property
[10:41:16] [main/DEBUG] (FabricLoader/Mixin) Mixin config fabric-command-api-v2.mixins.json does not specify "minVersion" or "requiredFeatures" property
[10:41:16] [main/DEBUG] (FabricLoader/Mixin) Mixin config fabric-command-api-v2.client.mixins.json does not specify "minVersion" or "requiredFeatures" property
[10:41:16] [main/DEBUG] (FabricLoader/Mixin) Mixin config fabric-transfer-api-v1.mixins.json does not specify "minVersion" or "requiredFeatures" property
[10:41:16] [main/DEBUG] (FabricLoader/Mixin) Mixin config fabric-menu-api-v1.mixins.json does not specify "minVersion" or "requiredFeatures" property
[10:41:16] [main/DEBUG] (FabricLoader/Mixin) Mixin config rei.mixins.json does not specify "minVersion" or "requiredFeatures" property
[10:41:16] [main/DEBUG] (FabricLoader/Mixin) Mixin config fabric-rendering-v1.mixins.json does not specify "minVersion" or "requiredFeatures" property
[10:41:16] [main/DEBUG] (FabricLoader/Mixin) Mixin config fabric-advancement-api-v1.mixins.json does not specify "minVersion" or "requiredFeatures" property
[10:41:16] [main/DEBUG] (FabricLoader/Mixin) Mixin config fabric-renderer-indigo.mixins.json does not specify "minVersion" or "requiredFeatures" property
[10:41:16] [main/DEBUG] (FabricLoader/Mixin) Mixin config fabric-model-loading-api-v1.mixins.json does not specify "minVersion" or "requiredFeatures" property
[10:41:16] [main/DEBUG] (FabricLoader/Mixin) Mixin config fabric-renderer-api-v1.mixins.json does not specify "minVersion" or "requiredFeatures" property
[10:41:16] [main/DEBUG] (FabricLoader/Mixin) Mixin config fabric-entity-events-v1.mixins.json does not specify "minVersion" or "requiredFeatures" property
[10:41:16] [main/DEBUG] (FabricLoader/Mixin) Mixin config fabric-serialization-api-v1.mixins.json does not specify "minVersion" or "requiredFeatures" property
[10:41:16] [main/DEBUG] (FabricLoader/Knot) Adding /home/wilwe/Dokumenty/GitHub/stargazer_mod/.gradle/loom-cache/minecraftMaven/net/minecraft/minecraft-merged-37ca00bc07/26.2/minecraft-merged-37ca00bc07-26.2.jar to classpath.
[10:41:16] [main/DEBUG] (FabricLoader/Knot) Adding /home/wilwe/Dokumenty/GitHub/stargazer_mod/fabric/build/classes/java/main to classpath.
[10:41:16] [main/DEBUG] (FabricLoader/Knot) Adding /home/wilwe/Dokumenty/GitHub/stargazer_mod/fabric/build/resources/main to classpath.
[10:41:16] [main/DEBUG] (FabricLoader/Knot) Adding /home/wilwe/.gradle/caches/modules-2/files-2.1/dev.architectury/architectury-transformer/5.2.92/1ea8fe9cb282e9a2ced97868b5bd022bfaa8dbd/architectury-transformer-5.2.92-agent.jar to classpath.
[10:41:16] [main/DEBUG] (FabricLoader/Knot) Adding /home/wilwe/.gradle/caches/modules-2/files-2.1/dev.architectury/architectury-transformer/5.2.92/bdb7ff889a4e1acf8b9bc1914c51d73c0764dd4b/architectury-transformer-5.2.92-runtime.jar to classpath.
[10:41:16] [main/DEBUG] (FabricLoader/Knot) Adding /home/wilwe/Dokumenty/GitHub/stargazer_mod/common/build/libs/stargazer-common-0.0.8.1-dev.jar to classpath.
[10:41:16] [main/DEBUG] (FabricLoader/Knot) Adding /home/wilwe/.gradle/caches/modules-2/files-2.1/com.geckolib/geckolib-fabric-26.2/5.5.3/a4a19c46400da1c232df559cc026e8e4ef419845/geckolib-fabric-26.2-5.5.3.jar to classpath.
[10:41:16] [main/DEBUG] (FabricLoader/Knot) Adding /home/wilwe/.m2/repository/com/github/starcatcher21/starlib/starlib-fabric/1.0.3/starlib-fabric-1.0.3.jar to classpath.
[10:41:16] [main/DEBUG] (FabricLoader/Knot) Adding /home/wilwe/.gradle/caches/modules-2/files-2.1/me.shedaniel/RoughlyEnoughItems-fabric/26.2.820/a57f1180a72e5f5541ad3cf63a799e95140882e6/RoughlyEnoughItems-fabric-26.2.820.jar to classpath.
[10:41:16] [main/DEBUG] (FabricLoader/Knot) Adding /home/wilwe/.gradle/caches/modules-2/files-2.1/me.shedaniel.cloth/cloth-config-fabric/26.2.155/babcf16dbd15e09d326e21ffe85ab3f7d843ef9e/cloth-config-fabric-26.2.155.jar to classpath.
[10:41:16] [main/DEBUG] (FabricLoader/Knot) Adding /home/wilwe/.gradle/caches/modules-2/files-2.1/dev.architectury/architectury-fabric/21.0.7/7c00161fc93303ba504f02f6bf3e3f42b99e1d84/architectury-fabric-21.0.7.jar to classpath.
[10:41:16] [main/DEBUG] (FabricLoader/Knot) Adding /home/wilwe/.gradle/caches/modules-2/files-2.1/net.fabricmc.fabric-api/fabric-api/0.161.0+26.2/332da34ebb72171e603a0c538de17f4c54ea9e29/fabric-api-0.161.0+26.2.jar to classpath.
[10:41:16] [main/DEBUG] (FabricLoader/Knot) Adding /home/wilwe/.gradle/caches/modules-2/files-2.1/teamreborn/energy/5.0.0/c7b3f01292365bcb29940af26ed7047d5c538e7e/energy-5.0.0.jar to classpath.
[10:41:16] [main/DEBUG] (FabricLoader/Knot) Adding /home/wilwe/.gradle/caches/modules-2/files-2.1/io.github.llamalad7/mixinextras-fabric/0.5.5/d1055b99c0ab08a8403fe2da3d79ca28e6340a76/mixinextras-fabric-0.5.5.jar to classpath.
[10:41:16] [main/DEBUG] (FabricLoader/Knot) Adding /home/wilwe/.gradle/caches/modules-2/files-2.1/net.fabricmc/dev-launch-injector/0.2.1+build.8/da8bef7e6e2f952da707f282bdb46882a0fce5e3/dev-launch-injector-0.2.1+build.8.jar to classpath.
[10:41:16] [main/DEBUG] (FabricLoader/Knot) Adding /home/wilwe/.gradle/caches/modules-2/files-2.1/at.yawk.lz4/lz4-java/1.10.1/f541d7f910fe3d76f38f799c507c48cc81b12ecb/lz4-java-1.10.1.jar to classpath.
[10:41:16] [main/DEBUG] (FabricLoader/Knot) Adding /home/wilwe/.gradle/caches/modules-2/files-2.1/com.azure/azure-json/1.4.0/fcc1d354dbc3e0300e5276b1bf124d0247799cd8/azure-json-1.4.0.jar to classpath.
[10:41:16] [main/DEBUG] (FabricLoader/Knot) Adding /home/wilwe/.gradle/caches/modules-2/files-2.1/com.github.oshi/oshi-core/6.9.0/3224870731860cfcd7744581a05b559e94291e7/oshi-core-6.9.0.jar to classpath.
[10:41:16] [main/DEBUG] (FabricLoader/Knot) Adding /home/wilwe/.gradle/caches/modules-2/files-2.1/com.moandjiezana.toml/toml4j/0.7.2/a03337911d0bd2c40932aca3946edb30d0e7d0c/toml4j-0.7.2.jar to classpath.
[10:41:16] [main/DEBUG] (FabricLoader/Knot) Adding /home/wilwe/.gradle/caches/modules-2/files-2.1/com.google.guava/failureaccess/1.0.3/aeaffd00d57023a2c947393ed251f0354f0985fc/failureaccess-1.0.3.jar to classpath.
[10:41:16] [main/DEBUG] (FabricLoader/Knot) Adding /home/wilwe/.gradle/caches/modules-2/files-2.1/com.google.guava/guava/33.6.0-jre/c376b13067cc99a5774403530953f7b05a91e218/guava-33.6.0-jre.jar to classpath.
[10:41:16] [main/DEBUG] (FabricLoader/Knot) Adding /home/wilwe/.gradle/caches/modules-2/files-2.1/com.ibm.icu/icu4j/78.3/6a851a53bb1f25689fc418dcc8935b0d93580adf/icu4j-78.3.jar to classpath.
[10:41:16] [main/DEBUG] (FabricLoader/Knot) Adding /home/wilwe/.gradle/caches/modules-2/files-2.1/com.microsoft.azure/msal4j/1.24.1/c233f2d047b9755f7041adf21a858c680e4c9242/msal4j-1.24.1.jar to classpath.
[10:41:16] [main/DEBUG] (FabricLoader/Knot) Adding /home/wilwe/.gradle/caches/modules-2/files-2.1/com.mojang/blocklist/1.0.10/5c685c5ffa94c4cd39496c7184c1d122e515ecef/blocklist-1.0.10.jar to classpath.
[10:41:16] [main/DEBUG] (FabricLoader/Knot) Adding /home/wilwe/.gradle/caches/modules-2/files-2.1/com.mojang/brigadier/1.3.10/d15b53a14cf20fdcaa98f731af5dda654452c010/brigadier-1.3.10.jar to classpath.
[10:41:16] [main/DEBUG] (FabricLoader/Knot) Adding /home/wilwe/.gradle/caches/modules-2/files-2.1/com.mojang/datafixerupper/10.0.21/b6b2ae770c02e0c1eb90f9985b151e9085a38d0b/datafixerupper-10.0.21.jar to classpath.
[10:41:16] [main/DEBUG] (FabricLoader/Knot) Adding /home/wilwe/.gradle/caches/modules-2/files-2.1/com.mojang/jtracy/1.0.37/a3fb649b2e2b2288d2978f0b0bc3d83f62809d1e/jtracy-1.0.37.jar to classpath.
[10:41:16] [main/DEBUG] (FabricLoader/Knot) Adding /home/wilwe/.gradle/caches/modules-2/files-2.1/com.mojang/jtracy/1.0.37/e1b4395227af41195da9e2ead13c48ee0b7d31cd/jtracy-1.0.37-natives-linux.jar to classpath.
[10:41:16] [main/DEBUG] (FabricLoader/Knot) Adding /home/wilwe/.gradle/caches/modules-2/files-2.1/com.mojang/patchy/2.2.10/da05971b07cbb379d002cf7eaec6a2048211fefc/patchy-2.2.10.jar to classpath.
[10:41:16] [main/DEBUG] (FabricLoader/Knot) Adding /home/wilwe/.gradle/caches/modules-2/files-2.1/com.mojang/text2speech/1.19.12/2e517a75c79d34d32de2b5d68422150836c2133e/text2speech-1.19.12.jar to classpath.
[10:41:16] [main/DEBUG] (FabricLoader/Knot) Adding /home/wilwe/.gradle/caches/modules-2/files-2.1/commons-codec/commons-codec/1.22.0/6b3eb4beb7058c2a638f5f17bcb388649fd339dd/commons-codec-1.22.0.jar to classpath.
[10:41:16] [main/DEBUG] (FabricLoader/Knot) Adding /home/wilwe/.gradle/caches/modules-2/files-2.1/commons-io/commons-io/2.20.0/36f3474daec2849c149e877614e7f979b2082cd2/commons-io-2.20.0.jar to classpath.
[10:41:16] [main/DEBUG] (FabricLoader/Knot) Adding /home/wilwe/.gradle/caches/modules-2/files-2.1/io.netty/netty-buffer/4.2.15.Final/2beb620803bf871cda2dd5d46b8f831e8015dd34/netty-buffer-4.2.15.Final.jar to classpath.
[10:41:16] [main/DEBUG] (FabricLoader/Knot) Adding /home/wilwe/.gradle/caches/modules-2/files-2.1/io.netty/netty-codec-base/4.2.15.Final/e97149fdd5fb04858efa90e314651c8d700dc68b/netty-codec-base-4.2.15.Final.jar to classpath.
[10:41:16] [main/DEBUG] (FabricLoader/Knot) Adding /home/wilwe/.gradle/caches/modules-2/files-2.1/io.netty/netty-codec-compression/4.2.15.Final/89fc4a20b7ae6af974304b1695405e62c4f9b16d/netty-codec-compression-4.2.15.Final.jar to classpath.
[10:41:16] [main/DEBUG] (FabricLoader/Knot) Adding /home/wilwe/.gradle/caches/modules-2/files-2.1/io.netty/netty-codec-http/4.2.15.Final/e611826aa054371bb9a17f27bdb05755a4cac5f0/netty-codec-http-4.2.15.Final.jar to classpath.
[10:41:16] [main/DEBUG] (FabricLoader/Knot) Adding /home/wilwe/.gradle/caches/modules-2/files-2.1/io.netty/netty-common/4.2.15.Final/7222492c1af9c2d4d78d521eea340a619e242fda/netty-common-4.2.15.Final.jar to classpath.
[10:41:16] [main/DEBUG] (FabricLoader/Knot) Adding /home/wilwe/.gradle/caches/modules-2/files-2.1/io.netty/netty-handler/4.2.15.Final/d5344afd1148e3b9927a74be019605ebb0937a93/netty-handler-4.2.15.Final.jar to classpath.
[10:41:16] [main/DEBUG] (FabricLoader/Knot) Adding /home/wilwe/.gradle/caches/modules-2/files-2.1/io.netty/netty-resolver/4.2.15.Final/b961a16d379b508b473e064ba06842bba280f4e3/netty-resolver-4.2.15.Final.jar to classpath.
[10:41:16] [main/DEBUG] (FabricLoader/Knot) Adding /home/wilwe/.gradle/caches/modules-2/files-2.1/io.netty/netty-transport-classes-epoll/4.2.15.Final/44bafba9c9993800e955b365bba4981326f3f3b1/netty-transport-classes-epoll-4.2.15.Final.jar to classpath.
[10:41:16] [main/DEBUG] (FabricLoader/Knot) Adding /home/wilwe/.gradle/caches/modules-2/files-2.1/io.netty/netty-transport-classes-kqueue/4.2.15.Final/f248656bb907607c5a41c7b61fd918a97db79250/netty-transport-classes-kqueue-4.2.15.Final.jar to classpath.
[10:41:16] [main/DEBUG] (FabricLoader/Knot) Adding /home/wilwe/.gradle/caches/modules-2/files-2.1/io.netty/netty-transport-native-epoll/4.2.15.Final/cccd31f2c8e966ab1e7a4d2293c8a3965628fe73/netty-transport-native-epoll-4.2.15.Final-linux-aarch_64.jar to classpath.
[10:41:16] [main/DEBUG] (FabricLoader/Knot) Adding /home/wilwe/.gradle/caches/modules-2/files-2.1/io.netty/netty-transport-native-epoll/4.2.15.Final/ce256127f8ed3f076756f1f4dcb5877d65d1f1c2/netty-transport-native-epoll-4.2.15.Final-linux-x86_64.jar to classpath.
[10:41:16] [main/DEBUG] (FabricLoader/Knot) Adding /home/wilwe/.gradle/caches/modules-2/files-2.1/io.netty/netty-transport-native-unix-common/4.2.15.Final/efb6943b4de9e0226a5ac35330f232605424af02/netty-transport-native-unix-common-4.2.15.Final.jar to classpath.
[10:41:16] [main/DEBUG] (FabricLoader/Knot) Adding /home/wilwe/.gradle/caches/modules-2/files-2.1/io.netty/netty-transport/4.2.15.Final/a000c3a6196ee40207b73ac619dcb339409dd62f/netty-transport-4.2.15.Final.jar to classpath.
[10:41:16] [main/DEBUG] (FabricLoader/Knot) Adding /home/wilwe/.gradle/caches/modules-2/files-2.1/it.unimi.dsi/fastutil/8.5.18/a6cff377eecc19c2037bf31568a6d7106b50ba1f/fastutil-8.5.18.jar to classpath.
[10:41:16] [main/DEBUG] (FabricLoader/Knot) Adding /home/wilwe/.gradle/caches/modules-2/files-2.1/net.java.dev.jna/jna-platform/5.17.0/a4934c44d25a9d8c2ddf4203affd20330cb3426f/jna-platform-5.17.0.jar to classpath.
[10:41:16] [main/DEBUG] (FabricLoader/Knot) Adding /home/wilwe/.m2/repository/net/java/dev/jna/jna/5.17.0/jna-5.17.0.jar to classpath.
[10:41:16] [main/DEBUG] (FabricLoader/Knot) Adding /home/wilwe/.gradle/caches/modules-2/files-2.1/net.sf.jopt-simple/jopt-simple/5.0.4/4fdac2fbe92dfad86aa6e9301736f6b4342a3f5c/jopt-simple-5.0.4.jar to classpath.
[10:41:16] [main/DEBUG] (FabricLoader/Knot) Adding /home/wilwe/.gradle/caches/modules-2/files-2.1/org.apache.commons/commons-compress/1.28.0/e482f2c7a88dac3c497e96aa420b6a769f59c8d7/commons-compress-1.28.0.jar to classpath.
[10:41:16] [main/DEBUG] (FabricLoader/Knot) Adding /home/wilwe/.gradle/caches/modules-2/files-2.1/org.apache.commons/commons-lang3/3.20.0/65897b3e5731220962e659e001904af3c3cbeba9/commons-lang3-3.20.0.jar to classpath.
[10:41:16] [main/DEBUG] (FabricLoader/Knot) Adding /home/wilwe/.gradle/caches/modules-2/files-2.1/org.jcraft/jorbis/0.0.17/8872d22b293e8f5d7d56ff92be966e6dc28ebdc6/jorbis-0.0.17.jar to classpath.
[10:41:16] [main/DEBUG] (FabricLoader/Knot) Adding /home/wilwe/.gradle/caches/modules-2/files-2.1/org.joml/joml/1.10.8/fc0a71dad90a2cf41d82a76156a0e700af8e4f8d/joml-1.10.8.jar to classpath.
[10:41:16] [main/DEBUG] (FabricLoader/Knot) Adding /home/wilwe/.gradle/caches/modules-2/files-2.1/org.jspecify/jspecify/1.0.0/7425a601c1c7ec76645a78d22b8c6a627edee507/jspecify-1.0.0.jar to classpath.
[10:41:16] [main/DEBUG] (FabricLoader/Knot) Adding /home/wilwe/.gradle/caches/modules-2/files-2.1/org.lwjgl/lwjgl-freetype/3.4.1/caa75a37e857efc9b0686e434d708d6420c5b6ea/lwjgl-freetype-3.4.1.jar to classpath.
[10:41:16] [main/DEBUG] (FabricLoader/Knot) Adding /home/wilwe/.gradle/caches/modules-2/files-2.1/org.lwjgl/lwjgl-freetype/3.4.1/40a29a29b1549c4cad073ccd682e3776ffb454fa/lwjgl-freetype-3.4.1-natives-linux.jar to classpath.
[10:41:16] [main/DEBUG] (FabricLoader/Knot) Adding /home/wilwe/.gradle/caches/modules-2/files-2.1/org.lwjgl/lwjgl-glfw/3.4.1/a782b1ddd175c9107bf300fd92920579ea65e2a4/lwjgl-glfw-3.4.1.jar to classpath.
[10:41:16] [main/DEBUG] (FabricLoader/Knot) Adding /home/wilwe/.gradle/caches/modules-2/files-2.1/org.lwjgl/lwjgl-glfw/3.4.1/23cdf7655ce9f3b27ad90f08e73345e0d5b46362/lwjgl-glfw-3.4.1-natives-linux.jar to classpath.
[10:41:16] [main/DEBUG] (FabricLoader/Knot) Adding /home/wilwe/.gradle/caches/modules-2/files-2.1/org.lwjgl/lwjgl-jemalloc/3.4.1/16b663092854fc6adfe0a941e61cae2bb2e437b6/lwjgl-jemalloc-3.4.1.jar to classpath.
[10:41:16] [main/DEBUG] (FabricLoader/Knot) Adding /home/wilwe/.gradle/caches/modules-2/files-2.1/org.lwjgl/lwjgl-jemalloc/3.4.1/b83c82d941f2e624d150d6d1e2efcf4ea49ff8ea/lwjgl-jemalloc-3.4.1-natives-linux.jar to classpath.
[10:41:16] [main/DEBUG] (FabricLoader/Knot) Adding /home/wilwe/.gradle/caches/modules-2/files-2.1/org.lwjgl/lwjgl-openal/3.4.1/8508bd60589de0539aa465b78fcf838efd07ae9a/lwjgl-openal-3.4.1.jar to classpath.
[10:41:16] [main/DEBUG] (FabricLoader/Knot) Adding /home/wilwe/.gradle/caches/modules-2/files-2.1/org.lwjgl/lwjgl-openal/3.4.1/dbff577119266cd4312e4eb9cc2b171407c56360/lwjgl-openal-3.4.1-natives-linux.jar to classpath.
[10:41:16] [main/DEBUG] (FabricLoader/Knot) Adding /home/wilwe/.gradle/caches/modules-2/files-2.1/org.lwjgl/lwjgl-opengl/3.4.1/830412cab823c029cda6b9729f9d2ed36cf79959/lwjgl-opengl-3.4.1.jar to classpath.
[10:41:16] [main/DEBUG] (FabricLoader/Knot) Adding /home/wilwe/.gradle/caches/modules-2/files-2.1/org.lwjgl/lwjgl-opengl/3.4.1/b750599f0e75ddb19f1d0fe993f3011334b710ae/lwjgl-opengl-3.4.1-natives-linux.jar to classpath.
[10:41:16] [main/DEBUG] (FabricLoader/Knot) Adding /home/wilwe/.gradle/caches/modules-2/files-2.1/org.lwjgl/lwjgl-shaderc/3.4.1/5c02c88f0d879529014c78463b76f43fdecfd272/lwjgl-shaderc-3.4.1.jar to classpath.
[10:41:16] [main/DEBUG] (FabricLoader/Knot) Adding /home/wilwe/.gradle/caches/modules-2/files-2.1/org.lwjgl/lwjgl-shaderc/3.4.1/4289bdfa998c4afcdfa7c6925baf50e938113188/lwjgl-shaderc-3.4.1-natives-linux.jar to classpath.
[10:41:16] [main/DEBUG] (FabricLoader/Knot) Adding /home/wilwe/.gradle/caches/modules-2/files-2.1/org.lwjgl/lwjgl-spvc/3.4.1/188553592e97b5ab2dba54a1b403ee80b48dad4c/lwjgl-spvc-3.4.1.jar to classpath.
[10:41:16] [main/DEBUG] (FabricLoader/Knot) Adding /home/wilwe/.gradle/caches/modules-2/files-2.1/org.lwjgl/lwjgl-spvc/3.4.1/6ea8d9edcfcc5664d14e11b9a37a1a900783584a/lwjgl-spvc-3.4.1-natives-linux.jar to classpath.
[10:41:16] [main/DEBUG] (FabricLoader/Knot) Adding /home/wilwe/.gradle/caches/modules-2/files-2.1/org.lwjgl/lwjgl-stb/3.4.1/f077c3dafc31924fbe8acb0b913f08977ba27f8e/lwjgl-stb-3.4.1.jar to classpath.
[10:41:16] [main/DEBUG] (FabricLoader/Knot) Adding /home/wilwe/.gradle/caches/modules-2/files-2.1/org.lwjgl/lwjgl-stb/3.4.1/7e1cfae909da6c68f3cb6073a9bfeb6c90e82a57/lwjgl-stb-3.4.1-natives-linux.jar to classpath.
[10:41:16] [main/DEBUG] (FabricLoader/Knot) Adding /home/wilwe/.gradle/caches/modules-2/files-2.1/org.lwjgl/lwjgl-tinyfd/3.4.1/562697d40dbd2ed0424bf24dcf65d51170f81adf/lwjgl-tinyfd-3.4.1.jar to classpath.
[10:41:16] [main/DEBUG] (FabricLoader/Knot) Adding /home/wilwe/.gradle/caches/modules-2/files-2.1/org.lwjgl/lwjgl-tinyfd/3.4.1/fc6a72690afc8defb60d82ad1de64dd8f537154c/lwjgl-tinyfd-3.4.1-natives-linux.jar to classpath.
[10:41:16] [main/DEBUG] (FabricLoader/Knot) Adding /home/wilwe/.gradle/caches/modules-2/files-2.1/org.lwjgl/lwjgl-vma/3.4.1/2c54ce10154feb1ede4d23c5947438cdbfdcc003/lwjgl-vma-3.4.1.jar to classpath.
[10:41:16] [main/DEBUG] (FabricLoader/Knot) Adding /home/wilwe/.gradle/caches/modules-2/files-2.1/org.lwjgl/lwjgl-vma/3.4.1/1d5d00e4abed992e0850aa970d338453ebbd3e0c/lwjgl-vma-3.4.1-natives-linux.jar to classpath.
[10:41:16] [main/DEBUG] (FabricLoader/Knot) Adding /home/wilwe/.gradle/caches/modules-2/files-2.1/org.lwjgl/lwjgl-vulkan/3.4.1/d0601fdc38890755e5638048c14cc0f7b990964b/lwjgl-vulkan-3.4.1.jar to classpath.
[10:41:16] [main/DEBUG] (FabricLoader/Knot) Adding /home/wilwe/.gradle/caches/modules-2/files-2.1/org.lwjgl/lwjgl/3.4.1/129e06a04f93992cb2a45172435b21fc4b60dd7d/lwjgl-3.4.1-unsafe.jar to classpath.
[10:41:16] [main/DEBUG] (FabricLoader/Knot) Adding /home/wilwe/.gradle/caches/modules-2/files-2.1/org.lwjgl/lwjgl/3.4.1/2734e106bd95db49fe0da8cf8bf7fd96475c436c/lwjgl-3.4.1-natives-linux.jar to classpath.
[10:41:16] [main/DEBUG] (FabricLoader/Knot) Adding /home/wilwe/.gradle/caches/modules-2/files-2.1/io.netty/netty-transport-native-kqueue/4.2.15.Final/4245380831515fb4eca18d32477a27fbb8f7b8f4/netty-transport-native-kqueue-4.2.15.Final-osx-x86_64.jar to classpath.
[10:41:16] [main/DEBUG] (FabricLoader/Knot) Adding /home/wilwe/.gradle/caches/modules-2/files-2.1/io.netty/netty-transport-native-kqueue/4.2.15.Final/8ea0ef3eb716d821332e4b4926825a4b7c1a6d38/netty-transport-native-kqueue-4.2.15.Final-osx-aarch_64.jar to classpath.
[10:41:16] [main/DEBUG] (FabricLoader/Knot) Adding /home/wilwe/.gradle/caches/modules-2/files-2.1/net.fabricmc.fabric-api/fabric-advancement-api-v1/1.0.0+58719a3b9e/4394b4ce7f29690f622da915d780493148b974cb/fabric-advancement-api-v1-1.0.0+58719a3b9e.jar to classpath.
[10:41:16] [main/DEBUG] (FabricLoader/Knot) Adding /home/wilwe/.gradle/caches/modules-2/files-2.1/net.fabricmc.fabric-api/fabric-transfer-api-v1/8.0.13+11dbb7d79e/10f39a4b46043bc724c7ea3b93bcc0243e592abb/fabric-transfer-api-v1-8.0.13+11dbb7d79e.jar to classpath.
[10:41:16] [main/DEBUG] (FabricLoader/Knot) Adding /home/wilwe/.gradle/caches/modules-2/files-2.1/net.fabricmc.fabric-api/fabric-api-lookup-api-v1/2.0.18+11e1c9a39e/31fc094d5f4d878ed12bba2e5e8cdb42b26d83ae/fabric-api-lookup-api-v1-2.0.18+11e1c9a39e.jar to classpath.
[10:41:16] [main/DEBUG] (FabricLoader/Knot) Adding /home/wilwe/.gradle/caches/modules-2/files-2.1/net.fabricmc.fabric-api/fabric-block-api-v1/3.1.0+53515aab9e/46cf7e7564fbbb13d099c3fe1b065561f14e268f/fabric-block-api-v1-3.1.0+53515aab9e.jar to classpath.
[10:41:16] [main/DEBUG] (FabricLoader/Knot) Adding /home/wilwe/.gradle/caches/modules-2/files-2.1/net.fabricmc.fabric-api/fabric-command-api-v2/3.1.0+00cb03469e/b144d197307c39c1bc516c274d9460f0116131a3/fabric-command-api-v2-3.1.0+00cb03469e.jar to classpath.
[10:41:16] [main/DEBUG] (FabricLoader/Knot) Adding /home/wilwe/.gradle/caches/modules-2/files-2.1/net.fabricmc.fabric-api/fabric-content-registries-v0/11.3.2+37b1aa249e/6f664a04bd603be3564b614caafa898e2fc9c67c/fabric-content-registries-v0-11.3.2+37b1aa249e.jar to classpath.
[10:41:16] [main/DEBUG] (FabricLoader/Knot) Adding /home/wilwe/.gradle/caches/modules-2/files-2.1/net.fabricmc.fabric-api/fabric-data-generation-api-v1/25.6.0+c0da0b829e/6b314081c5999c2094b6a92323c055d59bf7e639/fabric-data-generation-api-v1-25.6.0+c0da0b829e.jar to classpath.
[10:41:16] [main/DEBUG] (FabricLoader/Knot) Adding /home/wilwe/.gradle/caches/modules-2/files-2.1/net.fabricmc.fabric-api/fabric-convention-tags-v2/4.7.1+1f023a9e9e/e465c608c60ceb105c4f5d792460f5de02d90135/fabric-convention-tags-v2-4.7.1+1f023a9e9e.jar to classpath.
[10:41:16] [main/DEBUG] (FabricLoader/Knot) Adding /home/wilwe/.gradle/caches/modules-2/files-2.1/net.fabricmc.fabric-api/fabric-creative-tab-api-v1/5.0.15+6468574f9e/b8896143a3467ad9eeff3bda41fb787bc080019e/fabric-creative-tab-api-v1-5.0.15+6468574f9e.jar to classpath.
[10:41:16] [main/DEBUG] (FabricLoader/Knot) Adding /home/wilwe/.gradle/caches/modules-2/files-2.1/net.fabricmc.fabric-api/fabric-data-attachment-api-v1/2.2.19+515ac5339e/6ac7e37bdfaf6b9fc26be152d01daa0f95d799a2/fabric-data-attachment-api-v1-2.2.19+515ac5339e.jar to classpath.
[10:41:16] [main/DEBUG] (FabricLoader/Knot) Adding /home/wilwe/.gradle/caches/modules-2/files-2.1/net.fabricmc.fabric-api/fabric-debug-api-v1/1.0.2+c792624d9e/9f0581bb985edf22a0d812dbe67178bd2849286/fabric-debug-api-v1-1.0.2+c792624d9e.jar to classpath.
[10:41:16] [main/DEBUG] (FabricLoader/Knot) Adding /home/wilwe/.gradle/caches/modules-2/files-2.1/net.fabricmc.fabric-api/fabric-dimensions-v1/5.1.12+515ac5339e/b9d60e3ceee08f0fbc6f19fe8264c82c5fc2d122/fabric-dimensions-v1-5.1.12+515ac5339e.jar to classpath.
[10:41:16] [main/DEBUG] (FabricLoader/Knot) Adding /home/wilwe/.gradle/caches/modules-2/files-2.1/net.fabricmc.fabric-api/fabric-entity-events-v1/5.0.5+06488ac19e/5cbecb675b91d0ebfe2ef3f20339e1a2c76c435/fabric-entity-events-v1-5.0.5+06488ac19e.jar to classpath.
[10:41:16] [main/DEBUG] (FabricLoader/Knot) Adding /home/wilwe/.gradle/caches/modules-2/files-2.1/net.fabricmc.fabric-api/fabric-events-interaction-v0/5.2.8+515ac5339e/98650380bb4e65a3deb6254e7c10a171eb907477/fabric-events-interaction-v0-5.2.8+515ac5339e.jar to classpath.
[10:41:16] [main/DEBUG] (FabricLoader/Knot) Adding /home/wilwe/.gradle/caches/modules-2/files-2.1/net.fabricmc.fabric-api/fabric-game-rule-api-v1/4.0.8+46a6d00c9e/886816530fb79c925eb1bc6c34dd4d9d82e71d49/fabric-game-rule-api-v1-4.0.8+46a6d00c9e.jar to classpath.
[10:41:16] [main/DEBUG] (FabricLoader/Knot) Adding /home/wilwe/.gradle/caches/modules-2/files-2.1/net.fabricmc.fabric-api/fabric-gametest-api-v1/4.0.22+4a7fa0819e/3fb91749fe4f238518d2980fdc18454016949190/fabric-gametest-api-v1-4.0.22+4a7fa0819e.jar to classpath.
[10:41:16] [main/DEBUG] (FabricLoader/Knot) Adding /home/wilwe/.gradle/caches/modules-2/files-2.1/net.fabricmc.fabric-api/fabric-item-api-v1/14.5.0+c68f6cbe9e/c2d241b01e3c083637adb17c2c8ff798cb752d5a/fabric-item-api-v1-14.5.0+c68f6cbe9e.jar to classpath.
[10:41:16] [main/DEBUG] (FabricLoader/Knot) Adding /home/wilwe/.gradle/caches/modules-2/files-2.1/net.fabricmc.fabric-api/fabric-recipe-api-v1/9.0.22+11e1c9a39e/e756703eda39613f8d638521829b673c92276604/fabric-recipe-api-v1-9.0.22+11e1c9a39e.jar to classpath.
[10:41:16] [main/DEBUG] (FabricLoader/Knot) Adding /home/wilwe/.gradle/caches/modules-2/files-2.1/net.fabricmc.fabric-api/fabric-model-loading-api-v1/8.0.17+c80601bb9e/b7b69be9cac7b63f853bd3c937c1b774c96a13fb/fabric-model-loading-api-v1-8.0.17+c80601bb9e.jar to classpath.
[10:41:16] [main/DEBUG] (FabricLoader/Knot) Adding /home/wilwe/.gradle/caches/modules-2/files-2.1/net.fabricmc.fabric-api/fabric-renderer-indigo/9.1.4+2b0d8a229e/48cdf540bd670fe9333a74dd1570316180d10ab3/fabric-renderer-indigo-9.1.4+2b0d8a229e.jar to classpath.
[10:41:16] [main/DEBUG] (FabricLoader/Knot) Adding /home/wilwe/.gradle/caches/modules-2/files-2.1/net.fabricmc.fabric-api/fabric-renderer-api-v1/14.1.4+2b0d8a229e/f6a6d234cc1073ffb871150d548d2164f8bc8d0b/fabric-renderer-api-v1-14.1.4+2b0d8a229e.jar to classpath.
[10:41:16] [main/DEBUG] (FabricLoader/Knot) Adding /home/wilwe/.gradle/caches/modules-2/files-2.1/net.fabricmc.fabric-api/fabric-rendering-v1/25.3.3+515ac5339e/b970a6d778b9867d6ea13d5437193f1e86a19c55/fabric-rendering-v1-25.3.3+515ac5339e.jar to classpath.
[10:41:16] [main/DEBUG] (FabricLoader/Knot) Adding /home/wilwe/.gradle/caches/modules-2/files-2.1/net.fabricmc.fabric-api/fabric-lifecycle-events-v1/4.1.4+29b6eb019e/54a508470dcea81513e39001b5c0bf9fae0f1d5/fabric-lifecycle-events-v1-4.1.4+29b6eb019e.jar to classpath.
[10:41:16] [main/DEBUG] (FabricLoader/Knot) Adding /home/wilwe/.gradle/caches/modules-2/files-2.1/net.fabricmc.fabric-api/fabric-loot-api-v3/3.0.17+06488ac19e/964f3985687b491093db6b9ff87b35106112b74d/fabric-loot-api-v3-3.0.17+06488ac19e.jar to classpath.
[10:41:16] [main/DEBUG] (FabricLoader/Knot) Adding /home/wilwe/.gradle/caches/modules-2/files-2.1/net.fabricmc.fabric-api/fabric-menu-api-v1/2.0.17+086d547a9e/2d35d55e2aa842d5eec1f9262a74074385c69cfb/fabric-menu-api-v1-2.0.17+086d547a9e.jar to classpath.
[10:41:16] [main/DEBUG] (FabricLoader/Knot) Adding /home/wilwe/.gradle/caches/modules-2/files-2.1/net.fabricmc.fabric-api/fabric-message-api-v1/7.0.8+bb2ed3f79e/106dc9ed22970076aaa39cd257b69705d136dd05/fabric-message-api-v1-7.0.8+bb2ed3f79e.jar to classpath.
[10:41:16] [main/DEBUG] (FabricLoader/Knot) Adding /home/wilwe/.gradle/caches/modules-2/files-2.1/net.fabricmc.fabric-api/fabric-client-gametest-api-v1/6.0.2+0f4f1dca9e/f54e52e7af5a41fdcf6715f87d09282b2dc9b0f2/fabric-client-gametest-api-v1-6.0.2+0f4f1dca9e.jar to classpath.
[10:41:16] [main/DEBUG] (FabricLoader/Knot) Adding /home/wilwe/.gradle/caches/modules-2/files-2.1/net.fabricmc.fabric-api/fabric-particles-v1/5.0.19+d1756aa99e/f6290d6511388b78455e2186d980553879343172/fabric-particles-v1-5.0.19+d1756aa99e.jar to classpath.
[10:41:16] [main/DEBUG] (FabricLoader/Knot) Adding /home/wilwe/.gradle/caches/modules-2/files-2.1/net.fabricmc.fabric-api/fabric-object-builder-api-v1/24.1.1+6fcd5f039e/90175252776d48f5c549835501e7fa227e68c4c8/fabric-object-builder-api-v1-24.1.1+6fcd5f039e.jar to classpath.
[10:41:16] [main/DEBUG] (FabricLoader/Knot) Adding /home/wilwe/.gradle/caches/modules-2/files-2.1/net.fabricmc.fabric-api/fabric-registry-sync-v0/7.1.1+c7bd5b8e9e/82c1ce3885265deb0c15970d4abadf0ae055a539/fabric-registry-sync-v0-7.1.1+c7bd5b8e9e.jar to classpath.
[10:41:16] [main/DEBUG] (FabricLoader/Knot) Adding /home/wilwe/.gradle/caches/modules-2/files-2.1/net.fabricmc.fabric-api/fabric-networking-api-v1/6.3.4+2989c6a09e/608860809ec66fd65ca764c4157e96030f330537/fabric-networking-api-v1-6.3.4+2989c6a09e.jar to classpath.
[10:41:16] [main/DEBUG] (FabricLoader/Knot) Adding /home/wilwe/.gradle/caches/modules-2/files-2.1/net.fabricmc.fabric-api/fabric-permission-api-v1/1.0.5+e442d8d09e/92197dd81a18322fd36b87de79bdaa8d2b4a1ba9/fabric-permission-api-v1-1.0.5+e442d8d09e.jar to classpath.
[10:41:16] [main/DEBUG] (FabricLoader/Knot) Adding /home/wilwe/.gradle/caches/modules-2/files-2.1/net.fabricmc.fabric-api/fabric-rendering-fluids-v1/6.0.4+06488ac19e/9ded3bc73b5ff3c441075d0c8eca988aacce1f1f/fabric-rendering-fluids-v1-6.0.4+06488ac19e.jar to classpath.
[10:41:16] [main/DEBUG] (FabricLoader/Knot) Adding /home/wilwe/.gradle/caches/modules-2/files-2.1/net.fabricmc.fabric-api/fabric-tag-api-v1/2.1.4+515ac5339e/f66a24273cdcc2ce424bf8c69cdc9cf48bdcb328/fabric-tag-api-v1-2.1.4+515ac5339e.jar to classpath.
[10:41:16] [main/DEBUG] (FabricLoader/Knot) Adding /home/wilwe/.gradle/caches/modules-2/files-2.1/net.fabricmc.fabric-api/fabric-resource-loader-v0/3.3.20+4fc5413f9e/c6551ab905383f3c8e046a403a78a25bebabaff0/fabric-resource-loader-v0-3.3.20+4fc5413f9e.jar to classpath.
[10:41:16] [main/DEBUG] (FabricLoader/Knot) Adding /home/wilwe/.gradle/caches/modules-2/files-2.1/net.fabricmc.fabric-api/fabric-resource-loader-v1/2.0.13+9edec1269e/db19bb66f069d7ed3dde41eb7e1f9ff3122c15a4/fabric-resource-loader-v1-2.0.13+9edec1269e.jar to classpath.
[10:41:16] [main/DEBUG] (FabricLoader/Knot) Adding /home/wilwe/.gradle/caches/modules-2/files-2.1/net.fabricmc.fabric-api/fabric-screen-api-v1/5.2.1+5087f8249e/ef9ad9a09f392eff05957c24c71e4da6797bb8d9/fabric-screen-api-v1-5.2.1+5087f8249e.jar to classpath.
[10:41:16] [main/DEBUG] (FabricLoader/Knot) Adding /home/wilwe/.gradle/caches/modules-2/files-2.1/net.fabricmc.fabric-api/fabric-api-base/2.0.4+ece063239e/e766f3698b7bab8b1e13683040f8648fab511ca3/fabric-api-base-2.0.4+ece063239e.jar to classpath.
[10:41:16] [main/DEBUG] (FabricLoader/Knot) Adding /home/wilwe/.gradle/caches/modules-2/files-2.1/net.fabricmc.fabric-api/fabric-biome-api-v1/18.0.6+c7bd5b8e9e/414c89d2bc8ab64dce1763edc4dbe4619113a5b/fabric-biome-api-v1-18.0.6+c7bd5b8e9e.jar to classpath.
[10:41:16] [main/DEBUG] (FabricLoader/Knot) Adding /home/wilwe/.gradle/caches/modules-2/files-2.1/net.fabricmc.fabric-api/fabric-block-getter-api-v2/2.0.7+ec56b6019e/8204045ca262749761be09b144618e6c4133ebe1/fabric-block-getter-api-v2-2.0.7+ec56b6019e.jar to classpath.
[10:41:16] [main/DEBUG] (FabricLoader/Knot) Adding /home/wilwe/.gradle/caches/modules-2/files-2.1/net.fabricmc.fabric-api/fabric-crash-report-info-v1/1.0.5+086d547a9e/119f48a9a648d86c89fe21444176d0032449d95c/fabric-crash-report-info-v1-1.0.5+086d547a9e.jar to classpath.
[10:41:16] [main/DEBUG] (FabricLoader/Knot) Adding /home/wilwe/.gradle/caches/modules-2/files-2.1/net.fabricmc.fabric-api/fabric-key-mapping-api-v1/2.0.5+e2bdee789e/c86dc688a7e9caa7edca9973dc6abfe37c652135/fabric-key-mapping-api-v1-2.0.5+e2bdee789e.jar to classpath.
[10:41:16] [main/DEBUG] (FabricLoader/Knot) Adding /home/wilwe/.gradle/caches/modules-2/files-2.1/net.fabricmc.fabric-api/fabric-resource-conditions-api-v1/6.1.0+10e9a28b9e/bfe91afa0e7712974b318ed7e274b493b038a596/fabric-resource-conditions-api-v1-6.1.0+10e9a28b9e.jar to classpath.
[10:41:16] [main/DEBUG] (FabricLoader/Knot) Adding /home/wilwe/.gradle/caches/modules-2/files-2.1/net.fabricmc.fabric-api/fabric-serialization-api-v1/2.0.4+11a26f319e/ebf77996be79909f639a7352689d851385a9cd2b/fabric-serialization-api-v1-2.0.4+11a26f319e.jar to classpath.
[10:41:16] [main/DEBUG] (FabricLoader/Knot) Adding /home/wilwe/.gradle/caches/modules-2/files-2.1/net.fabricmc.fabric-api/fabric-sound-api-v1/2.0.5+11a26f319e/73e4e62924608e1d1581f192607857db096dafe7/fabric-sound-api-v1-2.0.5+11a26f319e.jar to classpath.
[10:41:16] [main/DEBUG] (FabricLoader/Knot) Adding /home/wilwe/.gradle/caches/modules-2/files-2.1/net.fabricmc.fabric-api/fabric-transitive-access-wideners-v1/8.1.4+67c847259e/e1e769f8e123395ab939d5d8da900e6a6ad53ab2/fabric-transitive-access-wideners-v1-8.1.4+67c847259e.jar to classpath.
[10:41:16] [main/DEBUG] (FabricLoader/Knot) Adding /home/wilwe/.gradle/caches/modules-2/files-2.1/blue.endless/jankson/1.2.0/3a596049034f2952c0b2d40ca41f9b98856d5fb4/jankson-1.2.0.jar to classpath.
[10:41:16] [main/DEBUG] (FabricLoader/Knot) Adding /home/wilwe/.gradle/caches/modules-2/files-2.1/org.yaml/snakeyaml/1.27/359d62567480b07a679dc643f82fc926b100eed5/snakeyaml-1.27.jar to classpath.
[10:41:16] [main/DEBUG] (FabricLoader/Knot) Adding /home/wilwe/.gradle/caches/modules-2/files-2.1/me.shedaniel.cloth/basic-math/0.6.1/2ddd64b22126332794a5754ff9b942e17fb44c39/basic-math-0.6.1.jar to classpath.
[10:41:16] [main/DEBUG] (FabricLoader/Knot) Adding /home/wilwe/.gradle/caches/modules-2/files-2.1/com.google.errorprone/error_prone_annotations/2.48.0/bbe30942a31d1778c74cb272321267eca82dc708/error_prone_annotations-2.48.0.jar to classpath.
[10:41:16] [main/DEBUG] (FabricLoader/Knot) Adding /tmp/14675297127750677040.jar to classpath.
[10:41:16] [main/DEBUG] (FabricLoader/Entrypoint) No subscribers for entrypoint 'preLaunch'
[10:41:16] [main/DEBUG] (FabricLoader/Mixin) Preparing mixins for MixinEnvironment[DEFAULT]
[10:41:16] [main/DEBUG] (FabricLoader/Mixin) Selecting config fabric-client-gametest-api-v1.mixins.json
[10:41:16] [main/DEBUG] (FabricLoader/Mixin) Selecting config fabric-crash-report-info-v1.mixins.json
[10:41:16] [main/DEBUG] (FabricLoader/Mixin) Selecting config fabric-key-mapping-api-v1.mixins.json
[10:41:16] [main/DEBUG] (FabricLoader/Mixin) Selecting config fabric-events-interaction-v0.mixins.json
[10:41:16] [main/DEBUG] (FabricLoader/Mixin) Selecting config fabric-events-interaction-v0.client.mixins.json
[10:41:16] [main/DEBUG] (FabricLoader/Mixin) Selecting config geckolib.mixins.json
[10:41:16] [main/DEBUG] (FabricLoader/Mixin) Selecting config fabric-sound-api-v1.mixins.json
[10:41:16] [main/DEBUG] (FabricLoader/Mixin) Selecting config fabric-networking-api-v1.mixins.json
[10:41:16] [main/DEBUG] (FabricLoader/Mixin) Selecting config fabric-networking-api-v1.client.mixins.json
[10:41:16] [main/DEBUG] (FabricLoader/Mixin) Selecting config fabric-data-generation-api-v1.mixins.json
[10:41:16] [main/DEBUG] (FabricLoader/Mixin) Selecting config fabric-data-generation-api-v1.client.mixins.json
[10:41:16] [main/DEBUG] (FabricLoader/Mixin) Selecting config fabric-convention-tags-api-v2.mixins.json
[10:41:16] [main/DEBUG] (FabricLoader/Mixin) Selecting config fabric-object-builder-v1.mixins.json
[10:41:16] [main/DEBUG] (FabricLoader/Mixin) Selecting config fabric-object-builder-v1.client.mixins.json
[10:41:16] [main/DEBUG] (FabricLoader/Mixin) Selecting config fabric-tag-api-v1.mixins.json
[10:41:16] [main/DEBUG] (FabricLoader/Mixin) Selecting config fabric-api-lookup-api-v1.mixins.json
[10:41:16] [main/DEBUG] (FabricLoader/Mixin) Selecting config fabric-content-registries-v0.mixins.json
[10:41:16] [main/DEBUG] (FabricLoader/Mixin) Selecting config fabric-content-registries-v0.client.mixins.json
[10:41:16] [main/DEBUG] (FabricLoader/Mixin) Selecting config fabric-lifecycle-events-v1.mixins.json
[10:41:16] [main/DEBUG] (FabricLoader/Mixin) Selecting config fabric-lifecycle-events-v1.client.mixins.json
[10:41:16] [main/DEBUG] (FabricLoader/Mixin) Selecting config fabric-resource-conditions-api-v1.mixins.json
[10:41:16] [main/DEBUG] (FabricLoader/Mixin) Selecting config fabric-screen-api-v1.mixins.json
[10:41:16] [main/DEBUG] (FabricLoader/Mixin) Selecting config fabric-item-api-v1.mixins.json
[10:41:16] [main/DEBUG] (FabricLoader/Mixin) Selecting config fabric-item-api-v1.client.mixins.json
[10:41:16] [main/DEBUG] (FabricLoader/Mixin) Selecting config fabric-permission-api-v1.mixins.json
[10:41:16] [main/DEBUG] (FabricLoader/Mixin) Selecting config fabric-rendering-fluids-v1.mixins.json
[10:41:16] [main/DEBUG] (FabricLoader/Mixin) Selecting config fabric-message-api-v1.mixins.json
[10:41:16] [main/DEBUG] (FabricLoader/Mixin) Selecting config fabric-message-api-v1.client.mixins.json
[10:41:16] [main/DEBUG] (FabricLoader/Mixin) Selecting config fabric-particles-v1.mixins.json
[10:41:16] [main/DEBUG] (FabricLoader/Mixin) Selecting config fabric-particles-v1.client.mixins.json
[10:41:16] [main/DEBUG] (FabricLoader/Mixin) Selecting config architectury-common.mixins.json
[10:41:16] [main/DEBUG] (FabricLoader/Mixin) Selecting config architectury.mixins.json
[10:41:16] [main/DEBUG] (FabricLoader/Mixin) Selecting config fabric-gametest-api-v1.mixins.json
[10:41:16] [main/DEBUG] (FabricLoader/Mixin) Selecting config fabric-dimensions-v1.mixins.json
[10:41:16] [main/DEBUG] (FabricLoader/Mixin) Selecting config fabric-game-rule-api-v1.mixins.json
[10:41:16] [main/DEBUG] (FabricLoader/Mixin) Selecting config fabric-game-rule-api-v1.client.mixins.json
[10:41:16] [main/DEBUG] (FabricLoader/Mixin) Selecting config starlib.mixins.json
[10:41:16] [main/DEBUG] (FabricLoader/Mixin) Selecting config stargazer.mixins.json
[10:41:16] [main/DEBUG] (FabricLoader/Mixin) Selecting config fabric-debug-api-v1.mixins.json
[10:41:16] [main/DEBUG] (FabricLoader/Mixin) Selecting config fabric-debug-api-v1.client.mixins.json
[10:41:16] [main/DEBUG] (FabricLoader/Mixin) Selecting config fabric-block-api-v1.mixins.json
[10:41:16] [main/DEBUG] (FabricLoader/Mixin) Selecting config mixinextras.init.mixins.json
[10:41:16] [main/DEBUG] (FabricLoader/MixinExtras|Service) com.llamalad7.mixinextras.service.MixinExtrasServiceImpl(version=0.5.5) is taking over from null
[10:41:17] [main/DEBUG] (FabricLoader/Mixin) Registering new injector for @Inject with org.spongepowered.asm.mixin.injection.struct.CallbackInjectionInfo
[10:41:17] [main/DEBUG] (FabricLoader/Mixin) Registering new injector for @ModifyArg with org.spongepowered.asm.mixin.injection.struct.ModifyArgInjectionInfo
[10:41:17] [main/DEBUG] (FabricLoader/Mixin) Registering new injector for @ModifyArgs with org.spongepowered.asm.mixin.injection.struct.ModifyArgsInjectionInfo
[10:41:17] [main/DEBUG] (FabricLoader/Mixin) Registering new injector for @Redirect with org.spongepowered.asm.mixin.injection.struct.RedirectInjectionInfo
[10:41:17] [main/DEBUG] (FabricLoader/Mixin) Registering new injector for @ModifyVariable with org.spongepowered.asm.mixin.injection.struct.ModifyVariableInjectionInfo
[10:41:17] [main/DEBUG] (FabricLoader/Mixin) Registering new injector for @ModifyConstant with org.spongepowered.asm.mixin.injection.struct.ModifyConstantInjectionInfo
[10:41:17] [main/DEBUG] (FabricLoader/Mixin) Selecting config fabric-resource-loader-v1.mixins.json
[10:41:17] [main/DEBUG] (FabricLoader/Mixin) Selecting config fabric-resource-loader-v1.client.mixins.json
[10:41:17] [main/DEBUG] (FabricLoader/Mixin) Selecting config fabric-biome-api-v1.mixins.json
[10:41:17] [main/DEBUG] (FabricLoader/Mixin) Selecting config fabric-registry-sync-v0.mixins.json
[10:41:17] [main/DEBUG] (FabricLoader/Mixin) Selecting config fabric-registry-sync-v0.client.mixins.json
[10:41:17] [main/DEBUG] (FabricLoader/Mixin) Selecting config fabric-block-getter-api-v2.mixins.json
[10:41:17] [main/DEBUG] (FabricLoader/Mixin) Selecting config fabric-block-getter-api-v2.client.mixins.json
[10:41:17] [main/DEBUG] (FabricLoader/Mixin) Selecting config fabric-data-attachment-api-v1.mixins.json
[10:41:17] [main/DEBUG] (FabricLoader/Mixin) Selecting config fabric-data-attachment-api-v1.client.mixins.json
[10:41:17] [main/DEBUG] (FabricLoader/Mixin) Selecting config fabric-creative-tab-api-v1.mixins.json
[10:41:17] [main/DEBUG] (FabricLoader/Mixin) Selecting config fabric-creative-tab-api-v1.client.mixins.json
[10:41:17] [main/DEBUG] (FabricLoader/Mixin) Selecting config fabric-loot-api-v3.mixins.json
[10:41:17] [main/DEBUG] (FabricLoader/Mixin) Selecting config fabric-recipe-api-v1.mixins.json
[10:41:17] [main/DEBUG] (FabricLoader/Mixin) Selecting config fabric-recipe-api-v1.client.mixins.json
[10:41:17] [main/DEBUG] (FabricLoader/Mixin) Selecting config fabric-command-api-v2.mixins.json
[10:41:17] [main/DEBUG] (FabricLoader/Mixin) Selecting config fabric-command-api-v2.client.mixins.json
[10:41:17] [main/DEBUG] (FabricLoader/Mixin) Selecting config fabric-transfer-api-v1.mixins.json
[10:41:17] [main/DEBUG] (FabricLoader/Mixin) Selecting config fabric-menu-api-v1.mixins.json
[10:41:17] [main/DEBUG] (FabricLoader/Mixin) Selecting config rei.mixins.json
[10:41:17] [main/DEBUG] (FabricLoader/Mixin) Selecting config fabric-rendering-v1.mixins.json
[10:41:17] [main/DEBUG] (FabricLoader/Mixin) Selecting config fabric-advancement-api-v1.mixins.json
[10:41:17] [main/DEBUG] (FabricLoader/Mixin) Selecting config fabric-renderer-indigo.mixins.json
[10:41:17] [main/DEBUG] (FabricLoader/Mixin) Selecting config fabric-model-loading-api-v1.mixins.json
[10:41:17] [main/DEBUG] (FabricLoader/Mixin) Selecting config fabric-renderer-api-v1.mixins.json
[10:41:17] [main/DEBUG] (FabricLoader/Mixin) Selecting config fabric-entity-events-v1.mixins.json
[10:41:17] [main/DEBUG] (FabricLoader/Mixin) Selecting config fabric-serialization-api-v1.mixins.json
[10:41:17] [main/DEBUG] (FabricLoader/Mixin) Preparing fabric-client-gametest-api-v1.mixins.json (25)
[10:41:17] [main/DEBUG] (FabricLoader/Mixin) Preparing fabric-crash-report-info-v1.mixins.json (2)
[10:41:17] [main/DEBUG] (FabricLoader/Mixin) Preparing fabric-key-mapping-api-v1.mixins.json (3)
[10:41:17] [main/DEBUG] (FabricLoader/Mixin) Preparing fabric-events-interaction-v0.mixins.json (8)
[10:41:17] [main/DEBUG] (FabricLoader/Mixin) Preparing fabric-events-interaction-v0.client.mixins.json (4)
[10:41:17] [main/DEBUG] (FabricLoader/Mixin) Preparing geckolib.mixins.json (17)
[10:41:17] [main/DEBUG] (FabricLoader/Mixin) Preparing fabric-sound-api-v1.mixins.json (2)
[10:41:17] [main/DEBUG] (FabricLoader/Mixin) Preparing fabric-networking-api-v1.mixins.json (28)
[10:41:17] [main/DEBUG] (FabricLoader/Mixin) Preparing fabric-networking-api-v1.client.mixins.json (10)
[10:41:17] [main/DEBUG] (FabricLoader/Mixin) Preparing fabric-data-generation-api-v1.mixins.json (20)
[10:41:17] [main/DEBUG] (FabricLoader/Mixin) Preparing fabric-data-generation-api-v1.client.mixins.json (4)
[10:41:17] [main/DEBUG] (FabricLoader/Mixin) Preparing fabric-convention-tags-api-v2.mixins.json (1)
[10:41:17] [main/DEBUG] (FabricLoader/Mixin) Preparing fabric-object-builder-v1.mixins.json (12)
[10:41:17] [main/DEBUG] (FabricLoader/Mixin) Preparing fabric-object-builder-v1.client.mixins.json (2)
[10:41:17] [main/DEBUG] (FabricLoader/Mixin) Preparing fabric-tag-api-v1.mixins.json (8)
[10:41:17] [main/DEBUG] (FabricLoader/Mixin) Preparing fabric-api-lookup-api-v1.mixins.json (2)
[10:41:17] [main/DEBUG] (FabricLoader/Mixin) Preparing fabric-content-registries-v0.mixins.json (26)
[10:41:17] [main/DEBUG] (FabricLoader/Mixin) Preparing fabric-content-registries-v0.client.mixins.json (2)
[10:41:17] [main/DEBUG] (FabricLoader/Mixin) Preparing fabric-lifecycle-events-v1.mixins.json (16)
[10:41:17] [main/DEBUG] (FabricLoader/Mixin) Preparing fabric-lifecycle-events-v1.client.mixins.json (7)
[10:41:17] [main/DEBUG] (FabricLoader/Mixin) Preparing fabric-resource-conditions-api-v1.mixins.json (8)
[10:41:17] [main/DEBUG] (FabricLoader/Mixin) Preparing fabric-screen-api-v1.mixins.json (8)
[10:41:17] [main/DEBUG] (FabricLoader/Mixin) Preparing fabric-item-api-v1.mixins.json (19)
[10:41:17] [main/DEBUG] (FabricLoader/Mixin) Preparing fabric-item-api-v1.client.mixins.json (3)
[10:41:17] [main/DEBUG] (FabricLoader/Mixin) Preparing fabric-permission-api-v1.mixins.json (2)
[10:41:17] [main/DEBUG] (FabricLoader/Mixin) Preparing fabric-rendering-fluids-v1.mixins.json (2)
[10:41:17] [main/DEBUG] (FabricLoader/Mixin) Preparing fabric-message-api-v1.mixins.json (2)
[10:41:17] [main/DEBUG] (FabricLoader/Mixin) Preparing fabric-message-api-v1.client.mixins.json (2)
[10:41:17] [main/DEBUG] (FabricLoader/Mixin) Preparing fabric-particles-v1.mixins.json (8)
[10:41:17] [main/DEBUG] (FabricLoader/Mixin) Preparing fabric-particles-v1.client.mixins.json (4)
[10:41:17] [main/DEBUG] (FabricLoader/Mixin) Preparing architectury-common.mixins.json (8)
[10:41:17] [main/DEBUG] (FabricLoader/Mixin) Preparing architectury.mixins.json (48)
[10:41:17] [main/DEBUG] (FabricLoader/Mixin) Preparing fabric-gametest-api-v1.mixins.json (4)
[10:41:17] [main/DEBUG] (FabricLoader/Mixin) Preparing fabric-dimensions-v1.mixins.json (7)
[10:41:17] [main/DEBUG] (FabricLoader/Mixin) Preparing fabric-game-rule-api-v1.mixins.json (5)
[10:41:17] [main/DEBUG] (FabricLoader/Mixin) Preparing fabric-game-rule-api-v1.client.mixins.json (3)
[10:41:17] [main/DEBUG] (FabricLoader/Mixin) Preparing starlib.mixins.json (4)
[10:41:17] [main/DEBUG] (FabricLoader/Mixin) Preparing stargazer.mixins.json (10)
[10:41:17] [main/DEBUG] (FabricLoader/Mixin) Preparing fabric-debug-api-v1.mixins.json (2)
[10:41:17] [main/DEBUG] (FabricLoader/Mixin) Preparing fabric-debug-api-v1.client.mixins.json (2)
[10:41:17] [main/DEBUG] (FabricLoader/Mixin) Preparing fabric-block-api-v1.mixins.json (10)
[10:41:17] [main/DEBUG] (FabricLoader/Mixin) Preparing mixinextras.init.mixins.json (0)
[10:41:17] [main/DEBUG] (FabricLoader/Mixin) Preparing fabric-resource-loader-v1.mixins.json (15)
[10:41:17] [main/DEBUG] (FabricLoader/Mixin) Preparing fabric-resource-loader-v1.client.mixins.json (9)
[10:41:17] [main/DEBUG] (FabricLoader/Mixin) Preparing fabric-biome-api-v1.mixins.json (9)
[10:41:17] [main/DEBUG] (FabricLoader/Mixin) Preparing fabric-registry-sync-v0.mixins.json (16)
[10:41:17] [main/DEBUG] (FabricLoader/Mixin) Preparing fabric-registry-sync-v0.client.mixins.json (4)
[10:41:17] [main/DEBUG] (FabricLoader/Mixin) Preparing fabric-block-getter-api-v2.mixins.json (3)
[10:41:17] [main/DEBUG] (FabricLoader/Mixin) Preparing fabric-block-getter-api-v2.client.mixins.json (3)
[10:41:17] [main/DEBUG] (FabricLoader/Mixin) Preparing fabric-data-attachment-api-v1.mixins.json (18)
[10:41:17] [main/DEBUG] (FabricLoader/Mixin) Preparing fabric-data-attachment-api-v1.client.mixins.json (2)
[10:41:17] [main/DEBUG] (FabricLoader/Mixin) Preparing fabric-creative-tab-api-v1.mixins.json (3)
[10:41:17] [main/DEBUG] (FabricLoader/Mixin) Preparing fabric-creative-tab-api-v1.client.mixins.json (1)
[10:41:17] [main/DEBUG] (FabricLoader/Mixin) Preparing fabric-loot-api-v3.mixins.json (8)
[10:41:17] [main/DEBUG] (FabricLoader/Mixin) Preparing fabric-recipe-api-v1.mixins.json (8)
[10:41:17] [main/DEBUG] (FabricLoader/Mixin) Preparing fabric-recipe-api-v1.client.mixins.json (3)
[10:41:17] [main/DEBUG] (FabricLoader/Mixin) Preparing fabric-command-api-v2.mixins.json (5)
[10:41:17] [main/DEBUG] (FabricLoader/Mixin) Preparing fabric-command-api-v2.client.mixins.json (3)
[10:41:17] [main/DEBUG] (FabricLoader/Mixin) Preparing fabric-transfer-api-v1.mixins.json (18)
[10:41:17] [main/DEBUG] (FabricLoader/Mixin) Preparing fabric-menu-api-v1.mixins.json (2)
[10:41:17] [main/DEBUG] (FabricLoader/Mixin) Preparing rei.mixins.json (8)
[10:41:17] [main/DEBUG] (FabricLoader/Mixin) Preparing fabric-rendering-v1.mixins.json (56)
[10:41:17] [main/DEBUG] (FabricLoader/Mixin) Preparing fabric-advancement-api-v1.mixins.json (4)
[10:41:17] [main/DEBUG] (FabricLoader/Mixin) Preparing fabric-renderer-indigo.mixins.json (2)
[10:41:17] [main/DEBUG] (FabricLoader/Mixin) Preparing fabric-model-loading-api-v1.mixins.json (6)
[10:41:17] [main/DEBUG] (FabricLoader/Mixin) Preparing fabric-renderer-api-v1.mixins.json (28)
[10:41:17] [main/DEBUG] (FabricLoader/Mixin) Preparing fabric-entity-events-v1.mixins.json (13)
[10:41:17] [main/DEBUG] (FabricLoader/Mixin) Preparing fabric-serialization-api-v1.mixins.json (4)
[10:41:17] [main/DEBUG] (FabricLoader/Mixin) Inner class net/fabricmc/fabric/mixin/gametest/StructureTemplateManagerMixin$1 in net/fabricmc/fabric/mixin/gametest/StructureTemplateManagerMixin on net/minecraft/world/level/levelgen/structure/templatesystem/StructureTemplateManager gets unique name net/minecraft/world/level/levelgen/structure/templatesystem/StructureTemplateManager$Anonymous$2385a326ce863bc0bf2a11ea898a45b4
[10:41:17] [main/DEBUG] (FabricLoader/Mixin) Inner class net/fabricmc/fabric/mixin/registry/sync/MappedRegistryMixin$1 in net/fabricmc/fabric/mixin/registry/sync/MappedRegistryMixin on net/minecraft/core/MappedRegistry gets unique name net/minecraft/core/MappedRegistry$Anonymous$0a3f9fa0a200368cad403406b73f8d7f
[10:41:17] [main/DEBUG] (FabricLoader/Mixin) Inner class net/fabricmc/fabric/mixin/creativetab/CreativeModeTabsMixin$1CreativeModeTabPosition in net/fabricmc/fabric/mixin/creativetab/CreativeModeTabsMixin on net/minecraft/world/item/CreativeModeTabs gets unique name net/minecraft/world/item/CreativeModeTabs$1CreativeModeTabPosition$0e98f82501ab3a9692342fe737dd0eec
[10:41:17] [main/DEBUG] (FabricLoader/Mixin) Inner class net/fabricmc/fabric/mixin/transfer/ChiseledBookShelfBlockEntityMixin$1 in net/fabricmc/fabric/mixin/transfer/ChiseledBookShelfBlockEntityMixin on net/minecraft/world/level/block/entity/ChiseledBookShelfBlockEntity gets unique name net/minecraft/world/level/block/entity/ChiseledBookShelfBlockEntity$Anonymous$6b8fabc9a3dd3f94be74f1199f97fdb5
[10:41:17] [main/DEBUG] (FabricLoader/Mixin) Inner class net/fabricmc/fabric/mixin/client/renderer/block/model/MultiPartModelMixin$1Key in net/fabricmc/fabric/mixin/client/renderer/block/model/MultiPartModelMixin on net/minecraft/client/renderer/block/dispatch/multipart/MultiPartModel gets unique name net/minecraft/client/renderer/block/dispatch/multipart/MultiPartModel$1Key$d4e3290e0bec3848952b79305a2bdde0
[10:41:17] [main/DEBUG] (FabricLoader/Mixin) Inner class net/fabricmc/fabric/mixin/client/renderer/block/render/MovingBlockFeatureRendererMixin$1 in net/fabricmc/fabric/mixin/client/renderer/block/render/MovingBlockFeatureRendererMixin on net/minecraft/client/renderer/feature/MovingBlockFeatureRenderer gets unique name net/minecraft/client/renderer/feature/MovingBlockFeatureRenderer$Anonymous$f26b90aaddd338f3a91348764399f40b
[10:41:17] [main/DEBUG] (FabricLoader/Mixin) Prepared 579 mixins in 0.512 sec (0.9ms avg) (0ms load, 0ms transform, 0ms plugin)
[10:41:17] [main/DEBUG] (io.netty.util.internal.logging.InternalLoggerFactory) Using SLF4J as the default logging framework
[10:41:17] [main/DEBUG] (io.netty.util.ResourceLeakDetector) -Dio.netty.leakDetection.level: simple
[10:41:17] [main/DEBUG] (io.netty.util.ResourceLeakDetector) -Dio.netty.leakDetection.targetRecords: 4
[10:41:17] [main/DEBUG] (com.mojang.blaze3d.platform.NativeLibrariesBootstrap) Loading LWJGL system
[10:41:17] [main/DEBUG] (com.mojang.blaze3d.platform.NativeLibrariesBootstrap) Loading OpenAL
[10:41:17] [main/DEBUG] (com.mojang.blaze3d.platform.NativeLibrariesBootstrap) Loading OpenGL
[10:41:17] [main/DEBUG] (com.mojang.blaze3d.platform.NativeLibrariesBootstrap) Loading STB
[10:41:17] [main/DEBUG] (com.mojang.blaze3d.platform.NativeLibrariesBootstrap) Loading tinyfd
[10:41:17] [main/DEBUG] (com.mojang.blaze3d.platform.NativeLibrariesBootstrap) Loading vma
[10:41:17] [main/DEBUG] (com.mojang.blaze3d.platform.NativeLibrariesBootstrap) Loading shaderc
[10:41:17] [main/DEBUG] (com.mojang.blaze3d.platform.NativeLibrariesBootstrap) Loading GLFW
[10:41:17] [main/DEBUG] (com.mojang.blaze3d.platform.NativeLibrariesBootstrap) Loading spvc
[10:41:17] [main/DEBUG] (com.mojang.blaze3d.platform.NativeLibrariesBootstrap) Loading freetype
[10:41:17] [main/DEBUG] (com.mojang.blaze3d.platform.NativeLibrariesBootstrap) Library load time: 338 ms
[10:41:18] [main/INFO] (FabricLoader/MixinExtras|Service) Initializing MixinExtras via com.llamalad7.mixinextras.service.MixinExtrasServiceImpl(version=0.5.5).
[10:41:18] [main/DEBUG] (FabricLoader/Mixin) Registering new injector for @SugarWrapper with com.llamalad7.mixinextras.sugar.impl.SugarWrapperInjectionInfo
[10:41:18] [main/DEBUG] (FabricLoader/Mixin) Registering new injector for @FactoryRedirectWrapper with com.llamalad7.mixinextras.wrapper.factory.FactoryRedirectWrapperInjectionInfo
[10:41:18] [main/DEBUG] (FabricLoader/Mixin) Registering new injector for @ExpressionInjectorWrapper with com.llamalad7.mixinextras.expression.impl.wrapper.ExpressionInjectorWrapperInjectionInfo
[10:41:18] [main/DEBUG] (FabricLoader/Mixin) Mixing DimensionStorageFileFixMixin from fabric-data-attachment-api-v1.mixins.json into net.minecraft.util.filefix.fixes.DimensionStorageFileFix
[10:41:18] [main/DEBUG] (FabricLoader/Mixin) Mixing TaggedChoiceMixin from fabric-dimensions-v1.mixins.json into com.mojang.datafixers.types.templates.TaggedChoice
[10:41:18] [main/DEBUG] (FabricLoader/Mixin) fabric-dimensions-v1.mixins.json:TaggedChoiceMixin from mod fabric-dimensions-v1->@Inject::onApply(Lcom/mojang/datafixers/util/Pair;Lorg/spongepowered/asm/mixin/injection/callback/CallbackInfoReturnable;)V does use it's CallbackInfoReturnable
[10:41:18] [main/DEBUG] (FabricLoader/Mixin) Mixing TaggedChoiceTaggedChoiceTypeMixin from fabric-dimensions-v1.mixins.json into com.mojang.datafixers.types.templates.TaggedChoice$TaggedChoiceType
[10:41:18] [main/DEBUG] (FabricLoader/Mixin) fabric-dimensions-v1.mixins.json:TaggedChoiceTaggedChoiceTypeMixin from mod fabric-dimensions-v1->@Inject::onGetCodec(Ljava/lang/Object;Lorg/spongepowered/asm/mixin/injection/callback/CallbackInfoReturnable;)V does use it's CallbackInfoReturnable
[10:41:18] [main/DEBUG] (FabricLoader/Mixin) Mixing RegistriesMixin from fabric-registry-sync-v0.mixins.json into net.minecraft.core.registries.Registries
[10:41:18] [main/DEBUG] (FabricLoader/Mixin) Mixing V2832Mixin from fabric-dimensions-v1.mixins.json into net.minecraft.util.datafix.schemas.V2832
[10:41:18] [main/DEBUG] (FabricLoader/Mixin) Mixing SystemReportMixin from fabric-crash-report-info-v1.mixins.json into net.minecraft.SystemReport
[10:41:18] [main/DEBUG] (FabricLoader/Mixin) Renaming synthetic method lambda$appendMods$0(Lnet/fabricmc/loader/api/ModContainer;)Ljava/lang/String; to mdf26aa6$fabric-crash-report-info-v1$lambda$appendMods$0$0 in fabric-crash-report-info-v1.mixins.json:SystemReportMixin from mod fabric-crash-report-info-v1
[10:41:18] [main/DEBUG] (FabricLoader/Mixin) Renaming synthetic method lambda$fillSystemDetails$0()Ljava/lang/Object; to mdf26aa6$fabric-crash-report-info-v1$lambda$fillSystemDetails$0$1 in fabric-crash-report-info-v1.mixins.json:SystemReportMixin from mod fabric-crash-report-info-v1
[10:41:18] [main/DEBUG] (FabricLoader/Mixin) fabric-crash-report-info-v1.mixins.json:SystemReportMixin from mod fabric-crash-report-info-v1->@Inject::fillSystemDetails(Lorg/spongepowered/asm/mixin/injection/callback/CallbackInfo;)V doesn't use it's CallbackInfo
[10:41:18] [main/DEBUG] (FabricLoader/Mixin) fabric-crash-report-info-v1.mixins.json:SystemReportMixin from mod fabric-crash-report-info-v1->@Inject::fillSystemDetails(Lorg/spongepowered/asm/mixin/injection/callback/CallbackInfo;)V has 0 override(s) in child classes
[10:41:18] [main/DEBUG] (FabricLoader/Mixin) fabric-crash-report-info-v1.mixins.json:SystemReportMixin from mod fabric-crash-report-info-v1->@Inject::fillSystemDetails(Lorg/spongepowered/asm/mixin/injection/callback/CallbackInfo;)V won't be passed a CallbackInfo as a result
[10:41:18] [main/DEBUG] (oshi.util.FileUtil) Reading file /proc/self/auxv
[10:41:18] [main/DEBUG] (oshi.util.FileUtil) Reading file /proc/self/auxv
[10:41:18] [main/DEBUG] (oshi.util.FileUtil) Reading file /proc/stat
[10:41:18] [main/DEBUG] (oshi.util.FileUtil) Reading file /sys/devices/system/cpu/cpu0/topology/core_id
[10:41:18] [main/DEBUG] (oshi.util.FileUtil) Reading file /sys/devices/system/cpu/cpu0/topology/core_id
[10:41:18] [main/DEBUG] (oshi.util.FileUtil) Reading file /sys/devices/system/cpu/cpu0/topology/physical_package_id
[10:41:18] [main/DEBUG] (oshi.util.FileUtil) Reading file /sys/devices/system/cpu/cpu0/topology/physical_package_id
[10:41:18] [main/DEBUG] (oshi.util.FileUtil) Reading file /sys/devices/system/cpu/cpu0/cpu_capacity
[10:41:18] [main/DEBUG] (oshi.util.FileUtil) Reading file /sys/devices/system/cpu/cpu0/cpu_capacity
[10:41:18] [main/DEBUG] (oshi.util.FileUtil) Reading file /sys/devices/system/cpu/cpu0/cache/index2/level
[10:41:18] [main/DEBUG] (oshi.util.FileUtil) Reading file /sys/devices/system/cpu/cpu0/cache/index2/level
[10:41:18] [main/DEBUG] (oshi.util.FileUtil) Reading file /sys/devices/system/cpu/cpu0/cache/index2/type
[10:41:18] [main/DEBUG] (oshi.util.FileUtil) Reading file /sys/devices/system/cpu/cpu0/cache/index2/type
[10:41:18] [main/DEBUG] (oshi.util.FileUtil) Reading file /sys/devices/system/cpu/cpu0/cache/index2/ways_of_associativity
[10:41:18] [main/DEBUG] (oshi.util.FileUtil) Reading file /sys/devices/system/cpu/cpu0/cache/index2/ways_of_associativity
[10:41:18] [main/DEBUG] (oshi.util.FileUtil) Reading file /sys/devices/system/cpu/cpu0/cache/index2/coherency_line_size
[10:41:18] [main/DEBUG] (oshi.util.FileUtil) Reading file /sys/devices/system/cpu/cpu0/cache/index2/coherency_line_size
[10:41:18] [main/DEBUG] (oshi.util.FileUtil) Reading file /sys/devices/system/cpu/cpu0/cache/index2/size
[10:41:18] [main/DEBUG] (oshi.util.FileUtil) Reading file /sys/devices/system/cpu/cpu0/cache/index2/size
[10:41:18] [main/DEBUG] (oshi.util.FileUtil) Reading file /sys/devices/system/cpu/cpu0/cache/index0/level
[10:41:18] [main/DEBUG] (oshi.util.FileUtil) Reading file /sys/devices/system/cpu/cpu0/cache/index0/level
[10:41:18] [main/DEBUG] (oshi.util.FileUtil) Reading file /sys/devices/system/cpu/cpu0/cache/index0/type
[10:41:18] [main/DEBUG] (oshi.util.FileUtil) Reading file /sys/devices/system/cpu/cpu0/cache/index0/type
[10:41:18] [main/DEBUG] (oshi.util.FileUtil) Reading file /sys/devices/system/cpu/cpu0/cache/index0/ways_of_associativity
[10:41:18] [main/DEBUG] (oshi.util.FileUtil) Reading file /sys/devices/system/cpu/cpu0/cache/index0/ways_of_associativity
[10:41:18] [main/DEBUG] (oshi.util.FileUtil) Reading file /sys/devices/system/cpu/cpu0/cache/index0/coherency_line_size
[10:41:18] [main/DEBUG] (oshi.util.FileUtil) Reading file /sys/devices/system/cpu/cpu0/cache/index0/coherency_line_size
[10:41:18] [main/DEBUG] (oshi.util.FileUtil) Reading file /sys/devices/system/cpu/cpu0/cache/index0/size
[10:41:18] [main/DEBUG] (oshi.util.FileUtil) Reading file /sys/devices/system/cpu/cpu0/cache/index0/size
[10:41:18] [main/DEBUG] (oshi.util.FileUtil) Reading file /sys/devices/system/cpu/cpu0/cache/index3/level
[10:41:18] [main/DEBUG] (oshi.util.FileUtil) Reading file /sys/devices/system/cpu/cpu0/cache/index3/level
[10:41:18] [main/DEBUG] (oshi.util.FileUtil) Reading file /sys/devices/system/cpu/cpu0/cache/index3/type
[10:41:18] [main/DEBUG] (oshi.util.FileUtil) Reading file /sys/devices/system/cpu/cpu0/cache/index3/type
[10:41:18] [main/DEBUG] (oshi.util.FileUtil) Reading file /sys/devices/system/cpu/cpu0/cache/index3/ways_of_associativity
[10:41:18] [main/DEBUG] (oshi.util.FileUtil) Reading file /sys/devices/system/cpu/cpu0/cache/index3/ways_of_associativity
[10:41:18] [main/DEBUG] (oshi.util.FileUtil) Reading file /sys/devices/system/cpu/cpu0/cache/index3/coherency_line_size
[10:41:18] [main/DEBUG] (oshi.util.FileUtil) Reading file /sys/devices/system/cpu/cpu0/cache/index3/coherency_line_size
[10:41:18] [main/DEBUG] (oshi.util.FileUtil) Reading file /sys/devices/system/cpu/cpu0/cache/index3/size
[10:41:18] [main/DEBUG] (oshi.util.FileUtil) Reading file /sys/devices/system/cpu/cpu0/cache/index3/size
[10:41:18] [main/DEBUG] (oshi.util.FileUtil) Reading file /sys/devices/system/cpu/cpu0/cache/index1/level
[10:41:18] [main/DEBUG] (oshi.util.FileUtil) Reading file /sys/devices/system/cpu/cpu0/cache/index1/level
[10:41:18] [main/DEBUG] (oshi.util.FileUtil) Reading file /sys/devices/system/cpu/cpu0/cache/index1/type
[10:41:18] [main/DEBUG] (oshi.util.FileUtil) Reading file /sys/devices/system/cpu/cpu0/cache/index1/type
[10:41:18] [main/DEBUG] (oshi.util.FileUtil) Reading file /sys/devices/system/cpu/cpu0/cache/index1/ways_of_associativity
[10:41:18] [main/DEBUG] (oshi.util.FileUtil) Reading file /sys/devices/system/cpu/cpu0/cache/index1/ways_of_associativity
[10:41:18] [main/DEBUG] (oshi.util.FileUtil) Reading file /sys/devices/system/cpu/cpu0/cache/index1/coherency_line_size
[10:41:18] [main/DEBUG] (oshi.util.FileUtil) Reading file /sys/devices/system/cpu/cpu0/cache/index1/coherency_line_size
[10:41:18] [main/DEBUG] (oshi.util.FileUtil) Reading file /sys/devices/system/cpu/cpu0/cache/index1/size
[10:41:18] [main/DEBUG] (oshi.util.FileUtil) Reading file /sys/devices/system/cpu/cpu0/cache/index1/size
[10:41:18] [main/DEBUG] (oshi.util.FileUtil) Reading file /sys/devices/system/cpu/cpu1/topology/core_id
[10:41:18] [main/DEBUG] (oshi.util.FileUtil) Reading file /sys/devices/system/cpu/cpu1/topology/core_id
[10:41:18] [main/DEBUG] (oshi.util.FileUtil) Reading file /sys/devices/system/cpu/cpu1/topology/physical_package_id
[10:41:18] [main/DEBUG] (oshi.util.FileUtil) Reading file /sys/devices/system/cpu/cpu1/topology/physical_package_id
[10:41:18] [main/DEBUG] (oshi.util.FileUtil) Reading file /sys/devices/system/cpu/cpu1/cpu_capacity
[10:41:18] [main/DEBUG] (oshi.util.FileUtil) Reading file /sys/devices/system/cpu/cpu1/cpu_capacity
[10:41:18] [main/DEBUG] (oshi.util.FileUtil) Reading file /sys/devices/system/cpu/cpu1/cache/index2/level
[10:41:18] [main/DEBUG] (oshi.util.FileUtil) Reading file /sys/devices/system/cpu/cpu1/cache/index2/level
[10:41:18] [main/DEBUG] (oshi.util.FileUtil) Reading file /sys/devices/system/cpu/cpu1/cache/index2/type
[10:41:18] [main/DEBUG] (oshi.util.FileUtil) Reading file /sys/devices/system/cpu/cpu1/cache/index2/type
[10:41:18] [main/DEBUG] (oshi.util.FileUtil) Reading file /sys/devices/system/cpu/cpu1/cache/index2/ways_of_associativity
[10:41:18] [main/DEBUG] (oshi.util.FileUtil) Reading file /sys/devices/system/cpu/cpu1/cache/index2/ways_of_associativity
[10:41:18] [main/DEBUG] (oshi.util.FileUtil) Reading file /sys/devices/system/cpu/cpu1/cache/index2/coherency_line_size
[10:41:18] [main/DEBUG] (oshi.util.FileUtil) Reading file /sys/devices/system/cpu/cpu1/cache/index2/coherency_line_size
[10:41:18] [main/DEBUG] (oshi.util.FileUtil) Reading file /sys/devices/system/cpu/cpu1/cache/index2/size
[10:41:18] [main/DEBUG] (oshi.util.FileUtil) Reading file /sys/devices/system/cpu/cpu1/cache/index2/size
[10:41:18] [main/DEBUG] (oshi.util.FileUtil) Reading file /sys/devices/system/cpu/cpu1/cache/index0/level
[10:41:18] [main/DEBUG] (oshi.util.FileUtil) Reading file /sys/devices/system/cpu/cpu1/cache/index0/level
[10:41:18] [main/DEBUG] (oshi.util.FileUtil) Reading file /sys/devices/system/cpu/cpu1/cache/index0/type
[10:41:18] [main/DEBUG] (oshi.util.FileUtil) Reading file /sys/devices/system/cpu/cpu1/cache/index0/type
[10:41:18] [main/DEBUG] (oshi.util.FileUtil) Reading file /sys/devices/system/cpu/cpu1/cache/index0/ways_of_associativity
[10:41:18] [main/DEBUG] (oshi.util.FileUtil) Reading file /sys/devices/system/cpu/cpu1/cache/index0/ways_of_associativity
[10:41:18] [main/DEBUG] (oshi.util.FileUtil) Reading file /sys/devices/system/cpu/cpu1/cache/index0/coherency_line_size
[10:41:18] [main/DEBUG] (oshi.util.FileUtil) Reading file /sys/devices/system/cpu/cpu1/cache/index0/coherency_line_size
[10:41:18] [main/DEBUG] (oshi.util.FileUtil) Reading file /sys/devices/system/cpu/cpu1/cache/index0/size
[10:41:18] [main/DEBUG] (oshi.util.FileUtil) Reading file /sys/devices/system/cpu/cpu1/cache/index0/size
[10:41:18] [main/DEBUG] (oshi.util.FileUtil) Reading file /sys/devices/system/cpu/cpu1/cache/index3/level
[10:41:18] [main/DEBUG] (oshi.util.FileUtil) Reading file /sys/devices/system/cpu/cpu1/cache/index3/level
[10:41:18] [main/DEBUG] (oshi.util.FileUtil) Reading file /sys/devices/system/cpu/cpu1/cache/index3/type
[10:41:18] [main/DEBUG] (oshi.util.FileUtil) Reading file /sys/devices/system/cpu/cpu1/cache/index3/type
[10:41:18] [main/DEBUG] (oshi.util.FileUtil) Reading file /sys/devices/system/cpu/cpu1/cache/index3/ways_of_associativity
[10:41:18] [main/DEBUG] (oshi.util.FileUtil) Reading file /sys/devices/system/cpu/cpu1/cache/index3/ways_of_associativity
[10:41:18] [main/DEBUG] (oshi.util.FileUtil) Reading file /sys/devices/system/cpu/cpu1/cache/index3/coherency_line_size
[10:41:18] [main/DEBUG] (oshi.util.FileUtil) Reading file /sys/devices/system/cpu/cpu1/cache/index3/coherency_line_size
[10:41:18] [main/DEBUG] (oshi.util.FileUtil) Reading file /sys/devices/system/cpu/cpu1/cache/index3/size
[10:41:18] [main/DEBUG] (oshi.util.FileUtil) Reading file /sys/devices/system/cpu/cpu1/cache/index3/size
[10:41:18] [main/DEBUG] (oshi.util.FileUtil) Reading file /sys/devices/system/cpu/cpu1/cache/index1/level
[10:41:18] [main/DEBUG] (oshi.util.FileUtil) Reading file /sys/devices/system/cpu/cpu1/cache/index1/level
[10:41:18] [main/DEBUG] (oshi.util.FileUtil) Reading file /sys/devices/system/cpu/cpu1/cache/index1/type
[10:41:18] [main/DEBUG] (oshi.util.FileUtil) Reading file /sys/devices/system/cpu/cpu1/cache/index1/type
[10:41:18] [main/DEBUG] (oshi.util.FileUtil) Reading file /sys/devices/system/cpu/cpu1/cache/index1/ways_of_associativity
[10:41:18] [main/DEBUG] (oshi.util.FileUtil) Reading file /sys/devices/system/cpu/cpu1/cache/index1/ways_of_associativity
[10:41:18] [main/DEBUG] (oshi.util.FileUtil) Reading file /sys/devices/system/cpu/cpu1/cache/index1/coherency_line_size
[10:41:18] [main/DEBUG] (oshi.util.FileUtil) Reading file /sys/devices/system/cpu/cpu1/cache/index1/coherency_line_size
[10:41:18] [main/DEBUG] (oshi.util.FileUtil) Reading file /sys/devices/system/cpu/cpu1/cache/index1/size
[10:41:18] [main/DEBUG] (oshi.util.FileUtil) Reading file /sys/devices/system/cpu/cpu1/cache/index1/size
[10:41:18] [main/DEBUG] (oshi.util.FileUtil) Reading file /sys/devices/system/cpu/cpu10/topology/core_id
[10:41:18] [main/DEBUG] (oshi.util.FileUtil) Reading file /sys/devices/system/cpu/cpu10/topology/core_id
[10:41:18] [main/DEBUG] (oshi.util.FileUtil) Reading file /sys/devices/system/cpu/cpu10/topology/physical_package_id
[10:41:18] [main/DEBUG] (oshi.util.FileUtil) Reading file /sys/devices/system/cpu/cpu10/topology/physical_package_id
[10:41:18] [main/DEBUG] (oshi.util.FileUtil) Reading file /sys/devices/system/cpu/cpu10/cpu_capacity
[10:41:18] [main/DEBUG] (oshi.util.FileUtil) Reading file /sys/devices/system/cpu/cpu10/cpu_capacity
[10:41:18] [main/DEBUG] (oshi.util.FileUtil) Reading file /sys/devices/system/cpu/cpu10/cache/index2/level
[10:41:18] [main/DEBUG] (oshi.util.FileUtil) Reading file /sys/devices/system/cpu/cpu10/cache/index2/level
[10:41:18] [main/DEBUG] (oshi.util.FileUtil) Reading file /sys/devices/system/cpu/cpu10/cache/index2/type
[10:41:18] [main/DEBUG] (oshi.util.FileUtil) Reading file /sys/devices/system/cpu/cpu10/cache/index2/type
[10:41:18] [main/DEBUG] (oshi.util.FileUtil) Reading file /sys/devices/system/cpu/cpu10/cache/index2/ways_of_associativity
[10:41:18] [main/DEBUG] (oshi.util.FileUtil) Reading file /sys/devices/system/cpu/cpu10/cache/index2/ways_of_associativity
[10:41:18] [main/DEBUG] (oshi.util.FileUtil) Reading file /sys/devices/system/cpu/cpu10/cache/index2/coherency_line_size
[10:41:18] [main/DEBUG] (oshi.util.FileUtil) Reading file /sys/devices/system/cpu/cpu10/cache/index2/coherency_line_size
[10:41:18] [main/DEBUG] (oshi.util.FileUtil) Reading file /sys/devices/system/cpu/cpu10/cache/index2/size
[10:41:18] [main/DEBUG] (oshi.util.FileUtil) Reading file /sys/devices/system/cpu/cpu10/cache/index2/size
[10:41:18] [main/DEBUG] (oshi.util.FileUtil) Reading file /sys/devices/system/cpu/cpu10/cache/index0/level
[10:41:18] [main/DEBUG] (oshi.util.FileUtil) Reading file /sys/devices/system/cpu/cpu10/cache/index0/level
[10:41:18] [main/DEBUG] (oshi.util.FileUtil) Reading file /sys/devices/system/cpu/cpu10/cache/index0/type
[10:41:18] [main/DEBUG] (oshi.util.FileUtil) Reading file /sys/devices/system/cpu/cpu10/cache/index0/type
[10:41:18] [main/DEBUG] (oshi.util.FileUtil) Reading file /sys/devices/system/cpu/cpu10/cache/index0/ways_of_associativity
[10:41:18] [main/DEBUG] (oshi.util.FileUtil) Reading file /sys/devices/system/cpu/cpu10/cache/index0/ways_of_associativity
[10:41:18] [main/DEBUG] (oshi.util.FileUtil) Reading file /sys/devices/system/cpu/cpu10/cache/index0/coherency_line_size
[10:41:18] [main/DEBUG] (oshi.util.FileUtil) Reading file /sys/devices/system/cpu/cpu10/cache/index0/coherency_line_size
[10:41:18] [main/DEBUG] (oshi.util.FileUtil) Reading file /sys/devices/system/cpu/cpu10/cache/index0/size
[10:41:18] [main/DEBUG] (oshi.util.FileUtil) Reading file /sys/devices/system/cpu/cpu10/cache/index0/size
[10:41:18] [main/DEBUG] (oshi.util.FileUtil) Reading file /sys/devices/system/cpu/cpu10/cache/index3/level
[10:41:18] [main/DEBUG] (oshi.util.FileUtil) Reading file /sys/devices/system/cpu/cpu10/cache/index3/level
[10:41:18] [main/DEBUG] (oshi.util.FileUtil) Reading file /sys/devices/system/cpu/cpu10/cache/index3/type
[10:41:18] [main/DEBUG] (oshi.util.FileUtil) Reading file /sys/devices/system/cpu/cpu10/cache/index3/type
[10:41:18] [main/DEBUG] (oshi.util.FileUtil) Reading file /sys/devices/system/cpu/cpu10/cache/index3/ways_of_associativity
[10:41:18] [main/DEBUG] (oshi.util.FileUtil) Reading file /sys/devices/system/cpu/cpu10/cache/index3/ways_of_associativity
[10:41:18] [main/DEBUG] (oshi.util.FileUtil) Reading file /sys/devices/system/cpu/cpu10/cache/index3/coherency_line_size
[10:41:18] [main/DEBUG] (oshi.util.FileUtil) Reading file /sys/devices/system/cpu/cpu10/cache/index3/coherency_line_size
[10:41:18] [main/DEBUG] (oshi.util.FileUtil) Reading file /sys/devices/system/cpu/cpu10/cache/index3/size
[10:41:18] [main/DEBUG] (oshi.util.FileUtil) Reading file /sys/devices/system/cpu/cpu10/cache/index3/size
[10:41:18] [main/DEBUG] (oshi.util.FileUtil) Reading file /sys/devices/system/cpu/cpu10/cache/index1/level
[10:41:18] [main/DEBUG] (oshi.util.FileUtil) Reading file /sys/devices/system/cpu/cpu10/cache/index1/level
[10:41:18] [main/DEBUG] (oshi.util.FileUtil) Reading file /sys/devices/system/cpu/cpu10/cache/index1/type
[10:41:18] [main/DEBUG] (oshi.util.FileUtil) Reading file /sys/devices/system/cpu/cpu10/cache/index1/type
[10:41:18] [main/DEBUG] (oshi.util.FileUtil) Reading file /sys/devices/system/cpu/cpu10/cache/index1/ways_of_associativity
[10:41:18] [main/DEBUG] (oshi.util.FileUtil) Reading file /sys/devices/system/cpu/cpu10/cache/index1/ways_of_associativity
[10:41:18] [main/DEBUG] (oshi.util.FileUtil) Reading file /sys/devices/system/cpu/cpu10/cache/index1/coherency_line_size
[10:41:18] [main/DEBUG] (oshi.util.FileUtil) Reading file /sys/devices/system/cpu/cpu10/cache/index1/coherency_line_size
[10:41:18] [main/DEBUG] (oshi.util.FileUtil) Reading file /sys/devices/system/cpu/cpu10/cache/index1/size
[10:41:18] [main/DEBUG] (oshi.util.FileUtil) Reading file /sys/devices/system/cpu/cpu10/cache/index1/size
[10:41:18] [main/DEBUG] (oshi.util.FileUtil) Reading file /sys/devices/system/cpu/cpu11/topology/core_id
[10:41:18] [main/DEBUG] (oshi.util.FileUtil) Reading file /sys/devices/system/cpu/cpu11/topology/core_id
[10:41:18] [main/DEBUG] (oshi.util.FileUtil) Reading file /sys/devices/system/cpu/cpu11/topology/physical_package_id
[10:41:18] [main/DEBUG] (oshi.util.FileUtil) Reading file /sys/devices/system/cpu/cpu11/topology/physical_package_id
[10:41:18] [main/DEBUG] (oshi.util.FileUtil) Reading file /sys/devices/system/cpu/cpu11/cpu_capacity
[10:41:18] [main/DEBUG] (oshi.util.FileUtil) Reading file /sys/devices/system/cpu/cpu11/cpu_capacity
[10:41:18] [main/DEBUG] (oshi.util.FileUtil) Reading file /sys/devices/system/cpu/cpu11/cache/index2/level
[10:41:18] [main/DEBUG] (oshi.util.FileUtil) Reading file /sys/devices/system/cpu/cpu11/cache/index2/level
[10:41:18] [main/DEBUG] (oshi.util.FileUtil) Reading file /sys/devices/system/cpu/cpu11/cache/index2/type
[10:41:18] [main/DEBUG] (oshi.util.FileUtil) Reading file /sys/devices/system/cpu/cpu11/cache/index2/type
[10:41:18] [main/DEBUG] (oshi.util.FileUtil) Reading file /sys/devices/system/cpu/cpu11/cache/index2/ways_of_associativity
[10:41:18] [main/DEBUG] (oshi.util.FileUtil) Reading file /sys/devices/system/cpu/cpu11/cache/index2/ways_of_associativity
[10:41:18] [main/DEBUG] (oshi.util.FileUtil) Reading file /sys/devices/system/cpu/cpu11/cache/index2/coherency_line_size
[10:41:18] [main/DEBUG] (oshi.util.FileUtil) Reading file /sys/devices/system/cpu/cpu11/cache/index2/coherency_line_size
[10:41:18] [main/DEBUG] (oshi.util.FileUtil) Reading file /sys/devices/system/cpu/cpu11/cache/index2/size
[10:41:18] [main/DEBUG] (oshi.util.FileUtil) Reading file /sys/devices/system/cpu/cpu11/cache/index2/size
[10:41:18] [main/DEBUG] (oshi.util.FileUtil) Reading file /sys/devices/system/cpu/cpu11/cache/index0/level
[10:41:18] [main/DEBUG] (oshi.util.FileUtil) Reading file /sys/devices/system/cpu/cpu11/cache/index0/level
[10:41:18] [main/DEBUG] (oshi.util.FileUtil) Reading file /sys/devices/system/cpu/cpu11/cache/index0/type
[10:41:18] [main/DEBUG] (oshi.util.FileUtil) Reading file /sys/devices/system/cpu/cpu11/cache/index0/type
[10:41:18] [main/DEBUG] (oshi.util.FileUtil) Reading file /sys/devices/system/cpu/cpu11/cache/index0/ways_of_associativity
[10:41:18] [main/DEBUG] (oshi.util.FileUtil) Reading file /sys/devices/system/cpu/cpu11/cache/index0/ways_of_associativity
[10:41:18] [main/DEBUG] (oshi.util.FileUtil) Reading file /sys/devices/system/cpu/cpu11/cache/index0/coherency_line_size
[10:41:18] [main/DEBUG] (oshi.util.FileUtil) Reading file /sys/devices/system/cpu/cpu11/cache/index0/coherency_line_size
[10:41:18] [main/DEBUG] (oshi.util.FileUtil) Reading file /sys/devices/system/cpu/cpu11/cache/index0/size
[10:41:18] [main/DEBUG] (oshi.util.FileUtil) Reading file /sys/devices/system/cpu/cpu11/cache/index0/size
[10:41:18] [main/DEBUG] (oshi.util.FileUtil) Reading file /sys/devices/system/cpu/cpu11/cache/index3/level
[10:41:18] [main/DEBUG] (oshi.util.FileUtil) Reading file /sys/devices/system/cpu/cpu11/cache/index3/level
[10:41:18] [main/DEBUG] (oshi.util.FileUtil) Reading file /sys/devices/system/cpu/cpu11/cache/index3/type
[10:41:18] [main/DEBUG] (oshi.util.FileUtil) Reading file /sys/devices/system/cpu/cpu11/cache/index3/type
[10:41:18] [main/DEBUG] (oshi.util.FileUtil) Reading file /sys/devices/system/cpu/cpu11/cache/index3/ways_of_associativity
[10:41:18] [main/DEBUG] (oshi.util.FileUtil) Reading file /sys/devices/system/cpu/cpu11/cache/index3/ways_of_associativity
[10:41:18] [main/DEBUG] (oshi.util.FileUtil) Reading file /sys/devices/system/cpu/cpu11/cache/index3/coherency_line_size
[10:41:18] [main/DEBUG] (oshi.util.FileUtil) Reading file /sys/devices/system/cpu/cpu11/cache/index3/coherency_line_size
[10:41:18] [main/DEBUG] (oshi.util.FileUtil) Reading file /sys/devices/system/cpu/cpu11/cache/index3/size
[10:41:18] [main/DEBUG] (oshi.util.FileUtil) Reading file /sys/devices/system/cpu/cpu11/cache/index3/size
[10:41:18] [main/DEBUG] (oshi.util.FileUtil) Reading file /sys/devices/system/cpu/cpu11/cache/index1/level
[10:41:18] [main/DEBUG] (oshi.util.FileUtil) Reading file /sys/devices/system/cpu/cpu11/cache/index1/level
[10:41:18] [main/DEBUG] (oshi.util.FileUtil) Reading file /sys/devices/system/cpu/cpu11/cache/index1/type
[10:41:18] [main/DEBUG] (oshi.util.FileUtil) Reading file /sys/devices/system/cpu/cpu11/cache/index1/type
[10:41:18] [main/DEBUG] (oshi.util.FileUtil) Reading file /sys/devices/system/cpu/cpu11/cache/index1/ways_of_associativity
[10:41:18] [main/DEBUG] (oshi.util.FileUtil) Reading file /sys/devices/system/cpu/cpu11/cache/index1/ways_of_associativity
[10:41:18] [main/DEBUG] (oshi.util.FileUtil) Reading file /sys/devices/system/cpu/cpu11/cache/index1/coherency_line_size
[10:41:18] [main/DEBUG] (oshi.util.FileUtil) Reading file /sys/devices/system/cpu/cpu11/cache/index1/coherency_line_size
[10:41:18] [main/DEBUG] (oshi.util.FileUtil) Reading file /sys/devices/system/cpu/cpu11/cache/index1/size
[10:41:18] [main/DEBUG] (oshi.util.FileUtil) Reading file /sys/devices/system/cpu/cpu11/cache/index1/size
[10:41:18] [main/DEBUG] (oshi.util.FileUtil) Reading file /sys/devices/system/cpu/cpu2/topology/core_id
[10:41:18] [main/DEBUG] (oshi.util.FileUtil) Reading file /sys/devices/system/cpu/cpu2/topology/core_id
[10:41:18] [main/DEBUG] (oshi.util.FileUtil) Reading file /sys/devices/system/cpu/cpu2/topology/physical_package_id
[10:41:18] [main/DEBUG] (oshi.util.FileUtil) Reading file /sys/devices/system/cpu/cpu2/topology/physical_package_id
[10:41:18] [main/DEBUG] (oshi.util.FileUtil) Reading file /sys/devices/system/cpu/cpu2/cpu_capacity
[10:41:18] [main/DEBUG] (oshi.util.FileUtil) Reading file /sys/devices/system/cpu/cpu2/cpu_capacity
[10:41:18] [main/DEBUG] (oshi.util.FileUtil) Reading file /sys/devices/system/cpu/cpu2/cache/index2/level
[10:41:18] [main/DEBUG] (oshi.util.FileUtil) Reading file /sys/devices/system/cpu/cpu2/cache/index2/level
[10:41:18] [main/DEBUG] (oshi.util.FileUtil) Reading file /sys/devices/system/cpu/cpu2/cache/index2/type
[10:41:18] [main/DEBUG] (oshi.util.FileUtil) Reading file /sys/devices/system/cpu/cpu2/cache/index2/type
[10:41:18] [main/DEBUG] (oshi.util.FileUtil) Reading file /sys/devices/system/cpu/cpu2/cache/index2/ways_of_associativity
[10:41:18] [main/DEBUG] (oshi.util.FileUtil) Reading file /sys/devices/system/cpu/cpu2/cache/index2/ways_of_associativity
[10:41:18] [main/DEBUG] (oshi.util.FileUtil) Reading file /sys/devices/system/cpu/cpu2/cache/index2/coherency_line_size
[10:41:18] [main/DEBUG] (oshi.util.FileUtil) Reading file /sys/devices/system/cpu/cpu2/cache/index2/coherency_line_size
[10:41:18] [main/DEBUG] (oshi.util.FileUtil) Reading file /sys/devices/system/cpu/cpu2/cache/index2/size
[10:41:18] [main/DEBUG] (oshi.util.FileUtil) Reading file /sys/devices/system/cpu/cpu2/cache/index2/size
[10:41:18] [main/DEBUG] (oshi.util.FileUtil) Reading file /sys/devices/system/cpu/cpu2/cache/index0/level
[10:41:18] [main/DEBUG] (oshi.util.FileUtil) Reading file /sys/devices/system/cpu/cpu2/cache/index0/level
[10:41:18] [main/DEBUG] (oshi.util.FileUtil) Reading file /sys/devices/system/cpu/cpu2/cache/index0/type
[10:41:18] [main/DEBUG] (oshi.util.FileUtil) Reading file /sys/devices/system/cpu/cpu2/cache/index0/type
[10:41:18] [main/DEBUG] (oshi.util.FileUtil) Reading file /sys/devices/system/cpu/cpu2/cache/index0/ways_of_associativity
[10:41:18] [main/DEBUG] (oshi.util.FileUtil) Reading file /sys/devices/system/cpu/cpu2/cache/index0/ways_of_associativity
[10:41:18] [main/DEBUG] (oshi.util.FileUtil) Reading file /sys/devices/system/cpu/cpu2/cache/index0/coherency_line_size
[10:41:18] [main/DEBUG] (oshi.util.FileUtil) Reading file /sys/devices/system/cpu/cpu2/cache/index0/coherency_line_size
[10:41:18] [main/DEBUG] (oshi.util.FileUtil) Reading file /sys/devices/system/cpu/cpu2/cache/index0/size
[10:41:18] [main/DEBUG] (oshi.util.FileUtil) Reading file /sys/devices/system/cpu/cpu2/cache/index0/size
[10:41:18] [main/DEBUG] (oshi.util.FileUtil) Reading file /sys/devices/system/cpu/cpu2/cache/index3/level
[10:41:18] [main/DEBUG] (oshi.util.FileUtil) Reading file /sys/devices/system/cpu/cpu2/cache/index3/level
[10:41:18] [main/DEBUG] (oshi.util.FileUtil) Reading file /sys/devices/system/cpu/cpu2/cache/index3/type
[10:41:18] [main/DEBUG] (oshi.util.FileUtil) Reading file /sys/devices/system/cpu/cpu2/cache/index3/type
[10:41:18] [main/DEBUG] (oshi.util.FileUtil) Reading file /sys/devices/system/cpu/cpu2/cache/index3/ways_of_associativity
[10:41:18] [main/DEBUG] (oshi.util.FileUtil) Reading file /sys/devices/system/cpu/cpu2/cache/index3/ways_of_associativity
[10:41:18] [main/DEBUG] (oshi.util.FileUtil) Reading file /sys/devices/system/cpu/cpu2/cache/index3/coherency_line_size
[10:41:18] [main/DEBUG] (oshi.util.FileUtil) Reading file /sys/devices/system/cpu/cpu2/cache/index3/coherency_line_size
[10:41:18] [main/DEBUG] (oshi.util.FileUtil) Reading file /sys/devices/system/cpu/cpu2/cache/index3/size
[10:41:18] [main/DEBUG] (oshi.util.FileUtil) Reading file /sys/devices/system/cpu/cpu2/cache/index3/size
[10:41:18] [main/DEBUG] (oshi.util.FileUtil) Reading file /sys/devices/system/cpu/cpu2/cache/index1/level
[10:41:18] [main/DEBUG] (oshi.util.FileUtil) Reading file /sys/devices/system/cpu/cpu2/cache/index1/level
[10:41:18] [main/DEBUG] (oshi.util.FileUtil) Reading file /sys/devices/system/cpu/cpu2/cache/index1/type
[10:41:18] [main/DEBUG] (oshi.util.FileUtil) Reading file /sys/devices/system/cpu/cpu2/cache/index1/type
[10:41:18] [main/DEBUG] (oshi.util.FileUtil) Reading file /sys/devices/system/cpu/cpu2/cache/index1/ways_of_associativity
[10:41:18] [main/DEBUG] (oshi.util.FileUtil) Reading file /sys/devices/system/cpu/cpu2/cache/index1/ways_of_associativity
[10:41:18] [main/DEBUG] (oshi.util.FileUtil) Reading file /sys/devices/system/cpu/cpu2/cache/index1/coherency_line_size
[10:41:18] [main/DEBUG] (oshi.util.FileUtil) Reading file /sys/devices/system/cpu/cpu2/cache/index1/coherency_line_size
[10:41:18] [main/DEBUG] (oshi.util.FileUtil) Reading file /sys/devices/system/cpu/cpu2/cache/index1/size
[10:41:18] [main/DEBUG] (oshi.util.FileUtil) Reading file /sys/devices/system/cpu/cpu2/cache/index1/size
[10:41:18] [main/DEBUG] (oshi.util.FileUtil) Reading file /sys/devices/system/cpu/cpu3/topology/core_id
[10:41:18] [main/DEBUG] (oshi.util.FileUtil) Reading file /sys/devices/system/cpu/cpu3/topology/core_id
[10:41:18] [main/DEBUG] (oshi.util.FileUtil) Reading file /sys/devices/system/cpu/cpu3/topology/physical_package_id
[10:41:18] [main/DEBUG] (oshi.util.FileUtil) Reading file /sys/devices/system/cpu/cpu3/topology/physical_package_id
[10:41:18] [main/DEBUG] (oshi.util.FileUtil) Reading file /sys/devices/system/cpu/cpu3/cpu_capacity
[10:41:18] [main/DEBUG] (oshi.util.FileUtil) Reading file /sys/devices/system/cpu/cpu3/cpu_capacity
[10:41:18] [main/DEBUG] (oshi.util.FileUtil) Reading file /sys/devices/system/cpu/cpu3/cache/index2/level
[10:41:18] [main/DEBUG] (oshi.util.FileUtil) Reading file /sys/devices/system/cpu/cpu3/cache/index2/level
[10:41:18] [main/DEBUG] (oshi.util.FileUtil) Reading file /sys/devices/system/cpu/cpu3/cache/index2/type
[10:41:18] [main/DEBUG] (oshi.util.FileUtil) Reading file /sys/devices/system/cpu/cpu3/cache/index2/type
[10:41:18] [main/DEBUG] (oshi.util.FileUtil) Reading file /sys/devices/system/cpu/cpu3/cache/index2/ways_of_associativity
[10:41:18] [main/DEBUG] (oshi.util.FileUtil) Reading file /sys/devices/system/cpu/cpu3/cache/index2/ways_of_associativity
[10:41:18] [main/DEBUG] (oshi.util.FileUtil) Reading file /sys/devices/system/cpu/cpu3/cache/index2/coherency_line_size
[10:41:18] [main/DEBUG] (oshi.util.FileUtil) Reading file /sys/devices/system/cpu/cpu3/cache/index2/coherency_line_size
[10:41:18] [main/DEBUG] (oshi.util.FileUtil) Reading file /sys/devices/system/cpu/cpu3/cache/index2/size
[10:41:18] [main/DEBUG] (oshi.util.FileUtil) Reading file /sys/devices/system/cpu/cpu3/cache/index2/size
[10:41:18] [main/DEBUG] (oshi.util.FileUtil) Reading file /sys/devices/system/cpu/cpu3/cache/index0/level
[10:41:18] [main/DEBUG] (oshi.util.FileUtil) Reading file /sys/devices/system/cpu/cpu3/cache/index0/level
[10:41:18] [main/DEBUG] (oshi.util.FileUtil) Reading file /sys/devices/system/cpu/cpu3/cache/index0/type
[10:41:18] [main/DEBUG] (oshi.util.FileUtil) Reading file /sys/devices/system/cpu/cpu3/cache/index0/type
[10:41:18] [main/DEBUG] (oshi.util.FileUtil) Reading file /sys/devices/system/cpu/cpu3/cache/index0/ways_of_associativity
[10:41:18] [main/DEBUG] (oshi.util.FileUtil) Reading file /sys/devices/system/cpu/cpu3/cache/index0/ways_of_associativity
[10:41:18] [main/DEBUG] (oshi.util.FileUtil) Reading file /sys/devices/system/cpu/cpu3/cache/index0/coherency_line_size
[10:41:18] [main/DEBUG] (oshi.util.FileUtil) Reading file /sys/devices/system/cpu/cpu3/cache/index0/coherency_line_size
[10:41:18] [main/DEBUG] (oshi.util.FileUtil) Reading file /sys/devices/system/cpu/cpu3/cache/index0/size
[10:41:18] [main/DEBUG] (oshi.util.FileUtil) Reading file /sys/devices/system/cpu/cpu3/cache/index0/size
[10:41:18] [main/DEBUG] (oshi.util.FileUtil) Reading file /sys/devices/system/cpu/cpu3/cache/index3/level
[10:41:18] [main/DEBUG] (oshi.util.FileUtil) Reading file /sys/devices/system/cpu/cpu3/cache/index3/level
[10:41:18] [main/DEBUG] (oshi.util.FileUtil) Reading file /sys/devices/system/cpu/cpu3/cache/index3/type
[10:41:18] [main/DEBUG] (oshi.util.FileUtil) Reading file /sys/devices/system/cpu/cpu3/cache/index3/type
[10:41:18] [main/DEBUG] (oshi.util.FileUtil) Reading file /sys/devices/system/cpu/cpu3/cache/index3/ways_of_associativity
[10:41:18] [main/DEBUG] (oshi.util.FileUtil) Reading file /sys/devices/system/cpu/cpu3/cache/index3/ways_of_associativity
[10:41:18] [main/DEBUG] (oshi.util.FileUtil) Reading file /sys/devices/system/cpu/cpu3/cache/index3/coherency_line_size
[10:41:18] [main/DEBUG] (oshi.util.FileUtil) Reading file /sys/devices/system/cpu/cpu3/cache/index3/coherency_line_size
[10:41:18] [main/DEBUG] (oshi.util.FileUtil) Reading file /sys/devices/system/cpu/cpu3/cache/index3/size
[10:41:18] [main/DEBUG] (oshi.util.FileUtil) Reading file /sys/devices/system/cpu/cpu3/cache/index3/size
[10:41:18] [main/DEBUG] (oshi.util.FileUtil) Reading file /sys/devices/system/cpu/cpu3/cache/index1/level
[10:41:18] [main/DEBUG] (oshi.util.FileUtil) Reading file /sys/devices/system/cpu/cpu3/cache/index1/level
[10:41:18] [main/DEBUG] (oshi.util.FileUtil) Reading file /sys/devices/system/cpu/cpu3/cache/index1/type
[10:41:18] [main/DEBUG] (oshi.util.FileUtil) Reading file /sys/devices/system/cpu/cpu3/cache/index1/type
[10:41:18] [main/DEBUG] (oshi.util.FileUtil) Reading file /sys/devices/system/cpu/cpu3/cache/index1/ways_of_associativity
[10:41:18] [main/DEBUG] (oshi.util.FileUtil) Reading file /sys/devices/system/cpu/cpu3/cache/index1/ways_of_associativity
[10:41:18] [main/DEBUG] (oshi.util.FileUtil) Reading file /sys/devices/system/cpu/cpu3/cache/index1/coherency_line_size
[10:41:18] [main/DEBUG] (oshi.util.FileUtil) Reading file /sys/devices/system/cpu/cpu3/cache/index1/coherency_line_size
[10:41:18] [main/DEBUG] (oshi.util.FileUtil) Reading file /sys/devices/system/cpu/cpu3/cache/index1/size
[10:41:18] [main/DEBUG] (oshi.util.FileUtil) Reading file /sys/devices/system/cpu/cpu3/cache/index1/size
[10:41:18] [main/DEBUG] (oshi.util.FileUtil) Reading file /sys/devices/system/cpu/cpu4/topology/core_id
[10:41:18] [main/DEBUG] (oshi.util.FileUtil) Reading file /sys/devices/system/cpu/cpu4/topology/core_id
[10:41:18] [main/DEBUG] (oshi.util.FileUtil) Reading file /sys/devices/system/cpu/cpu4/topology/physical_package_id
[10:41:18] [main/DEBUG] (oshi.util.FileUtil) Reading file /sys/devices/system/cpu/cpu4/topology/physical_package_id
[10:41:18] [main/DEBUG] (oshi.util.FileUtil) Reading file /sys/devices/system/cpu/cpu4/cpu_capacity
[10:41:18] [main/DEBUG] (oshi.util.FileUtil) Reading file /sys/devices/system/cpu/cpu4/cpu_capacity
[10:41:18] [main/DEBUG] (oshi.util.FileUtil) Reading file /sys/devices/system/cpu/cpu4/cache/index2/level
[10:41:18] [main/DEBUG] (oshi.util.FileUtil) Reading file /sys/devices/system/cpu/cpu4/cache/index2/level
[10:41:18] [main/DEBUG] (oshi.util.FileUtil) Reading file /sys/devices/system/cpu/cpu4/cache/index2/type
[10:41:18] [main/DEBUG] (oshi.util.FileUtil) Reading file /sys/devices/system/cpu/cpu4/cache/index2/type
[10:41:18] [main/DEBUG] (oshi.util.FileUtil) Reading file /sys/devices/system/cpu/cpu4/cache/index2/ways_of_associativity
[10:41:18] [main/DEBUG] (oshi.util.FileUtil) Reading file /sys/devices/system/cpu/cpu4/cache/index2/ways_of_associativity
[10:41:18] [main/DEBUG] (oshi.util.FileUtil) Reading file /sys/devices/system/cpu/cpu4/cache/index2/coherency_line_size
[10:41:18] [main/DEBUG] (oshi.util.FileUtil) Reading file /sys/devices/system/cpu/cpu4/cache/index2/coherency_line_size
[10:41:18] [main/DEBUG] (oshi.util.FileUtil) Reading file /sys/devices/system/cpu/cpu4/cache/index2/size
[10:41:18] [main/DEBUG] (oshi.util.FileUtil) Reading file /sys/devices/system/cpu/cpu4/cache/index2/size
[10:41:18] [main/DEBUG] (oshi.util.FileUtil) Reading file /sys/devices/system/cpu/cpu4/cache/index0/level
[10:41:18] [main/DEBUG] (oshi.util.FileUtil) Reading file /sys/devices/system/cpu/cpu4/cache/index0/level
[10:41:18] [main/DEBUG] (oshi.util.FileUtil) Reading file /sys/devices/system/cpu/cpu4/cache/index0/type
[10:41:18] [main/DEBUG] (oshi.util.FileUtil) Reading file /sys/devices/system/cpu/cpu4/cache/index0/type
[10:41:18] [main/DEBUG] (oshi.util.FileUtil) Reading file /sys/devices/system/cpu/cpu4/cache/index0/ways_of_associativity
[10:41:18] [main/DEBUG] (oshi.util.FileUtil) Reading file /sys/devices/system/cpu/cpu4/cache/index0/ways_of_associativity
[10:41:18] [main/DEBUG] (oshi.util.FileUtil) Reading file /sys/devices/system/cpu/cpu4/cache/index0/coherency_line_size
[10:41:18] [main/DEBUG] (oshi.util.FileUtil) Reading file /sys/devices/system/cpu/cpu4/cache/index0/coherency_line_size
[10:41:18] [main/DEBUG] (oshi.util.FileUtil) Reading file /sys/devices/system/cpu/cpu4/cache/index0/size
[10:41:18] [main/DEBUG] (oshi.util.FileUtil) Reading file /sys/devices/system/cpu/cpu4/cache/index0/size
[10:41:18] [main/DEBUG] (oshi.util.FileUtil) Reading file /sys/devices/system/cpu/cpu4/cache/index3/level
[10:41:18] [main/DEBUG] (oshi.util.FileUtil) Reading file /sys/devices/system/cpu/cpu4/cache/index3/level
[10:41:18] [main/DEBUG] (oshi.util.FileUtil) Reading file /sys/devices/system/cpu/cpu4/cache/index3/type
[10:41:18] [main/DEBUG] (oshi.util.FileUtil) Reading file /sys/devices/system/cpu/cpu4/cache/index3/type
[10:41:18] [main/DEBUG] (oshi.util.FileUtil) Reading file /sys/devices/system/cpu/cpu4/cache/index3/ways_of_associativity
[10:41:18] [main/DEBUG] (oshi.util.FileUtil) Reading file /sys/devices/system/cpu/cpu4/cache/index3/ways_of_associativity
[10:41:18] [main/DEBUG] (oshi.util.FileUtil) Reading file /sys/devices/system/cpu/cpu4/cache/index3/coherency_line_size
[10:41:18] [main/DEBUG] (oshi.util.FileUtil) Reading file /sys/devices/system/cpu/cpu4/cache/index3/coherency_line_size
[10:41:18] [main/DEBUG] (oshi.util.FileUtil) Reading file /sys/devices/system/cpu/cpu4/cache/index3/size
[10:41:18] [main/DEBUG] (oshi.util.FileUtil) Reading file /sys/devices/system/cpu/cpu4/cache/index3/size
[10:41:18] [main/DEBUG] (oshi.util.FileUtil) Reading file /sys/devices/system/cpu/cpu4/cache/index1/level
[10:41:18] [main/DEBUG] (oshi.util.FileUtil) Reading file /sys/devices/system/cpu/cpu4/cache/index1/level
[10:41:18] [main/DEBUG] (oshi.util.FileUtil) Reading file /sys/devices/system/cpu/cpu4/cache/index1/type
[10:41:18] [main/DEBUG] (oshi.util.FileUtil) Reading file /sys/devices/system/cpu/cpu4/cache/index1/type
[10:41:18] [main/DEBUG] (oshi.util.FileUtil) Reading file /sys/devices/system/cpu/cpu4/cache/index1/ways_of_associativity
[10:41:18] [main/DEBUG] (oshi.util.FileUtil) Reading file /sys/devices/system/cpu/cpu4/cache/index1/ways_of_associativity
[10:41:18] [main/DEBUG] (oshi.util.FileUtil) Reading file /sys/devices/system/cpu/cpu4/cache/index1/coherency_line_size
[10:41:18] [main/DEBUG] (oshi.util.FileUtil) Reading file /sys/devices/system/cpu/cpu4/cache/index1/coherency_line_size
[10:41:18] [main/DEBUG] (oshi.util.FileUtil) Reading file /sys/devices/system/cpu/cpu4/cache/index1/size
[10:41:18] [main/DEBUG] (oshi.util.FileUtil) Reading file /sys/devices/system/cpu/cpu4/cache/index1/size
[10:41:18] [main/DEBUG] (oshi.util.FileUtil) Reading file /sys/devices/system/cpu/cpu5/topology/core_id
[10:41:18] [main/DEBUG] (oshi.util.FileUtil) Reading file /sys/devices/system/cpu/cpu5/topology/core_id
[10:41:18] [main/DEBUG] (oshi.util.FileUtil) Reading file /sys/devices/system/cpu/cpu5/topology/physical_package_id
[10:41:18] [main/DEBUG] (oshi.util.FileUtil) Reading file /sys/devices/system/cpu/cpu5/topology/physical_package_id
[10:41:18] [main/DEBUG] (oshi.util.FileUtil) Reading file /sys/devices/system/cpu/cpu5/cpu_capacity
[10:41:18] [main/DEBUG] (oshi.util.FileUtil) Reading file /sys/devices/system/cpu/cpu5/cpu_capacity
[10:41:18] [main/DEBUG] (oshi.util.FileUtil) Reading file /sys/devices/system/cpu/cpu5/cache/index2/level
[10:41:18] [main/DEBUG] (oshi.util.FileUtil) Reading file /sys/devices/system/cpu/cpu5/cache/index2/level
[10:41:18] [main/DEBUG] (oshi.util.FileUtil) Reading file /sys/devices/system/cpu/cpu5/cache/index2/type
[10:41:18] [main/DEBUG] (oshi.util.FileUtil) Reading file /sys/devices/system/cpu/cpu5/cache/index2/type
[10:41:18] [main/DEBUG] (oshi.util.FileUtil) Reading file /sys/devices/system/cpu/cpu5/cache/index2/ways_of_associativity
[10:41:18] [main/DEBUG] (oshi.util.FileUtil) Reading file /sys/devices/system/cpu/cpu5/cache/index2/ways_of_associativity
[10:41:18] [main/DEBUG] (oshi.util.FileUtil) Reading file /sys/devices/system/cpu/cpu5/cache/index2/coherency_line_size
[10:41:18] [main/DEBUG] (oshi.util.FileUtil) Reading file /sys/devices/system/cpu/cpu5/cache/index2/coherency_line_size
[10:41:18] [main/DEBUG] (oshi.util.FileUtil) Reading file /sys/devices/system/cpu/cpu5/cache/index2/size
[10:41:18] [main/DEBUG] (oshi.util.FileUtil) Reading file /sys/devices/system/cpu/cpu5/cache/index2/size
[10:41:18] [main/DEBUG] (oshi.util.FileUtil) Reading file /sys/devices/system/cpu/cpu5/cache/index0/level
[10:41:18] [main/DEBUG] (oshi.util.FileUtil) Reading file /sys/devices/system/cpu/cpu5/cache/index0/level
[10:41:18] [main/DEBUG] (oshi.util.FileUtil) Reading file /sys/devices/system/cpu/cpu5/cache/index0/type
[10:41:18] [main/DEBUG] (oshi.util.FileUtil) Reading file /sys/devices/system/cpu/cpu5/cache/index0/type
[10:41:18] [main/DEBUG] (oshi.util.FileUtil) Reading file /sys/devices/system/cpu/cpu5/cache/index0/ways_of_associativity
[10:41:18] [main/DEBUG] (oshi.util.FileUtil) Reading file /sys/devices/system/cpu/cpu5/cache/index0/ways_of_associativity
[10:41:18] [main/DEBUG] (oshi.util.FileUtil) Reading file /sys/devices/system/cpu/cpu5/cache/index0/coherency_line_size
[10:41:18] [main/DEBUG] (oshi.util.FileUtil) Reading file /sys/devices/system/cpu/cpu5/cache/index0/coherency_line_size
[10:41:18] [main/DEBUG] (oshi.util.FileUtil) Reading file /sys/devices/system/cpu/cpu5/cache/index0/size
[10:41:18] [main/DEBUG] (oshi.util.FileUtil) Reading file /sys/devices/system/cpu/cpu5/cache/index0/size
[10:41:18] [main/DEBUG] (oshi.util.FileUtil) Reading file /sys/devices/system/cpu/cpu5/cache/index3/level
[10:41:18] [main/DEBUG] (oshi.util.FileUtil) Reading file /sys/devices/system/cpu/cpu5/cache/index3/level
[10:41:18] [main/DEBUG] (oshi.util.FileUtil) Reading file /sys/devices/system/cpu/cpu5/cache/index3/type
[10:41:18] [main/DEBUG] (oshi.util.FileUtil) Reading file /sys/devices/system/cpu/cpu5/cache/index3/type
[10:41:18] [main/DEBUG] (oshi.util.FileUtil) Reading file /sys/devices/system/cpu/cpu5/cache/index3/ways_of_associativity
[10:41:18] [main/DEBUG] (oshi.util.FileUtil) Reading file /sys/devices/system/cpu/cpu5/cache/index3/ways_of_associativity
[10:41:18] [main/DEBUG] (oshi.util.FileUtil) Reading file /sys/devices/system/cpu/cpu5/cache/index3/coherency_line_size
[10:41:18] [main/DEBUG] (oshi.util.FileUtil) Reading file /sys/devices/system/cpu/cpu5/cache/index3/coherency_line_size
[10:41:18] [main/DEBUG] (oshi.util.FileUtil) Reading file /sys/devices/system/cpu/cpu5/cache/index3/size
[10:41:18] [main/DEBUG] (oshi.util.FileUtil) Reading file /sys/devices/system/cpu/cpu5/cache/index3/size
[10:41:18] [main/DEBUG] (oshi.util.FileUtil) Reading file /sys/devices/system/cpu/cpu5/cache/index1/level
[10:41:18] [main/DEBUG] (oshi.util.FileUtil) Reading file /sys/devices/system/cpu/cpu5/cache/index1/level
[10:41:18] [main/DEBUG] (oshi.util.FileUtil) Reading file /sys/devices/system/cpu/cpu5/cache/index1/type
[10:41:18] [main/DEBUG] (oshi.util.FileUtil) Reading file /sys/devices/system/cpu/cpu5/cache/index1/type
[10:41:18] [main/DEBUG] (oshi.util.FileUtil) Reading file /sys/devices/system/cpu/cpu5/cache/index1/ways_of_associativity
[10:41:18] [main/DEBUG] (oshi.util.FileUtil) Reading file /sys/devices/system/cpu/cpu5/cache/index1/ways_of_associativity
[10:41:18] [main/DEBUG] (oshi.util.FileUtil) Reading file /sys/devices/system/cpu/cpu5/cache/index1/coherency_line_size
[10:41:18] [main/DEBUG] (oshi.util.FileUtil) Reading file /sys/devices/system/cpu/cpu5/cache/index1/coherency_line_size
[10:41:18] [main/DEBUG] (oshi.util.FileUtil) Reading file /sys/devices/system/cpu/cpu5/cache/index1/size
[10:41:18] [main/DEBUG] (oshi.util.FileUtil) Reading file /sys/devices/system/cpu/cpu5/cache/index1/size
[10:41:18] [main/DEBUG] (oshi.util.FileUtil) Reading file /sys/devices/system/cpu/cpu6/topology/core_id
[10:41:18] [main/DEBUG] (oshi.util.FileUtil) Reading file /sys/devices/system/cpu/cpu6/topology/core_id
[10:41:18] [main/DEBUG] (oshi.util.FileUtil) Reading file /sys/devices/system/cpu/cpu6/topology/physical_package_id
[10:41:18] [main/DEBUG] (oshi.util.FileUtil) Reading file /sys/devices/system/cpu/cpu6/topology/physical_package_id
[10:41:18] [main/DEBUG] (oshi.util.FileUtil) Reading file /sys/devices/system/cpu/cpu6/cpu_capacity
[10:41:18] [main/DEBUG] (oshi.util.FileUtil) Reading file /sys/devices/system/cpu/cpu6/cpu_capacity
[10:41:18] [main/DEBUG] (oshi.util.FileUtil) Reading file /sys/devices/system/cpu/cpu6/cache/index2/level
[10:41:18] [main/DEBUG] (oshi.util.FileUtil) Reading file /sys/devices/system/cpu/cpu6/cache/index2/level
[10:41:18] [main/DEBUG] (oshi.util.FileUtil) Reading file /sys/devices/system/cpu/cpu6/cache/index2/type
[10:41:18] [main/DEBUG] (oshi.util.FileUtil) Reading file /sys/devices/system/cpu/cpu6/cache/index2/type
[10:41:18] [main/DEBUG] (oshi.util.FileUtil) Reading file /sys/devices/system/cpu/cpu6/cache/index2/ways_of_associativity
[10:41:18] [main/DEBUG] (oshi.util.FileUtil) Reading file /sys/devices/system/cpu/cpu6/cache/index2/ways_of_associativity
[10:41:18] [main/DEBUG] (oshi.util.FileUtil) Reading file /sys/devices/system/cpu/cpu6/cache/index2/coherency_line_size
[10:41:18] [main/DEBUG] (oshi.util.FileUtil) Reading file /sys/devices/system/cpu/cpu6/cache/index2/coherency_line_size
[10:41:18] [main/DEBUG] (oshi.util.FileUtil) Reading file /sys/devices/system/cpu/cpu6/cache/index2/size
[10:41:18] [main/DEBUG] (oshi.util.FileUtil) Reading file /sys/devices/system/cpu/cpu6/cache/index2/size
[10:41:18] [main/DEBUG] (oshi.util.FileUtil) Reading file /sys/devices/system/cpu/cpu6/cache/index0/level
[10:41:18] [main/DEBUG] (oshi.util.FileUtil) Reading file /sys/devices/system/cpu/cpu6/cache/index0/level
[10:41:18] [main/DEBUG] (oshi.util.FileUtil) Reading file /sys/devices/system/cpu/cpu6/cache/index0/type
[10:41:18] [main/DEBUG] (oshi.util.FileUtil) Reading file /sys/devices/system/cpu/cpu6/cache/index0/type
[10:41:18] [main/DEBUG] (oshi.util.FileUtil) Reading file /sys/devices/system/cpu/cpu6/cache/index0/ways_of_associativity
[10:41:18] [main/DEBUG] (oshi.util.FileUtil) Reading file /sys/devices/system/cpu/cpu6/cache/index0/ways_of_associativity
[10:41:18] [main/DEBUG] (oshi.util.FileUtil) Reading file /sys/devices/system/cpu/cpu6/cache/index0/coherency_line_size
[10:41:18] [main/DEBUG] (oshi.util.FileUtil) Reading file /sys/devices/system/cpu/cpu6/cache/index0/coherency_line_size
[10:41:18] [main/DEBUG] (oshi.util.FileUtil) Reading file /sys/devices/system/cpu/cpu6/cache/index0/size
[10:41:18] [main/DEBUG] (oshi.util.FileUtil) Reading file /sys/devices/system/cpu/cpu6/cache/index0/size
[10:41:18] [main/DEBUG] (oshi.util.FileUtil) Reading file /sys/devices/system/cpu/cpu6/cache/index3/level
[10:41:18] [main/DEBUG] (oshi.util.FileUtil) Reading file /sys/devices/system/cpu/cpu6/cache/index3/level
[10:41:18] [main/DEBUG] (oshi.util.FileUtil) Reading file /sys/devices/system/cpu/cpu6/cache/index3/type
[10:41:18] [main/DEBUG] (oshi.util.FileUtil) Reading file /sys/devices/system/cpu/cpu6/cache/index3/type
[10:41:18] [main/DEBUG] (oshi.util.FileUtil) Reading file /sys/devices/system/cpu/cpu6/cache/index3/ways_of_associativity
[10:41:18] [main/DEBUG] (oshi.util.FileUtil) Reading file /sys/devices/system/cpu/cpu6/cache/index3/ways_of_associativity
[10:41:18] [main/DEBUG] (oshi.util.FileUtil) Reading file /sys/devices/system/cpu/cpu6/cache/index3/coherency_line_size
[10:41:18] [main/DEBUG] (oshi.util.FileUtil) Reading file /sys/devices/system/cpu/cpu6/cache/index3/coherency_line_size
[10:41:18] [main/DEBUG] (oshi.util.FileUtil) Reading file /sys/devices/system/cpu/cpu6/cache/index3/size
[10:41:18] [main/DEBUG] (oshi.util.FileUtil) Reading file /sys/devices/system/cpu/cpu6/cache/index3/size
[10:41:18] [main/DEBUG] (oshi.util.FileUtil) Reading file /sys/devices/system/cpu/cpu6/cache/index1/level
[10:41:18] [main/DEBUG] (oshi.util.FileUtil) Reading file /sys/devices/system/cpu/cpu6/cache/index1/level
[10:41:18] [main/DEBUG] (oshi.util.FileUtil) Reading file /sys/devices/system/cpu/cpu6/cache/index1/type
[10:41:18] [main/DEBUG] (oshi.util.FileUtil) Reading file /sys/devices/system/cpu/cpu6/cache/index1/type
[10:41:18] [main/DEBUG] (oshi.util.FileUtil) Reading file /sys/devices/system/cpu/cpu6/cache/index1/ways_of_associativity
[10:41:18] [main/DEBUG] (oshi.util.FileUtil) Reading file /sys/devices/system/cpu/cpu6/cache/index1/ways_of_associativity
[10:41:18] [main/DEBUG] (oshi.util.FileUtil) Reading file /sys/devices/system/cpu/cpu6/cache/index1/coherency_line_size
[10:41:18] [main/DEBUG] (oshi.util.FileUtil) Reading file /sys/devices/system/cpu/cpu6/cache/index1/coherency_line_size
[10:41:18] [main/DEBUG] (oshi.util.FileUtil) Reading file /sys/devices/system/cpu/cpu6/cache/index1/size
[10:41:18] [main/DEBUG] (oshi.util.FileUtil) Reading file /sys/devices/system/cpu/cpu6/cache/index1/size
[10:41:18] [main/DEBUG] (oshi.util.FileUtil) Reading file /sys/devices/system/cpu/cpu7/topology/core_id
[10:41:18] [main/DEBUG] (oshi.util.FileUtil) Reading file /sys/devices/system/cpu/cpu7/topology/core_id
[10:41:18] [main/DEBUG] (oshi.util.FileUtil) Reading file /sys/devices/system/cpu/cpu7/topology/physical_package_id
[10:41:18] [main/DEBUG] (oshi.util.FileUtil) Reading file /sys/devices/system/cpu/cpu7/topology/physical_package_id
[10:41:18] [main/DEBUG] (oshi.util.FileUtil) Reading file /sys/devices/system/cpu/cpu7/cpu_capacity
[10:41:18] [main/DEBUG] (oshi.util.FileUtil) Reading file /sys/devices/system/cpu/cpu7/cpu_capacity
[10:41:18] [main/DEBUG] (oshi.util.FileUtil) Reading file /sys/devices/system/cpu/cpu7/cache/index2/level
[10:41:18] [main/DEBUG] (oshi.util.FileUtil) Reading file /sys/devices/system/cpu/cpu7/cache/index2/level
[10:41:18] [main/DEBUG] (oshi.util.FileUtil) Reading file /sys/devices/system/cpu/cpu7/cache/index2/type
[10:41:18] [main/DEBUG] (oshi.util.FileUtil) Reading file /sys/devices/system/cpu/cpu7/cache/index2/type
[10:41:18] [main/DEBUG] (oshi.util.FileUtil) Reading file /sys/devices/system/cpu/cpu7/cache/index2/ways_of_associativity
[10:41:18] [main/DEBUG] (oshi.util.FileUtil) Reading file /sys/devices/system/cpu/cpu7/cache/index2/ways_of_associativity
[10:41:18] [main/DEBUG] (oshi.util.FileUtil) Reading file /sys/devices/system/cpu/cpu7/cache/index2/coherency_line_size
[10:41:18] [main/DEBUG] (oshi.util.FileUtil) Reading file /sys/devices/system/cpu/cpu7/cache/index2/coherency_line_size
[10:41:18] [main/DEBUG] (oshi.util.FileUtil) Reading file /sys/devices/system/cpu/cpu7/cache/index2/size
[10:41:18] [main/DEBUG] (oshi.util.FileUtil) Reading file /sys/devices/system/cpu/cpu7/cache/index2/size
[10:41:18] [main/DEBUG] (oshi.util.FileUtil) Reading file /sys/devices/system/cpu/cpu7/cache/index0/level
[10:41:18] [main/DEBUG] (oshi.util.FileUtil) Reading file /sys/devices/system/cpu/cpu7/cache/index0/level
[10:41:18] [main/DEBUG] (oshi.util.FileUtil) Reading file /sys/devices/system/cpu/cpu7/cache/index0/type
[10:41:18] [main/DEBUG] (oshi.util.FileUtil) Reading file /sys/devices/system/cpu/cpu7/cache/index0/type
[10:41:18] [main/DEBUG] (oshi.util.FileUtil) Reading file /sys/devices/system/cpu/cpu7/cache/index0/ways_of_associativity
[10:41:18] [main/DEBUG] (oshi.util.FileUtil) Reading file /sys/devices/system/cpu/cpu7/cache/index0/ways_of_associativity
[10:41:18] [main/DEBUG] (oshi.util.FileUtil) Reading file /sys/devices/system/cpu/cpu7/cache/index0/coherency_line_size
[10:41:18] [main/DEBUG] (oshi.util.FileUtil) Reading file /sys/devices/system/cpu/cpu7/cache/index0/coherency_line_size
[10:41:18] [main/DEBUG] (oshi.util.FileUtil) Reading file /sys/devices/system/cpu/cpu7/cache/index0/size
[10:41:18] [main/DEBUG] (oshi.util.FileUtil) Reading file /sys/devices/system/cpu/cpu7/cache/index0/size
[10:41:18] [main/DEBUG] (oshi.util.FileUtil) Reading file /sys/devices/system/cpu/cpu7/cache/index3/level
[10:41:18] [main/DEBUG] (oshi.util.FileUtil) Reading file /sys/devices/system/cpu/cpu7/cache/index3/level
[10:41:18] [main/DEBUG] (oshi.util.FileUtil) Reading file /sys/devices/system/cpu/cpu7/cache/index3/type
[10:41:18] [main/DEBUG] (oshi.util.FileUtil) Reading file /sys/devices/system/cpu/cpu7/cache/index3/type
[10:41:18] [main/DEBUG] (oshi.util.FileUtil) Reading file /sys/devices/system/cpu/cpu7/cache/index3/ways_of_associativity
[10:41:18] [main/DEBUG] (oshi.util.FileUtil) Reading file /sys/devices/system/cpu/cpu7/cache/index3/ways_of_associativity
[10:41:18] [main/DEBUG] (oshi.util.FileUtil) Reading file /sys/devices/system/cpu/cpu7/cache/index3/coherency_line_size
[10:41:18] [main/DEBUG] (oshi.util.FileUtil) Reading file /sys/devices/system/cpu/cpu7/cache/index3/coherency_line_size
[10:41:18] [main/DEBUG] (oshi.util.FileUtil) Reading file /sys/devices/system/cpu/cpu7/cache/index3/size
[10:41:18] [main/DEBUG] (oshi.util.FileUtil) Reading file /sys/devices/system/cpu/cpu7/cache/index3/size
[10:41:18] [main/DEBUG] (oshi.util.FileUtil) Reading file /sys/devices/system/cpu/cpu7/cache/index1/level
[10:41:18] [main/DEBUG] (oshi.util.FileUtil) Reading file /sys/devices/system/cpu/cpu7/cache/index1/level
[10:41:18] [main/DEBUG] (oshi.util.FileUtil) Reading file /sys/devices/system/cpu/cpu7/cache/index1/type
[10:41:18] [main/DEBUG] (oshi.util.FileUtil) Reading file /sys/devices/system/cpu/cpu7/cache/index1/type
[10:41:18] [main/DEBUG] (oshi.util.FileUtil) Reading file /sys/devices/system/cpu/cpu7/cache/index1/ways_of_associativity
[10:41:18] [main/DEBUG] (oshi.util.FileUtil) Reading file /sys/devices/system/cpu/cpu7/cache/index1/ways_of_associativity
[10:41:18] [main/DEBUG] (oshi.util.FileUtil) Reading file /sys/devices/system/cpu/cpu7/cache/index1/coherency_line_size
[10:41:18] [main/DEBUG] (oshi.util.FileUtil) Reading file /sys/devices/system/cpu/cpu7/cache/index1/coherency_line_size
[10:41:18] [main/DEBUG] (oshi.util.FileUtil) Reading file /sys/devices/system/cpu/cpu7/cache/index1/size
[10:41:18] [main/DEBUG] (oshi.util.FileUtil) Reading file /sys/devices/system/cpu/cpu7/cache/index1/size
[10:41:18] [main/DEBUG] (oshi.util.FileUtil) Reading file /sys/devices/system/cpu/cpu8/topology/core_id
[10:41:18] [main/DEBUG] (oshi.util.FileUtil) Reading file /sys/devices/system/cpu/cpu8/topology/core_id
[10:41:18] [main/DEBUG] (oshi.util.FileUtil) Reading file /sys/devices/system/cpu/cpu8/topology/physical_package_id
[10:41:18] [main/DEBUG] (oshi.util.FileUtil) Reading file /sys/devices/system/cpu/cpu8/topology/physical_package_id
[10:41:18] [main/DEBUG] (oshi.util.FileUtil) Reading file /sys/devices/system/cpu/cpu8/cpu_capacity
[10:41:18] [main/DEBUG] (oshi.util.FileUtil) Reading file /sys/devices/system/cpu/cpu8/cpu_capacity
[10:41:18] [main/DEBUG] (oshi.util.FileUtil) Reading file /sys/devices/system/cpu/cpu8/cache/index2/level
[10:41:18] [main/DEBUG] (oshi.util.FileUtil) Reading file /sys/devices/system/cpu/cpu8/cache/index2/level
[10:41:18] [main/DEBUG] (oshi.util.FileUtil) Reading file /sys/devices/system/cpu/cpu8/cache/index2/type
[10:41:18] [main/DEBUG] (oshi.util.FileUtil) Reading file /sys/devices/system/cpu/cpu8/cache/index2/type
[10:41:18] [main/DEBUG] (oshi.util.FileUtil) Reading file /sys/devices/system/cpu/cpu8/cache/index2/ways_of_associativity
[10:41:18] [main/DEBUG] (oshi.util.FileUtil) Reading file /sys/devices/system/cpu/cpu8/cache/index2/ways_of_associativity
[10:41:18] [main/DEBUG] (oshi.util.FileUtil) Reading file /sys/devices/system/cpu/cpu8/cache/index2/coherency_line_size
[10:41:18] [main/DEBUG] (oshi.util.FileUtil) Reading file /sys/devices/system/cpu/cpu8/cache/index2/coherency_line_size
[10:41:18] [main/DEBUG] (oshi.util.FileUtil) Reading file /sys/devices/system/cpu/cpu8/cache/index2/size
[10:41:18] [main/DEBUG] (oshi.util.FileUtil) Reading file /sys/devices/system/cpu/cpu8/cache/index2/size
[10:41:18] [main/DEBUG] (oshi.util.FileUtil) Reading file /sys/devices/system/cpu/cpu8/cache/index0/level
[10:41:18] [main/DEBUG] (oshi.util.FileUtil) Reading file /sys/devices/system/cpu/cpu8/cache/index0/level
[10:41:18] [main/DEBUG] (oshi.util.FileUtil) Reading file /sys/devices/system/cpu/cpu8/cache/index0/type
[10:41:18] [main/DEBUG] (oshi.util.FileUtil) Reading file /sys/devices/system/cpu/cpu8/cache/index0/type
[10:41:18] [main/DEBUG] (oshi.util.FileUtil) Reading file /sys/devices/system/cpu/cpu8/cache/index0/ways_of_associativity
[10:41:18] [main/DEBUG] (oshi.util.FileUtil) Reading file /sys/devices/system/cpu/cpu8/cache/index0/ways_of_associativity
[10:41:18] [main/DEBUG] (oshi.util.FileUtil) Reading file /sys/devices/system/cpu/cpu8/cache/index0/coherency_line_size
[10:41:18] [main/DEBUG] (oshi.util.FileUtil) Reading file /sys/devices/system/cpu/cpu8/cache/index0/coherency_line_size
[10:41:18] [main/DEBUG] (oshi.util.FileUtil) Reading file /sys/devices/system/cpu/cpu8/cache/index0/size
[10:41:18] [main/DEBUG] (oshi.util.FileUtil) Reading file /sys/devices/system/cpu/cpu8/cache/index0/size
[10:41:18] [main/DEBUG] (oshi.util.FileUtil) Reading file /sys/devices/system/cpu/cpu8/cache/index3/level
[10:41:18] [main/DEBUG] (oshi.util.FileUtil) Reading file /sys/devices/system/cpu/cpu8/cache/index3/level
[10:41:18] [main/DEBUG] (oshi.util.FileUtil) Reading file /sys/devices/system/cpu/cpu8/cache/index3/type
[10:41:18] [main/DEBUG] (oshi.util.FileUtil) Reading file /sys/devices/system/cpu/cpu8/cache/index3/type
[10:41:18] [main/DEBUG] (oshi.util.FileUtil) Reading file /sys/devices/system/cpu/cpu8/cache/index3/ways_of_associativity
[10:41:18] [main/DEBUG] (oshi.util.FileUtil) Reading file /sys/devices/system/cpu/cpu8/cache/index3/ways_of_associativity
[10:41:18] [main/DEBUG] (oshi.util.FileUtil) Reading file /sys/devices/system/cpu/cpu8/cache/index3/coherency_line_size
[10:41:18] [main/DEBUG] (oshi.util.FileUtil) Reading file /sys/devices/system/cpu/cpu8/cache/index3/coherency_line_size
[10:41:18] [main/DEBUG] (oshi.util.FileUtil) Reading file /sys/devices/system/cpu/cpu8/cache/index3/size
[10:41:18] [main/DEBUG] (oshi.util.FileUtil) Reading file /sys/devices/system/cpu/cpu8/cache/index3/size
[10:41:18] [main/DEBUG] (oshi.util.FileUtil) Reading file /sys/devices/system/cpu/cpu8/cache/index1/level
[10:41:18] [main/DEBUG] (oshi.util.FileUtil) Reading file /sys/devices/system/cpu/cpu8/cache/index1/level
[10:41:18] [main/DEBUG] (oshi.util.FileUtil) Reading file /sys/devices/system/cpu/cpu8/cache/index1/type
[10:41:18] [main/DEBUG] (oshi.util.FileUtil) Reading file /sys/devices/system/cpu/cpu8/cache/index1/type
[10:41:18] [main/DEBUG] (oshi.util.FileUtil) Reading file /sys/devices/system/cpu/cpu8/cache/index1/ways_of_associativity
[10:41:18] [main/DEBUG] (oshi.util.FileUtil) Reading file /sys/devices/system/cpu/cpu8/cache/index1/ways_of_associativity
[10:41:18] [main/DEBUG] (oshi.util.FileUtil) Reading file /sys/devices/system/cpu/cpu8/cache/index1/coherency_line_size
[10:41:18] [main/DEBUG] (oshi.util.FileUtil) Reading file /sys/devices/system/cpu/cpu8/cache/index1/coherency_line_size
[10:41:18] [main/DEBUG] (oshi.util.FileUtil) Reading file /sys/devices/system/cpu/cpu8/cache/index1/size
[10:41:18] [main/DEBUG] (oshi.util.FileUtil) Reading file /sys/devices/system/cpu/cpu8/cache/index1/size
[10:41:18] [main/DEBUG] (oshi.util.FileUtil) Reading file /sys/devices/system/cpu/cpu9/topology/core_id
[10:41:18] [main/DEBUG] (oshi.util.FileUtil) Reading file /sys/devices/system/cpu/cpu9/topology/core_id
[10:41:18] [main/DEBUG] (oshi.util.FileUtil) Reading file /sys/devices/system/cpu/cpu9/topology/physical_package_id
[10:41:18] [main/DEBUG] (oshi.util.FileUtil) Reading file /sys/devices/system/cpu/cpu9/topology/physical_package_id
[10:41:18] [main/DEBUG] (oshi.util.FileUtil) Reading file /sys/devices/system/cpu/cpu9/cpu_capacity
[10:41:18] [main/DEBUG] (oshi.util.FileUtil) Reading file /sys/devices/system/cpu/cpu9/cpu_capacity
[10:41:18] [main/DEBUG] (oshi.util.FileUtil) Reading file /sys/devices/system/cpu/cpu9/cache/index2/level
[10:41:18] [main/DEBUG] (oshi.util.FileUtil) Reading file /sys/devices/system/cpu/cpu9/cache/index2/level
[10:41:18] [main/DEBUG] (oshi.util.FileUtil) Reading file /sys/devices/system/cpu/cpu9/cache/index2/type
[10:41:18] [main/DEBUG] (oshi.util.FileUtil) Reading file /sys/devices/system/cpu/cpu9/cache/index2/type
[10:41:18] [main/DEBUG] (oshi.util.FileUtil) Reading file /sys/devices/system/cpu/cpu9/cache/index2/ways_of_associativity
[10:41:18] [main/DEBUG] (oshi.util.FileUtil) Reading file /sys/devices/system/cpu/cpu9/cache/index2/ways_of_associativity
[10:41:18] [main/DEBUG] (oshi.util.FileUtil) Reading file /sys/devices/system/cpu/cpu9/cache/index2/coherency_line_size
[10:41:18] [main/DEBUG] (oshi.util.FileUtil) Reading file /sys/devices/system/cpu/cpu9/cache/index2/coherency_line_size
[10:41:18] [main/DEBUG] (oshi.util.FileUtil) Reading file /sys/devices/system/cpu/cpu9/cache/index2/size
[10:41:18] [main/DEBUG] (oshi.util.FileUtil) Reading file /sys/devices/system/cpu/cpu9/cache/index2/size
[10:41:18] [main/DEBUG] (oshi.util.FileUtil) Reading file /sys/devices/system/cpu/cpu9/cache/index0/level
[10:41:18] [main/DEBUG] (oshi.util.FileUtil) Reading file /sys/devices/system/cpu/cpu9/cache/index0/level
[10:41:18] [main/DEBUG] (oshi.util.FileUtil) Reading file /sys/devices/system/cpu/cpu9/cache/index0/type
[10:41:18] [main/DEBUG] (oshi.util.FileUtil) Reading file /sys/devices/system/cpu/cpu9/cache/index0/type
[10:41:18] [main/DEBUG] (oshi.util.FileUtil) Reading file /sys/devices/system/cpu/cpu9/cache/index0/ways_of_associativity
[10:41:18] [main/DEBUG] (oshi.util.FileUtil) Reading file /sys/devices/system/cpu/cpu9/cache/index0/ways_of_associativity
[10:41:18] [main/DEBUG] (oshi.util.FileUtil) Reading file /sys/devices/system/cpu/cpu9/cache/index0/coherency_line_size
[10:41:18] [main/DEBUG] (oshi.util.FileUtil) Reading file /sys/devices/system/cpu/cpu9/cache/index0/coherency_line_size
[10:41:18] [main/DEBUG] (oshi.util.FileUtil) Reading file /sys/devices/system/cpu/cpu9/cache/index0/size
[10:41:18] [main/DEBUG] (oshi.util.FileUtil) Reading file /sys/devices/system/cpu/cpu9/cache/index0/size
[10:41:18] [main/DEBUG] (oshi.util.FileUtil) Reading file /sys/devices/system/cpu/cpu9/cache/index3/level
[10:41:18] [main/DEBUG] (oshi.util.FileUtil) Reading file /sys/devices/system/cpu/cpu9/cache/index3/level
[10:41:18] [main/DEBUG] (oshi.util.FileUtil) Reading file /sys/devices/system/cpu/cpu9/cache/index3/type
[10:41:18] [main/DEBUG] (oshi.util.FileUtil) Reading file /sys/devices/system/cpu/cpu9/cache/index3/type
[10:41:18] [main/DEBUG] (oshi.util.FileUtil) Reading file /sys/devices/system/cpu/cpu9/cache/index3/ways_of_associativity
[10:41:18] [main/DEBUG] (oshi.util.FileUtil) Reading file /sys/devices/system/cpu/cpu9/cache/index3/ways_of_associativity
[10:41:18] [main/DEBUG] (oshi.util.FileUtil) Reading file /sys/devices/system/cpu/cpu9/cache/index3/coherency_line_size
[10:41:18] [main/DEBUG] (oshi.util.FileUtil) Reading file /sys/devices/system/cpu/cpu9/cache/index3/coherency_line_size
[10:41:18] [main/DEBUG] (oshi.util.FileUtil) Reading file /sys/devices/system/cpu/cpu9/cache/index3/size
[10:41:18] [main/DEBUG] (oshi.util.FileUtil) Reading file /sys/devices/system/cpu/cpu9/cache/index3/size
[10:41:18] [main/DEBUG] (oshi.util.FileUtil) Reading file /sys/devices/system/cpu/cpu9/cache/index1/level
[10:41:18] [main/DEBUG] (oshi.util.FileUtil) Reading file /sys/devices/system/cpu/cpu9/cache/index1/level
[10:41:18] [main/DEBUG] (oshi.util.FileUtil) Reading file /sys/devices/system/cpu/cpu9/cache/index1/type
[10:41:18] [main/DEBUG] (oshi.util.FileUtil) Reading file /sys/devices/system/cpu/cpu9/cache/index1/type
[10:41:18] [main/DEBUG] (oshi.util.FileUtil) Reading file /sys/devices/system/cpu/cpu9/cache/index1/ways_of_associativity
[10:41:18] [main/DEBUG] (oshi.util.FileUtil) Reading file /sys/devices/system/cpu/cpu9/cache/index1/ways_of_associativity
[10:41:18] [main/DEBUG] (oshi.util.FileUtil) Reading file /sys/devices/system/cpu/cpu9/cache/index1/coherency_line_size
[10:41:18] [main/DEBUG] (oshi.util.FileUtil) Reading file /sys/devices/system/cpu/cpu9/cache/index1/coherency_line_size
[10:41:18] [main/DEBUG] (oshi.util.FileUtil) Reading file /sys/devices/system/cpu/cpu9/cache/index1/size
[10:41:18] [main/DEBUG] (oshi.util.FileUtil) Reading file /sys/devices/system/cpu/cpu9/cache/index1/size
[10:41:18] [main/DEBUG] (oshi.util.FileUtil) Reading file /proc/cpuinfo
[10:41:18] [main/DEBUG] (oshi.util.FileUtil) Reading file /proc/cpuinfo
[10:41:18] [main/DEBUG] (oshi.util.FileUtil) Reading file /proc/self/auxv
[10:41:18] [main/DEBUG] (oshi.util.FileUtil) Reading file /proc/meminfo
[10:41:18] [main/DEBUG] (oshi.util.FileUtil) Reading file /proc/meminfo
[10:41:18] [main/DEBUG] (oshi.util.FileUtil) Reading file /etc/os-release
[10:41:18] [main/DEBUG] (oshi.software.os.linux.LinuxOperatingSystem) os-release: NAME="Artix Linux"
[10:41:18] [main/DEBUG] (oshi.util.FileUtil) Reading file /proc/version
[10:41:18] [main/DEBUG] (oshi.util.FileUtil) Reading file /proc/5179/io
[10:41:18] [main/DEBUG] (oshi.util.FileUtil) Reading file /proc/5179/io
[10:41:18] [main/DEBUG] (oshi.util.FileUtil) Reading file /proc/5179/status
[10:41:18] [main/DEBUG] (oshi.util.FileUtil) Reading file /proc/5179/status
[10:41:18] [main/DEBUG] (oshi.util.FileUtil) Reading file /proc/5179/stat
[10:41:18] [main/DEBUG] (oshi.util.FileUtil) Reading file /proc/5179/stat
[10:41:18] [main/DEBUG] (oshi.util.FileUtil) Reading file /proc/self/stat
[10:41:18] [main/DEBUG] (oshi.util.FileUtil) Reading file /proc/self/stat
[10:41:18] [main/DEBUG] (FabricLoader/Mixin) Mixing BootstrapMixin from fabric-registry-sync-v0.mixins.json into net.minecraft.server.Bootstrap
[10:41:18] [main/DEBUG] (FabricLoader/Mixin) Renaming synthetic method lambda$afterInitialize$1(Lnet/minecraft/world/level/material/Fluid;)Ljava/util/Collection; to mdf26aa6$fabric-registry-sync-v0$lambda$afterInitialize$1$0 in fabric-registry-sync-v0.mixins.json:BootstrapMixin from mod fabric-registry-sync-v0
[10:41:18] [main/DEBUG] (FabricLoader/Mixin) Renaming synthetic method lambda$afterInitialize$0(Lnet/minecraft/world/level/block/Block;)Ljava/util/Collection; to mdf26aa6$fabric-registry-sync-v0$lambda$afterInitialize$0$1 in fabric-registry-sync-v0.mixins.json:BootstrapMixin from mod fabric-registry-sync-v0
[10:41:18] [main/DEBUG] (FabricLoader/Mixin) fabric-registry-sync-v0.mixins.json:BootstrapMixin from mod fabric-registry-sync-v0->@Inject::afterInitialize(Lorg/spongepowered/asm/mixin/injection/callback/CallbackInfo;)V doesn't use it's CallbackInfo
[10:41:18] [main/DEBUG] (FabricLoader/Mixin) Mixing RegistryMixin from fabric-registry-sync-v0.mixins.json into net.minecraft.core.Registry
[10:41:18] [main/DEBUG] (FabricLoader/Mixin) Mixing BuiltInRegistriesMixin from fabric-object-builder-v1.mixins.json into net.minecraft.core.registries.BuiltInRegistries
[10:41:18] [main/DEBUG] (FabricLoader/Mixin) Mixing BuiltInRegistriesMixin from fabric-item-api-v1.mixins.json into net.minecraft.core.registries.BuiltInRegistries
[10:41:18] [main/DEBUG] (FabricLoader/Mixin) Mixing BuiltInRegistriesAccessor from fabric-registry-sync-v0.mixins.json into net.minecraft.core.registries.BuiltInRegistries
[10:41:18] [main/DEBUG] (FabricLoader/Mixin) Renaming @Accessor method getWRITABLE_REGISTRY()Lnet/minecraft/core/WritableRegistry; to getWRITABLE_REGISTRY$fabric-registry-sync-v0_$md$f26aa6$0 in fabric-registry-sync-v0.mixins.json:BuiltInRegistriesAccessor from mod fabric-registry-sync-v0
[10:41:18] [main/DEBUG] (FabricLoader/Mixin) Mixing BuiltInRegistriesMixin from fabric-registry-sync-v0.mixins.json into net.minecraft.core.registries.BuiltInRegistries
[10:41:18] [main/DEBUG] (FabricLoader/Mixin) fabric-object-builder-v1.mixins.json:BuiltInRegistriesMixin from mod fabric-object-builder-api-v1->@Inject::modifyAttributes(Lorg/spongepowered/asm/mixin/injection/callback/CallbackInfo;)V doesn't use it's CallbackInfo
[10:41:18] [main/DEBUG] (FabricLoader/Mixin) fabric-item-api-v1.mixins.json:BuiltInRegistriesMixin from mod fabric-item-api-v1->@Inject::modifyDefaultItemComponents(Lorg/spongepowered/asm/mixin/injection/callback/CallbackInfo;)V doesn't use it's CallbackInfo
[10:41:18] [main/DEBUG] (FabricLoader/Mixin) fabric-registry-sync-v0.mixins.json:BuiltInRegistriesMixin from mod fabric-registry-sync-v0->@Inject::init(Lorg/spongepowered/asm/mixin/injection/callback/CallbackInfo;)V does use it's CallbackInfo
[10:41:18] [main/DEBUG] (FabricLoader/Mixin) Mixing MappedRegistryMixin from fabric-tag-api-v1.mixins.json into net.minecraft.core.MappedRegistry
[10:41:18] [main/DEBUG] (FabricLoader/Mixin) Mixing MappedRegistryAccessor from fabric-dimensions-v1.mixins.json into net.minecraft.core.MappedRegistry
[10:41:18] [main/DEBUG] (FabricLoader/Mixin) Mixing MappedRegistryAccessor from fabric-registry-sync-v0.mixins.json into net.minecraft.core.MappedRegistry
[10:41:18] [main/DEBUG] (FabricLoader/Mixin) Mixing MappedRegistryMixin from fabric-registry-sync-v0.mixins.json into net.minecraft.core.MappedRegistry
[10:41:18] [main/DEBUG] (FabricLoader/Mixin) Renaming synthetic method lambda$remap$0()Lnet/fabricmc/fabric/impl/registry/sync/RemapException; to mdf26aa6$fabric-registry-sync-v0$lambda$remap$0$0 in fabric-registry-sync-v0.mixins.json:MappedRegistryMixin from mod fabric-registry-sync-v0
[10:41:18] [main/DEBUG] (FabricLoader/Mixin) Renaming synthetic method lambda$init$3([Lnet/fabricmc/fabric/api/event/registry/RegistryIdRemapCallback;)Lnet/fabricmc/fabric/api/event/registry/RegistryIdRemapCallback; to mdf26aa6$fabric-registry-sync-v0$lambda$init$3$1 in fabric-registry-sync-v0.mixins.json:MappedRegistryMixin from mod fabric-registry-sync-v0
[10:41:18] [main/DEBUG] (FabricLoader/Mixin) Renaming synthetic method lambda$init$4([Lnet/fabricmc/fabric/api/event/registry/RegistryIdRemapCallback;Lnet/fabricmc/fabric/api/event/registry/RegistryIdRemapCallback$RemapState;)V to mdf26aa6$fabric-registry-sync-v0$lambda$init$4$2 in fabric-registry-sync-v0.mixins.json:MappedRegistryMixin from mod fabric-registry-sync-v0
[10:41:18] [main/DEBUG] (FabricLoader/Mixin) Renaming synthetic method lambda$init$2(ILnet/minecraft/resources/Identifier;Ljava/lang/Object;)V to mdf26aa6$fabric-registry-sync-v0$lambda$init$2$3 in fabric-registry-sync-v0.mixins.json:MappedRegistryMixin from mod fabric-registry-sync-v0
[10:41:18] [main/DEBUG] (FabricLoader/Mixin) Renaming synthetic method lambda$init$0([Lnet/fabricmc/fabric/api/event/registry/RegistryEntryAddedCallback;)Lnet/fabricmc/fabric/api/event/registry/RegistryEntryAddedCallback; to mdf26aa6$fabric-registry-sync-v0$lambda$init$0$4 in fabric-registry-sync-v0.mixins.json:MappedRegistryMixin from mod fabric-registry-sync-v0
[10:41:18] [main/DEBUG] (FabricLoader/Mixin) Renaming synthetic method lambda$init$1([Lnet/fabricmc/fabric/api/event/registry/RegistryEntryAddedCallback;ILnet/minecraft/resources/Identifier;Ljava/lang/Object;)V to mdf26aa6$fabric-registry-sync-v0$lambda$init$1$5 in fabric-registry-sync-v0.mixins.json:MappedRegistryMixin from mod fabric-registry-sync-v0
[10:41:18] [main/DEBUG] (FabricLoader/Mixin) fabric-registry-sync-v0.mixins.json:MappedRegistryMixin from mod fabric-registry-sync-v0->@Inject::init(Lnet/minecraft/resources/ResourceKey;Lcom/mojang/serialization/Lifecycle;ZLorg/spongepowered/asm/mixin/injection/callback/CallbackInfo;)V doesn't use it's CallbackInfo
[10:41:18] [main/DEBUG] (FabricLoader/Mixin) fabric-registry-sync-v0.mixins.json:MappedRegistryMixin from mod fabric-registry-sync-v0->@Inject::init(Lnet/minecraft/resources/ResourceKey;Lcom/mojang/serialization/Lifecycle;ZLorg/spongepowered/asm/mixin/injection/callback/CallbackInfo;)V has 0 override(s) in child classes
[10:41:18] [main/DEBUG] (FabricLoader/Mixin) fabric-registry-sync-v0.mixins.json:MappedRegistryMixin from mod fabric-registry-sync-v0->@Inject::init(Lnet/minecraft/resources/ResourceKey;Lcom/mojang/serialization/Lifecycle;ZLorg/spongepowered/asm/mixin/injection/callback/CallbackInfo;)V won't be passed a CallbackInfo as a result
[10:41:18] [main/DEBUG] (FabricLoader/Mixin) fabric-registry-sync-v0.mixins.json:MappedRegistryMixin from mod fabric-registry-sync-v0->@Inject::set(Lnet/minecraft/resources/ResourceKey;Ljava/lang/Object;Lnet/minecraft/core/RegistrationInfo;Lorg/spongepowered/asm/mixin/injection/callback/CallbackInfoReturnable;)V does use it's CallbackInfoReturnable
[10:41:18] [main/DEBUG] (FabricLoader/Mixin) Mixing DataComponentInitializersMixin from fabric-item-api-v1.mixins.json into net.minecraft.core.component.DataComponentInitializers
[10:41:18] [main/DEBUG] (FabricLoader/Mixin) Renaming synthetic method lambda$captureLookup$0(Lcom/llamalad7/mixinextras/injector/wrapoperation/Operation;Lnet/minecraft/core/HolderLookup$Provider;Lnet/minecraft/core/component/DataComponentInitializers$PendingComponentBuilders;)Lnet/minecraft/core/component/DataComponentInitializers$PendingComponents; to mdf26aa6$fabric-item-api-v1$lambda$captureLookup$0$0 in fabric-item-api-v1.mixins.json:DataComponentInitializersMixin from mod fabric-item-api-v1
[10:41:18] [main/DEBUG] (FabricLoader/Mixin) Mixing effect.MobEffectMixin from fabric-entity-events-v1.mixins.json into net.minecraft.world.effect.MobEffect
[10:41:18] [main/DEBUG] (FabricLoader/Mixin) Mixing ArgumentTypeInfosAccessor from fabric-command-api-v2.mixins.json into net.minecraft.commands.synchronization.ArgumentTypeInfos
[10:41:18] [main/DEBUG] (FabricLoader/Mixin) Renaming @Accessor method fabric_getClassMap()Ljava/util/Map; to fabric_getClassMap$fabric-command-api-v2_$md$f26aa6$0 in fabric-command-api-v2.mixins.json:ArgumentTypeInfosAccessor from mod fabric-command-api-v2
[10:41:18] [main/DEBUG] (FabricLoader/Mixin) Mixing DecoratedPotPatternsMixin from fabric-content-registries-v0.mixins.json into net.minecraft.world.level.block.entity.DecoratedPotPatterns
[10:41:18] [main/DEBUG] (FabricLoader/Mixin) fabric-content-registries-v0.mixins.json:DecoratedPotPatternsMixin from mod fabric-content-registries-v0->@Inject::makeItemToPatternMappingsMutable(Ljava/util/function/BiConsumer;Lorg/spongepowered/asm/mixin/injection/callback/CallbackInfo;)V doesn't use it's CallbackInfo
[10:41:18] [main/DEBUG] (FabricLoader/Mixin) Mixing CreativeModeTabsMixin from fabric-creative-tab-api-v1.mixins.json into net.minecraft.world.item.CreativeModeTabs
[10:41:18] [main/DEBUG] (FabricLoader/Mixin) Renaming synthetic method lambda$paginateTabs$0(Lnet/minecraft/core/Holder$Reference;Lnet/minecraft/core/Holder$Reference;)I to mdf26aa6$fabric-creative-tab-api-v1$lambda$paginateTabs$0$0 in fabric-creative-tab-api-v1.mixins.json:CreativeModeTabsMixin from mod fabric-creative-tab-api-v1
[10:41:18] [main/DEBUG] (FabricLoader/Mixin) fabric-creative-tab-api-v1.mixins.json:CreativeModeTabsMixin from mod fabric-creative-tab-api-v1->@Inject::deferDuplicateCheck(Lorg/spongepowered/asm/mixin/injection/callback/CallbackInfo;)V does use it's CallbackInfo
[10:41:18] [main/DEBUG] (FabricLoader/Mixin) fabric-creative-tab-api-v1.mixins.json:CreativeModeTabsMixin from mod fabric-creative-tab-api-v1->@Inject::paginateTabs(Lorg/spongepowered/asm/mixin/injection/callback/CallbackInfo;)V doesn't use it's CallbackInfo
[10:41:18] [main/DEBUG] (FabricLoader/Mixin) Mixing CreativeModeTabAccessor from fabric-creative-tab-api-v1.mixins.json into net.minecraft.world.item.CreativeModeTab
[10:41:18] [main/DEBUG] (FabricLoader/Mixin) Mixing CreativeModeTabMixin from fabric-creative-tab-api-v1.mixins.json into net.minecraft.world.item.CreativeModeTab
[10:41:18] [main/DEBUG] (FabricLoader/Mixin) Renaming synthetic method lambda$getStacks$0(Lnet/minecraft/world/item/CreativeModeTab;)Ljava/lang/IllegalStateException; to mdf26aa6$fabric-creative-tab-api-v1$lambda$getStacks$0$0 in fabric-creative-tab-api-v1.mixins.json:CreativeModeTabMixin from mod fabric-creative-tab-api-v1
[10:41:18] [main/DEBUG] (FabricLoader/Mixin) fabric-creative-tab-api-v1.mixins.json:CreativeModeTabMixin from mod fabric-creative-tab-api-v1->@Inject::getStacks(Lnet/minecraft/world/item/CreativeModeTab$ItemDisplayParameters;Lorg/spongepowered/asm/mixin/injection/callback/CallbackInfo;)V doesn't use it's CallbackInfo
[10:41:18] [main/DEBUG] (FabricLoader/Mixin) fabric-creative-tab-api-v1.mixins.json:CreativeModeTabMixin from mod fabric-creative-tab-api-v1->@Inject::getStacks(Lnet/minecraft/world/item/CreativeModeTab$ItemDisplayParameters;Lorg/spongepowered/asm/mixin/injection/callback/CallbackInfo;)V has 0 override(s) in child classes
[10:41:18] [main/DEBUG] (FabricLoader/Mixin) fabric-creative-tab-api-v1.mixins.json:CreativeModeTabMixin from mod fabric-creative-tab-api-v1->@Inject::getStacks(Lnet/minecraft/world/item/CreativeModeTab$ItemDisplayParameters;Lorg/spongepowered/asm/mixin/injection/callback/CallbackInfo;)V won't be passed a CallbackInfo as a result
[10:41:18] [Datafixer Bootstrap #0/INFO] (com.mojang.datafixers.DataFixerBuilder) 295 Datafixer optimizations took 428 milliseconds
[10:41:18] [main/DEBUG] (FabricLoader/Mixin) Mixing GameRuleMixin from fabric-game-rule-api-v1.mixins.json into net.minecraft.world.level.gamerules.GameRule
[10:41:18] [main/DEBUG] (FabricLoader/Mixin) Renaming synthetic method lambda$deserializeEnum$1(Ljava/lang/String;)Ljava/lang/String; to mdf26aa6$fabric-game-rule-api-v1$lambda$deserializeEnum$1$0 in fabric-game-rule-api-v1.mixins.json:GameRuleMixin from mod fabric-game-rule-api-v1
[10:41:18] [main/DEBUG] (FabricLoader/Mixin) Renaming synthetic method lambda$deserializeEnum$0(Ljava/lang/String;Ljava/lang/Class;)Ljava/lang/String; to mdf26aa6$fabric-game-rule-api-v1$lambda$deserializeEnum$0$1 in fabric-game-rule-api-v1.mixins.json:GameRuleMixin from mod fabric-game-rule-api-v1
[10:41:18] [main/DEBUG] (FabricLoader/Mixin) Mixing FireBlockMixin from fabric-content-registries-v0.mixins.json into net.minecraft.world.level.block.FireBlock
[10:41:18] [main/DEBUG] (FabricLoader/Mixin) fabric-content-registries-v0.mixins.json:FireBlockMixin from mod fabric-content-registries-v0->@Inject::afterConstruct(Lnet/minecraft/world/level/block/state/BlockBehaviour$Properties;Lorg/spongepowered/asm/mixin/injection/callback/CallbackInfo;)V doesn't use it's CallbackInfo
[10:41:18] [main/DEBUG] (FabricLoader/Mixin) fabric-content-registries-v0.mixins.json:FireBlockMixin from mod fabric-content-registries-v0->@Inject::afterConstruct(Lnet/minecraft/world/level/block/state/BlockBehaviour$Properties;Lorg/spongepowered/asm/mixin/injection/callback/CallbackInfo;)V has 0 override(s) in child classes
[10:41:18] [main/DEBUG] (FabricLoader/Mixin) fabric-content-registries-v0.mixins.json:FireBlockMixin from mod fabric-content-registries-v0->@Inject::afterConstruct(Lnet/minecraft/world/level/block/state/BlockBehaviour$Properties;Lorg/spongepowered/asm/mixin/injection/callback/CallbackInfo;)V won't be passed a CallbackInfo as a result
[10:41:18] [main/DEBUG] (FabricLoader/Mixin) fabric-content-registries-v0.mixins.json:FireBlockMixin from mod fabric-content-registries-v0->@Inject::getFabricBurnChance(Lnet/minecraft/world/level/block/state/BlockState;Lorg/spongepowered/asm/mixin/injection/callback/CallbackInfoReturnable;)V does use it's CallbackInfoReturnable
[10:41:18] [main/DEBUG] (FabricLoader/Mixin) fabric-content-registries-v0.mixins.json:FireBlockMixin from mod fabric-content-registries-v0->@Inject::getFabricSpreadChance(Lnet/minecraft/world/level/block/state/BlockState;Lorg/spongepowered/asm/mixin/injection/callback/CallbackInfoReturnable;)V does use it's CallbackInfoReturnable
[10:41:18] [main/DEBUG] (FabricLoader/Mixin) Mixing inject.MixinBlock from architectury-common.mixins.json into net.minecraft.world.level.block.Block
[10:41:18] [main/DEBUG] (FabricLoader/Mixin) Mixing BlockMixin from fabric-block-api-v1.mixins.json into net.minecraft.world.level.block.Block
[10:41:18] [main/DEBUG] (FabricLoader/Mixin) Mixing BlockBehaviourAccessor from fabric-content-registries-v0.mixins.json into net.minecraft.world.level.block.state.BlockBehaviour
[10:41:18] [main/DEBUG] (FabricLoader/Mixin) Mixing BlockGetterMixin from fabric-block-getter-api-v2.mixins.json into net.minecraft.world.level.BlockGetter
[10:41:19] [main/DEBUG] (FabricLoader/Mixin) Mixing fluid.EntityAccessor from fabric-content-registries-v0.mixins.json into net.minecraft.world.entity.Entity
[10:41:19] [main/DEBUG] (FabricLoader/Mixin) Mixing fluid.EntityMixin from fabric-content-registries-v0.mixins.json into net.minecraft.world.entity.Entity
[10:41:19] [main/DEBUG] (FabricLoader/Mixin) Mixing EntityMixin from fabric-lifecycle-events-v1.mixins.json into net.minecraft.world.entity.Entity
[10:41:19] [main/DEBUG] (FabricLoader/Mixin) Mixing EntityMixin from fabric-permission-api-v1.mixins.json into net.minecraft.world.entity.Entity
[10:41:19] [main/DEBUG] (FabricLoader/Mixin) Mixing EntityMixin from fabric-particles-v1.mixins.json into net.minecraft.world.entity.Entity
[10:41:19] [main/DEBUG] (FabricLoader/Mixin) Mixing MixinEntity from architectury.mixins.json into net.minecraft.world.entity.Entity
[10:41:19] [main/DEBUG] (FabricLoader/Mixin) Mixing EntityMixin from stargazer.mixins.json into net.minecraft.world.entity.Entity
[10:41:19] [main/DEBUG] (FabricLoader/Mixin) Renaming synthetic method lambda$checkFall$0(Lnet/minecraft/core/BlockPos;)Lnet/minecraft/world/level/block/state/BlockState; to mdf26aa6$stargazer$lambda$checkFall$0$0 in stargazer.mixins.json:EntityMixin from mod stargazer
[10:41:19] [main/DEBUG] (FabricLoader/Mixin) Mixing EntityMixin from fabric-debug-api-v1.mixins.json into net.minecraft.world.entity.Entity
[10:41:19] [main/DEBUG] (FabricLoader/Mixin) Mixing AttachmentTargetsMixin from fabric-data-attachment-api-v1.mixins.json into net.minecraft.world.entity.Entity
[10:41:19] [main/DEBUG] (FabricLoader/Mixin) Renaming synthetic method lambda$fabric_updateSyncTarget$0(Lnet/fabricmc/fabric/impl/attachment/sync/AttachmentTargetInfo;Lnet/fabricmc/fabric/impl/attachment/sync/AttachmentTargetInfo;Lnet/fabricmc/fabric/api/attachment/v1/AttachmentType;Lnet/fabricmc/fabric/impl/attachment/sync/AttachmentChange;)Lnet/fabricmc/fabric/impl/attachment/sync/AttachmentChange; to mdf26aa6$fabric-data-attachment-api-v1$lambda$fabric_updateSyncTarget$0$1 in fabric-data-attachment-api-v1.mixins.json:AttachmentTargetsMixin from mod fabric-data-attachment-api-v1
[10:41:19] [main/DEBUG] (FabricLoader/Mixin) Renaming synthetic method lambda$fabric_sendAndClearDeferredSyncChanges$0(Lnet/fabricmc/fabric/api/attachment/v1/AttachmentType;)Lnet/fabricmc/fabric/impl/attachment/sync/AttachmentChange; to mdf26aa6$fabric-data-attachment-api-v1$lambda$fabric_sendAndClearDeferredSyncChanges$0$2 in fabric-data-attachment-api-v1.mixins.json:AttachmentTargetsMixin from mod fabric-data-attachment-api-v1
[10:41:19] [main/DEBUG] (FabricLoader/Mixin) Renaming synthetic method lambda$fabric_readAttachmentsFromNbt$0(Lnet/fabricmc/fabric/api/attachment/v1/AttachmentType;Ljava/lang/Object;)V to mdf26aa6$fabric-data-attachment-api-v1$lambda$fabric_readAttachmentsFromNbt$0$3 in fabric-data-attachment-api-v1.mixins.json:AttachmentTargetsMixin from mod fabric-data-attachment-api-v1
[10:41:19] [main/DEBUG] (FabricLoader/Mixin) Renaming synthetic method lambda$onAttachedSet$0(Lnet/fabricmc/fabric/api/attachment/v1/AttachmentType;)Lnet/fabricmc/fabric/api/event/Event; to mdf26aa6$fabric-data-attachment-api-v1$lambda$onAttachedSet$0$4 in fabric-data-attachment-api-v1.mixins.json:AttachmentTargetsMixin from mod fabric-data-attachment-api-v1
[10:41:19] [main/DEBUG] (FabricLoader/Mixin) Renaming synthetic method lambda$onAttachedSet$1([Lnet/fabricmc/fabric/api/attachment/v1/AttachmentTarget$OnAttachedSet;)Lnet/fabricmc/fabric/api/attachment/v1/AttachmentTarget$OnAttachedSet; to mdf26aa6$fabric-data-attachment-api-v1$lambda$onAttachedSet$1$5 in fabric-data-attachment-api-v1.mixins.json:AttachmentTargetsMixin from mod fabric-data-attachment-api-v1
[10:41:19] [main/DEBUG] (FabricLoader/Mixin) Renaming synthetic method lambda$onAttachedSet$2([Lnet/fabricmc/fabric/api/attachment/v1/AttachmentTarget$OnAttachedSet;Ljava/lang/Object;Ljava/lang/Object;)V to mdf26aa6$fabric-data-attachment-api-v1$lambda$onAttachedSet$2$6 in fabric-data-attachment-api-v1.mixins.json:AttachmentTargetsMixin from mod fabric-data-attachment-api-v1
[10:41:19] [main/DEBUG] (FabricLoader/Mixin) Mixing EntityMixin from fabric-data-attachment-api-v1.mixins.json into net.minecraft.world.entity.Entity
[10:41:19] [main/DEBUG] (FabricLoader/Mixin) Renaming synthetic method lambda$fabric_syncChange$0(Lnet/fabricmc/fabric/api/attachment/v1/AttachmentSyncPredicate;Lnet/fabricmc/fabric/impl/attachment/sync/AttachmentChange;Lnet/minecraft/server/level/ServerPlayer;)V to mdf26aa6$fabric-data-attachment-api-v1$lambda$fabric_syncChange$0$7 in fabric-data-attachment-api-v1.mixins.json:EntityMixin from mod fabric-data-attachment-api-v1
[10:41:19] [main/DEBUG] (FabricLoader/Mixin) Mixing EntityMixin from fabric-entity-events-v1.mixins.json into net.minecraft.world.entity.Entity
[10:41:19] [main/DEBUG] (FabricLoader/Mixin) fabric-permission-api-v1.mixins.json:EntityMixin from mod fabric-permission-api-v1->@Inject::createPermissionContext(Lnet/minecraft/world/entity/EntityType;Lnet/minecraft/world/level/Level;Lorg/spongepowered/asm/mixin/injection/callback/CallbackInfo;)V doesn't use it's CallbackInfo
[10:41:19] [main/DEBUG] (FabricLoader/Mixin) fabric-permission-api-v1.mixins.json:EntityMixin from mod fabric-permission-api-v1->@Inject::createPermissionContext(Lnet/minecraft/world/entity/EntityType;Lnet/minecraft/world/level/Level;Lorg/spongepowered/asm/mixin/injection/callback/CallbackInfo;)V has 0 override(s) in child classes
[10:41:19] [main/DEBUG] (FabricLoader/Mixin) fabric-permission-api-v1.mixins.json:EntityMixin from mod fabric-permission-api-v1->@Inject::createPermissionContext(Lnet/minecraft/world/entity/EntityType;Lnet/minecraft/world/level/Level;Lorg/spongepowered/asm/mixin/injection/callback/CallbackInfo;)V won't be passed a CallbackInfo as a result
[10:41:19] [main/DEBUG] (FabricLoader/Mixin) architectury.mixins.json:MixinEntity from mod architectury->@Inject::hurtClient(Lnet/minecraft/world/damagesource/DamageSource;Lorg/spongepowered/asm/mixin/injection/callback/CallbackInfoReturnable;)V does use it's CallbackInfoReturnable
[10:41:19] [main/DEBUG] (FabricLoader/Mixin) stargazer.mixins.json:EntityMixin from mod stargazer->@Inject::trackDreamFluid(Lnet/minecraft/world/entity/EntityType;Lnet/minecraft/world/level/Level;Lorg/spongepowered/asm/mixin/injection/callback/CallbackInfo;)V doesn't use it's CallbackInfo
[10:41:19] [main/DEBUG] (FabricLoader/Mixin) stargazer.mixins.json:EntityMixin from mod stargazer->@Inject::trackDreamFluid(Lnet/minecraft/world/entity/EntityType;Lnet/minecraft/world/level/Level;Lorg/spongepowered/asm/mixin/injection/callback/CallbackInfo;)V has 0 override(s) in child classes
[10:41:19] [main/DEBUG] (FabricLoader/Mixin) stargazer.mixins.json:EntityMixin from mod stargazer->@Inject::trackDreamFluid(Lnet/minecraft/world/entity/EntityType;Lnet/minecraft/world/level/Level;Lorg/spongepowered/asm/mixin/injection/callback/CallbackInfo;)V won't be passed a CallbackInfo as a result
[10:41:19] [main/DEBUG] (FabricLoader/Mixin) stargazer.mixins.json:EntityMixin from mod stargazer->@Inject::updateDreamFluidInteraction(Lorg/spongepowered/asm/mixin/injection/callback/CallbackInfoReturnable;)V does use it's CallbackInfoReturnable
[10:41:19] [main/DEBUG] (FabricLoader/Mixin) stargazer.mixins.json:EntityMixin from mod stargazer->@Inject::checkFall(DZLnet/minecraft/world/level/block/state/BlockState;Lnet/minecraft/core/BlockPos;Lorg/spongepowered/asm/mixin/injection/callback/CallbackInfo;)V doesn't use it's CallbackInfo
[10:41:19] [main/DEBUG] (FabricLoader/Mixin) stargazer.mixins.json:EntityMixin from mod stargazer->@Inject::checkFall(DZLnet/minecraft/world/level/block/state/BlockState;Lnet/minecraft/core/BlockPos;Lorg/spongepowered/asm/mixin/injection/callback/CallbackInfo;)V has 0 override(s) in child classes
[10:41:19] [main/DEBUG] (FabricLoader/Mixin) stargazer.mixins.json:EntityMixin from mod stargazer->@Inject::checkFall(DZLnet/minecraft/world/level/block/state/BlockState;Lnet/minecraft/core/BlockPos;Lorg/spongepowered/asm/mixin/injection/callback/CallbackInfo;)V won't be passed a CallbackInfo as a result
[10:41:19] [main/DEBUG] (FabricLoader/Mixin) fabric-debug-api-v1.mixins.json:EntityMixin from mod fabric-debug-api-v1->@Inject::addDebugValues(Lnet/minecraft/server/level/ServerLevel;Lnet/minecraft/util/debug/DebugValueSource$Registration;Lorg/spongepowered/asm/mixin/injection/callback/CallbackInfo;)V doesn't use it's CallbackInfo
[10:41:19] [main/DEBUG] (FabricLoader/Mixin) fabric-debug-api-v1.mixins.json:EntityMixin from mod fabric-debug-api-v1->@Inject::addDebugValues(Lnet/minecraft/server/level/ServerLevel;Lnet/minecraft/util/debug/DebugValueSource$Registration;Lorg/spongepowered/asm/mixin/injection/callback/CallbackInfo;)V has 0 override(s) in child classes
[10:41:19] [main/DEBUG] (FabricLoader/Mixin) fabric-debug-api-v1.mixins.json:EntityMixin from mod fabric-debug-api-v1->@Inject::addDebugValues(Lnet/minecraft/server/level/ServerLevel;Lnet/minecraft/util/debug/DebugValueSource$Registration;Lorg/spongepowered/asm/mixin/injection/callback/CallbackInfo;)V won't be passed a CallbackInfo as a result
[10:41:19] [main/DEBUG] (FabricLoader/Mixin) fabric-data-attachment-api-v1.mixins.json:EntityMixin from mod fabric-data-attachment-api-v1->@Inject::readEntityAttachments(Lnet/minecraft/world/level/storage/ValueInput;Lorg/spongepowered/asm/mixin/injection/callback/CallbackInfo;)V doesn't use it's CallbackInfo
[10:41:19] [main/DEBUG] (FabricLoader/Mixin) fabric-data-attachment-api-v1.mixins.json:EntityMixin from mod fabric-data-attachment-api-v1->@Inject::readEntityAttachments(Lnet/minecraft/world/level/storage/ValueInput;Lorg/spongepowered/asm/mixin/injection/callback/CallbackInfo;)V has 0 override(s) in child classes
[10:41:19] [main/DEBUG] (FabricLoader/Mixin) fabric-data-attachment-api-v1.mixins.json:EntityMixin from mod fabric-data-attachment-api-v1->@Inject::readEntityAttachments(Lnet/minecraft/world/level/storage/ValueInput;Lorg/spongepowered/asm/mixin/injection/callback/CallbackInfo;)V won't be passed a CallbackInfo as a result
[10:41:19] [main/DEBUG] (FabricLoader/Mixin) fabric-data-attachment-api-v1.mixins.json:EntityMixin from mod fabric-data-attachment-api-v1->@Inject::writeEntityAttachments(Lnet/minecraft/world/level/storage/ValueOutput;Lorg/spongepowered/asm/mixin/injection/callback/CallbackInfo;)V doesn't use it's CallbackInfo
[10:41:19] [main/DEBUG] (FabricLoader/Mixin) fabric-data-attachment-api-v1.mixins.json:EntityMixin from mod fabric-data-attachment-api-v1->@Inject::writeEntityAttachments(Lnet/minecraft/world/level/storage/ValueOutput;Lorg/spongepowered/asm/mixin/injection/callback/CallbackInfo;)V has 0 override(s) in child classes
[10:41:19] [main/DEBUG] (FabricLoader/Mixin) fabric-data-attachment-api-v1.mixins.json:EntityMixin from mod fabric-data-attachment-api-v1->@Inject::writeEntityAttachments(Lnet/minecraft/world/level/storage/ValueOutput;Lorg/spongepowered/asm/mixin/injection/callback/CallbackInfo;)V won't be passed a CallbackInfo as a result
[10:41:19] [main/DEBUG] (FabricLoader/Mixin) fabric-data-attachment-api-v1.mixins.json:EntityMixin from mod fabric-data-attachment-api-v1->@Inject::setId(ILorg/spongepowered/asm/mixin/injection/callback/CallbackInfo;)V doesn't use it's CallbackInfo
[10:41:19] [main/DEBUG] (FabricLoader/Mixin) fabric-data-attachment-api-v1.mixins.json:EntityMixin from mod fabric-data-attachment-api-v1->@Inject::setId(ILorg/spongepowered/asm/mixin/injection/callback/CallbackInfo;)V has 0 override(s) in child classes
[10:41:19] [main/DEBUG] (FabricLoader/Mixin) fabric-data-attachment-api-v1.mixins.json:EntityMixin from mod fabric-data-attachment-api-v1->@Inject::setId(ILorg/spongepowered/asm/mixin/injection/callback/CallbackInfo;)V won't be passed a CallbackInfo as a result
[10:41:19] [main/DEBUG] (FabricLoader/Mixin) Mixing PlayerMixin from fabric-events-interaction-v0.mixins.json into net.minecraft.world.entity.player.Player
[10:41:19] [main/DEBUG] (FabricLoader/Mixin) Mixing LivingDeathInvoker from architectury.mixins.json into net.minecraft.world.entity.player.Player
[10:41:19] [main/DEBUG] (FabricLoader/Mixin) Mixing MixinPlayer from architectury.mixins.json into net.minecraft.world.entity.player.Player
[10:41:19] [main/DEBUG] (FabricLoader/Mixin) Mixing PlayerAttackInvoker from architectury.mixins.json into net.minecraft.world.entity.player.Player
[10:41:19] [main/DEBUG] (FabricLoader/Mixin) Mixing PlayerClassMixin from stargazer.mixins.json into net.minecraft.world.entity.player.Player
[10:41:19] [main/DEBUG] (FabricLoader/Mixin) Mixing PlayerMixin from fabric-entity-events-v1.mixins.json into net.minecraft.world.entity.player.Player
[10:41:19] [main/DEBUG] (FabricLoader/Mixin) fabric-events-interaction-v0.mixins.json:PlayerMixin from mod fabric-events-interaction-v0->@Inject::onPlayerInteractEntity(Lnet/minecraft/world/entity/Entity;Lorg/spongepowered/asm/mixin/injection/callback/CallbackInfo;)V does use it's CallbackInfo
[10:41:19] [main/DEBUG] (FabricLoader/Mixin) architectury.mixins.json:LivingDeathInvoker from mod architectury->@Inject::die(Lnet/minecraft/world/damagesource/DamageSource;Lorg/spongepowered/asm/mixin/injection/callback/CallbackInfo;)V does use it's CallbackInfo
[10:41:19] [main/DEBUG] (FabricLoader/Mixin) architectury.mixins.json:MixinPlayer from mod architectury->@Inject::preTick(Lorg/spongepowered/asm/mixin/injection/callback/CallbackInfo;)V doesn't use it's CallbackInfo
[10:41:19] [main/DEBUG] (FabricLoader/Mixin) architectury.mixins.json:MixinPlayer from mod architectury->@Inject::preTick(Lorg/spongepowered/asm/mixin/injection/callback/CallbackInfo;)V has 0 override(s) in child classes
[10:41:19] [main/DEBUG] (FabricLoader/Mixin) architectury.mixins.json:MixinPlayer from mod architectury->@Inject::preTick(Lorg/spongepowered/asm/mixin/injection/callback/CallbackInfo;)V won't be passed a CallbackInfo as a result
[10:41:19] [main/DEBUG] (FabricLoader/Mixin) architectury.mixins.json:MixinPlayer from mod architectury->@Inject::postTick(Lorg/spongepowered/asm/mixin/injection/callback/CallbackInfo;)V doesn't use it's CallbackInfo
[10:41:19] [main/DEBUG] (FabricLoader/Mixin) architectury.mixins.json:MixinPlayer from mod architectury->@Inject::postTick(Lorg/spongepowered/asm/mixin/injection/callback/CallbackInfo;)V has 0 override(s) in child classes
[10:41:19] [main/DEBUG] (FabricLoader/Mixin) architectury.mixins.json:MixinPlayer from mod architectury->@Inject::postTick(Lorg/spongepowered/asm/mixin/injection/callback/CallbackInfo;)V won't be passed a CallbackInfo as a result
[10:41:19] [main/DEBUG] (FabricLoader/Mixin) architectury.mixins.json:MixinPlayer from mod architectury->@Inject::drop(Lnet/minecraft/world/item/ItemStack;ZLorg/spongepowered/asm/mixin/injection/callback/CallbackInfoReturnable;)V does use it's CallbackInfoReturnable
[10:41:19] [main/DEBUG] (FabricLoader/Mixin) architectury.mixins.json:MixinPlayer from mod architectury->@Inject::entityInteract(Lnet/minecraft/world/entity/Entity;Lnet/minecraft/world/InteractionHand;Lnet/minecraft/world/phys/Vec3;Lorg/spongepowered/asm/mixin/injection/callback/CallbackInfoReturnable;)V does use it's CallbackInfoReturnable
[10:41:19] [main/DEBUG] (FabricLoader/Mixin) architectury.mixins.json:PlayerAttackInvoker from mod architectury->@Inject::hurtServer(Lnet/minecraft/server/level/ServerLevel;Lnet/minecraft/world/damagesource/DamageSource;FLorg/spongepowered/asm/mixin/injection/callback/CallbackInfoReturnable;)V does use it's CallbackInfoReturnable
[10:41:19] [main/DEBUG] (FabricLoader/Mixin) stargazer.mixins.json:PlayerClassMixin from mod stargazer->@Inject::customDeathDrop(Lnet/minecraft/server/level/ServerLevel;Lorg/spongepowered/asm/mixin/injection/callback/CallbackInfo;)V doesn't use it's CallbackInfo
[10:41:19] [main/DEBUG] (FabricLoader/Mixin) stargazer.mixins.json:PlayerClassMixin from mod stargazer->@Inject::customDeathDrop(Lnet/minecraft/server/level/ServerLevel;Lorg/spongepowered/asm/mixin/injection/callback/CallbackInfo;)V has 0 override(s) in child classes
[10:41:19] [main/DEBUG] (FabricLoader/Mixin) stargazer.mixins.json:PlayerClassMixin from mod stargazer->@Inject::customDeathDrop(Lnet/minecraft/server/level/ServerLevel;Lorg/spongepowered/asm/mixin/injection/callback/CallbackInfo;)V won't be passed a CallbackInfo as a result
[10:41:19] [main/DEBUG] (FabricLoader/Mixin) fabric-entity-events-v1.mixins.json:PlayerMixin from mod fabric-entity-events-v1->@Inject::onStartSleepInBed(Lnet/minecraft/core/BlockPos;Lorg/spongepowered/asm/mixin/injection/callback/CallbackInfoReturnable;)V does use it's CallbackInfoReturnable
[10:41:19] [main/DEBUG] (FabricLoader/Mixin) fabric-entity-events-v1.mixins.json:PlayerMixin from mod fabric-entity-events-v1->@Inject::onIsSleepingLongEnough(Lorg/spongepowered/asm/mixin/injection/callback/CallbackInfoReturnable;)V does use it's CallbackInfoReturnable
[10:41:19] [main/DEBUG] (FabricLoader/Mixin) Mixing common.LivingEntityMixin from geckolib.mixins.json into net.minecraft.world.entity.LivingEntity
[10:41:19] [main/DEBUG] (FabricLoader/Mixin) geckolib.mixins.json:common.LivingEntityMixin from mod geckolib: Class version 69 required is higher than the class version supported by the current version of Mixin (JAVA_17 supports class version 61)
[10:41:19] [main/DEBUG] (FabricLoader/Mixin) Mixing fluid.LivingEntityAccessor from fabric-content-registries-v0.mixins.json into net.minecraft.world.entity.LivingEntity
[10:41:19] [main/DEBUG] (FabricLoader/Mixin) Mixing fluid.LivingEntityMixin from fabric-content-registries-v0.mixins.json into net.minecraft.world.entity.LivingEntity
[10:41:19] [main/DEBUG] (FabricLoader/Mixin) Mixing LivingEntityMixin from fabric-lifecycle-events-v1.mixins.json into net.minecraft.world.entity.LivingEntity
[10:41:19] [main/DEBUG] (FabricLoader/Mixin) Mixing LivingEntityMixin from fabric-item-api-v1.mixins.json into net.minecraft.world.entity.LivingEntity
[10:41:19] [main/DEBUG] (FabricLoader/Mixin) Mixing LivingEntityMixin from fabric-particles-v1.mixins.json into net.minecraft.world.entity.LivingEntity
[10:41:19] [main/DEBUG] (FabricLoader/Mixin) Mixing LivingDeathInvoker from architectury.mixins.json into net.minecraft.world.entity.LivingEntity
[10:41:19] [main/DEBUG] (FabricLoader/Mixin) Mixing MixinLivingEntity from architectury.mixins.json into net.minecraft.world.entity.LivingEntity
[10:41:19] [main/DEBUG] (FabricLoader/Mixin) Mixing LivingEntityMixin from fabric-block-api-v1.mixins.json into net.minecraft.world.entity.LivingEntity
[10:41:19] [main/DEBUG] (FabricLoader/Mixin) Mixing LivingEntityMixin from fabric-entity-events-v1.mixins.json into net.minecraft.world.entity.LivingEntity
[10:41:19] [main/DEBUG] (FabricLoader/Mixin) Mixing effect.LivingEntityMixin from fabric-entity-events-v1.mixins.json into net.minecraft.world.entity.LivingEntity
[10:41:19] [main/DEBUG] (FabricLoader/Mixin) Mixing elytra.LivingEntityMixin from fabric-entity-events-v1.mixins.json into net.minecraft.world.entity.LivingEntity
[10:41:19] [main/DEBUG] (FabricLoader/Mixin) fabric-content-registries-v0.mixins.json:fluid.LivingEntityMixin from mod fabric-content-registries-v0->@Inject::travelFlyingInCustomFluid(Lnet/minecraft/world/phys/Vec3;FFFLorg/spongepowered/asm/mixin/injection/callback/CallbackInfo;)V does use it's CallbackInfo
[10:41:19] [main/DEBUG] (FabricLoader/Mixin) fabric-lifecycle-events-v1.mixins.json:LivingEntityMixin from mod fabric-lifecycle-events-v1->@Inject::getEquipmentChanges(Lorg/spongepowered/asm/mixin/injection/callback/CallbackInfoReturnable;)V doesn't use it's CallbackInfoReturnable
[10:41:19] [main/DEBUG] (FabricLoader/Mixin) fabric-lifecycle-events-v1.mixins.json:LivingEntityMixin from mod fabric-lifecycle-events-v1->@Inject::getEquipmentChanges(Lorg/spongepowered/asm/mixin/injection/callback/CallbackInfoReturnable;)V has 0 override(s) in child classes
[10:41:19] [main/DEBUG] (FabricLoader/Mixin) fabric-lifecycle-events-v1.mixins.json:LivingEntityMixin from mod fabric-lifecycle-events-v1->@Inject::getEquipmentChanges(Lorg/spongepowered/asm/mixin/injection/callback/CallbackInfoReturnable;)V won't be passed a CallbackInfoReturnable as a result
[10:41:19] [main/DEBUG] (FabricLoader/Mixin) fabric-item-api-v1.mixins.json:LivingEntityMixin from mod fabric-item-api-v1->@Inject::onGetPreferredEquipmentSlot(Lnet/minecraft/world/item/ItemStack;Lorg/spongepowered/asm/mixin/injection/callback/CallbackInfoReturnable;)V does use it's CallbackInfoReturnable
[10:41:19] [main/DEBUG] (FabricLoader/Mixin) architectury.mixins.json:LivingDeathInvoker from mod architectury->@Inject::die(Lnet/minecraft/world/damagesource/DamageSource;Lorg/spongepowered/asm/mixin/injection/callback/CallbackInfo;)V does use it's CallbackInfo
[10:41:19] [main/DEBUG] (FabricLoader/Mixin) architectury.mixins.json:MixinLivingEntity from mod architectury->@Inject::hurtServer(Lnet/minecraft/server/level/ServerLevel;Lnet/minecraft/world/damagesource/DamageSource;FLorg/spongepowered/asm/mixin/injection/callback/CallbackInfoReturnable;)V does use it's CallbackInfoReturnable
[10:41:19] [main/DEBUG] (FabricLoader/Mixin) fabric-block-api-v1.mixins.json:LivingEntityMixin from mod fabric-block-api-v1->@Inject::allowTaggedBlocksForTrapdoorClimbing(Lnet/minecraft/core/BlockPos;Lnet/minecraft/world/level/block/state/BlockState;Lorg/spongepowered/asm/mixin/injection/callback/CallbackInfoReturnable;)V does use it's CallbackInfoReturnable
[10:41:19] [main/DEBUG] (FabricLoader/Mixin) fabric-entity-events-v1.mixins.json:LivingEntityMixin from mod fabric-entity-events-v1->@Inject::notifyDeath(Lnet/minecraft/world/damagesource/DamageSource;Lorg/spongepowered/asm/mixin/injection/callback/CallbackInfo;)V doesn't use it's CallbackInfo
[10:41:19] [main/DEBUG] (FabricLoader/Mixin) fabric-entity-events-v1.mixins.json:LivingEntityMixin from mod fabric-entity-events-v1->@Inject::notifyDeath(Lnet/minecraft/world/damagesource/DamageSource;Lorg/spongepowered/asm/mixin/injection/callback/CallbackInfo;)V has 0 override(s) in child classes
[10:41:19] [main/DEBUG] (FabricLoader/Mixin) fabric-entity-events-v1.mixins.json:LivingEntityMixin from mod fabric-entity-events-v1->@Inject::notifyDeath(Lnet/minecraft/world/damagesource/DamageSource;Lorg/spongepowered/asm/mixin/injection/callback/CallbackInfo;)V won't be passed a CallbackInfo as a result
[10:41:19] [main/DEBUG] (FabricLoader/Mixin) fabric-entity-events-v1.mixins.json:LivingEntityMixin from mod fabric-entity-events-v1->@Inject::beforeDamage(Lnet/minecraft/server/level/ServerLevel;Lnet/minecraft/world/damagesource/DamageSource;FLorg/spongepowered/asm/mixin/injection/callback/CallbackInfoReturnable;)V does use it's CallbackInfoReturnable
[10:41:19] [main/DEBUG] (FabricLoader/Mixin) fabric-entity-events-v1.mixins.json:LivingEntityMixin from mod fabric-entity-events-v1->@Inject::afterDamage(Lnet/minecraft/server/level/ServerLevel;Lnet/minecraft/world/damagesource/DamageSource;FLorg/spongepowered/asm/mixin/injection/callback/CallbackInfoReturnable;)V doesn't use it's CallbackInfoReturnable
[10:41:19] [main/DEBUG] (FabricLoader/Mixin) fabric-entity-events-v1.mixins.json:LivingEntityMixin from mod fabric-entity-events-v1->@Inject::afterDamage(Lnet/minecraft/server/level/ServerLevel;Lnet/minecraft/world/damagesource/DamageSource;FLorg/spongepowered/asm/mixin/injection/callback/CallbackInfoReturnable;)V has 0 override(s) in child classes
[10:41:19] [main/DEBUG] (FabricLoader/Mixin) fabric-entity-events-v1.mixins.json:LivingEntityMixin from mod fabric-entity-events-v1->@Inject::afterDamage(Lnet/minecraft/server/level/ServerLevel;Lnet/minecraft/world/damagesource/DamageSource;FLorg/spongepowered/asm/mixin/injection/callback/CallbackInfoReturnable;)V won't be passed a CallbackInfoReturnable as a result
[10:41:19] [main/DEBUG] (FabricLoader/Mixin) fabric-entity-events-v1.mixins.json:LivingEntityMixin from mod fabric-entity-events-v1->@Inject::onSleep(Lnet/minecraft/core/BlockPos;Lorg/spongepowered/asm/mixin/injection/callback/CallbackInfo;)V doesn't use it's CallbackInfo
[10:41:19] [main/DEBUG] (FabricLoader/Mixin) fabric-entity-events-v1.mixins.json:LivingEntityMixin from mod fabric-entity-events-v1->@Inject::onSleep(Lnet/minecraft/core/BlockPos;Lorg/spongepowered/asm/mixin/injection/callback/CallbackInfo;)V has 0 override(s) in child classes
[10:41:19] [main/DEBUG] (FabricLoader/Mixin) fabric-entity-events-v1.mixins.json:LivingEntityMixin from mod fabric-entity-events-v1->@Inject::onSleep(Lnet/minecraft/core/BlockPos;Lorg/spongepowered/asm/mixin/injection/callback/CallbackInfo;)V won't be passed a CallbackInfo as a result
[10:41:19] [main/DEBUG] (FabricLoader/Mixin) fabric-entity-events-v1.mixins.json:LivingEntityMixin from mod fabric-entity-events-v1->@Inject::onWakeUp(Lorg/spongepowered/asm/mixin/injection/callback/CallbackInfo;)V doesn't use it's CallbackInfo
[10:41:19] [main/DEBUG] (FabricLoader/Mixin) fabric-entity-events-v1.mixins.json:LivingEntityMixin from mod fabric-entity-events-v1->@Inject::onWakeUp(Lorg/spongepowered/asm/mixin/injection/callback/CallbackInfo;)V has 0 override(s) in child classes
[10:41:19] [main/DEBUG] (FabricLoader/Mixin) fabric-entity-events-v1.mixins.json:LivingEntityMixin from mod fabric-entity-events-v1->@Inject::onWakeUp(Lorg/spongepowered/asm/mixin/injection/callback/CallbackInfo;)V won't be passed a CallbackInfo as a result
[10:41:19] [main/DEBUG] (FabricLoader/Mixin) fabric-entity-events-v1.mixins.json:LivingEntityMixin from mod fabric-entity-events-v1->@Inject::onIsSleepingInBed(Lnet/minecraft/core/BlockPos;Lorg/spongepowered/asm/mixin/injection/callback/CallbackInfoReturnable;)V does use it's CallbackInfoReturnable
[10:41:19] [main/DEBUG] (FabricLoader/Mixin) fabric-entity-events-v1.mixins.json:effect.LivingEntityMixin from mod fabric-entity-events-v1->@Inject::beforeAddEffect(Lnet/minecraft/world/effect/MobEffectInstance;Lnet/minecraft/world/entity/Entity;Lorg/spongepowered/asm/mixin/injection/callback/CallbackInfoReturnable;)V doesn't use it's CallbackInfoReturnable
[10:41:19] [main/DEBUG] (FabricLoader/Mixin) fabric-entity-events-v1.mixins.json:effect.LivingEntityMixin from mod fabric-entity-events-v1->@Inject::beforeAddEffect(Lnet/minecraft/world/effect/MobEffectInstance;Lnet/minecraft/world/entity/Entity;Lorg/spongepowered/asm/mixin/injection/callback/CallbackInfoReturnable;)V has 0 override(s) in child classes
[10:41:19] [main/DEBUG] (FabricLoader/Mixin) fabric-entity-events-v1.mixins.json:effect.LivingEntityMixin from mod fabric-entity-events-v1->@Inject::beforeAddEffect(Lnet/minecraft/world/effect/MobEffectInstance;Lnet/minecraft/world/entity/Entity;Lorg/spongepowered/asm/mixin/injection/callback/CallbackInfoReturnable;)V won't be passed a CallbackInfoReturnable as a result
[10:41:19] [main/DEBUG] (FabricLoader/Mixin) fabric-entity-events-v1.mixins.json:effect.LivingEntityMixin from mod fabric-entity-events-v1->@Inject::beforeForceAddEffect(Lnet/minecraft/world/effect/MobEffectInstance;Lnet/minecraft/world/entity/Entity;Lorg/spongepowered/asm/mixin/injection/callback/CallbackInfo;)V doesn't use it's CallbackInfo
[10:41:19] [main/DEBUG] (FabricLoader/Mixin) fabric-entity-events-v1.mixins.json:effect.LivingEntityMixin from mod fabric-entity-events-v1->@Inject::beforeForceAddEffect(Lnet/minecraft/world/effect/MobEffectInstance;Lnet/minecraft/world/entity/Entity;Lorg/spongepowered/asm/mixin/injection/callback/CallbackInfo;)V has 0 override(s) in child classes
[10:41:19] [main/DEBUG] (FabricLoader/Mixin) fabric-entity-events-v1.mixins.json:effect.LivingEntityMixin from mod fabric-entity-events-v1->@Inject::beforeForceAddEffect(Lnet/minecraft/world/effect/MobEffectInstance;Lnet/minecraft/world/entity/Entity;Lorg/spongepowered/asm/mixin/injection/callback/CallbackInfo;)V won't be passed a CallbackInfo as a result
[10:41:19] [main/DEBUG] (FabricLoader/Mixin) fabric-entity-events-v1.mixins.json:effect.LivingEntityMixin from mod fabric-entity-events-v1->@Inject::afterAddEffect(Lnet/minecraft/world/effect/MobEffectInstance;Lnet/minecraft/world/entity/Entity;Lorg/spongepowered/asm/mixin/injection/callback/CallbackInfo;)V doesn't use it's CallbackInfo
[10:41:19] [main/DEBUG] (FabricLoader/Mixin) fabric-entity-events-v1.mixins.json:effect.LivingEntityMixin from mod fabric-entity-events-v1->@Inject::afterAddEffect(Lnet/minecraft/world/effect/MobEffectInstance;Lnet/minecraft/world/entity/Entity;Lorg/spongepowered/asm/mixin/injection/callback/CallbackInfo;)V has 0 override(s) in child classes
[10:41:19] [main/DEBUG] (FabricLoader/Mixin) fabric-entity-events-v1.mixins.json:effect.LivingEntityMixin from mod fabric-entity-events-v1->@Inject::afterAddEffect(Lnet/minecraft/world/effect/MobEffectInstance;Lnet/minecraft/world/entity/Entity;Lorg/spongepowered/asm/mixin/injection/callback/CallbackInfo;)V won't be passed a CallbackInfo as a result
[10:41:19] [main/DEBUG] (FabricLoader/Mixin) fabric-entity-events-v1.mixins.json:effect.LivingEntityMixin from mod fabric-entity-events-v1->@Inject::beforeRemoveEffect(Lnet/minecraft/core/Holder;Lorg/spongepowered/asm/mixin/injection/callback/CallbackInfoReturnable;)V doesn't use it's CallbackInfoReturnable
[10:41:19] [main/DEBUG] (FabricLoader/Mixin) fabric-entity-events-v1.mixins.json:effect.LivingEntityMixin from mod fabric-entity-events-v1->@Inject::beforeRemoveEffect(Lnet/minecraft/core/Holder;Lorg/spongepowered/asm/mixin/injection/callback/CallbackInfoReturnable;)V has 0 override(s) in child classes
[10:41:19] [main/DEBUG] (FabricLoader/Mixin) fabric-entity-events-v1.mixins.json:effect.LivingEntityMixin from mod fabric-entity-events-v1->@Inject::beforeRemoveEffect(Lnet/minecraft/core/Holder;Lorg/spongepowered/asm/mixin/injection/callback/CallbackInfoReturnable;)V won't be passed a CallbackInfoReturnable as a result
[10:41:19] [main/DEBUG] (FabricLoader/Mixin) fabric-entity-events-v1.mixins.json:effect.LivingEntityMixin from mod fabric-entity-events-v1->@Inject::beforeExpireRemoveEffect(Lorg/spongepowered/asm/mixin/injection/callback/CallbackInfo;)V doesn't use it's CallbackInfo
[10:41:19] [main/DEBUG] (FabricLoader/Mixin) fabric-entity-events-v1.mixins.json:effect.LivingEntityMixin from mod fabric-entity-events-v1->@Inject::beforeExpireRemoveEffect(Lorg/spongepowered/asm/mixin/injection/callback/CallbackInfo;)V has 0 override(s) in child classes
[10:41:19] [main/DEBUG] (FabricLoader/Mixin) fabric-entity-events-v1.mixins.json:effect.LivingEntityMixin from mod fabric-entity-events-v1->@Inject::beforeExpireRemoveEffect(Lorg/spongepowered/asm/mixin/injection/callback/CallbackInfo;)V won't be passed a CallbackInfo as a result
[10:41:19] [main/DEBUG] (FabricLoader/Mixin) fabric-entity-events-v1.mixins.json:effect.LivingEntityMixin from mod fabric-entity-events-v1->@Inject::beforeRemoveAllEffects(Lorg/spongepowered/asm/mixin/injection/callback/CallbackInfoReturnable;)V doesn't use it's CallbackInfoReturnable
[10:41:19] [main/DEBUG] (FabricLoader/Mixin) fabric-entity-events-v1.mixins.json:effect.LivingEntityMixin from mod fabric-entity-events-v1->@Inject::beforeRemoveAllEffects(Lorg/spongepowered/asm/mixin/injection/callback/CallbackInfoReturnable;)V has 0 override(s) in child classes
[10:41:19] [main/DEBUG] (FabricLoader/Mixin) fabric-entity-events-v1.mixins.json:effect.LivingEntityMixin from mod fabric-entity-events-v1->@Inject::beforeRemoveAllEffects(Lorg/spongepowered/asm/mixin/injection/callback/CallbackInfoReturnable;)V won't be passed a CallbackInfoReturnable as a result
[10:41:19] [main/DEBUG] (FabricLoader/Mixin) fabric-entity-events-v1.mixins.json:effect.LivingEntityMixin from mod fabric-entity-events-v1->@Inject::afterRemoveEffect(Ljava/util/Collection;Lorg/spongepowered/asm/mixin/injection/callback/CallbackInfo;)V doesn't use it's CallbackInfo
[10:41:19] [main/DEBUG] (FabricLoader/Mixin) fabric-entity-events-v1.mixins.json:effect.LivingEntityMixin from mod fabric-entity-events-v1->@Inject::afterRemoveEffect(Ljava/util/Collection;Lorg/spongepowered/asm/mixin/injection/callback/CallbackInfo;)V has 0 override(s) in child classes
[10:41:19] [main/DEBUG] (FabricLoader/Mixin) fabric-entity-events-v1.mixins.json:effect.LivingEntityMixin from mod fabric-entity-events-v1->@Inject::afterRemoveEffect(Ljava/util/Collection;Lorg/spongepowered/asm/mixin/injection/callback/CallbackInfo;)V won't be passed a CallbackInfo as a result
[10:41:19] [main/DEBUG] (FabricLoader/Mixin) fabric-entity-events-v1.mixins.json:effect.LivingEntityMixin from mod fabric-entity-events-v1->@Inject::afterRemoveEffect(Ljava/util/Collection;Lorg/spongepowered/asm/mixin/injection/callback/CallbackInfo;)V doesn't use it's CallbackInfo
[10:41:19] [main/DEBUG] (FabricLoader/Mixin) fabric-entity-events-v1.mixins.json:effect.LivingEntityMixin from mod fabric-entity-events-v1->@Inject::afterRemoveEffect(Ljava/util/Collection;Lorg/spongepowered/asm/mixin/injection/callback/CallbackInfo;)V has 0 override(s) in child classes
[10:41:19] [main/DEBUG] (FabricLoader/Mixin) fabric-entity-events-v1.mixins.json:effect.LivingEntityMixin from mod fabric-entity-events-v1->@Inject::afterRemoveEffect(Ljava/util/Collection;Lorg/spongepowered/asm/mixin/injection/callback/CallbackInfo;)V won't be passed a CallbackInfo as a result
[10:41:19] [main/DEBUG] (FabricLoader/Mixin) fabric-entity-events-v1.mixins.json:elytra.LivingEntityMixin from mod fabric-entity-events-v1->@Inject::injectElytraTick(Lorg/spongepowered/asm/mixin/injection/callback/CallbackInfo;)V does use it's CallbackInfo
[10:41:19] [main/DEBUG] (FabricLoader/Mixin) fabric-entity-events-v1.mixins.json:elytra.LivingEntityMixin from mod fabric-entity-events-v1->@Inject::injectElytraCheck(Lorg/spongepowered/asm/mixin/injection/callback/CallbackInfoReturnable;)V does use it's CallbackInfoReturnable
[10:41:19] [main/DEBUG] (FabricLoader/Mixin) Mixing LevelReaderMixin from fabric-block-getter-api-v2.mixins.json into net.minecraft.world.level.LevelReader
[10:41:19] [main/DEBUG] (FabricLoader/Mixin) Mixing LevelMixin from fabric-lifecycle-events-v1.mixins.json into net.minecraft.world.level.Level
[10:41:19] [main/DEBUG] (FabricLoader/Mixin) Mixing AttachmentTargetsMixin from fabric-data-attachment-api-v1.mixins.json into net.minecraft.world.level.Level
[10:41:19] [main/DEBUG] (FabricLoader/Mixin) Mixing LevelMixin from fabric-data-attachment-api-v1.mixins.json into net.minecraft.world.level.Level
[10:41:19] [main/DEBUG] (FabricLoader/Mixin) Mixing ServerLevelMixin from fabric-api-lookup-api-v1.mixins.json into net.minecraft.server.level.ServerLevel
[10:41:19] [main/DEBUG] (FabricLoader/Mixin) Renaming synthetic method lambda$fabric_invalidateCache$2(Ljava/util/Map$Entry;)Z to mdf26aa6$fabric-api-lookup-api-v1$lambda$fabric_invalidateCache$2$0 in fabric-api-lookup-api-v1.mixins.json:ServerLevelMixin from mod fabric-api-lookup-api-v1
[10:41:19] [main/DEBUG] (FabricLoader/Mixin) Renaming synthetic method lambda$fabric_invalidateCache$3(Ljava/lang/ref/WeakReference;)Z to mdf26aa6$fabric-api-lookup-api-v1$lambda$fabric_invalidateCache$3$1 in fabric-api-lookup-api-v1.mixins.json:ServerLevelMixin from mod fabric-api-lookup-api-v1
[10:41:19] [main/DEBUG] (FabricLoader/Mixin) Renaming synthetic method lambda$fabric_invalidateCache$1(Ljava/lang/ref/WeakReference;)V to mdf26aa6$fabric-api-lookup-api-v1$lambda$fabric_invalidateCache$1$2 in fabric-api-lookup-api-v1.mixins.json:ServerLevelMixin from mod fabric-api-lookup-api-v1
[10:41:19] [main/DEBUG] (FabricLoader/Mixin) Renaming synthetic method lambda$fabric_invalidateCache$0(Ljava/lang/ref/WeakReference;)Z to mdf26aa6$fabric-api-lookup-api-v1$lambda$fabric_invalidateCache$0$3 in fabric-api-lookup-api-v1.mixins.json:ServerLevelMixin from mod fabric-api-lookup-api-v1
[10:41:19] [main/DEBUG] (FabricLoader/Mixin) Renaming synthetic method lambda$fabric_registerCache$1(Ljava/lang/ref/WeakReference;)Z to mdf26aa6$fabric-api-lookup-api-v1$lambda$fabric_registerCache$1$4 in fabric-api-lookup-api-v1.mixins.json:ServerLevelMixin from mod fabric-api-lookup-api-v1
[10:41:19] [main/DEBUG] (FabricLoader/Mixin) Renaming synthetic method lambda$fabric_registerCache$0(Lnet/minecraft/core/BlockPos;)Ljava/util/List; to mdf26aa6$fabric-api-lookup-api-v1$lambda$fabric_registerCache$0$5 in fabric-api-lookup-api-v1.mixins.json:ServerLevelMixin from mod fabric-api-lookup-api-v1
[10:41:19] [main/DEBUG] (FabricLoader/Mixin) Mixing ServerLevelMixin from fabric-lifecycle-events-v1.mixins.json into net.minecraft.server.level.ServerLevel
[10:41:19] [main/DEBUG] (FabricLoader/Mixin) Mixing MixinServerLevel from architectury.mixins.json into net.minecraft.server.level.ServerLevel
[10:41:19] [main/DEBUG] (FabricLoader/Mixin) Mixing WorldMixin from stargazer.mixins.json into net.minecraft.server.level.ServerLevel
[10:41:19] [main/DEBUG] (FabricLoader/Mixin) Mixing ServerLevelMixin from fabric-data-attachment-api-v1.mixins.json into net.minecraft.server.level.ServerLevel
[10:41:19] [main/DEBUG] (FabricLoader/Mixin) Renaming synthetic method lambda$fabric_syncChange$0(Lnet/fabricmc/fabric/api/attachment/v1/AttachmentType;Lnet/fabricmc/fabric/impl/attachment/sync/AttachmentChange;Lnet/minecraft/server/level/ServerPlayer;)V to mdf26aa6$fabric-data-attachment-api-v1$lambda$fabric_syncChange$0$6 in fabric-data-attachment-api-v1.mixins.json:ServerLevelMixin from mod fabric-data-attachment-api-v1
[10:41:19] [main/DEBUG] (FabricLoader/Mixin) Renaming synthetic method lambda$createAttachmentsPersistentState$0(Lnet/minecraft/server/level/ServerLevel;)Lnet/fabricmc/fabric/impl/attachment/AttachmentSavedData; to mdf26aa6$fabric-data-attachment-api-v1$lambda$createAttachmentsPersistentState$0$7 in fabric-data-attachment-api-v1.mixins.json:ServerLevelMixin from mod fabric-data-attachment-api-v1
[10:41:19] [main/DEBUG] (FabricLoader/Mixin) fabric-lifecycle-events-v1.mixins.json:ServerLevelMixin from mod fabric-lifecycle-events-v1->@Inject::startLevelTick(Ljava/util/function/BooleanSupplier;Lorg/spongepowered/asm/mixin/injection/callback/CallbackInfo;)V doesn't use it's CallbackInfo
[10:41:19] [main/DEBUG] (FabricLoader/Mixin) fabric-lifecycle-events-v1.mixins.json:ServerLevelMixin from mod fabric-lifecycle-events-v1->@Inject::startLevelTick(Ljava/util/function/BooleanSupplier;Lorg/spongepowered/asm/mixin/injection/callback/CallbackInfo;)V has 0 override(s) in child classes
[10:41:19] [main/DEBUG] (FabricLoader/Mixin) fabric-lifecycle-events-v1.mixins.json:ServerLevelMixin from mod fabric-lifecycle-events-v1->@Inject::startLevelTick(Ljava/util/function/BooleanSupplier;Lorg/spongepowered/asm/mixin/injection/callback/CallbackInfo;)V won't be passed a CallbackInfo as a result
[10:41:19] [main/DEBUG] (FabricLoader/Mixin) fabric-lifecycle-events-v1.mixins.json:ServerLevelMixin from mod fabric-lifecycle-events-v1->@Inject::endLevelTick(Ljava/util/function/BooleanSupplier;Lorg/spongepowered/asm/mixin/injection/callback/CallbackInfo;)V doesn't use it's CallbackInfo
[10:41:19] [main/DEBUG] (FabricLoader/Mixin) fabric-lifecycle-events-v1.mixins.json:ServerLevelMixin from mod fabric-lifecycle-events-v1->@Inject::endLevelTick(Ljava/util/function/BooleanSupplier;Lorg/spongepowered/asm/mixin/injection/callback/CallbackInfo;)V has 0 override(s) in child classes
[10:41:19] [main/DEBUG] (FabricLoader/Mixin) fabric-lifecycle-events-v1.mixins.json:ServerLevelMixin from mod fabric-lifecycle-events-v1->@Inject::endLevelTick(Ljava/util/function/BooleanSupplier;Lorg/spongepowered/asm/mixin/injection/callback/CallbackInfo;)V won't be passed a CallbackInfo as a result
[10:41:19] [main/DEBUG] (FabricLoader/Mixin) architectury.mixins.json:MixinServerLevel from mod architectury->@Inject::save(Lnet/minecraft/util/ProgressListener;ZZLorg/spongepowered/asm/mixin/injection/callback/CallbackInfo;)V doesn't use it's CallbackInfo
[10:41:19] [main/DEBUG] (FabricLoader/Mixin) architectury.mixins.json:MixinServerLevel from mod architectury->@Inject::save(Lnet/minecraft/util/ProgressListener;ZZLorg/spongepowered/asm/mixin/injection/callback/CallbackInfo;)V has 0 override(s) in child classes
[10:41:19] [main/DEBUG] (FabricLoader/Mixin) architectury.mixins.json:MixinServerLevel from mod architectury->@Inject::save(Lnet/minecraft/util/ProgressListener;ZZLorg/spongepowered/asm/mixin/injection/callback/CallbackInfo;)V won't be passed a CallbackInfo as a result
[10:41:19] [main/DEBUG] (FabricLoader/Mixin) architectury.mixins.json:MixinServerLevel from mod architectury->@Inject::addEntity(Lnet/minecraft/world/entity/Entity;Lorg/spongepowered/asm/mixin/injection/callback/CallbackInfoReturnable;)V doesn't use it's CallbackInfoReturnable
[10:41:19] [main/DEBUG] (FabricLoader/Mixin) architectury.mixins.json:MixinServerLevel from mod architectury->@Inject::addEntity(Lnet/minecraft/world/entity/Entity;Lorg/spongepowered/asm/mixin/injection/callback/CallbackInfoReturnable;)V has 0 override(s) in child classes
[10:41:19] [main/DEBUG] (FabricLoader/Mixin) architectury.mixins.json:MixinServerLevel from mod architectury->@Inject::addEntity(Lnet/minecraft/world/entity/Entity;Lorg/spongepowered/asm/mixin/injection/callback/CallbackInfoReturnable;)V won't be passed a CallbackInfoReturnable as a result
[10:41:19] [main/DEBUG] (FabricLoader/Mixin) architectury.mixins.json:MixinServerLevel from mod architectury->@Inject::explodePre(Lnet/minecraft/world/entity/Entity;Lnet/minecraft/world/damagesource/DamageSource;Lnet/minecraft/world/level/ExplosionDamageCalculator;DDDFZLnet/minecraft/world/level/Level$ExplosionInteraction;Lnet/minecraft/core/particles/ParticleOptions;Lnet/minecraft/core/particles/ParticleOptions;Lnet/minecraft/util/random/WeightedList;Lnet/minecraft/core/Holder;Lorg/spongepowered/asm/mixin/injection/callback/CallbackInfo;)V does use it's CallbackInfo
[10:41:19] [main/DEBUG] (FabricLoader/Mixin) stargazer.mixins.json:WorldMixin from mod stargazer->@Inject::disableWeatherInCustomDimensions(Lorg/spongepowered/asm/mixin/injection/callback/CallbackInfo;)V does use it's CallbackInfo
[10:41:19] [main/DEBUG] (FabricLoader/Mixin) fabric-data-attachment-api-v1.mixins.json:ServerLevelMixin from mod fabric-data-attachment-api-v1->@Inject::createAttachmentsPersistentState(Lorg/spongepowered/asm/mixin/injection/callback/CallbackInfo;)V doesn't use it's CallbackInfo
[10:41:19] [main/DEBUG] (FabricLoader/Mixin) fabric-data-attachment-api-v1.mixins.json:ServerLevelMixin from mod fabric-data-attachment-api-v1->@Inject::createAttachmentsPersistentState(Lorg/spongepowered/asm/mixin/injection/callback/CallbackInfo;)V has 0 override(s) in child classes
[10:41:19] [main/DEBUG] (FabricLoader/Mixin) fabric-data-attachment-api-v1.mixins.json:ServerLevelMixin from mod fabric-data-attachment-api-v1->@Inject::createAttachmentsPersistentState(Lorg/spongepowered/asm/mixin/injection/callback/CallbackInfo;)V won't be passed a CallbackInfo as a result
[10:41:19] [main/DEBUG] (FabricLoader/Mixin) Mixing MixinItemEntity from architectury.mixins.json into net.minecraft.world.entity.item.ItemEntity
[10:41:19] [main/DEBUG] (FabricLoader/Mixin) architectury.mixins.json:MixinItemEntity from mod architectury->@Inject::prePickup(Lnet/minecraft/world/entity/player/Player;Lorg/spongepowered/asm/mixin/injection/callback/CallbackInfo;)V does use it's CallbackInfo
[10:41:19] [main/DEBUG] (FabricLoader/Mixin) architectury.mixins.json:MixinItemEntity from mod architectury->@Inject::pickup(Lnet/minecraft/world/entity/player/Player;Lorg/spongepowered/asm/mixin/injection/callback/CallbackInfo;)V doesn't use it's CallbackInfo
[10:41:19] [main/DEBUG] (FabricLoader/Mixin) architectury.mixins.json:MixinItemEntity from mod architectury->@Inject::pickup(Lnet/minecraft/world/entity/player/Player;Lorg/spongepowered/asm/mixin/injection/callback/CallbackInfo;)V has 0 override(s) in child classes
[10:41:19] [main/DEBUG] (FabricLoader/Mixin) architectury.mixins.json:MixinItemEntity from mod architectury->@Inject::pickup(Lnet/minecraft/world/entity/player/Player;Lorg/spongepowered/asm/mixin/injection/callback/CallbackInfo;)V won't be passed a CallbackInfo as a result
[10:41:19] [main/DEBUG] (FabricLoader/Mixin) Mixing BlockStateMixin from fabric-block-api-v1.mixins.json into net.minecraft.world.level.block.state.BlockState
[10:41:19] [main/DEBUG] (FabricLoader/Mixin) Mixing BlockBehaviourBlockStateBaseMixin from fabric-events-interaction-v0.mixins.json into net.minecraft.world.level.block.state.BlockBehaviour$BlockStateBase
[10:41:19] [main/DEBUG] (FabricLoader/Mixin) Mixing BlockBehaviourBlockStateBaseMixin from fabric-content-registries-v0.mixins.json into net.minecraft.world.level.block.state.BlockBehaviour$BlockStateBase
[10:41:19] [main/DEBUG] (FabricLoader/Mixin) fabric-events-interaction-v0.mixins.json:BlockBehaviourBlockStateBaseMixin from mod fabric-events-interaction-v0->@Inject::callUseItemOnEvent(Lnet/minecraft/world/item/ItemStack;Lnet/minecraft/world/level/Level;Lnet/minecraft/world/entity/player/Player;Lnet/minecraft/world/InteractionHand;Lnet/minecraft/world/phys/BlockHitResult;Lorg/spongepowered/asm/mixin/injection/callback/CallbackInfoReturnable;)V does use it's CallbackInfoReturnable
[10:41:19] [main/DEBUG] (FabricLoader/Mixin) fabric-events-interaction-v0.mixins.json:BlockBehaviourBlockStateBaseMixin from mod fabric-events-interaction-v0->@Inject::callUseWithoutItemEvent(Lnet/minecraft/world/level/Level;Lnet/minecraft/world/entity/player/Player;Lnet/minecraft/world/phys/BlockHitResult;Lorg/spongepowered/asm/mixin/injection/callback/CallbackInfoReturnable;)V does use it's CallbackInfoReturnable
[10:41:19] [main/DEBUG] (FabricLoader/Mixin) Mixing BlockBehaviourPropertiesMixin from fabric-block-api-v1.mixins.json into net.minecraft.world.level.block.state.BlockBehaviour$Properties
[10:41:19] [main/DEBUG] (FabricLoader/Mixin) Mixing IdMapperMixin from fabric-registry-sync-v0.mixins.json into net.minecraft.core.IdMapper
[10:41:19] [main/DEBUG] (FabricLoader/Mixin) Renaming synthetic method lambda$fabric_remapIds$0(Lit/unimi/dsi/fastutil/ints/Int2IntMap;Ljava/lang/Object;Ljava/lang/Integer;)Ljava/lang/Integer; to mdf26aa6$fabric-registry-sync-v0$lambda$fabric_remapIds$0$0 in fabric-registry-sync-v0.mixins.json:IdMapperMixin from mod fabric-registry-sync-v0
[10:41:19] [main/DEBUG] (FabricLoader/Mixin) Mixing RegistryFriendlyByteBufMixin from fabric-networking-api-v1.mixins.json into net.minecraft.network.RegistryFriendlyByteBuf
[10:41:19] [main/DEBUG] (FabricLoader/Mixin) Mixing FriendlyByteBufMixin from fabric-networking-api-v1.mixins.json into net.minecraft.network.FriendlyByteBuf
[10:41:19] [main/DEBUG] (FabricLoader/Mixin) Mixing BlocksMixin from fabric-registry-sync-v0.mixins.json into net.minecraft.world.level.block.Blocks
[10:41:19] [main/DEBUG] (FabricLoader/Mixin) Renaming synthetic method lambda$initShapeCache$0(ILnet/minecraft/resources/Identifier;Lnet/minecraft/world/level/block/Block;)V to mdf26aa6$fabric-registry-sync-v0$lambda$initShapeCache$0$0 in fabric-registry-sync-v0.mixins.json:BlocksMixin from mod fabric-registry-sync-v0
[10:41:19] [main/DEBUG] (FabricLoader/Mixin) fabric-registry-sync-v0.mixins.json:BlocksMixin from mod fabric-registry-sync-v0->@Inject::initShapeCache(Lorg/spongepowered/asm/mixin/injection/callback/CallbackInfo;)V doesn't use it's CallbackInfo
[10:41:19] [main/DEBUG] (FabricLoader/Mixin) Mixing inject.MixinLiquidBlock from architectury-common.mixins.json into net.minecraft.world.level.block.LiquidBlock
[10:41:19] [main/DEBUG] (FabricLoader/Mixin) Mixing LiquidBlockAccessor from architectury.mixins.json into net.minecraft.world.level.block.LiquidBlock
[10:41:19] [main/DEBUG] (FabricLoader/Mixin) Mixing FluidBlockMixin from starlib.mixins.json into net.minecraft.world.level.block.LiquidBlock
[10:41:19] [main/DEBUG] (FabricLoader/Mixin) Mixing FluidBlockMixin from stargazer.mixins.json into net.minecraft.world.level.block.LiquidBlock
[10:41:19] [main/DEBUG] (FabricLoader/Mixin) Mixing LiquidBlockMixin from fabric-block-api-v1.mixins.json into net.minecraft.world.level.block.LiquidBlock
[10:41:19] [main/DEBUG] (FabricLoader/Mixin) starlib.mixins.json:FluidBlockMixin from mod starlib->@Inject::water(Lnet/minecraft/world/level/Level;Lnet/minecraft/core/BlockPos;Lnet/minecraft/world/level/block/state/BlockState;Lorg/spongepowered/asm/mixin/injection/callback/CallbackInfoReturnable;)V does use it's CallbackInfoReturnable
[10:41:19] [main/DEBUG] (FabricLoader/Mixin) stargazer.mixins.json:FluidBlockMixin from mod stargazer->@Inject::add(Lnet/minecraft/world/level/block/state/BlockState;Lnet/minecraft/world/level/Level;Lnet/minecraft/core/BlockPos;Lnet/minecraft/world/level/block/state/BlockState;ZLorg/spongepowered/asm/mixin/injection/callback/CallbackInfo;)V does use it's CallbackInfo
[10:41:19] [main/DEBUG] (FabricLoader/Mixin) fabric-block-api-v1.mixins.json:LiquidBlockMixin from mod fabric-block-api-v1->@Inject::shouldSpreadLiquid(Lnet/minecraft/world/level/Level;Lnet/minecraft/core/BlockPos;Lnet/minecraft/world/level/block/state/BlockState;Lorg/spongepowered/asm/mixin/injection/callback/CallbackInfoReturnable;)V does use it's CallbackInfoReturnable
[10:41:19] [main/DEBUG] (FabricLoader/Mixin) Mixing WeatheringCopperMixin from fabric-content-registries-v0.mixins.json into net.minecraft.world.level.block.WeatheringCopper
[10:41:19] [main/DEBUG] (FabricLoader/Mixin) fabric-content-registries-v0.mixins.json:WeatheringCopperMixin from mod fabric-content-registries-v0->@Inject::createOxidationLevelIncreasesMap(Lorg/spongepowered/asm/mixin/injection/callback/CallbackInfoReturnable;)V does use it's CallbackInfoReturnable
[10:41:19] [main/DEBUG] (FabricLoader/Mixin) Mixing EntityTypeMixin from fabric-object-builder-v1.mixins.json into net.minecraft.world.entity.EntityType
[10:41:19] [main/DEBUG] (FabricLoader/Mixin) Mixing EntityTypeMixin from fabric-lifecycle-events-v1.mixins.json into net.minecraft.world.entity.EntityType
[10:41:19] [main/DEBUG] (FabricLoader/Mixin) Mixing inject.MixinEntityType from architectury-common.mixins.json into net.minecraft.world.entity.EntityType
[10:41:19] [main/DEBUG] (FabricLoader/Mixin) fabric-object-builder-v1.mixins.json:EntityTypeMixin from mod fabric-object-builder-api-v1->@Inject::onAlwaysUpdateVelocity(Lorg/spongepowered/asm/mixin/injection/callback/CallbackInfoReturnable;)V does use it's CallbackInfoReturnable
[10:41:19] [main/DEBUG] (FabricLoader/Mixin) fabric-object-builder-v1.mixins.json:EntityTypeMixin from mod fabric-object-builder-api-v1->@Inject::onCanPotentiallyExecuteCommands(Lorg/spongepowered/asm/mixin/injection/callback/CallbackInfoReturnable;)V does use it's CallbackInfoReturnable
[10:41:19] [main/DEBUG] (FabricLoader/Mixin) fabric-lifecycle-events-v1.mixins.json:EntityTypeMixin from mod fabric-lifecycle-events-v1->@Inject::setSpawnReason(Lnet/minecraft/world/level/Level;Lnet/minecraft/world/entity/EntitySpawnRequest;Lorg/spongepowered/asm/mixin/injection/callback/CallbackInfoReturnable;)V does use it's CallbackInfoReturnable
[10:41:19] [main/DEBUG] (FabricLoader/Mixin) fabric-lifecycle-events-v1.mixins.json:EntityTypeMixin from mod fabric-lifecycle-events-v1->@Inject::setSpawnReason(Lnet/minecraft/world/level/Level;Lnet/minecraft/world/entity/EntitySpawnRequest;Lorg/spongepowered/asm/mixin/injection/callback/CallbackInfoReturnable;)V does use it's CallbackInfoReturnable
[10:41:19] [main/DEBUG] (FabricLoader/Mixin) Mixing inject.MixinFluid from architectury-common.mixins.json into net.minecraft.world.level.material.Fluid
[10:41:19] [main/DEBUG] (FabricLoader/Mixin) Mixing FluidMixin from fabric-transfer-api-v1.mixins.json into net.minecraft.world.level.material.Fluid
[10:41:19] [main/DEBUG] (FabricLoader/Mixin) fabric-transfer-api-v1.mixins.json:FluidMixin from mod fabric-transfer-api-v1->@Inject::hookGetBucketFillSound(Lorg/spongepowered/asm/mixin/injection/callback/CallbackInfoReturnable;)V does use it's CallbackInfoReturnable
[10:41:19] [main/DEBUG] (FabricLoader/Mixin) Mixing FlowingFluidMixin from fabric-block-api-v1.mixins.json into net.minecraft.world.level.material.FlowingFluid
[10:41:19] [main/DEBUG] (FabricLoader/Mixin) fabric-block-api-v1.mixins.json:FlowingFluidMixin from mod fabric-block-api-v1->@Inject::shouldSpreadLiquid(Lnet/minecraft/world/level/LevelAccessor;Lnet/minecraft/core/BlockPos;Lnet/minecraft/world/level/block/state/BlockState;Lnet/minecraft/core/Direction;Lnet/minecraft/world/level/material/FluidState;Lorg/spongepowered/asm/mixin/injection/callback/CallbackInfo;)V does use it's CallbackInfo
[10:41:19] [main/DEBUG] (FabricLoader/Mixin) Mixing LavaFluidMixin from fabric-block-api-v1.mixins.json into net.minecraft.world.level.material.LavaFluid
[10:41:19] [main/DEBUG] (FabricLoader/Mixin) fabric-block-api-v1.mixins.json:LavaFluidMixin from mod fabric-block-api-v1->@Inject::shouldSpreadLiquid(Lnet/minecraft/world/level/LevelAccessor;Lnet/minecraft/core/BlockPos;Lnet/minecraft/world/level/block/state/BlockState;Lnet/minecraft/core/Direction;Lnet/minecraft/world/level/material/FluidState;Lorg/spongepowered/asm/mixin/injection/callback/CallbackInfo;)V does use it's CallbackInfo
[10:41:19] [main/DEBUG] (FabricLoader/Mixin) Mixing DataComponentMapBuilderMixin from fabric-item-api-v1.mixins.json into net.minecraft.core.component.DataComponentMap$Builder
[10:41:19] [main/DEBUG] (FabricLoader/Mixin) Mixing MixinFallingBlockEntity from architectury.mixins.json into net.minecraft.world.entity.item.FallingBlockEntity
[10:41:19] [main/DEBUG] (FabricLoader/Mixin) architectury.mixins.json:MixinFallingBlockEntity from mod architectury->@Inject::handleLand(Lorg/spongepowered/asm/mixin/injection/callback/CallbackInfo;)V doesn't use it's CallbackInfo
[10:41:19] [main/DEBUG] (FabricLoader/Mixin) architectury.mixins.json:MixinFallingBlockEntity from mod architectury->@Inject::handleLand(Lorg/spongepowered/asm/mixin/injection/callback/CallbackInfo;)V has 0 override(s) in child classes
[10:41:19] [main/DEBUG] (FabricLoader/Mixin) architectury.mixins.json:MixinFallingBlockEntity from mod architectury->@Inject::handleLand(Lorg/spongepowered/asm/mixin/injection/callback/CallbackInfo;)V won't be passed a CallbackInfo as a result
[10:41:19] [main/DEBUG] (FabricLoader/Mixin) Mixing BlockEntityMixin from fabric-block-getter-api-v2.mixins.json into net.minecraft.world.level.block.entity.BlockEntity
[10:41:19] [main/DEBUG] (FabricLoader/Mixin) Mixing AttachmentTargetsMixin from fabric-data-attachment-api-v1.mixins.json into net.minecraft.world.level.block.entity.BlockEntity
[10:41:19] [main/DEBUG] (FabricLoader/Mixin) Mixing BlockEntityMixin from fabric-data-attachment-api-v1.mixins.json into net.minecraft.world.level.block.entity.BlockEntity
[10:41:19] [main/DEBUG] (FabricLoader/Mixin) Renaming synthetic method lambda$fabric_markChanged$2(Lnet/fabricmc/fabric/api/attachment/v1/AttachmentType;)V to mdf26aa6$fabric-data-attachment-api-v1$lambda$fabric_markChanged$2$0 in fabric-data-attachment-api-v1.mixins.json:BlockEntityMixin from mod fabric-data-attachment-api-v1
[10:41:19] [main/DEBUG] (FabricLoader/Mixin) Renaming synthetic method lambda$fabric_markChanged$0(Lnet/minecraft/server/level/ChunkResult;)V to mdf26aa6$fabric-data-attachment-api-v1$lambda$fabric_markChanged$0$1 in fabric-data-attachment-api-v1.mixins.json:BlockEntityMixin from mod fabric-data-attachment-api-v1
[10:41:19] [main/DEBUG] (FabricLoader/Mixin) Renaming synthetic method lambda$fabric_markChanged$1(Lnet/minecraft/world/level/chunk/LevelChunk;)V to mdf26aa6$fabric-data-attachment-api-v1$lambda$fabric_markChanged$1$2 in fabric-data-attachment-api-v1.mixins.json:BlockEntityMixin from mod fabric-data-attachment-api-v1
[10:41:19] [main/DEBUG] (FabricLoader/Mixin) fabric-data-attachment-api-v1.mixins.json:BlockEntityMixin from mod fabric-data-attachment-api-v1->@Inject::readBlockEntityAttachments(Lnet/minecraft/world/level/storage/ValueInput;Lorg/spongepowered/asm/mixin/injection/callback/CallbackInfo;)V doesn't use it's CallbackInfo
[10:41:19] [main/DEBUG] (FabricLoader/Mixin) fabric-data-attachment-api-v1.mixins.json:BlockEntityMixin from mod fabric-data-attachment-api-v1->@Inject::readBlockEntityAttachments(Lnet/minecraft/world/level/storage/ValueInput;Lorg/spongepowered/asm/mixin/injection/callback/CallbackInfo;)V has 0 override(s) in child classes
[10:41:19] [main/DEBUG] (FabricLoader/Mixin) fabric-data-attachment-api-v1.mixins.json:BlockEntityMixin from mod fabric-data-attachment-api-v1->@Inject::readBlockEntityAttachments(Lnet/minecraft/world/level/storage/ValueInput;Lorg/spongepowered/asm/mixin/injection/callback/CallbackInfo;)V won't be passed a CallbackInfo as a result
[10:41:19] [main/DEBUG] (FabricLoader/Mixin) fabric-data-attachment-api-v1.mixins.json:BlockEntityMixin from mod fabric-data-attachment-api-v1->@Inject::writeBlockEntityAttachments(Lnet/minecraft/world/level/storage/ValueOutput;Lorg/spongepowered/asm/mixin/injection/callback/CallbackInfo;)V doesn't use it's CallbackInfo
[10:41:19] [main/DEBUG] (FabricLoader/Mixin) fabric-data-attachment-api-v1.mixins.json:BlockEntityMixin from mod fabric-data-attachment-api-v1->@Inject::writeBlockEntityAttachments(Lnet/minecraft/world/level/storage/ValueOutput;Lorg/spongepowered/asm/mixin/injection/callback/CallbackInfo;)V has 0 override(s) in child classes
[10:41:19] [main/DEBUG] (FabricLoader/Mixin) fabric-data-attachment-api-v1.mixins.json:BlockEntityMixin from mod fabric-data-attachment-api-v1->@Inject::writeBlockEntityAttachments(Lnet/minecraft/world/level/storage/ValueOutput;Lorg/spongepowered/asm/mixin/injection/callback/CallbackInfo;)V won't be passed a CallbackInfo as a result
[10:41:19] [main/DEBUG] (FabricLoader/Mixin) Mixing BlockParticleOptionMixin from fabric-particles-v1.mixins.json into net.minecraft.core.particles.BlockParticleOption
[10:41:19] [main/DEBUG] (FabricLoader/Mixin) Mixing BaseContainerBlockEntityMixin from fabric-transfer-api-v1.mixins.json into net.minecraft.world.level.block.entity.BaseContainerBlockEntity
[10:41:19] [main/DEBUG] (FabricLoader/Mixin) Mixing MenuProviderMixin from fabric-menu-api-v1.mixins.json into net.minecraft.world.MenuProvider
[10:41:19] [main/DEBUG] (FabricLoader/Mixin) Mixing DetectorRailBlockMixin from fabric-object-builder-v1.mixins.json into net.minecraft.world.level.block.DetectorRailBlock
[10:41:19] [main/DEBUG] (FabricLoader/Mixin) Renaming synthetic method lambda$getCustomComparatorOutput$0(Lnet/minecraft/world/entity/Entity;)Z to mdf26aa6$fabric-object-builder-api-v1$lambda$getCustomComparatorOutput$0$0 in fabric-object-builder-v1.mixins.json:DetectorRailBlockMixin from mod fabric-object-builder-api-v1
[10:41:19] [main/DEBUG] (FabricLoader/Mixin) fabric-object-builder-v1.mixins.json:DetectorRailBlockMixin from mod fabric-object-builder-api-v1->@Inject::getCustomComparatorOutput(Lnet/minecraft/world/level/block/state/BlockState;Lnet/minecraft/world/level/Level;Lnet/minecraft/core/BlockPos;Lnet/minecraft/core/Direction;Lorg/spongepowered/asm/mixin/injection/callback/CallbackInfoReturnable;)V does use it's CallbackInfoReturnable
[10:41:19] [main/DEBUG] (FabricLoader/Mixin) Mixing EntityMixin from fabric-debug-api-v1.mixins.json into net.minecraft.world.entity.Mob
[10:41:19] [main/DEBUG] (FabricLoader/Mixin) Mixing MobMixin from fabric-entity-events-v1.mixins.json into net.minecraft.world.entity.Mob
[10:41:19] [main/DEBUG] (FabricLoader/Mixin) fabric-debug-api-v1.mixins.json:EntityMixin from mod fabric-debug-api-v1->@Inject::addDebugValues(Lnet/minecraft/server/level/ServerLevel;Lnet/minecraft/util/debug/DebugValueSource$Registration;Lorg/spongepowered/asm/mixin/injection/callback/CallbackInfo;)V doesn't use it's CallbackInfo
[10:41:19] [main/DEBUG] (FabricLoader/Mixin) fabric-debug-api-v1.mixins.json:EntityMixin from mod fabric-debug-api-v1->@Inject::addDebugValues(Lnet/minecraft/server/level/ServerLevel;Lnet/minecraft/util/debug/DebugValueSource$Registration;Lorg/spongepowered/asm/mixin/injection/callback/CallbackInfo;)V has 0 override(s) in child classes
[10:41:19] [main/DEBUG] (FabricLoader/Mixin) fabric-debug-api-v1.mixins.json:EntityMixin from mod fabric-debug-api-v1->@Inject::addDebugValues(Lnet/minecraft/server/level/ServerLevel;Lnet/minecraft/util/debug/DebugValueSource$Registration;Lorg/spongepowered/asm/mixin/injection/callback/CallbackInfo;)V won't be passed a CallbackInfo as a result
[10:41:19] [main/DEBUG] (FabricLoader/Mixin) Mixing ChiseledBookShelfBlockEntityMixin from fabric-transfer-api-v1.mixins.json into net.minecraft.world.level.block.entity.ChiseledBookShelfBlockEntity
[10:41:19] [main/DEBUG] (FabricLoader/Mixin) fabric-transfer-api-v1.mixins.json:ChiseledBookShelfBlockEntityMixin from mod fabric-transfer-api-v1->@Inject::setStackBypass(ILnet/minecraft/world/item/ItemStack;Lorg/spongepowered/asm/mixin/injection/callback/CallbackInfo;)V does use it's CallbackInfo
[10:41:19] [main/DEBUG] (FabricLoader/Mixin) Mixing ListBackedContainerMixin from fabric-transfer-api-v1.mixins.json into net.minecraft.world.level.block.entity.ListBackedContainer
[10:41:19] [main/DEBUG] (FabricLoader/Mixin) Mixing ShelfBlockEntityMixin from fabric-transfer-api-v1.mixins.json into net.minecraft.world.level.block.entity.ShelfBlockEntity
[10:41:19] [main/DEBUG] (FabricLoader/Mixin) Mixing BlockEntityTypeMixin from fabric-object-builder-v1.mixins.json into net.minecraft.world.level.block.entity.BlockEntityType
[10:41:19] [main/DEBUG] (FabricLoader/Mixin) Mixing BlockEntityTypeAccessor from fabric-api-lookup-api-v1.mixins.json into net.minecraft.world.level.block.entity.BlockEntityType
[10:41:19] [main/DEBUG] (FabricLoader/Mixin) fabric-object-builder-v1.mixins.json:BlockEntityTypeMixin from mod fabric-object-builder-api-v1->@Inject::mutableBlocks(Lnet/minecraft/world/level/block/entity/BlockEntityType$BlockEntitySupplier;Ljava/util/Set;Lorg/spongepowered/asm/mixin/injection/callback/CallbackInfo;)V doesn't use it's CallbackInfo
[10:41:19] [main/DEBUG] (FabricLoader/Mixin) fabric-object-builder-v1.mixins.json:BlockEntityTypeMixin from mod fabric-object-builder-api-v1->@Inject::mutableBlocks(Lnet/minecraft/world/level/block/entity/BlockEntityType$BlockEntitySupplier;Ljava/util/Set;Lorg/spongepowered/asm/mixin/injection/callback/CallbackInfo;)V has 0 override(s) in child classes
[10:41:19] [main/DEBUG] (FabricLoader/Mixin) fabric-object-builder-v1.mixins.json:BlockEntityTypeMixin from mod fabric-object-builder-api-v1->@Inject::mutableBlocks(Lnet/minecraft/world/level/block/entity/BlockEntityType$BlockEntitySupplier;Ljava/util/Set;Lorg/spongepowered/asm/mixin/injection/callback/CallbackInfo;)V won't be passed a CallbackInfo as a result
[10:41:19] [main/DEBUG] (FabricLoader/Mixin) Mixing common.AbstractContainerMenuMixin from geckolib.mixins.json into net.minecraft.world.inventory.AbstractContainerMenu
[10:41:19] [main/DEBUG] (FabricLoader/Mixin) geckolib.mixins.json:common.AbstractContainerMenuMixin from mod geckolib: Class version 69 required is higher than the class version supported by the current version of Mixin (JAVA_17 supports class version 61)
[10:41:19] [main/DEBUG] (FabricLoader/Mixin) Mixing AbstractContainerMenuMixin from fabric-item-api-v1.mixins.json into net.minecraft.world.inventory.AbstractContainerMenu
[10:41:19] [main/DEBUG] (FabricLoader/Mixin) fabric-item-api-v1.mixins.json:AbstractContainerMenuMixin from mod fabric-item-api-v1->@Inject::overrideContainerMenuItemClickBehaviour(Lnet/minecraft/world/entity/player/Player;Lnet/minecraft/world/inventory/ClickAction;Lnet/minecraft/world/inventory/Slot;Lnet/minecraft/world/item/ItemStack;Lnet/minecraft/world/item/ItemStack;Lorg/spongepowered/asm/mixin/injection/callback/CallbackInfoReturnable;)V does use it's CallbackInfoReturnable
[10:41:19] [main/DEBUG] (FabricLoader/Mixin) Mixing MixinFarmBlock from architectury.mixins.json into net.minecraft.world.level.block.FarmlandBlock
[10:41:19] [main/DEBUG] (FabricLoader/Mixin) Mixing FarmlandMixin from stargazer.mixins.json into net.minecraft.world.level.block.FarmlandBlock
[10:41:19] [main/DEBUG] (FabricLoader/Mixin) architectury.mixins.json:MixinFarmBlock from mod architectury->@Inject::fallOn(Lnet/minecraft/world/level/Level;Lnet/minecraft/world/level/block/state/BlockState;Lnet/minecraft/core/BlockPos;Lnet/minecraft/world/entity/Entity;DLorg/spongepowered/asm/mixin/injection/callback/CallbackInfo;)V doesn't use it's CallbackInfo
[10:41:19] [main/DEBUG] (FabricLoader/Mixin) architectury.mixins.json:MixinFarmBlock from mod architectury->@Inject::fallOn(Lnet/minecraft/world/level/Level;Lnet/minecraft/world/level/block/state/BlockState;Lnet/minecraft/core/BlockPos;Lnet/minecraft/world/entity/Entity;DLorg/spongepowered/asm/mixin/injection/callback/CallbackInfo;)V has 0 override(s) in child classes
[10:41:19] [main/DEBUG] (FabricLoader/Mixin) architectury.mixins.json:MixinFarmBlock from mod architectury->@Inject::fallOn(Lnet/minecraft/world/level/Level;Lnet/minecraft/world/level/block/state/BlockState;Lnet/minecraft/core/BlockPos;Lnet/minecraft/world/entity/Entity;DLorg/spongepowered/asm/mixin/injection/callback/CallbackInfo;)V won't be passed a CallbackInfo as a result
[10:41:19] [main/DEBUG] (FabricLoader/Mixin) architectury.mixins.json:MixinFarmBlock from mod architectury->@Inject::turnToDirt(Lnet/minecraft/world/entity/Entity;Lnet/minecraft/world/level/block/state/BlockState;Lnet/minecraft/world/level/Level;Lnet/minecraft/core/BlockPos;Lorg/spongepowered/asm/mixin/injection/callback/CallbackInfo;)V does use it's CallbackInfo
[10:41:19] [main/DEBUG] (FabricLoader/Mixin) stargazer.mixins.json:FarmlandMixin from mod stargazer->@Inject::add(Lnet/minecraft/world/level/LevelReader;Lnet/minecraft/core/BlockPos;Lorg/spongepowered/asm/mixin/injection/callback/CallbackInfoReturnable;)V does use it's CallbackInfoReturnable
[10:41:19] [main/DEBUG] (FabricLoader/Mixin) Mixing AbstractFurnaceBlockEntityMixin from fabric-item-api-v1.mixins.json into net.minecraft.world.level.block.entity.AbstractFurnaceBlockEntity
[10:41:19] [main/DEBUG] (FabricLoader/Mixin) Mixing AbstractFurnaceBlockEntityMixin from fabric-transfer-api-v1.mixins.json into net.minecraft.world.level.block.entity.AbstractFurnaceBlockEntity
[10:41:19] [main/DEBUG] (FabricLoader/Mixin) fabric-item-api-v1.mixins.json:AbstractFurnaceBlockEntityMixin from mod fabric-item-api-v1->@Inject::copyStack(Lnet/minecraft/core/NonNullList;Lnet/minecraft/world/item/ItemStack;Lorg/spongepowered/asm/mixin/injection/callback/CallbackInfo;)V doesn't use it's CallbackInfo
[10:41:19] [main/DEBUG] (FabricLoader/Mixin) fabric-transfer-api-v1.mixins.json:AbstractFurnaceBlockEntityMixin from mod fabric-transfer-api-v1->@Inject::setStackSuppressUpdate(ILnet/minecraft/world/item/ItemStack;Lorg/spongepowered/asm/mixin/injection/callback/CallbackInfo;)V does use it's CallbackInfo
[10:41:19] [main/DEBUG] (FabricLoader/Mixin) Mixing IceBlockMixin from stargazer.mixins.json into net.minecraft.world.level.block.IceBlock
[10:41:19] [main/DEBUG] (FabricLoader/Mixin) stargazer.mixins.json:IceBlockMixin from mod stargazer->@Inject::notMelt(Lnet/minecraft/world/level/Level;Lnet/minecraft/world/entity/player/Player;Lnet/minecraft/core/BlockPos;Lnet/minecraft/world/level/block/state/BlockState;Lnet/minecraft/world/level/block/entity/BlockEntity;Lnet/minecraft/world/item/ItemStack;Lorg/spongepowered/asm/mixin/injection/callback/CallbackInfo;)V does use it's CallbackInfo
[10:41:19] [main/DEBUG] (FabricLoader/Mixin) Mixing JukeboxBlockEntityMixin from fabric-transfer-api-v1.mixins.json into net.minecraft.world.level.block.entity.JukeboxBlockEntity
[10:41:19] [main/DEBUG] (FabricLoader/Mixin) fabric-transfer-api-v1.mixins.json:JukeboxBlockEntityMixin from mod fabric-transfer-api-v1->@Inject::setStackBypass(Lnet/minecraft/world/item/ItemStack;Lorg/spongepowered/asm/mixin/injection/callback/CallbackInfo;)V does use it's CallbackInfo
[10:41:19] [main/DEBUG] (FabricLoader/Mixin) Mixing TagKeyMixin from fabric-convention-tags-api-v2.mixins.json into net.minecraft.tags.TagKey
[10:41:19] [main/DEBUG] (FabricLoader/Mixin) Mixing EnchantmentMenuMixin from fabric-block-api-v1.mixins.json into net.minecraft.world.inventory.EnchantmentMenu
[10:41:19] [main/DEBUG] (FabricLoader/Mixin) Mixing BrewingStandBlockEntityMixin from fabric-item-api-v1.mixins.json into net.minecraft.world.level.block.entity.BrewingStandBlockEntity
[10:41:19] [main/DEBUG] (FabricLoader/Mixin) Mixing BiomeAccessor from architectury.mixins.json into net.minecraft.world.level.biome.Biome
[10:41:19] [main/DEBUG] (FabricLoader/Mixin) Mixing AnvilMenuMixin from fabric-item-api-v1.mixins.json into net.minecraft.world.inventory.AnvilMenu
[10:41:19] [main/DEBUG] (FabricLoader/Mixin) Mixing HopperBlockEntityMixin from fabric-transfer-api-v1.mixins.json into net.minecraft.world.level.block.entity.HopperBlockEntity
[10:41:19] [main/DEBUG] (FabricLoader/Mixin) Renaming synthetic method lambda$hookExtract$0(Lnet/fabricmc/fabric/api/transfer/v1/item/ItemVariant;)Z to mdf26aa6$fabric-transfer-api-v1$lambda$hookExtract$0$0 in fabric-transfer-api-v1.mixins.json:HopperBlockEntityMixin from mod fabric-transfer-api-v1
[10:41:19] [main/DEBUG] (FabricLoader/Mixin) Renaming synthetic method lambda$hookInsert$0(Lnet/fabricmc/fabric/api/transfer/v1/item/ItemVariant;)Z to mdf26aa6$fabric-transfer-api-v1$lambda$hookInsert$0$1 in fabric-transfer-api-v1.mixins.json:HopperBlockEntityMixin from mod fabric-transfer-api-v1
[10:41:19] [main/DEBUG] (FabricLoader/Mixin) fabric-transfer-api-v1.mixins.json:HopperBlockEntityMixin from mod fabric-transfer-api-v1->@Inject::hookInsert(Lnet/minecraft/world/level/Level;Lnet/minecraft/core/BlockPos;Lnet/minecraft/world/level/block/entity/HopperBlockEntity;Lorg/spongepowered/asm/mixin/injection/callback/CallbackInfoReturnable;)V does use it's CallbackInfoReturnable
[10:41:19] [main/DEBUG] (FabricLoader/Mixin) fabric-transfer-api-v1.mixins.json:HopperBlockEntityMixin from mod fabric-transfer-api-v1->@Inject::hookExtract(Lnet/minecraft/world/level/Level;Lnet/minecraft/world/level/block/entity/Hopper;Lorg/spongepowered/asm/mixin/injection/callback/CallbackInfoReturnable;)V does use it's CallbackInfoReturnable
[10:41:19] [main/DEBUG] (FabricLoader/Mixin) Mixing DropperBlockMixin from fabric-transfer-api-v1.mixins.json into net.minecraft.world.level.block.DropperBlock
[10:41:19] [main/DEBUG] (FabricLoader/Mixin) Renaming synthetic method lambda$hookDispense$0(Lnet/fabricmc/fabric/api/transfer/v1/item/ItemVariant;)Z to mdf26aa6$fabric-transfer-api-v1$lambda$hookDispense$0$0 in fabric-transfer-api-v1.mixins.json:DropperBlockMixin from mod fabric-transfer-api-v1
[10:41:19] [main/DEBUG] (FabricLoader/Mixin) fabric-transfer-api-v1.mixins.json:DropperBlockMixin from mod fabric-transfer-api-v1->@Inject::hookDispense(Lnet/minecraft/server/level/ServerLevel;Lnet/minecraft/world/level/block/state/BlockState;Lnet/minecraft/core/BlockPos;Lorg/spongepowered/asm/mixin/injection/callback/CallbackInfo;)V does use it's CallbackInfo
[10:41:19] [main/DEBUG] (FabricLoader/Mixin) Mixing BannerBlockEntityMixin from fabric-data-attachment-api-v1.mixins.json into net.minecraft.world.level.block.entity.BannerBlockEntity
[10:41:20] [main/DEBUG] (FabricLoader/Mixin) Mixing CrafterBlockMixin from fabric-transfer-api-v1.mixins.json into net.minecraft.world.level.block.CrafterBlock
[10:41:20] [main/DEBUG] (FabricLoader/Mixin) fabric-transfer-api-v1.mixins.json:CrafterBlockMixin from mod fabric-transfer-api-v1->@Inject::transferOrSpawnStack(Lnet/minecraft/server/level/ServerLevel;Lnet/minecraft/core/BlockPos;Lnet/minecraft/world/level/block/entity/CrafterBlockEntity;Lnet/minecraft/world/item/ItemStack;Lnet/minecraft/world/level/block/state/BlockState;Lnet/minecraft/world/item/crafting/RecipeHolder;Lorg/spongepowered/asm/mixin/injection/callback/CallbackInfo;)V doesn't use it's CallbackInfo
[10:41:20] [main/DEBUG] (FabricLoader/Mixin) fabric-transfer-api-v1.mixins.json:CrafterBlockMixin from mod fabric-transfer-api-v1->@Inject::transferOrSpawnStack(Lnet/minecraft/server/level/ServerLevel;Lnet/minecraft/core/BlockPos;Lnet/minecraft/world/level/block/entity/CrafterBlockEntity;Lnet/minecraft/world/item/ItemStack;Lnet/minecraft/world/level/block/state/BlockState;Lnet/minecraft/world/item/crafting/RecipeHolder;Lorg/spongepowered/asm/mixin/injection/callback/CallbackInfo;)V has 0 override(s) in child classes
[10:41:20] [main/DEBUG] (FabricLoader/Mixin) fabric-transfer-api-v1.mixins.json:CrafterBlockMixin from mod fabric-transfer-api-v1->@Inject::transferOrSpawnStack(Lnet/minecraft/server/level/ServerLevel;Lnet/minecraft/core/BlockPos;Lnet/minecraft/world/level/block/entity/CrafterBlockEntity;Lnet/minecraft/world/item/ItemStack;Lnet/minecraft/world/level/block/state/BlockState;Lnet/minecraft/world/item/crafting/RecipeHolder;Lorg/spongepowered/asm/mixin/injection/callback/CallbackInfo;)V won't be passed a CallbackInfo as a result
[10:41:20] [main/DEBUG] (FabricLoader/Mixin) fabric-transfer-api-v1.mixins.json:CrafterBlockMixin from mod fabric-transfer-api-v1->@Inject::transferOrSpawnStack(Lnet/minecraft/server/level/ServerLevel;Lnet/minecraft/core/BlockPos;Lnet/minecraft/world/level/block/entity/CrafterBlockEntity;Lnet/minecraft/world/item/ItemStack;Lnet/minecraft/world/level/block/state/BlockState;Lnet/minecraft/world/item/crafting/RecipeHolder;Lorg/spongepowered/asm/mixin/injection/callback/CallbackInfo;)V doesn't use it's CallbackInfo
[10:41:20] [main/DEBUG] (FabricLoader/Mixin) fabric-transfer-api-v1.mixins.json:CrafterBlockMixin from mod fabric-transfer-api-v1->@Inject::transferOrSpawnStack(Lnet/minecraft/server/level/ServerLevel;Lnet/minecraft/core/BlockPos;Lnet/minecraft/world/level/block/entity/CrafterBlockEntity;Lnet/minecraft/world/item/ItemStack;Lnet/minecraft/world/level/block/state/BlockState;Lnet/minecraft/world/item/crafting/RecipeHolder;Lorg/spongepowered/asm/mixin/injection/callback/CallbackInfo;)V has 0 override(s) in child classes
[10:41:20] [main/DEBUG] (FabricLoader/Mixin) fabric-transfer-api-v1.mixins.json:CrafterBlockMixin from mod fabric-transfer-api-v1->@Inject::transferOrSpawnStack(Lnet/minecraft/server/level/ServerLevel;Lnet/minecraft/core/BlockPos;Lnet/minecraft/world/level/block/entity/CrafterBlockEntity;Lnet/minecraft/world/item/ItemStack;Lnet/minecraft/world/level/block/state/BlockState;Lnet/minecraft/world/item/crafting/RecipeHolder;Lorg/spongepowered/asm/mixin/injection/callback/CallbackInfo;)V won't be passed a CallbackInfo as a result
[10:41:20] [main/DEBUG] (FabricLoader/Mixin) fabric-transfer-api-v1.mixins.json:CrafterBlockMixin from mod fabric-transfer-api-v1->@Inject::transferOrSpawnStack(Lnet/minecraft/server/level/ServerLevel;Lnet/minecraft/core/BlockPos;Lnet/minecraft/world/level/block/entity/CrafterBlockEntity;Lnet/minecraft/world/item/ItemStack;Lnet/minecraft/world/level/block/state/BlockState;Lnet/minecraft/world/item/crafting/RecipeHolder;Lorg/spongepowered/asm/mixin/injection/callback/CallbackInfo;)V doesn't use it's CallbackInfo
[10:41:20] [main/DEBUG] (FabricLoader/Mixin) fabric-transfer-api-v1.mixins.json:CrafterBlockMixin from mod fabric-transfer-api-v1->@Inject::transferOrSpawnStack(Lnet/minecraft/server/level/ServerLevel;Lnet/minecraft/core/BlockPos;Lnet/minecraft/world/level/block/entity/CrafterBlockEntity;Lnet/minecraft/world/item/ItemStack;Lnet/minecraft/world/level/block/state/BlockState;Lnet/minecraft/world/item/crafting/RecipeHolder;Lorg/spongepowered/asm/mixin/injection/callback/CallbackInfo;)V has 0 override(s) in child classes
[10:41:20] [main/DEBUG] (FabricLoader/Mixin) fabric-transfer-api-v1.mixins.json:CrafterBlockMixin from mod fabric-transfer-api-v1->@Inject::transferOrSpawnStack(Lnet/minecraft/server/level/ServerLevel;Lnet/minecraft/core/BlockPos;Lnet/minecraft/world/level/block/entity/CrafterBlockEntity;Lnet/minecraft/world/item/ItemStack;Lnet/minecraft/world/level/block/state/BlockState;Lnet/minecraft/world/item/crafting/RecipeHolder;Lorg/spongepowered/asm/mixin/injection/callback/CallbackInfo;)V won't be passed a CallbackInfo as a result
[10:41:20] [main/DEBUG] (FabricLoader/Mixin) fabric-transfer-api-v1.mixins.json:CrafterBlockMixin from mod fabric-transfer-api-v1->@Inject::transferOrSpawnStack(Lnet/minecraft/server/level/ServerLevel;Lnet/minecraft/core/BlockPos;Lnet/minecraft/world/level/block/entity/CrafterBlockEntity;Lnet/minecraft/world/item/ItemStack;Lnet/minecraft/world/level/block/state/BlockState;Lnet/minecraft/world/item/crafting/RecipeHolder;Lorg/spongepowered/asm/mixin/injection/callback/CallbackInfo;)V doesn't use it's CallbackInfo
[10:41:20] [main/DEBUG] (FabricLoader/Mixin) fabric-transfer-api-v1.mixins.json:CrafterBlockMixin from mod fabric-transfer-api-v1->@Inject::transferOrSpawnStack(Lnet/minecraft/server/level/ServerLevel;Lnet/minecraft/core/BlockPos;Lnet/minecraft/world/level/block/entity/CrafterBlockEntity;Lnet/minecraft/world/item/ItemStack;Lnet/minecraft/world/level/block/state/BlockState;Lnet/minecraft/world/item/crafting/RecipeHolder;Lorg/spongepowered/asm/mixin/injection/callback/CallbackInfo;)V has 0 override(s) in child classes
[10:41:20] [main/DEBUG] (FabricLoader/Mixin) fabric-transfer-api-v1.mixins.json:CrafterBlockMixin from mod fabric-transfer-api-v1->@Inject::transferOrSpawnStack(Lnet/minecraft/server/level/ServerLevel;Lnet/minecraft/core/BlockPos;Lnet/minecraft/world/level/block/entity/CrafterBlockEntity;Lnet/minecraft/world/item/ItemStack;Lnet/minecraft/world/level/block/state/BlockState;Lnet/minecraft/world/item/crafting/RecipeHolder;Lorg/spongepowered/asm/mixin/injection/callback/CallbackInfo;)V won't be passed a CallbackInfo as a result
[10:41:20] [main/DEBUG] (FabricLoader/Mixin) Mixing ItemStackMixin from fabric-events-interaction-v0.mixins.json into net.minecraft.world.item.ItemStack
[10:41:20] [main/DEBUG] (FabricLoader/Mixin) Mixing common.ItemStackMixin from geckolib.mixins.json into net.minecraft.world.item.ItemStack
[10:41:20] [main/DEBUG] (FabricLoader/Mixin) geckolib.mixins.json:common.ItemStackMixin from mod geckolib: Class version 69 required is higher than the class version supported by the current version of Mixin (JAVA_17 supports class version 61)
[10:41:20] [main/DEBUG] (FabricLoader/Mixin) Mixing ItemStackMixin from fabric-item-api-v1.mixins.json into net.minecraft.world.item.ItemStack
[10:41:20] [main/DEBUG] (FabricLoader/Mixin) Renaming synthetic method lambda$hookDamage$0(Lorg/apache/commons/lang3/mutable/MutableBoolean;Ljava/util/function/Consumer;)V to mdf26aa6$fabric-item-api-v1$lambda$hookDamage$0$0 in fabric-item-api-v1.mixins.json:ItemStackMixin from mod fabric-item-api-v1
[10:41:20] [main/DEBUG] (FabricLoader/Mixin) Mixing ItemStackMixin from fabric-item-api-v1.client.mixins.json into net.minecraft.world.item.ItemStack
[10:41:20] [main/DEBUG] (FabricLoader/Mixin) Mixing ItemStackAccessor from fabric-transfer-api-v1.mixins.json into net.minecraft.world.item.ItemStack
[10:41:20] [main/DEBUG] (FabricLoader/Mixin) Renaming @Invoker method validateComponents(Lnet/minecraft/core/component/DataComponentMap;)Lcom/mojang/serialization/DataResult; to validateComponents$fabric-transfer-api-v1_$md$f26aa6$1 in fabric-transfer-api-v1.mixins.json:ItemStackAccessor from mod fabric-transfer-api-v1
[10:41:20] [main/DEBUG] (FabricLoader/Mixin) fabric-item-api-v1.mixins.json:ItemStackMixin from mod fabric-item-api-v1->@Inject::preAttributeModifiers(Lnet/minecraft/world/item/Item$TooltipContext;Lnet/minecraft/world/item/component/TooltipDisplay;Lnet/minecraft/world/entity/player/Player;Lnet/minecraft/world/item/TooltipFlag;Ljava/util/function/Consumer;Lorg/spongepowered/asm/mixin/injection/callback/CallbackInfo;)V doesn't use it's CallbackInfo
[10:41:20] [main/DEBUG] (FabricLoader/Mixin) fabric-item-api-v1.mixins.json:ItemStackMixin from mod fabric-item-api-v1->@Inject::postTooltipsAdvanced(Lnet/minecraft/world/item/Item$TooltipContext;Lnet/minecraft/world/item/component/TooltipDisplay;Lnet/minecraft/world/entity/player/Player;Lnet/minecraft/world/item/TooltipFlag;Ljava/util/function/Consumer;Lorg/spongepowered/asm/mixin/injection/callback/CallbackInfo;)V doesn't use it's CallbackInfo
[10:41:20] [main/DEBUG] (FabricLoader/Mixin) fabric-item-api-v1.client.mixins.json:ItemStackMixin from mod fabric-item-api-v1->@Inject::getTooltip(Lnet/minecraft/world/item/Item$TooltipContext;Lnet/minecraft/world/entity/player/Player;Lnet/minecraft/world/item/TooltipFlag;Lorg/spongepowered/asm/mixin/injection/callback/CallbackInfoReturnable;)V does use it's CallbackInfoReturnable
[10:41:20] [main/DEBUG] (FabricLoader/Mixin) Mixing ValueOutputMixin from fabric-serialization-api-v1.mixins.json into net.minecraft.world.level.storage.ValueOutput
[10:41:20] [main/DEBUG] (FabricLoader/Mixin) Mixing ServerPlayerMixin from fabric-events-interaction-v0.mixins.json into net.minecraft.server.level.ServerPlayer
[10:41:20] [main/DEBUG] (FabricLoader/Mixin) Mixing ServerPlayerMixin from fabric-networking-api-v1.mixins.json into net.minecraft.server.level.ServerPlayer
[10:41:20] [main/DEBUG] (FabricLoader/Mixin) Mixing ServerPlayerMixin from fabric-particles-v1.mixins.json into net.minecraft.server.level.ServerPlayer
[10:41:20] [main/DEBUG] (FabricLoader/Mixin) Mixing LivingDeathInvoker from architectury.mixins.json into net.minecraft.server.level.ServerPlayer
[10:41:20] [main/DEBUG] (FabricLoader/Mixin) Mixing MixinServerPlayer from architectury.mixins.json into net.minecraft.server.level.ServerPlayer
[10:41:20] [main/DEBUG] (FabricLoader/Mixin) Mixing ServerPlayerMixin from fabric-menu-api-v1.mixins.json into net.minecraft.server.level.ServerPlayer
[10:41:20] [main/DEBUG] (FabricLoader/Mixin) Mixing ServerPlayerMixin from fabric-entity-events-v1.mixins.json into net.minecraft.server.level.ServerPlayer
[10:41:20] [main/DEBUG] (FabricLoader/Mixin) fabric-events-interaction-v0.mixins.json:ServerPlayerMixin from mod fabric-events-interaction-v0->@Inject::fakePlayerGameMode(Lnet/minecraft/world/level/GameType;Lorg/spongepowered/asm/mixin/injection/callback/CallbackInfoReturnable;)V does use it's CallbackInfoReturnable
[10:41:20] [main/DEBUG] (FabricLoader/Mixin) architectury.mixins.json:LivingDeathInvoker from mod architectury->@Inject::die(Lnet/minecraft/world/damagesource/DamageSource;Lorg/spongepowered/asm/mixin/injection/callback/CallbackInfo;)V does use it's CallbackInfo
[10:41:20] [main/DEBUG] (FabricLoader/Mixin) architectury.mixins.json:MixinServerPlayer from mod architectury->@Inject::restoreFrom(Lnet/minecraft/server/level/ServerPlayer;ZLorg/spongepowered/asm/mixin/injection/callback/CallbackInfo;)V doesn't use it's CallbackInfo
[10:41:20] [main/DEBUG] (FabricLoader/Mixin) architectury.mixins.json:MixinServerPlayer from mod architectury->@Inject::restoreFrom(Lnet/minecraft/server/level/ServerPlayer;ZLorg/spongepowered/asm/mixin/injection/callback/CallbackInfo;)V has 0 override(s) in child classes
[10:41:20] [main/DEBUG] (FabricLoader/Mixin) architectury.mixins.json:MixinServerPlayer from mod architectury->@Inject::restoreFrom(Lnet/minecraft/server/level/ServerPlayer;ZLorg/spongepowered/asm/mixin/injection/callback/CallbackInfo;)V won't be passed a CallbackInfo as a result
[10:41:20] [main/DEBUG] (FabricLoader/Mixin) architectury.mixins.json:MixinServerPlayer from mod architectury->@Inject::openMenu(Lnet/minecraft/world/MenuProvider;Lorg/spongepowered/asm/mixin/injection/callback/CallbackInfoReturnable;)V does use it's CallbackInfoReturnable
[10:41:20] [main/DEBUG] (FabricLoader/Mixin) architectury.mixins.json:MixinServerPlayer from mod architectury->@Inject::openMenu(Lnet/minecraft/world/MenuProvider;Lorg/spongepowered/asm/mixin/injection/callback/CallbackInfoReturnable;)V does use it's CallbackInfoReturnable
[10:41:20] [main/DEBUG] (FabricLoader/Mixin) architectury.mixins.json:MixinServerPlayer from mod architectury->@Inject::openMenu(Lnet/minecraft/world/MenuProvider;Lorg/spongepowered/asm/mixin/injection/callback/CallbackInfoReturnable;)V does use it's CallbackInfoReturnable
[10:41:20] [main/DEBUG] (FabricLoader/Mixin) architectury.mixins.json:MixinServerPlayer from mod architectury->@Inject::openHorseInventory(Lnet/minecraft/world/entity/animal/equine/AbstractHorse;Lnet/minecraft/world/Container;Lorg/spongepowered/asm/mixin/injection/callback/CallbackInfo;)V doesn't use it's CallbackInfo
[10:41:20] [main/DEBUG] (FabricLoader/Mixin) architectury.mixins.json:MixinServerPlayer from mod architectury->@Inject::openHorseInventory(Lnet/minecraft/world/entity/animal/equine/AbstractHorse;Lnet/minecraft/world/Container;Lorg/spongepowered/asm/mixin/injection/callback/CallbackInfo;)V has 0 override(s) in child classes
[10:41:20] [main/DEBUG] (FabricLoader/Mixin) architectury.mixins.json:MixinServerPlayer from mod architectury->@Inject::openHorseInventory(Lnet/minecraft/world/entity/animal/equine/AbstractHorse;Lnet/minecraft/world/Container;Lorg/spongepowered/asm/mixin/injection/callback/CallbackInfo;)V won't be passed a CallbackInfo as a result
[10:41:20] [main/DEBUG] (FabricLoader/Mixin) architectury.mixins.json:MixinServerPlayer from mod architectury->@Inject::doCloseContainer(Lorg/spongepowered/asm/mixin/injection/callback/CallbackInfo;)V doesn't use it's CallbackInfo
[10:41:20] [main/DEBUG] (FabricLoader/Mixin) architectury.mixins.json:MixinServerPlayer from mod architectury->@Inject::doCloseContainer(Lorg/spongepowered/asm/mixin/injection/callback/CallbackInfo;)V has 0 override(s) in child classes
[10:41:20] [main/DEBUG] (FabricLoader/Mixin) architectury.mixins.json:MixinServerPlayer from mod architectury->@Inject::doCloseContainer(Lorg/spongepowered/asm/mixin/injection/callback/CallbackInfo;)V won't be passed a CallbackInfo as a result
[10:41:20] [main/DEBUG] (FabricLoader/Mixin) architectury.mixins.json:MixinServerPlayer from mod architectury->@Inject::changeDimension(Lnet/minecraft/server/level/ServerLevel;Lorg/spongepowered/asm/mixin/injection/callback/CallbackInfo;)V doesn't use it's CallbackInfo
[10:41:20] [main/DEBUG] (FabricLoader/Mixin) architectury.mixins.json:MixinServerPlayer from mod architectury->@Inject::changeDimension(Lnet/minecraft/server/level/ServerLevel;Lorg/spongepowered/asm/mixin/injection/callback/CallbackInfo;)V has 0 override(s) in child classes
[10:41:20] [main/DEBUG] (FabricLoader/Mixin) architectury.mixins.json:MixinServerPlayer from mod architectury->@Inject::changeDimension(Lnet/minecraft/server/level/ServerLevel;Lorg/spongepowered/asm/mixin/injection/callback/CallbackInfo;)V won't be passed a CallbackInfo as a result
[10:41:20] [main/DEBUG] (FabricLoader/Mixin) architectury.mixins.json:MixinServerPlayer from mod architectury->@Inject::dropItem(Lnet/minecraft/world/item/ItemStack;ZZLorg/spongepowered/asm/mixin/injection/callback/CallbackInfoReturnable;)V does use it's CallbackInfoReturnable
[10:41:20] [main/DEBUG] (FabricLoader/Mixin) fabric-menu-api-v1.mixins.json:ServerPlayerMixin from mod fabric-menu-api-v1->@Inject::fabric_storeOpenedMenu(Lnet/minecraft/world/MenuProvider;Lorg/spongepowered/asm/mixin/injection/callback/CallbackInfoReturnable;)V doesn't use it's CallbackInfoReturnable
[10:41:20] [main/DEBUG] (FabricLoader/Mixin) fabric-menu-api-v1.mixins.json:ServerPlayerMixin from mod fabric-menu-api-v1->@Inject::fabric_storeOpenedMenu(Lnet/minecraft/world/MenuProvider;Lorg/spongepowered/asm/mixin/injection/callback/CallbackInfoReturnable;)V has 0 override(s) in child classes
[10:41:20] [main/DEBUG] (FabricLoader/Mixin) fabric-menu-api-v1.mixins.json:ServerPlayerMixin from mod fabric-menu-api-v1->@Inject::fabric_storeOpenedMenu(Lnet/minecraft/world/MenuProvider;Lorg/spongepowered/asm/mixin/injection/callback/CallbackInfoReturnable;)V won't be passed a CallbackInfoReturnable as a result
[10:41:20] [main/DEBUG] (FabricLoader/Mixin) fabric-entity-events-v1.mixins.json:ServerPlayerMixin from mod fabric-entity-events-v1->@Inject::callOnKillForPlayer(Lnet/minecraft/world/damagesource/DamageSource;Lorg/spongepowered/asm/mixin/injection/callback/CallbackInfo;)V doesn't use it's CallbackInfo
[10:41:20] [main/DEBUG] (FabricLoader/Mixin) fabric-entity-events-v1.mixins.json:ServerPlayerMixin from mod fabric-entity-events-v1->@Inject::callOnKillForPlayer(Lnet/minecraft/world/damagesource/DamageSource;Lorg/spongepowered/asm/mixin/injection/callback/CallbackInfo;)V has 0 override(s) in child classes
[10:41:20] [main/DEBUG] (FabricLoader/Mixin) fabric-entity-events-v1.mixins.json:ServerPlayerMixin from mod fabric-entity-events-v1->@Inject::callOnKillForPlayer(Lnet/minecraft/world/damagesource/DamageSource;Lorg/spongepowered/asm/mixin/injection/callback/CallbackInfo;)V won't be passed a CallbackInfo as a result
[10:41:20] [main/DEBUG] (FabricLoader/Mixin) fabric-entity-events-v1.mixins.json:ServerPlayerMixin from mod fabric-entity-events-v1->@Inject::notifyDeath(Lnet/minecraft/world/damagesource/DamageSource;Lorg/spongepowered/asm/mixin/injection/callback/CallbackInfo;)V doesn't use it's CallbackInfo
[10:41:20] [main/DEBUG] (FabricLoader/Mixin) fabric-entity-events-v1.mixins.json:ServerPlayerMixin from mod fabric-entity-events-v1->@Inject::notifyDeath(Lnet/minecraft/world/damagesource/DamageSource;Lorg/spongepowered/asm/mixin/injection/callback/CallbackInfo;)V has 0 override(s) in child classes
[10:41:20] [main/DEBUG] (FabricLoader/Mixin) fabric-entity-events-v1.mixins.json:ServerPlayerMixin from mod fabric-entity-events-v1->@Inject::notifyDeath(Lnet/minecraft/world/damagesource/DamageSource;Lorg/spongepowered/asm/mixin/injection/callback/CallbackInfo;)V won't be passed a CallbackInfo as a result
[10:41:20] [main/DEBUG] (FabricLoader/Mixin) fabric-entity-events-v1.mixins.json:ServerPlayerMixin from mod fabric-entity-events-v1->@Inject::afterLevelChanged(Lnet/minecraft/server/level/ServerLevel;Lorg/spongepowered/asm/mixin/injection/callback/CallbackInfo;)V doesn't use it's CallbackInfo
[10:41:20] [main/DEBUG] (FabricLoader/Mixin) fabric-entity-events-v1.mixins.json:ServerPlayerMixin from mod fabric-entity-events-v1->@Inject::afterLevelChanged(Lnet/minecraft/server/level/ServerLevel;Lorg/spongepowered/asm/mixin/injection/callback/CallbackInfo;)V has 0 override(s) in child classes
[10:41:20] [main/DEBUG] (FabricLoader/Mixin) fabric-entity-events-v1.mixins.json:ServerPlayerMixin from mod fabric-entity-events-v1->@Inject::afterLevelChanged(Lnet/minecraft/server/level/ServerLevel;Lorg/spongepowered/asm/mixin/injection/callback/CallbackInfo;)V won't be passed a CallbackInfo as a result
[10:41:20] [main/DEBUG] (FabricLoader/Mixin) fabric-entity-events-v1.mixins.json:ServerPlayerMixin from mod fabric-entity-events-v1->@Inject::onCopyFrom(Lnet/minecraft/server/level/ServerPlayer;ZLorg/spongepowered/asm/mixin/injection/callback/CallbackInfo;)V doesn't use it's CallbackInfo
[10:41:20] [main/DEBUG] (FabricLoader/Mixin) fabric-entity-events-v1.mixins.json:ServerPlayerMixin from mod fabric-entity-events-v1->@Inject::onCopyFrom(Lnet/minecraft/server/level/ServerPlayer;ZLorg/spongepowered/asm/mixin/injection/callback/CallbackInfo;)V has 0 override(s) in child classes
[10:41:20] [main/DEBUG] (FabricLoader/Mixin) fabric-entity-events-v1.mixins.json:ServerPlayerMixin from mod fabric-entity-events-v1->@Inject::onCopyFrom(Lnet/minecraft/server/level/ServerPlayer;ZLorg/spongepowered/asm/mixin/injection/callback/CallbackInfo;)V won't be passed a CallbackInfo as a result
[10:41:20] [main/DEBUG] (FabricLoader/Mixin) Mixing ItemMixin from fabric-item-api-v1.mixins.json into net.minecraft.world.item.Item
[10:41:20] [main/DEBUG] (FabricLoader/Mixin) Mixing inject.MixinItem from architectury-common.mixins.json into net.minecraft.world.item.Item
[10:41:20] [main/DEBUG] (FabricLoader/Mixin) Mixing ItemMixin from fabric-transfer-api-v1.mixins.json into net.minecraft.world.item.Item
[10:41:20] [main/DEBUG] (FabricLoader/Mixin) fabric-item-api-v1.mixins.json:ItemMixin from mod fabric-item-api-v1->@Inject::onConstruct(Lnet/minecraft/world/item/Item$Properties;Lorg/spongepowered/asm/mixin/injection/callback/CallbackInfo;)V doesn't use it's CallbackInfo
[10:41:20] [main/DEBUG] (FabricLoader/Mixin) fabric-item-api-v1.mixins.json:ItemMixin from mod fabric-item-api-v1->@Inject::onConstruct(Lnet/minecraft/world/item/Item$Properties;Lorg/spongepowered/asm/mixin/injection/callback/CallbackInfo;)V has 0 override(s) in child classes
[10:41:20] [main/DEBUG] (FabricLoader/Mixin) fabric-item-api-v1.mixins.json:ItemMixin from mod fabric-item-api-v1->@Inject::onConstruct(Lnet/minecraft/world/item/Item$Properties;Lorg/spongepowered/asm/mixin/injection/callback/CallbackInfo;)V won't be passed a CallbackInfo as a result
[10:41:20] [main/DEBUG] (FabricLoader/Mixin) architectury-common.mixins.json:inject.MixinItem from mod architectury->@Inject::init(Lnet/minecraft/world/item/Item$Properties;Lorg/spongepowered/asm/mixin/injection/callback/CallbackInfo;)V doesn't use it's CallbackInfo
[10:41:20] [main/DEBUG] (FabricLoader/Mixin) architectury-common.mixins.json:inject.MixinItem from mod architectury->@Inject::init(Lnet/minecraft/world/item/Item$Properties;Lorg/spongepowered/asm/mixin/injection/callback/CallbackInfo;)V has 0 override(s) in child classes
[10:41:20] [main/DEBUG] (FabricLoader/Mixin) architectury-common.mixins.json:inject.MixinItem from mod architectury->@Inject::init(Lnet/minecraft/world/item/Item$Properties;Lorg/spongepowered/asm/mixin/injection/callback/CallbackInfo;)V won't be passed a CallbackInfo as a result
[10:41:20] [main/DEBUG] (FabricLoader/Mixin) Mixing MixinBlockItem from architectury.mixins.json into net.minecraft.world.item.BlockItem
[10:41:20] [main/DEBUG] (FabricLoader/Mixin) architectury.mixins.json:MixinBlockItem from mod architectury->@Inject::place(Lnet/minecraft/world/item/context/BlockPlaceContext;Lorg/spongepowered/asm/mixin/injection/callback/CallbackInfoReturnable;Lnet/minecraft/world/item/context/BlockPlaceContext;Lnet/minecraft/world/level/block/state/BlockState;)V does use it's CallbackInfoReturnable
[10:41:20] [main/DEBUG] (FabricLoader/Mixin) Mixing inject.MixinBucketItem from architectury-common.mixins.json into net.minecraft.world.item.BucketItem
[10:41:20] [main/DEBUG] (FabricLoader/Mixin) Mixing BucketItemAccessor from architectury.mixins.json into net.minecraft.world.item.BucketItem
[10:41:20] [main/DEBUG] (FabricLoader/Mixin) Mixing MixinBucketItem from architectury.mixins.json into net.minecraft.world.item.BucketItem
[10:41:20] [main/DEBUG] (FabricLoader/Mixin) Mixing BucketItemAccessor from fabric-transfer-api-v1.mixins.json into net.minecraft.world.item.BucketItem
[10:41:20] [main/DEBUG] (FabricLoader/Mixin) Mixing BucketItemMixin from fabric-transfer-api-v1.mixins.json into net.minecraft.world.item.BucketItem
[10:41:20] [main/DEBUG] (FabricLoader/Mixin) architectury.mixins.json:MixinBucketItem from mod architectury->@Inject::fillBucket(Lnet/minecraft/world/level/Level;Lnet/minecraft/world/entity/player/Player;Lnet/minecraft/world/InteractionHand;Lorg/spongepowered/asm/mixin/injection/callback/CallbackInfoReturnable;Lnet/minecraft/world/item/ItemStack;Lnet/minecraft/world/phys/BlockHitResult;)V does use it's CallbackInfoReturnable
[10:41:20] [main/DEBUG] (FabricLoader/Mixin) Mixing HoeItemAccessor from fabric-content-registries-v0.mixins.json into net.minecraft.world.item.HoeItem
[10:41:20] [main/DEBUG] (FabricLoader/Mixin) Renaming @Accessor method getTillables()Ljava/util/Map; to getTillables$fabric-content-registries-v0_$md$f26aa6$0 in fabric-content-registries-v0.mixins.json:HoeItemAccessor from mod fabric-content-registries-v0
[10:41:20] [main/DEBUG] (FabricLoader/Mixin) Mixing AxeItemAccessor from fabric-content-registries-v0.mixins.json into net.minecraft.world.item.AxeItem
[10:41:20] [main/DEBUG] (FabricLoader/Mixin) Renaming @Accessor method getStrippables()Ljava/util/Map; to getStrippables$fabric-content-registries-v0_$md$f26aa6$0 in fabric-content-registries-v0.mixins.json:AxeItemAccessor from mod fabric-content-registries-v0
[10:41:20] [main/DEBUG] (FabricLoader/Mixin) Renaming @Accessor method setStrippables(Ljava/util/Map;)V to setStrippables$fabric-content-registries-v0_$md$f26aa6$1 in fabric-content-registries-v0.mixins.json:AxeItemAccessor from mod fabric-content-registries-v0
[10:41:20] [main/DEBUG] (FabricLoader/Mixin) Mixing AxeItemMixin from fabric-content-registries-v0.mixins.json into net.minecraft.world.item.AxeItem
[10:41:20] [main/DEBUG] (FabricLoader/Mixin) Renaming synthetic method lambda$handleCustomStrippingBehavior$0(Lnet/fabricmc/fabric/api/registry/StrippableBlockRegistry$StrippingTransformer;Lnet/minecraft/world/level/block/state/BlockState;Lnet/minecraft/world/level/block/Block;)Lnet/minecraft/world/level/block/state/BlockState; to mdf26aa6$fabric-content-registries-v0$lambda$handleCustomStrippingBehavior$0$2 in fabric-content-registries-v0.mixins.json:AxeItemMixin from mod fabric-content-registries-v0
[10:41:20] [main/DEBUG] (FabricLoader/Mixin) Mixing ShovelItemAccessor from fabric-content-registries-v0.mixins.json into net.minecraft.world.item.ShovelItem
[10:41:20] [main/DEBUG] (FabricLoader/Mixin) Renaming @Accessor method getFlattenables()Ljava/util/Map; to getFlattenables$fabric-content-registries-v0_$md$f26aa6$0 in fabric-content-registries-v0.mixins.json:ShovelItemAccessor from mod fabric-content-registries-v0
[10:41:20] [main/DEBUG] (FabricLoader/Mixin) Mixing ItemPropertiesMixin from fabric-item-api-v1.mixins.json into net.minecraft.world.item.Item$Properties
[10:41:20] [main/DEBUG] (FabricLoader/Mixin) Mixing inject.MixinItemProperties from architectury-common.mixins.json into net.minecraft.world.item.Item$Properties
[10:41:20] [main/DEBUG] (FabricLoader/Mixin) Mixing BundleContentsAccessor from fabric-transfer-api-v1.mixins.json into net.minecraft.world.item.component.BundleContents
[10:41:20] [main/DEBUG] (FabricLoader/Mixin) Renaming @Invoker method getWeight(Lnet/minecraft/world/item/ItemInstance;)Lcom/mojang/serialization/DataResult; to getWeight$fabric-transfer-api-v1_$md$f26aa6$0 in fabric-transfer-api-v1.mixins.json:BundleContentsAccessor from mod fabric-transfer-api-v1
[10:41:20] [main/DEBUG] (FabricLoader/Mixin) Mixing AttachmentTargetsMixin from fabric-data-attachment-api-v1.mixins.json into net.minecraft.world.level.chunk.ChunkAccess
[10:41:20] [main/DEBUG] (FabricLoader/Mixin) Mixing ChunkAccessMixin from fabric-data-attachment-api-v1.mixins.json into net.minecraft.world.level.chunk.ChunkAccess
[10:41:20] [main/DEBUG] (FabricLoader/Mixin) Mixing LevelChunkMixin from fabric-lifecycle-events-v1.client.mixins.json into net.minecraft.world.level.chunk.LevelChunk
[10:41:20] [main/DEBUG] (FabricLoader/Mixin) Mixing LevelChunkMixin from fabric-data-attachment-api-v1.mixins.json into net.minecraft.world.level.chunk.LevelChunk
[10:41:20] [main/DEBUG] (FabricLoader/Mixin) Renaming synthetic method lambda$fabric_syncChange$0(Lnet/fabricmc/fabric/api/attachment/v1/AttachmentType;Lnet/fabricmc/fabric/impl/attachment/sync/AttachmentChange;Lnet/minecraft/server/level/ServerPlayer;)V to mdf26aa6$fabric-data-attachment-api-v1$lambda$fabric_syncChange$0$0 in fabric-data-attachment-api-v1.mixins.json:LevelChunkMixin from mod fabric-data-attachment-api-v1
[10:41:20] [main/DEBUG] (FabricLoader/Mixin) fabric-lifecycle-events-v1.client.mixins.json:LevelChunkMixin from mod fabric-lifecycle-events-v1->@Inject::onRemoveBlockEntity(Lnet/minecraft/world/level/block/entity/BlockEntity;Lorg/spongepowered/asm/mixin/injection/callback/CallbackInfo;)V doesn't use it's CallbackInfo
[10:41:20] [main/DEBUG] (FabricLoader/Mixin) fabric-lifecycle-events-v1.client.mixins.json:LevelChunkMixin from mod fabric-lifecycle-events-v1->@Inject::onRemoveBlockEntity(Lnet/minecraft/world/level/block/entity/BlockEntity;Lorg/spongepowered/asm/mixin/injection/callback/CallbackInfo;)V has 0 override(s) in child classes
[10:41:20] [main/DEBUG] (FabricLoader/Mixin) fabric-lifecycle-events-v1.client.mixins.json:LevelChunkMixin from mod fabric-lifecycle-events-v1->@Inject::onRemoveBlockEntity(Lnet/minecraft/world/level/block/entity/BlockEntity;Lorg/spongepowered/asm/mixin/injection/callback/CallbackInfo;)V won't be passed a CallbackInfo as a result
[10:41:20] [main/DEBUG] (FabricLoader/Mixin) fabric-lifecycle-events-v1.client.mixins.json:LevelChunkMixin from mod fabric-lifecycle-events-v1->@Inject::onRemoveBlockEntity(Lnet/minecraft/core/BlockPos;Lorg/spongepowered/asm/mixin/injection/callback/CallbackInfo;)V doesn't use it's CallbackInfo
[10:41:20] [main/DEBUG] (FabricLoader/Mixin) fabric-lifecycle-events-v1.client.mixins.json:LevelChunkMixin from mod fabric-lifecycle-events-v1->@Inject::onRemoveBlockEntity(Lnet/minecraft/core/BlockPos;Lorg/spongepowered/asm/mixin/injection/callback/CallbackInfo;)V has 0 override(s) in child classes
[10:41:20] [main/DEBUG] (FabricLoader/Mixin) fabric-lifecycle-events-v1.client.mixins.json:LevelChunkMixin from mod fabric-lifecycle-events-v1->@Inject::onRemoveBlockEntity(Lnet/minecraft/core/BlockPos;Lorg/spongepowered/asm/mixin/injection/callback/CallbackInfo;)V won't be passed a CallbackInfo as a result
[10:41:20] [main/DEBUG] (FabricLoader/Mixin) fabric-data-attachment-api-v1.mixins.json:LevelChunkMixin from mod fabric-data-attachment-api-v1->@Inject::transferProtoChunkAttachment(Lnet/minecraft/server/level/ServerLevel;Lnet/minecraft/world/level/chunk/ProtoChunk;Lnet/minecraft/world/level/chunk/LevelChunk$PostLoadProcessor;Lorg/spongepowered/asm/mixin/injection/callback/CallbackInfo;)V doesn't use it's CallbackInfo
[10:41:20] [main/DEBUG] (FabricLoader/Mixin) fabric-data-attachment-api-v1.mixins.json:LevelChunkMixin from mod fabric-data-attachment-api-v1->@Inject::transferProtoChunkAttachment(Lnet/minecraft/server/level/ServerLevel;Lnet/minecraft/world/level/chunk/ProtoChunk;Lnet/minecraft/world/level/chunk/LevelChunk$PostLoadProcessor;Lorg/spongepowered/asm/mixin/injection/callback/CallbackInfo;)V has 0 override(s) in child classes
[10:41:20] [main/DEBUG] (FabricLoader/Mixin) fabric-data-attachment-api-v1.mixins.json:LevelChunkMixin from mod fabric-data-attachment-api-v1->@Inject::transferProtoChunkAttachment(Lnet/minecraft/server/level/ServerLevel;Lnet/minecraft/world/level/chunk/ProtoChunk;Lnet/minecraft/world/level/chunk/LevelChunk$PostLoadProcessor;Lorg/spongepowered/asm/mixin/injection/callback/CallbackInfo;)V won't be passed a CallbackInfo as a result
[10:41:20] [main/DEBUG] (FabricLoader/Mixin) Mixing ItemContainerContentsAccessor from fabric-transfer-api-v1.mixins.json into net.minecraft.world.item.component.ItemContainerContents
[10:41:20] [main/DEBUG] (FabricLoader/Mixin) Mixing LootTableAccessor from fabric-loot-api-v3.mixins.json into net.minecraft.world.level.storage.loot.LootTable
[10:41:20] [main/DEBUG] (FabricLoader/Mixin) Mixing LootTableMixin from fabric-loot-api-v3.mixins.json into net.minecraft.world.level.storage.loot.LootTable
[10:41:20] [main/DEBUG] (FabricLoader/Mixin) Mixing MixinTamableAnimal from architectury.mixins.json into net.minecraft.world.entity.TamableAnimal
[10:41:20] [main/DEBUG] (FabricLoader/Mixin) architectury.mixins.json:MixinTamableAnimal from mod architectury->@Inject::tame(Lnet/minecraft/world/entity/player/Player;Lorg/spongepowered/asm/mixin/injection/callback/CallbackInfo;)V does use it's CallbackInfo
[10:41:21] [main/DEBUG] (FabricLoader/Mixin) Mixing fluid.AbstractBoatMixin from fabric-content-registries-v0.mixins.json into net.minecraft.world.entity.vehicle.boat.AbstractBoat
[10:41:21] [main/DEBUG] (FabricLoader/Mixin) Mixing EntityTypeBuilderMixin from fabric-object-builder-v1.mixins.json into net.minecraft.world.entity.EntityType$Builder
[10:41:21] [main/DEBUG] (FabricLoader/Mixin) fabric-object-builder-v1.mixins.json:EntityTypeBuilderMixin from mod fabric-object-builder-api-v1->@Inject::applyChildBuilders(Lnet/minecraft/resources/ResourceKey;Lorg/spongepowered/asm/mixin/injection/callback/CallbackInfoReturnable;)V does use it's CallbackInfoReturnable
[10:41:21] [main/DEBUG] (FabricLoader/Mixin) Mixing fluid.FloatGoalMixin from fabric-content-registries-v0.mixins.json into net.minecraft.world.entity.ai.goal.FloatGoal
[10:41:21] [main/DEBUG] (FabricLoader/Mixin) Mixing BreezeMixin from fabric-particles-v1.mixins.json into net.minecraft.world.entity.monster.breeze.Breeze
[10:41:21] [main/DEBUG] (FabricLoader/Mixin) Mixing HorseTameInvoker from architectury.mixins.json into net.minecraft.world.entity.ai.goal.RunAroundLikeCrazyGoal
[10:41:21] [main/DEBUG] (FabricLoader/Mixin) architectury.mixins.json:HorseTameInvoker from mod architectury->@Inject::tick(Lorg/spongepowered/asm/mixin/injection/callback/CallbackInfo;)V does use it's CallbackInfo
[10:41:21] [main/DEBUG] (FabricLoader/Mixin) Mixing VillagerAccessor from fabric-content-registries-v0.mixins.json into net.minecraft.world.entity.npc.villager.Villager
[10:41:21] [main/DEBUG] (FabricLoader/Mixin) Renaming @Accessor method fabric_setItemFoodValues(Ljava/util/Map;)V to fabric_setItemFoodValues$fabric-content-registries-v0_$md$f26aa6$0 in fabric-content-registries-v0.mixins.json:VillagerAccessor from mod fabric-content-registries-v0
[10:41:21] [main/DEBUG] (FabricLoader/Mixin) Mixing VillagerMixin from fabric-content-registries-v0.mixins.json into net.minecraft.world.entity.npc.villager.Villager
[10:41:21] [main/DEBUG] (FabricLoader/Mixin) Mixing MixinLightningBolt from architectury-common.mixins.json into net.minecraft.world.entity.LightningBolt
[10:41:21] [main/DEBUG] (FabricLoader/Mixin) architectury-common.mixins.json:MixinLightningBolt from mod architectury->@Inject::handleLightning(Lorg/spongepowered/asm/mixin/injection/callback/CallbackInfo;Ljava/util/List;)V doesn't use it's CallbackInfo
[10:41:21] [main/DEBUG] (FabricLoader/Mixin) architectury-common.mixins.json:MixinLightningBolt from mod architectury->@Inject::handleLightning(Lorg/spongepowered/asm/mixin/injection/callback/CallbackInfo;Ljava/util/List;)V has 0 override(s) in child classes
[10:41:21] [main/DEBUG] (FabricLoader/Mixin) architectury-common.mixins.json:MixinLightningBolt from mod architectury->@Inject::handleLightning(Lorg/spongepowered/asm/mixin/injection/callback/CallbackInfo;Ljava/util/List;)V won't be passed a CallbackInfo as a result
[10:41:21] [main/DEBUG] (FabricLoader/Mixin) Mixing EntityDataSerializersAccessor from fabric-object-builder-v1.mixins.json into net.minecraft.network.syncher.EntityDataSerializers
[10:41:21] [main/DEBUG] (FabricLoader/Mixin) Renaming @Accessor method fabric_getDataHandlers()Lnet/minecraft/util/CrudeIncrementalIntIdentityHashBiMap; to fabric_getDataHandlers$fabric-object-builder-api-v1_$md$f26aa6$0 in fabric-object-builder-v1.mixins.json:EntityDataSerializersAccessor from mod fabric-object-builder-api-v1
[10:41:21] [main/DEBUG] (FabricLoader/Mixin) Mixing EntityDataSerializersMixin from fabric-object-builder-v1.mixins.json into net.minecraft.network.syncher.EntityDataSerializers
[10:41:21] [main/DEBUG] (FabricLoader/Mixin) fabric-object-builder-v1.mixins.json:EntityDataSerializersMixin from mod fabric-object-builder-api-v1->@Inject::storeVanillaHandlers(Lorg/spongepowered/asm/mixin/injection/callback/CallbackInfo;)V doesn't use it's CallbackInfo
[10:41:21] [main/DEBUG] (FabricLoader/Mixin) fabric-object-builder-v1.mixins.json:EntityDataSerializersMixin from mod fabric-object-builder-api-v1->@Inject::onHeadRegister(Lnet/minecraft/network/syncher/EntityDataSerializer;Lorg/spongepowered/asm/mixin/injection/callback/CallbackInfo;)V doesn't use it's CallbackInfo
[10:41:21] [main/DEBUG] (net.fabricmc.fabric.impl.object.builder.FabricEntityDataRegistryImpl) Stored 43 vanilla handlers
[10:41:21] [main/DEBUG] (FabricLoader/Mixin) Mixing MixinOcelot from architectury.mixins.json into net.minecraft.world.entity.animal.feline.Ocelot
[10:41:21] [main/DEBUG] (FabricLoader/Mixin) architectury.mixins.json:MixinOcelot from mod architectury->@Inject::mobInteract(Lnet/minecraft/world/entity/player/Player;Lnet/minecraft/world/InteractionHand;Lorg/spongepowered/asm/mixin/injection/callback/CallbackInfoReturnable;)V does use it's CallbackInfoReturnable
[10:41:21] [main/DEBUG] (FabricLoader/Mixin) Mixing MixinBaseSpawner from architectury.mixins.json into net.minecraft.world.level.BaseSpawner
[10:41:21] [main/DEBUG] (FabricLoader/Mixin) Mixing WardenMixin from fabric-particles-v1.mixins.json into net.minecraft.world.entity.monster.warden.Warden
[10:41:21] [main/DEBUG] (FabricLoader/Mixin) Mixing FishingBobberEntityMixin from stargazer.mixins.json into net.minecraft.world.entity.projectile.FishingHook
[10:41:21] [main/DEBUG] (FabricLoader/Mixin) Mixing HoneycombItemMixin from fabric-content-registries-v0.mixins.json into net.minecraft.world.item.HoneycombItem
[10:41:21] [main/DEBUG] (FabricLoader/Mixin) fabric-content-registries-v0.mixins.json:HoneycombItemMixin from mod fabric-content-registries-v0->@Inject::createWaxables(Lorg/spongepowered/asm/mixin/injection/callback/CallbackInfoReturnable;)V does use it's CallbackInfoReturnable
[10:41:21] [main/DEBUG] (FabricLoader/Mixin) Mixing BrushItemMixin from fabric-particles-v1.mixins.json into net.minecraft.world.item.BrushItem
[10:41:21] [main/DEBUG] (FabricLoader/Mixin) Mixing EntitySelectorOptionsAccessor from fabric-command-api-v2.mixins.json into net.minecraft.commands.arguments.selector.options.EntitySelectorOptions
[10:41:21] [main/DEBUG] (FabricLoader/Mixin) Renaming @Invoker method callPutOption(Ljava/lang/String;Lnet/minecraft/commands/arguments/selector/options/EntitySelectorOptions$Modifier;Ljava/util/function/Predicate;Lnet/minecraft/network/chat/Component;)V to callPutOption$fabric-command-api-v2_$md$f26aa6$0 in fabric-command-api-v2.mixins.json:EntitySelectorOptionsAccessor from mod fabric-command-api-v2
[10:41:21] [main/DEBUG] (FabricLoader/Mixin) Mixing EntitySelectorParserMixin from fabric-command-api-v2.mixins.json into net.minecraft.commands.arguments.selector.EntitySelectorParser
[10:41:21] [main/DEBUG] (FabricLoader/Mixin) Generating mapped inner class net/minecraft/world/level/block/entity/ChiseledBookShelfBlockEntity$Anonymous$6b8fabc9a3dd3f94be74f1199f97fdb5 (originally net/fabricmc/fabric/mixin/transfer/ChiseledBookShelfBlockEntityMixin$1)
[10:41:21] [main/DEBUG] (FabricLoader/Mixin) Mixing common.SlotMixin from geckolib.mixins.json into net.minecraft.world.inventory.Slot
[10:41:21] [main/DEBUG] (FabricLoader/Mixin) geckolib.mixins.json:common.SlotMixin from mod geckolib: Class version 69 required is higher than the class version supported by the current version of Mixin (JAVA_17 supports class version 61)
[10:41:21] [main/DEBUG] (FabricLoader/Mixin) Mixing SimpleContainerMixin from fabric-transfer-api-v1.mixins.json into net.minecraft.world.SimpleContainer
[10:41:21] [main/DEBUG] (FabricLoader/Mixin) Mixing MixinFurnaceResultSlot from architectury.mixins.json into net.minecraft.world.inventory.FurnaceResultSlot
[10:41:21] [main/DEBUG] (FabricLoader/Mixin) architectury.mixins.json:MixinFurnaceResultSlot from mod architectury->@Inject::checkTakeAchievements(Lnet/minecraft/world/item/ItemStack;Lorg/spongepowered/asm/mixin/injection/callback/CallbackInfo;)V doesn't use it's CallbackInfo
[10:41:21] [main/DEBUG] (FabricLoader/Mixin) architectury.mixins.json:MixinFurnaceResultSlot from mod architectury->@Inject::checkTakeAchievements(Lnet/minecraft/world/item/ItemStack;Lorg/spongepowered/asm/mixin/injection/callback/CallbackInfo;)V has 0 override(s) in child classes
[10:41:21] [main/DEBUG] (FabricLoader/Mixin) architectury.mixins.json:MixinFurnaceResultSlot from mod architectury->@Inject::checkTakeAchievements(Lnet/minecraft/world/item/ItemStack;Lorg/spongepowered/asm/mixin/injection/callback/CallbackInfo;)V won't be passed a CallbackInfo as a result
[10:41:21] [main/DEBUG] (FabricLoader/Mixin) Mixing MixinResultSlot from architectury.mixins.json into net.minecraft.world.inventory.ResultSlot
[10:41:21] [main/DEBUG] (FabricLoader/Mixin) architectury.mixins.json:MixinResultSlot from mod architectury->@Inject::craft(Lnet/minecraft/world/item/ItemStack;Lorg/spongepowered/asm/mixin/injection/callback/CallbackInfo;)V doesn't use it's CallbackInfo
[10:41:21] [main/DEBUG] (FabricLoader/Mixin) architectury.mixins.json:MixinResultSlot from mod architectury->@Inject::craft(Lnet/minecraft/world/item/ItemStack;Lorg/spongepowered/asm/mixin/injection/callback/CallbackInfo;)V has 0 override(s) in child classes
[10:41:21] [main/DEBUG] (FabricLoader/Mixin) architectury.mixins.json:MixinResultSlot from mod architectury->@Inject::craft(Lnet/minecraft/world/item/ItemStack;Lorg/spongepowered/asm/mixin/injection/callback/CallbackInfo;)V won't be passed a CallbackInfo as a result
[10:41:21] [main/DEBUG] (FabricLoader/Mixin) Mixing CraftingRecipeMixin from fabric-item-api-v1.mixins.json into net.minecraft.world.item.crafting.CraftingRecipe
[10:41:21] [main/DEBUG] (FabricLoader/Mixin) Mixing ingredient.IngredientMixin from fabric-recipe-api-v1.mixins.json into net.minecraft.world.item.crafting.Ingredient
[10:41:21] [main/DEBUG] (FabricLoader/Mixin) Renaming synthetic method lambda$injectCodec$2(Lnet/minecraft/world/item/crafting/Ingredient;)Lcom/mojang/datafixers/util/Either; to mdf26aa6$fabric-recipe-api-v1$lambda$injectCodec$2$0 in fabric-recipe-api-v1.mixins.json:ingredient.IngredientMixin from mod fabric-recipe-api-v1
[10:41:21] [main/DEBUG] (FabricLoader/Mixin) Renaming synthetic method lambda$injectCodec$0(Lcom/mojang/datafixers/util/Either;)Lnet/minecraft/world/item/crafting/Ingredient; to mdf26aa6$fabric-recipe-api-v1$lambda$injectCodec$0$1 in fabric-recipe-api-v1.mixins.json:ingredient.IngredientMixin from mod fabric-recipe-api-v1
[10:41:21] [main/DEBUG] (FabricLoader/Mixin) Renaming synthetic method lambda$injectCodec$1(Lnet/minecraft/world/item/crafting/Ingredient;)Lnet/minecraft/world/item/crafting/Ingredient; to mdf26aa6$fabric-recipe-api-v1$lambda$injectCodec$1$2 in fabric-recipe-api-v1.mixins.json:ingredient.IngredientMixin from mod fabric-recipe-api-v1
[10:41:21] [main/DEBUG] (FabricLoader/Mixin) fabric-recipe-api-v1.mixins.json:ingredient.IngredientMixin from mod fabric-recipe-api-v1->@Inject::injectCodec(Lorg/spongepowered/asm/mixin/injection/callback/CallbackInfo;)V doesn't use it's CallbackInfo
[10:41:21] [main/DEBUG] (FabricLoader/Mixin) fabric-recipe-api-v1.mixins.json:ingredient.IngredientMixin from mod fabric-recipe-api-v1->@Inject::onGetEntries(Lnet/minecraft/world/item/crafting/Ingredient;Lorg/spongepowered/asm/mixin/injection/callback/CallbackInfoReturnable;)V does use it's CallbackInfoReturnable
[10:41:21] [main/DEBUG] (FabricLoader/Mixin) fabric-recipe-api-v1.mixins.json:ingredient.IngredientMixin from mod fabric-recipe-api-v1->@Inject::onGetEntries(Lnet/minecraft/world/item/crafting/Ingredient;Lorg/spongepowered/asm/mixin/injection/callback/CallbackInfoReturnable;)V does use it's CallbackInfoReturnable
[10:41:21] [main/DEBUG] (FabricLoader/Mixin) fabric-recipe-api-v1.mixins.json:ingredient.IngredientMixin from mod fabric-recipe-api-v1->@Inject::onGetEntries(Lnet/minecraft/world/item/crafting/Ingredient;Lorg/spongepowered/asm/mixin/injection/callback/CallbackInfoReturnable;)V does use it's CallbackInfoReturnable
[10:41:21] [main/DEBUG] (FabricLoader/Mixin) fabric-recipe-api-v1.mixins.json:ingredient.IngredientMixin from mod fabric-recipe-api-v1->@Inject::onHeadEquals(Ljava/lang/Object;Lorg/spongepowered/asm/mixin/injection/callback/CallbackInfoReturnable;)V does use it's CallbackInfoReturnable
[10:41:21] [main/DEBUG] (FabricLoader/Mixin) Mixing ingredient.ShapelessRecipeMixin from fabric-recipe-api-v1.mixins.json into net.minecraft.world.item.crafting.ShapelessRecipe
[10:41:21] [main/DEBUG] (FabricLoader/Mixin) fabric-recipe-api-v1.mixins.json:ingredient.ShapelessRecipeMixin from mod fabric-recipe-api-v1->@Inject::cacheRequiresTesting(Lnet/minecraft/world/item/crafting/Recipe$CommonInfo;Lnet/minecraft/world/item/crafting/CraftingRecipe$CraftingBookInfo;Lnet/minecraft/world/item/ItemStackTemplate;Ljava/util/List;Lorg/spongepowered/asm/mixin/injection/callback/CallbackInfo;)V doesn't use it's CallbackInfo
[10:41:21] [main/DEBUG] (FabricLoader/Mixin) fabric-recipe-api-v1.mixins.json:ingredient.ShapelessRecipeMixin from mod fabric-recipe-api-v1->@Inject::cacheRequiresTesting(Lnet/minecraft/world/item/crafting/Recipe$CommonInfo;Lnet/minecraft/world/item/crafting/CraftingRecipe$CraftingBookInfo;Lnet/minecraft/world/item/ItemStackTemplate;Ljava/util/List;Lorg/spongepowered/asm/mixin/injection/callback/CallbackInfo;)V has 0 override(s) in child classes
[10:41:21] [main/DEBUG] (FabricLoader/Mixin) fabric-recipe-api-v1.mixins.json:ingredient.ShapelessRecipeMixin from mod fabric-recipe-api-v1->@Inject::cacheRequiresTesting(Lnet/minecraft/world/item/crafting/Recipe$CommonInfo;Lnet/minecraft/world/item/crafting/CraftingRecipe$CraftingBookInfo;Lnet/minecraft/world/item/ItemStackTemplate;Ljava/util/List;Lorg/spongepowered/asm/mixin/injection/callback/CallbackInfo;)V won't be passed a CallbackInfo as a result
[10:41:21] [main/DEBUG] (FabricLoader/Mixin) fabric-recipe-api-v1.mixins.json:ingredient.ShapelessRecipeMixin from mod fabric-recipe-api-v1->@Inject::customIngredientMatch(Lnet/minecraft/world/item/crafting/CraftingInput;Lnet/minecraft/world/level/Level;Lorg/spongepowered/asm/mixin/injection/callback/CallbackInfoReturnable;)V does use it's CallbackInfoReturnable
[10:41:21] [main/DEBUG] (FabricLoader/Mixin) Mixing EnchantRandomlyFunctionMixin from fabric-item-api-v1.mixins.json into net.minecraft.world.level.storage.loot.functions.EnchantRandomlyFunction
[10:41:21] [main/DEBUG] (FabricLoader/Mixin) Mixing DimensionTypeAccessor from fabric-dimensions-v1.mixins.json into net.minecraft.world.level.dimension.DimensionType
[10:41:22] [main/DEBUG] (FabricLoader/Mixin) Mixing StructureTemplateManagerMixin from fabric-gametest-api-v1.mixins.json into net.minecraft.world.level.levelgen.structure.templatesystem.StructureTemplateManager
[10:41:22] [main/DEBUG] (FabricLoader/Mixin) fabric-gametest-api-v1.mixins.json:StructureTemplateManagerMixin from mod fabric-gametest-api-v1->@Inject::addFabricTemplateProvider(Lnet/minecraft/server/packs/resources/ResourceManager;Lnet/minecraft/world/level/storage/LevelStorageSource$LevelStorageAccess;Lcom/mojang/datafixers/DataFixer;Lnet/minecraft/core/HolderGetter;Lorg/spongepowered/asm/mixin/injection/callback/CallbackInfo;)V doesn't use it's CallbackInfo
[10:41:22] [main/DEBUG] (FabricLoader/Mixin) fabric-gametest-api-v1.mixins.json:StructureTemplateManagerMixin from mod fabric-gametest-api-v1->@Inject::addFabricTemplateProvider(Lnet/minecraft/server/packs/resources/ResourceManager;Lnet/minecraft/world/level/storage/LevelStorageSource$LevelStorageAccess;Lcom/mojang/datafixers/DataFixer;Lnet/minecraft/core/HolderGetter;Lorg/spongepowered/asm/mixin/injection/callback/CallbackInfo;)V has 0 override(s) in child classes
[10:41:22] [main/DEBUG] (FabricLoader/Mixin) fabric-gametest-api-v1.mixins.json:StructureTemplateManagerMixin from mod fabric-gametest-api-v1->@Inject::addFabricTemplateProvider(Lnet/minecraft/server/packs/resources/ResourceManager;Lnet/minecraft/world/level/storage/LevelStorageSource$LevelStorageAccess;Lcom/mojang/datafixers/DataFixer;Lnet/minecraft/core/HolderGetter;Lorg/spongepowered/asm/mixin/injection/callback/CallbackInfo;)V won't be passed a CallbackInfo as a result
[10:41:22] [main/DEBUG] (FabricLoader/Mixin) Mixing BiomeSourceMixin from fabric-biome-api-v1.mixins.json into net.minecraft.world.level.biome.BiomeSource
[10:41:22] [main/DEBUG] (FabricLoader/Mixin) Mixing MultiNoiseBiomeSourceMixin from fabric-biome-api-v1.mixins.json into net.minecraft.world.level.biome.MultiNoiseBiomeSource
[10:41:22] [main/DEBUG] (FabricLoader/Mixin) Mixing NetherBiomePresetMixin from fabric-biome-api-v1.mixins.json into net.minecraft.world.level.biome.MultiNoiseBiomeSourceParameterList$Preset$1
[10:41:22] [main/DEBUG] (FabricLoader/Mixin) fabric-biome-api-v1.mixins.json:NetherBiomePresetMixin from mod fabric-biome-api-v1->@Inject::apply(Ljava/util/function/Function;Lorg/spongepowered/asm/mixin/injection/callback/CallbackInfoReturnable;)V does use it's CallbackInfoReturnable
[10:41:22] [main/DEBUG] (FabricLoader/Mixin) Mixing RegistryOpsAccessor from fabric-resource-conditions-api-v1.mixins.json into net.minecraft.resources.RegistryOps
[10:41:22] [main/DEBUG] (FabricLoader/Mixin) Mixing TheEndBiomeSourceMixin from fabric-biome-api-v1.mixins.json into net.minecraft.world.level.biome.TheEndBiomeSource
[10:41:22] [main/DEBUG] (FabricLoader/Mixin) Renaming synthetic method lambda$init$0(Lnet/minecraft/core/HolderGetter;)Lnet/fabricmc/fabric/impl/biome/TheEndBiomeData$Overrides; to mdf26aa6$fabric-biome-api-v1$lambda$init$0$0 in fabric-biome-api-v1.mixins.json:TheEndBiomeSourceMixin from mod fabric-biome-api-v1
[10:41:22] [main/DEBUG] (FabricLoader/Mixin) Renaming synthetic method lambda$modifyCodec$0(Lcom/mojang/serialization/codecs/RecordCodecBuilder$Instance;)Lcom/mojang/datafixers/kinds/App; to mdf26aa6$fabric-biome-api-v1$lambda$modifyCodec$0$1 in fabric-biome-api-v1.mixins.json:TheEndBiomeSourceMixin from mod fabric-biome-api-v1
[10:41:22] [main/DEBUG] (FabricLoader/Mixin) fabric-biome-api-v1.mixins.json:TheEndBiomeSourceMixin from mod fabric-biome-api-v1->@Inject::modifyCodec(Lorg/spongepowered/asm/mixin/injection/callback/CallbackInfo;)V doesn't use it's CallbackInfo
[10:41:22] [main/DEBUG] (FabricLoader/Mixin) fabric-biome-api-v1.mixins.json:TheEndBiomeSourceMixin from mod fabric-biome-api-v1->@Inject::rememberLookup(Lnet/minecraft/core/HolderGetter;Lorg/spongepowered/asm/mixin/injection/callback/CallbackInfoReturnable;)V doesn't use it's CallbackInfoReturnable
[10:41:22] [main/DEBUG] (FabricLoader/Mixin) fabric-biome-api-v1.mixins.json:TheEndBiomeSourceMixin from mod fabric-biome-api-v1->@Inject::clearLookup(Lnet/minecraft/core/HolderGetter;Lorg/spongepowered/asm/mixin/injection/callback/CallbackInfoReturnable;)V doesn't use it's CallbackInfoReturnable
[10:41:22] [main/DEBUG] (FabricLoader/Mixin) fabric-biome-api-v1.mixins.json:TheEndBiomeSourceMixin from mod fabric-biome-api-v1->@Inject::init(Lnet/minecraft/core/Holder;Lnet/minecraft/core/Holder;Lnet/minecraft/core/Holder;Lnet/minecraft/core/Holder;Lnet/minecraft/core/Holder;Lorg/spongepowered/asm/mixin/injection/callback/CallbackInfo;)V doesn't use it's CallbackInfo
[10:41:22] [main/DEBUG] (FabricLoader/Mixin) fabric-biome-api-v1.mixins.json:TheEndBiomeSourceMixin from mod fabric-biome-api-v1->@Inject::init(Lnet/minecraft/core/Holder;Lnet/minecraft/core/Holder;Lnet/minecraft/core/Holder;Lnet/minecraft/core/Holder;Lnet/minecraft/core/Holder;Lorg/spongepowered/asm/mixin/injection/callback/CallbackInfo;)V has 0 override(s) in child classes
[10:41:22] [main/DEBUG] (FabricLoader/Mixin) fabric-biome-api-v1.mixins.json:TheEndBiomeSourceMixin from mod fabric-biome-api-v1->@Inject::init(Lnet/minecraft/core/Holder;Lnet/minecraft/core/Holder;Lnet/minecraft/core/Holder;Lnet/minecraft/core/Holder;Lnet/minecraft/core/Holder;Lorg/spongepowered/asm/mixin/injection/callback/CallbackInfo;)V won't be passed a CallbackInfo as a result
[10:41:22] [main/DEBUG] (FabricLoader/Mixin) fabric-biome-api-v1.mixins.json:TheEndBiomeSourceMixin from mod fabric-biome-api-v1->@Inject::getWeightedEndBiome(IIILnet/minecraft/world/level/biome/Climate$Sampler;Lorg/spongepowered/asm/mixin/injection/callback/CallbackInfoReturnable;)V does use it's CallbackInfoReturnable
[10:41:22] [main/DEBUG] (FabricLoader/Mixin) fabric-biome-api-v1.mixins.json:TheEndBiomeSourceMixin from mod fabric-biome-api-v1->@Inject::getWeightedEndBiome(IIILnet/minecraft/world/level/biome/Climate$Sampler;Lorg/spongepowered/asm/mixin/injection/callback/CallbackInfoReturnable;)V does use it's CallbackInfoReturnable
[10:41:22] [main/DEBUG] (FabricLoader/Mixin) fabric-biome-api-v1.mixins.json:TheEndBiomeSourceMixin from mod fabric-biome-api-v1->@Inject::getWeightedEndBiome(IIILnet/minecraft/world/level/biome/Climate$Sampler;Lorg/spongepowered/asm/mixin/injection/callback/CallbackInfoReturnable;)V does use it's CallbackInfoReturnable
[10:41:22] [main/DEBUG] (FabricLoader/Mixin) fabric-biome-api-v1.mixins.json:TheEndBiomeSourceMixin from mod fabric-biome-api-v1->@Inject::getWeightedEndBiome(IIILnet/minecraft/world/level/biome/Climate$Sampler;Lorg/spongepowered/asm/mixin/injection/callback/CallbackInfoReturnable;)V does use it's CallbackInfoReturnable
[10:41:22] [main/DEBUG] (FabricLoader/Mixin) fabric-biome-api-v1.mixins.json:TheEndBiomeSourceMixin from mod fabric-biome-api-v1->@Inject::getWeightedEndBiome(IIILnet/minecraft/world/level/biome/Climate$Sampler;Lorg/spongepowered/asm/mixin/injection/callback/CallbackInfoReturnable;)V does use it's CallbackInfoReturnable
[10:41:22] [main/DEBUG] (FabricLoader/Mixin) Mixing DebugLevelSourceAccessor from fabric-registry-sync-v0.mixins.json into net.minecraft.world.level.levelgen.DebugLevelSource
[10:41:22] [main/DEBUG] (FabricLoader/Mixin) Renaming @Accessor method setALL_BLOCKS(Ljava/util/List;)V to setALL_BLOCKS$fabric-registry-sync-v0_$md$f26aa6$0 in fabric-registry-sync-v0.mixins.json:DebugLevelSourceAccessor from mod fabric-registry-sync-v0
[10:41:22] [main/DEBUG] (FabricLoader/Mixin) Renaming @Accessor method setGRID_WIDTH(I)V to setGRID_WIDTH$fabric-registry-sync-v0_$md$f26aa6$1 in fabric-registry-sync-v0.mixins.json:DebugLevelSourceAccessor from mod fabric-registry-sync-v0
[10:41:22] [main/DEBUG] (FabricLoader/Mixin) Renaming @Accessor method setGRID_HEIGHT(I)V to setGRID_HEIGHT$fabric-registry-sync-v0_$md$f26aa6$2 in fabric-registry-sync-v0.mixins.json:DebugLevelSourceAccessor from mod fabric-registry-sync-v0
[10:41:22] [main/DEBUG] (FabricLoader/Mixin) Mixing GameRulesServiceGameRuleUpdateMixin from fabric-game-rule-api-v1.mixins.json into net.minecraft.server.jsonrpc.methods.GameRulesService$GameRuleUpdate
[10:41:22] [main/DEBUG] (FabricLoader/Mixin) Renaming synthetic method lambda$fabric_createTypedCodec$0(Lnet/minecraft/world/level/gamerules/GameRule;Lcom/mojang/serialization/codecs/RecordCodecBuilder$Instance;)Lcom/mojang/datafixers/kinds/App; to mdf26aa6$fabric-game-rule-api-v1$lambda$fabric_createTypedCodec$0$0 in fabric-game-rule-api-v1.mixins.json:GameRulesServiceGameRuleUpdateMixin from mod fabric-game-rule-api-v1
[10:41:22] [main/DEBUG] (FabricLoader/Mixin) Renaming synthetic method lambda$fabric_createTypedCodec$2(Lnet/minecraft/world/level/gamerules/GameRule;Lnet/fabricmc/fabric/impl/gamerule/rpc/FabricGameRuleType;Ljava/lang/Object;)Lnet/minecraft/server/jsonrpc/methods/GameRulesService$GameRuleUpdate; to mdf26aa6$fabric-game-rule-api-v1$lambda$fabric_createTypedCodec$2$1 in fabric-game-rule-api-v1.mixins.json:GameRulesServiceGameRuleUpdateMixin from mod fabric-game-rule-api-v1
[10:41:22] [main/DEBUG] (FabricLoader/Mixin) Renaming synthetic method lambda$fabric_createTypedCodec$1(Lnet/minecraft/server/jsonrpc/methods/GameRulesService$GameRuleUpdate;)Lnet/fabricmc/fabric/impl/gamerule/rpc/FabricGameRuleType; to mdf26aa6$fabric-game-rule-api-v1$lambda$fabric_createTypedCodec$1$2 in fabric-game-rule-api-v1.mixins.json:GameRulesServiceGameRuleUpdateMixin from mod fabric-game-rule-api-v1
[10:41:22] [main/DEBUG] (FabricLoader/Mixin) Renaming synthetic method lambda$getValueAndFabricTypeCodec$1(Lnet/minecraft/server/jsonrpc/methods/GameRulesService$GameRuleUpdate;)Lcom/mojang/datafixers/util/Either; to mdf26aa6$fabric-game-rule-api-v1$lambda$getValueAndFabricTypeCodec$1$3 in fabric-game-rule-api-v1.mixins.json:GameRulesServiceGameRuleUpdateMixin from mod fabric-game-rule-api-v1
[10:41:22] [main/DEBUG] (FabricLoader/Mixin) Renaming synthetic method lambda$getValueAndFabricTypeCodec$0(Lcom/mojang/datafixers/util/Either;)Lnet/minecraft/server/jsonrpc/methods/GameRulesService$GameRuleUpdate; to mdf26aa6$fabric-game-rule-api-v1$lambda$getValueAndFabricTypeCodec$0$4 in fabric-game-rule-api-v1.mixins.json:GameRulesServiceGameRuleUpdateMixin from mod fabric-game-rule-api-v1
[10:41:22] [main/DEBUG] (FabricLoader/Mixin) fabric-game-rule-api-v1.mixins.json:GameRulesServiceGameRuleUpdateMixin from mod fabric-game-rule-api-v1->@Inject::updateFabricType(Lnet/minecraft/world/level/gamerules/GameRule;Ljava/lang/Object;Lorg/spongepowered/asm/mixin/injection/callback/CallbackInfo;)V doesn't use it's CallbackInfo
[10:41:22] [main/DEBUG] (FabricLoader/Mixin) Mixing item.CuboidItemModelWrapperMixin from fabric-renderer-api-v1.mixins.json into net.minecraft.client.renderer.item.CuboidItemModelWrapper
[10:41:22] [main/DEBUG] (FabricLoader/Mixin) fabric-renderer-api-v1.mixins.json:item.CuboidItemModelWrapperMixin from mod fabric-renderer-api-v1->@Inject::onReturnUpdate(Lnet/minecraft/client/renderer/item/ItemStackRenderState;Lnet/minecraft/world/item/ItemStack;Lnet/minecraft/client/renderer/item/ItemModelResolver;Lnet/minecraft/world/item/ItemDisplayContext;Lnet/minecraft/client/multiplayer/ClientLevel;Lnet/minecraft/world/entity/ItemOwner;ILorg/spongepowered/asm/mixin/injection/callback/CallbackInfo;)V doesn't use it's CallbackInfo
[10:41:22] [main/DEBUG] (FabricLoader/Mixin) fabric-renderer-api-v1.mixins.json:item.CuboidItemModelWrapperMixin from mod fabric-renderer-api-v1->@Inject::onReturnUpdate(Lnet/minecraft/client/renderer/item/ItemStackRenderState;Lnet/minecraft/world/item/ItemStack;Lnet/minecraft/client/renderer/item/ItemModelResolver;Lnet/minecraft/world/item/ItemDisplayContext;Lnet/minecraft/client/multiplayer/ClientLevel;Lnet/minecraft/world/entity/ItemOwner;ILorg/spongepowered/asm/mixin/injection/callback/CallbackInfo;)V has 0 override(s) in child classes
[10:41:22] [main/DEBUG] (FabricLoader/Mixin) fabric-renderer-api-v1.mixins.json:item.CuboidItemModelWrapperMixin from mod fabric-renderer-api-v1->@Inject::onReturnUpdate(Lnet/minecraft/client/renderer/item/ItemStackRenderState;Lnet/minecraft/world/item/ItemStack;Lnet/minecraft/client/renderer/item/ItemModelResolver;Lnet/minecraft/world/item/ItemDisplayContext;Lnet/minecraft/client/multiplayer/ClientLevel;Lnet/minecraft/world/entity/ItemOwner;ILorg/spongepowered/asm/mixin/injection/callback/CallbackInfo;)V won't be passed a CallbackInfo as a result
[10:41:22] [main/DEBUG] (FabricLoader/Mixin) Mixing client.SpecialModelWrapperMixin from geckolib.mixins.json into net.minecraft.client.renderer.item.SpecialModelWrapper
[10:41:22] [main/DEBUG] (FabricLoader/Mixin) geckolib.mixins.json:client.SpecialModelWrapperMixin from mod geckolib: Class version 69 required is higher than the class version supported by the current version of Mixin (JAVA_17 supports class version 61)
[10:41:22] [main/DEBUG] (FabricLoader/Mixin) Mixing client.SpecialModelRenderersMixin from geckolib.mixins.json into net.minecraft.client.renderer.special.SpecialModelRenderers
[10:41:22] [main/DEBUG] (FabricLoader/Mixin) geckolib.mixins.json:client.SpecialModelRenderersMixin from mod geckolib: Class version 69 required is higher than the class version supported by the current version of Mixin (JAVA_17 supports class version 61)
[10:41:22] [main/DEBUG] (FabricLoader/Mixin) geckolib.mixins.json:client.SpecialModelRenderersMixin from mod geckolib->@Inject::geckolib$addSpecialRenderer(Lorg/spongepowered/asm/mixin/injection/callback/CallbackInfo;)V doesn't use it's CallbackInfo
[10:41:22] [main/DEBUG] (FabricLoader/Mixin) Mixing client.ModelMixin from geckolib.mixins.json into net.minecraft.client.model.Model
[10:41:22] [main/DEBUG] (FabricLoader/Mixin) geckolib.mixins.json:client.ModelMixin from mod geckolib: Class version 69 required is higher than the class version supported by the current version of Mixin (JAVA_17 supports class version 61)
[10:41:22] [main/DEBUG] (FabricLoader/Mixin) Mixing ModelMixin from fabric-rendering-v1.mixins.json into net.minecraft.client.model.Model
[10:41:22] [main/DEBUG] (FabricLoader/Mixin) Renaming synthetic method lambda$copyTransforms$0(Ljava/lang/String;Lnet/minecraft/client/model/geom/ModelPart;)V to mdf26aa6$fabric-rendering-v1$lambda$copyTransforms$0$0 in fabric-rendering-v1.mixins.json:ModelMixin from mod fabric-rendering-v1
[10:41:22] [main/DEBUG] (FabricLoader/Mixin) geckolib.mixins.json:client.ModelMixin from mod geckolib->@Inject::geckolib$callModelSetupCallbacks(Ljava/lang/Object;Lorg/spongepowered/asm/mixin/injection/callback/CallbackInfo;)V doesn't use it's CallbackInfo
[10:41:22] [main/DEBUG] (FabricLoader/Mixin) geckolib.mixins.json:client.ModelMixin from mod geckolib->@Inject::geckolib$callModelSetupCallbacks(Ljava/lang/Object;Lorg/spongepowered/asm/mixin/injection/callback/CallbackInfo;)V has 0 override(s) in child classes
[10:41:22] [main/DEBUG] (FabricLoader/Mixin) geckolib.mixins.json:client.ModelMixin from mod geckolib->@Inject::geckolib$callModelSetupCallbacks(Ljava/lang/Object;Lorg/spongepowered/asm/mixin/injection/callback/CallbackInfo;)V won't be passed a CallbackInfo as a result
[10:41:22] [main/DEBUG] (FabricLoader/Mixin) fabric-rendering-v1.mixins.json:ModelMixin from mod fabric-rendering-v1->@Inject::fillChildPartMap(Lnet/minecraft/client/model/geom/ModelPart;Ljava/util/function/Function;Lorg/spongepowered/asm/mixin/injection/callback/CallbackInfo;)V doesn't use it's CallbackInfo
[10:41:22] [main/DEBUG] (FabricLoader/Mixin) fabric-rendering-v1.mixins.json:ModelMixin from mod fabric-rendering-v1->@Inject::fillChildPartMap(Lnet/minecraft/client/model/geom/ModelPart;Ljava/util/function/Function;Lorg/spongepowered/asm/mixin/injection/callback/CallbackInfo;)V has 0 override(s) in child classes
[10:41:22] [main/DEBUG] (FabricLoader/Mixin) fabric-rendering-v1.mixins.json:ModelMixin from mod fabric-rendering-v1->@Inject::fillChildPartMap(Lnet/minecraft/client/model/geom/ModelPart;Ljava/util/function/Function;Lorg/spongepowered/asm/mixin/injection/callback/CallbackInfo;)V won't be passed a CallbackInfo as a result
[10:41:22] [main/DEBUG] (GeckoLib) Loaded com.geckolib.platform.GeckoLibFabric@54be6911 for service interface com.geckolib.service.GeckoLibPlatform
[10:41:22] [main/DEBUG] (GeckoLib) Loaded com.geckolib.network.GeckoLibNetworkingFabric@18cb7eda for service interface com.geckolib.service.GeckoLibNetworking
[10:41:22] [main/DEBUG] (FabricLoader/Mixin) Mixing KeyMappingAccessor from fabric-key-mapping-api-v1.mixins.json into net.minecraft.client.KeyMapping
[10:41:22] [main/DEBUG] (FabricLoader/Mixin) Mixing KeyMappingAccessor from fabric-events-interaction-v0.client.mixins.json into net.minecraft.client.KeyMapping
[10:41:22] [main/DEBUG] (FabricLoader/Mixin) Mixing SpriteSourcesAccessor from fabric-rendering-v1.mixins.json into net.minecraft.client.renderer.texture.atlas.SpriteSources
[10:41:22] [main/DEBUG] (FabricLoader/Mixin) Renaming @Accessor method getSpriteSourceCodecs()Lnet/minecraft/util/ExtraCodecs$LateBoundIdMapper; to getSpriteSourceCodecs$fabric-rendering-v1_$md$f26aa6$0 in fabric-rendering-v1.mixins.json:SpriteSourcesAccessor from mod fabric-rendering-v1
[10:41:22] [main/DEBUG] (FabricLoader/Mixin) Mixing ScreenAccessor from fabric-screen-api-v1.mixins.json into net.minecraft.client.gui.screens.Screen
[10:41:22] [main/DEBUG] (FabricLoader/Mixin) Mixing ScreenMixin from fabric-screen-api-v1.mixins.json into net.minecraft.client.gui.screens.Screen
[10:41:22] [main/DEBUG] (FabricLoader/Mixin) Mixing client.MixinScreen from architectury.mixins.json into net.minecraft.client.gui.screens.Screen
[10:41:22] [main/DEBUG] (FabricLoader/Mixin) Mixing MixinScreen from rei.mixins.json into net.minecraft.client.gui.screens.Screen
[10:41:22] [main/DEBUG] (FabricLoader/Mixin) Renaming synthetic method lambda$static$0()Ljava/lang/Boolean; to mdf26aa6$roughlyenoughitems$lambda$static$0$0 in rei.mixins.json:MixinScreen from mod roughlyenoughitems
[10:41:22] [main/DEBUG] (FabricLoader/Mixin) fabric-screen-api-v1.mixins.json:ScreenMixin from mod fabric-screen-api-v1->@Inject::extractBackground(Lnet/minecraft/client/gui/GuiGraphicsExtractor;IIFLorg/spongepowered/asm/mixin/injection/callback/CallbackInfo;)V doesn't use it's CallbackInfo
[10:41:22] [main/DEBUG] (FabricLoader/Mixin) fabric-screen-api-v1.mixins.json:ScreenMixin from mod fabric-screen-api-v1->@Inject::extractForeground(Lnet/minecraft/client/gui/GuiGraphicsExtractor;IIFLorg/spongepowered/asm/mixin/injection/callback/CallbackInfo;)V doesn't use it's CallbackInfo
[10:41:22] [main/DEBUG] (FabricLoader/Mixin) fabric-screen-api-v1.mixins.json:ScreenMixin from mod fabric-screen-api-v1->@Inject::beforeInitScreen(IILorg/spongepowered/asm/mixin/injection/callback/CallbackInfo;)V doesn't use it's CallbackInfo
[10:41:22] [main/DEBUG] (FabricLoader/Mixin) fabric-screen-api-v1.mixins.json:ScreenMixin from mod fabric-screen-api-v1->@Inject::beforeInitScreen(IILorg/spongepowered/asm/mixin/injection/callback/CallbackInfo;)V has 0 override(s) in child classes
[10:41:22] [main/DEBUG] (FabricLoader/Mixin) fabric-screen-api-v1.mixins.json:ScreenMixin from mod fabric-screen-api-v1->@Inject::beforeInitScreen(IILorg/spongepowered/asm/mixin/injection/callback/CallbackInfo;)V won't be passed a CallbackInfo as a result
[10:41:22] [main/DEBUG] (FabricLoader/Mixin) fabric-screen-api-v1.mixins.json:ScreenMixin from mod fabric-screen-api-v1->@Inject::afterInitScreen(IILorg/spongepowered/asm/mixin/injection/callback/CallbackInfo;)V doesn't use it's CallbackInfo
[10:41:22] [main/DEBUG] (FabricLoader/Mixin) fabric-screen-api-v1.mixins.json:ScreenMixin from mod fabric-screen-api-v1->@Inject::afterInitScreen(IILorg/spongepowered/asm/mixin/injection/callback/CallbackInfo;)V has 0 override(s) in child classes
[10:41:22] [main/DEBUG] (FabricLoader/Mixin) fabric-screen-api-v1.mixins.json:ScreenMixin from mod fabric-screen-api-v1->@Inject::afterInitScreen(IILorg/spongepowered/asm/mixin/injection/callback/CallbackInfo;)V won't be passed a CallbackInfo as a result
[10:41:22] [main/DEBUG] (FabricLoader/Mixin) fabric-screen-api-v1.mixins.json:ScreenMixin from mod fabric-screen-api-v1->@Inject::beforeResizeScreen(IILorg/spongepowered/asm/mixin/injection/callback/CallbackInfo;)V doesn't use it's CallbackInfo
[10:41:22] [main/DEBUG] (FabricLoader/Mixin) fabric-screen-api-v1.mixins.json:ScreenMixin from mod fabric-screen-api-v1->@Inject::beforeResizeScreen(IILorg/spongepowered/asm/mixin/injection/callback/CallbackInfo;)V has 0 override(s) in child classes
[10:41:22] [main/DEBUG] (FabricLoader/Mixin) fabric-screen-api-v1.mixins.json:ScreenMixin from mod fabric-screen-api-v1->@Inject::beforeResizeScreen(IILorg/spongepowered/asm/mixin/injection/callback/CallbackInfo;)V won't be passed a CallbackInfo as a result
[10:41:22] [main/DEBUG] (FabricLoader/Mixin) fabric-screen-api-v1.mixins.json:ScreenMixin from mod fabric-screen-api-v1->@Inject::afterResizeScreen(IILorg/spongepowered/asm/mixin/injection/callback/CallbackInfo;)V doesn't use it's CallbackInfo
[10:41:22] [main/DEBUG] (FabricLoader/Mixin) fabric-screen-api-v1.mixins.json:ScreenMixin from mod fabric-screen-api-v1->@Inject::afterResizeScreen(IILorg/spongepowered/asm/mixin/injection/callback/CallbackInfo;)V has 0 override(s) in child classes
[10:41:22] [main/DEBUG] (FabricLoader/Mixin) fabric-screen-api-v1.mixins.json:ScreenMixin from mod fabric-screen-api-v1->@Inject::afterResizeScreen(IILorg/spongepowered/asm/mixin/injection/callback/CallbackInfo;)V won't be passed a CallbackInfo as a result
[10:41:22] [main/DEBUG] (FabricLoader/Mixin) architectury.mixins.json:client.MixinScreen from mod architectury->@Inject::preInit(IILorg/spongepowered/asm/mixin/injection/callback/CallbackInfo;)V does use it's CallbackInfo
[10:41:22] [main/DEBUG] (FabricLoader/Mixin) architectury.mixins.json:client.MixinScreen from mod architectury->@Inject::postInit(Lorg/spongepowered/asm/mixin/injection/callback/CallbackInfo;)V doesn't use it's CallbackInfo
[10:41:22] [main/DEBUG] (FabricLoader/Mixin) architectury.mixins.json:client.MixinScreen from mod architectury->@Inject::postInit(Lorg/spongepowered/asm/mixin/injection/callback/CallbackInfo;)V has 0 override(s) in child classes
[10:41:22] [main/DEBUG] (FabricLoader/Mixin) architectury.mixins.json:client.MixinScreen from mod architectury->@Inject::postInit(Lorg/spongepowered/asm/mixin/injection/callback/CallbackInfo;)V won't be passed a CallbackInfo as a result
[10:41:22] [main/DEBUG] (FabricLoader/Mixin) architectury.mixins.json:client.MixinScreen from mod architectury->@Inject::preInit2(Lorg/spongepowered/asm/mixin/injection/callback/CallbackInfo;)V does use it's CallbackInfo
[10:41:22] [main/DEBUG] (FabricLoader/Mixin) architectury.mixins.json:client.MixinScreen from mod architectury->@Inject::postInit2(Lorg/spongepowered/asm/mixin/injection/callback/CallbackInfo;)V doesn't use it's CallbackInfo
[10:41:22] [main/DEBUG] (FabricLoader/Mixin) architectury.mixins.json:client.MixinScreen from mod architectury->@Inject::postInit2(Lorg/spongepowered/asm/mixin/injection/callback/CallbackInfo;)V has 0 override(s) in child classes
[10:41:22] [main/DEBUG] (FabricLoader/Mixin) architectury.mixins.json:client.MixinScreen from mod architectury->@Inject::postInit2(Lorg/spongepowered/asm/mixin/injection/callback/CallbackInfo;)V won't be passed a CallbackInfo as a result
[10:41:22] [main/DEBUG] (FabricLoader/Mixin) rei.mixins.json:MixinScreen from mod roughlyenoughitems->@Inject::init(IILorg/spongepowered/asm/mixin/injection/callback/CallbackInfo;)V doesn't use it's CallbackInfo
[10:41:22] [main/DEBUG] (FabricLoader/Mixin) rei.mixins.json:MixinScreen from mod roughlyenoughitems->@Inject::init(IILorg/spongepowered/asm/mixin/injection/callback/CallbackInfo;)V has 0 override(s) in child classes
[10:41:22] [main/DEBUG] (FabricLoader/Mixin) rei.mixins.json:MixinScreen from mod roughlyenoughitems->@Inject::init(IILorg/spongepowered/asm/mixin/injection/callback/CallbackInfo;)V won't be passed a CallbackInfo as a result
[10:41:22] [main/DEBUG] (FabricLoader/Mixin) Mixing ClientLevelMixin from fabric-lifecycle-events-v1.client.mixins.json into net.minecraft.client.multiplayer.ClientLevel
[10:41:22] [main/DEBUG] (FabricLoader/Mixin) Mixing client.MixinClientLevel from architectury.mixins.json into net.minecraft.client.multiplayer.ClientLevel
[10:41:22] [main/DEBUG] (FabricLoader/Mixin) Mixing ClientLevelMixin from fabric-data-attachment-api-v1.client.mixins.json into net.minecraft.client.multiplayer.ClientLevel
[10:41:22] [main/DEBUG] (FabricLoader/Mixin) Mixing ClientLevelMixin from fabric-rendering-v1.mixins.json into net.minecraft.client.multiplayer.ClientLevel
[10:41:22] [main/DEBUG] (FabricLoader/Mixin) Renaming synthetic method lambda$new$0(Lnet/minecraft/world/level/ColorResolver;)Lnet/minecraft/client/color/block/BlockTintCache; to mdf26aa6$fabric-rendering-v1$lambda$new$0$0 in fabric-rendering-v1.mixins.json:ClientLevelMixin from mod fabric-rendering-v1
[10:41:22] [main/DEBUG] (FabricLoader/Mixin) Renaming synthetic method lambda$new$1(Lnet/minecraft/world/level/ColorResolver;Lnet/minecraft/core/BlockPos;)I to mdf26aa6$fabric-rendering-v1$lambda$new$1$1 in fabric-rendering-v1.mixins.json:ClientLevelMixin from mod fabric-rendering-v1
[10:41:22] [main/DEBUG] (FabricLoader/Mixin) fabric-lifecycle-events-v1.client.mixins.json:ClientLevelMixin from mod fabric-lifecycle-events-v1->@Inject::startLevelTick(Lorg/spongepowered/asm/mixin/injection/callback/CallbackInfo;)V doesn't use it's CallbackInfo
[10:41:22] [main/DEBUG] (FabricLoader/Mixin) fabric-lifecycle-events-v1.client.mixins.json:ClientLevelMixin from mod fabric-lifecycle-events-v1->@Inject::startLevelTick(Lorg/spongepowered/asm/mixin/injection/callback/CallbackInfo;)V has 0 override(s) in child classes
[10:41:22] [main/DEBUG] (FabricLoader/Mixin) fabric-lifecycle-events-v1.client.mixins.json:ClientLevelMixin from mod fabric-lifecycle-events-v1->@Inject::startLevelTick(Lorg/spongepowered/asm/mixin/injection/callback/CallbackInfo;)V won't be passed a CallbackInfo as a result
[10:41:22] [main/DEBUG] (FabricLoader/Mixin) fabric-lifecycle-events-v1.client.mixins.json:ClientLevelMixin from mod fabric-lifecycle-events-v1->@Inject::endLevelTick(Lorg/spongepowered/asm/mixin/injection/callback/CallbackInfo;)V doesn't use it's CallbackInfo
[10:41:22] [main/DEBUG] (FabricLoader/Mixin) fabric-lifecycle-events-v1.client.mixins.json:ClientLevelMixin from mod fabric-lifecycle-events-v1->@Inject::endLevelTick(Lorg/spongepowered/asm/mixin/injection/callback/CallbackInfo;)V has 0 override(s) in child classes
[10:41:22] [main/DEBUG] (FabricLoader/Mixin) fabric-lifecycle-events-v1.client.mixins.json:ClientLevelMixin from mod fabric-lifecycle-events-v1->@Inject::endLevelTick(Lorg/spongepowered/asm/mixin/injection/callback/CallbackInfo;)V won't be passed a CallbackInfo as a result
[10:41:22] [main/DEBUG] (FabricLoader/Mixin) architectury.mixins.json:client.MixinClientLevel from mod architectury->@Inject::construct(Lnet/minecraft/client/multiplayer/ClientPacketListener;Lnet/minecraft/client/multiplayer/ClientLevel$ClientLevelData;Lnet/minecraft/resources/ResourceKey;Lnet/minecraft/core/Holder;IILnet/minecraft/client/renderer/extract/LevelExtractor;ZJILorg/spongepowered/asm/mixin/injection/callback/CallbackInfo;)V doesn't use it's CallbackInfo
[10:41:22] [main/DEBUG] (FabricLoader/Mixin) architectury.mixins.json:client.MixinClientLevel from mod architectury->@Inject::construct(Lnet/minecraft/client/multiplayer/ClientPacketListener;Lnet/minecraft/client/multiplayer/ClientLevel$ClientLevelData;Lnet/minecraft/resources/ResourceKey;Lnet/minecraft/core/Holder;IILnet/minecraft/client/renderer/extract/LevelExtractor;ZJILorg/spongepowered/asm/mixin/injection/callback/CallbackInfo;)V has 0 override(s) in child classes
[10:41:22] [main/DEBUG] (FabricLoader/Mixin) architectury.mixins.json:client.MixinClientLevel from mod architectury->@Inject::construct(Lnet/minecraft/client/multiplayer/ClientPacketListener;Lnet/minecraft/client/multiplayer/ClientLevel$ClientLevelData;Lnet/minecraft/resources/ResourceKey;Lnet/minecraft/core/Holder;IILnet/minecraft/client/renderer/extract/LevelExtractor;ZJILorg/spongepowered/asm/mixin/injection/callback/CallbackInfo;)V won't be passed a CallbackInfo as a result
[10:41:22] [main/DEBUG] (FabricLoader/Mixin) architectury.mixins.json:client.MixinClientLevel from mod architectury->@Inject::addEntity(Lnet/minecraft/world/entity/Entity;Lorg/spongepowered/asm/mixin/injection/callback/CallbackInfo;)V does use it's CallbackInfo
[10:41:22] [main/DEBUG] (FabricLoader/Mixin) fabric-rendering-v1.mixins.json:ClientLevelMixin from mod fabric-rendering-v1->@Inject::onResetChunkColor(Lnet/minecraft/world/level/ChunkPos;Lorg/spongepowered/asm/mixin/injection/callback/CallbackInfo;)V doesn't use it's CallbackInfo
[10:41:22] [main/DEBUG] (FabricLoader/Mixin) fabric-rendering-v1.mixins.json:ClientLevelMixin from mod fabric-rendering-v1->@Inject::onResetChunkColor(Lnet/minecraft/world/level/ChunkPos;Lorg/spongepowered/asm/mixin/injection/callback/CallbackInfo;)V has 0 override(s) in child classes
[10:41:22] [main/DEBUG] (FabricLoader/Mixin) fabric-rendering-v1.mixins.json:ClientLevelMixin from mod fabric-rendering-v1->@Inject::onResetChunkColor(Lnet/minecraft/world/level/ChunkPos;Lorg/spongepowered/asm/mixin/injection/callback/CallbackInfo;)V won't be passed a CallbackInfo as a result
[10:41:22] [main/DEBUG] (FabricLoader/Mixin) fabric-rendering-v1.mixins.json:ClientLevelMixin from mod fabric-rendering-v1->@Inject::onReloadColor(Lorg/spongepowered/asm/mixin/injection/callback/CallbackInfo;)V doesn't use it's CallbackInfo
[10:41:22] [main/DEBUG] (FabricLoader/Mixin) fabric-rendering-v1.mixins.json:ClientLevelMixin from mod fabric-rendering-v1->@Inject::onReloadColor(Lorg/spongepowered/asm/mixin/injection/callback/CallbackInfo;)V has 0 override(s) in child classes
[10:41:22] [main/DEBUG] (FabricLoader/Mixin) fabric-rendering-v1.mixins.json:ClientLevelMixin from mod fabric-rendering-v1->@Inject::onReloadColor(Lorg/spongepowered/asm/mixin/injection/callback/CallbackInfo;)V won't be passed a CallbackInfo as a result
[10:41:22] [main/DEBUG] (FabricLoader/Mixin) Mixing LocalPlayerMixin from fabric-networking-api-v1.client.mixins.json into net.minecraft.client.player.LocalPlayer
[10:41:22] [main/DEBUG] (FabricLoader/Mixin) Mixing LocalPlayerMixin from fabric-content-registries-v0.client.mixins.json into net.minecraft.client.player.LocalPlayer
[10:41:22] [main/DEBUG] (FabricLoader/Mixin) Mixing DefaultAttributesAccessor from fabric-object-builder-v1.mixins.json into net.minecraft.world.entity.ai.attributes.DefaultAttributes
[10:41:22] [main/DEBUG] (FabricLoader/Mixin) Renaming @Accessor method getRegistry()Ljava/util/Map; to getRegistry$fabric-object-builder-api-v1_$md$f26aa6$0 in fabric-object-builder-v1.mixins.json:DefaultAttributesAccessor from mod fabric-object-builder-api-v1
[10:41:22] [main/DEBUG] (FabricLoader/Mixin) Mixing DefaultAttributesMixin from fabric-object-builder-v1.mixins.json into net.minecraft.world.entity.ai.attributes.DefaultAttributes
[10:41:22] [main/DEBUG] (FabricLoader/Mixin) fabric-object-builder-v1.mixins.json:DefaultAttributesMixin from mod fabric-object-builder-api-v1->@Inject::injectAttributes(Lorg/spongepowered/asm/mixin/injection/callback/CallbackInfo;)V doesn't use it's CallbackInfo
[10:41:22] [main/DEBUG] (FabricLoader/Mixin) Mixing AttributeSupplierAccessor from fabric-object-builder-v1.mixins.json into net.minecraft.world.entity.ai.attributes.AttributeSupplier
[10:41:22] [main/DEBUG] (FabricLoader/Mixin) Mixing AttributeSupplierBuilderAccessor from fabric-object-builder-v1.mixins.json into net.minecraft.world.entity.ai.attributes.AttributeSupplier$Builder
[10:41:22] [Render thread/DEBUG] (FabricLoader/Mixin) Mixing MinecraftMixin from fabric-events-interaction-v0.client.mixins.json into net.minecraft.client.Minecraft
[10:41:22] [Render thread/DEBUG] (FabricLoader/Mixin) Mixing accessor.MinecraftAccessor from fabric-networking-api-v1.client.mixins.json into net.minecraft.client.Minecraft
[10:41:22] [Render thread/DEBUG] (FabricLoader/Mixin) Mixing MinecraftMixin from fabric-data-generation-api-v1.client.mixins.json into net.minecraft.client.Minecraft
[10:41:22] [Render thread/DEBUG] (FabricLoader/Mixin) Mixing MinecraftMixin from fabric-lifecycle-events-v1.client.mixins.json into net.minecraft.client.Minecraft
[10:41:22] [Render thread/DEBUG] (FabricLoader/Mixin) Mixing MinecraftMixin from fabric-screen-api-v1.mixins.json into net.minecraft.client.Minecraft
[10:41:22] [Render thread/DEBUG] (FabricLoader/Mixin) Mixing client.MixinMinecraft from architectury.mixins.json into net.minecraft.client.Minecraft
[10:41:22] [Render thread/DEBUG] (FabricLoader/Mixin) Mixing MinecraftMixin from fabric-registry-sync-v0.client.mixins.json into net.minecraft.client.Minecraft
[10:41:22] [Render thread/DEBUG] (FabricLoader/Mixin) fabric-events-interaction-v0.client.mixins.json:MinecraftMixin from mod fabric-events-interaction-v0->@Inject::injectUseEntityCallback(Lorg/spongepowered/asm/mixin/injection/callback/CallbackInfo;)V does use it's CallbackInfo
[10:41:22] [Render thread/DEBUG] (FabricLoader/Mixin) fabric-events-interaction-v0.client.mixins.json:MinecraftMixin from mod fabric-events-interaction-v0->@Inject::injectHandleInputEventsForPreAttackCallback(Lorg/spongepowered/asm/mixin/injection/callback/CallbackInfo;)V doesn't use it's CallbackInfo
[10:41:22] [Render thread/DEBUG] (FabricLoader/Mixin) fabric-events-interaction-v0.client.mixins.json:MinecraftMixin from mod fabric-events-interaction-v0->@Inject::injectHandleInputEventsForPreAttackCallback(Lorg/spongepowered/asm/mixin/injection/callback/CallbackInfo;)V has 0 override(s) in child classes
[10:41:22] [Render thread/DEBUG] (FabricLoader/Mixin) fabric-events-interaction-v0.client.mixins.json:MinecraftMixin from mod fabric-events-interaction-v0->@Inject::injectHandleInputEventsForPreAttackCallback(Lorg/spongepowered/asm/mixin/injection/callback/CallbackInfo;)V won't be passed a CallbackInfo as a result
[10:41:22] [Render thread/DEBUG] (FabricLoader/Mixin) fabric-events-interaction-v0.client.mixins.json:MinecraftMixin from mod fabric-events-interaction-v0->@Inject::injectDoAttackForCancelling(Lorg/spongepowered/asm/mixin/injection/callback/CallbackInfoReturnable;)V does use it's CallbackInfoReturnable
[10:41:22] [Render thread/DEBUG] (FabricLoader/Mixin) fabric-events-interaction-v0.client.mixins.json:MinecraftMixin from mod fabric-events-interaction-v0->@Inject::injectHandleBlockBreakingForCancelling(ZLorg/spongepowered/asm/mixin/injection/callback/CallbackInfo;)V does use it's CallbackInfo
[10:41:22] [Render thread/DEBUG] (FabricLoader/Mixin) fabric-data-generation-api-v1.client.mixins.json:MinecraftMixin from mod fabric-data-generation-api-v1->@Inject::main(Lorg/spongepowered/asm/mixin/injection/callback/CallbackInfo;)V doesn't use it's CallbackInfo
[10:41:22] [Render thread/DEBUG] (FabricLoader/Mixin) fabric-data-generation-api-v1.client.mixins.json:MinecraftMixin from mod fabric-data-generation-api-v1->@Inject::main(Lorg/spongepowered/asm/mixin/injection/callback/CallbackInfo;)V has 0 override(s) in child classes
[10:41:22] [Render thread/DEBUG] (FabricLoader/Mixin) fabric-data-generation-api-v1.client.mixins.json:MinecraftMixin from mod fabric-data-generation-api-v1->@Inject::main(Lorg/spongepowered/asm/mixin/injection/callback/CallbackInfo;)V won't be passed a CallbackInfo as a result
[10:41:22] [Render thread/DEBUG] (FabricLoader/Mixin) fabric-lifecycle-events-v1.client.mixins.json:MinecraftMixin from mod fabric-lifecycle-events-v1->@Inject::onStartTick(Lorg/spongepowered/asm/mixin/injection/callback/CallbackInfo;)V doesn't use it's CallbackInfo
[10:41:22] [Render thread/DEBUG] (FabricLoader/Mixin) fabric-lifecycle-events-v1.client.mixins.json:MinecraftMixin from mod fabric-lifecycle-events-v1->@Inject::onStartTick(Lorg/spongepowered/asm/mixin/injection/callback/CallbackInfo;)V has 0 override(s) in child classes
[10:41:22] [Render thread/DEBUG] (FabricLoader/Mixin) fabric-lifecycle-events-v1.client.mixins.json:MinecraftMixin from mod fabric-lifecycle-events-v1->@Inject::onStartTick(Lorg/spongepowered/asm/mixin/injection/callback/CallbackInfo;)V won't be passed a CallbackInfo as a result
[10:41:22] [Render thread/DEBUG] (FabricLoader/Mixin) fabric-lifecycle-events-v1.client.mixins.json:MinecraftMixin from mod fabric-lifecycle-events-v1->@Inject::onEndTick(Lorg/spongepowered/asm/mixin/injection/callback/CallbackInfo;)V doesn't use it's CallbackInfo
[10:41:22] [Render thread/DEBUG] (FabricLoader/Mixin) fabric-lifecycle-events-v1.client.mixins.json:MinecraftMixin from mod fabric-lifecycle-events-v1->@Inject::onEndTick(Lorg/spongepowered/asm/mixin/injection/callback/CallbackInfo;)V has 0 override(s) in child classes
[10:41:22] [Render thread/DEBUG] (FabricLoader/Mixin) fabric-lifecycle-events-v1.client.mixins.json:MinecraftMixin from mod fabric-lifecycle-events-v1->@Inject::onEndTick(Lorg/spongepowered/asm/mixin/injection/callback/CallbackInfo;)V won't be passed a CallbackInfo as a result
[10:41:22] [Render thread/DEBUG] (FabricLoader/Mixin) fabric-lifecycle-events-v1.client.mixins.json:MinecraftMixin from mod fabric-lifecycle-events-v1->@Inject::onStopping(Lorg/spongepowered/asm/mixin/injection/callback/CallbackInfo;)V doesn't use it's CallbackInfo
[10:41:22] [Render thread/DEBUG] (FabricLoader/Mixin) fabric-lifecycle-events-v1.client.mixins.json:MinecraftMixin from mod fabric-lifecycle-events-v1->@Inject::onStopping(Lorg/spongepowered/asm/mixin/injection/callback/CallbackInfo;)V has 0 override(s) in child classes
[10:41:22] [Render thread/DEBUG] (FabricLoader/Mixin) fabric-lifecycle-events-v1.client.mixins.json:MinecraftMixin from mod fabric-lifecycle-events-v1->@Inject::onStopping(Lorg/spongepowered/asm/mixin/injection/callback/CallbackInfo;)V won't be passed a CallbackInfo as a result
[10:41:22] [Render thread/DEBUG] (FabricLoader/Mixin) fabric-lifecycle-events-v1.client.mixins.json:MinecraftMixin from mod fabric-lifecycle-events-v1->@Inject::onStart(Lorg/spongepowered/asm/mixin/injection/callback/CallbackInfo;)V doesn't use it's CallbackInfo
[10:41:22] [Render thread/DEBUG] (FabricLoader/Mixin) fabric-lifecycle-events-v1.client.mixins.json:MinecraftMixin from mod fabric-lifecycle-events-v1->@Inject::onStart(Lorg/spongepowered/asm/mixin/injection/callback/CallbackInfo;)V has 0 override(s) in child classes
[10:41:22] [Render thread/DEBUG] (FabricLoader/Mixin) fabric-lifecycle-events-v1.client.mixins.json:MinecraftMixin from mod fabric-lifecycle-events-v1->@Inject::onStart(Lorg/spongepowered/asm/mixin/injection/callback/CallbackInfo;)V won't be passed a CallbackInfo as a result
[10:41:22] [Render thread/DEBUG] (FabricLoader/Mixin) fabric-lifecycle-events-v1.client.mixins.json:MinecraftMixin from mod fabric-lifecycle-events-v1->@Inject::afterClientLevelChange(Lnet/minecraft/client/multiplayer/ClientLevel;ZLorg/spongepowered/asm/mixin/injection/callback/CallbackInfo;)V doesn't use it's CallbackInfo
[10:41:22] [Render thread/DEBUG] (FabricLoader/Mixin) fabric-lifecycle-events-v1.client.mixins.json:MinecraftMixin from mod fabric-lifecycle-events-v1->@Inject::afterClientLevelChange(Lnet/minecraft/client/multiplayer/ClientLevel;ZLorg/spongepowered/asm/mixin/injection/callback/CallbackInfo;)V has 0 override(s) in child classes
[10:41:22] [Render thread/DEBUG] (FabricLoader/Mixin) fabric-lifecycle-events-v1.client.mixins.json:MinecraftMixin from mod fabric-lifecycle-events-v1->@Inject::afterClientLevelChange(Lnet/minecraft/client/multiplayer/ClientLevel;ZLorg/spongepowered/asm/mixin/injection/callback/CallbackInfo;)V won't be passed a CallbackInfo as a result
[10:41:22] [Render thread/DEBUG] (FabricLoader/Mixin) fabric-screen-api-v1.mixins.json:MinecraftMixin from mod fabric-screen-api-v1->@Inject::onInit(Lorg/spongepowered/asm/mixin/injection/callback/CallbackInfo;)V doesn't use it's CallbackInfo
[10:41:22] [Render thread/DEBUG] (FabricLoader/Mixin) fabric-screen-api-v1.mixins.json:MinecraftMixin from mod fabric-screen-api-v1->@Inject::onInit(Lorg/spongepowered/asm/mixin/injection/callback/CallbackInfo;)V has 0 override(s) in child classes
[10:41:22] [Render thread/DEBUG] (FabricLoader/Mixin) fabric-screen-api-v1.mixins.json:MinecraftMixin from mod fabric-screen-api-v1->@Inject::onInit(Lorg/spongepowered/asm/mixin/injection/callback/CallbackInfo;)V won't be passed a CallbackInfo as a result
[10:41:22] [Render thread/DEBUG] (FabricLoader/Mixin) fabric-screen-api-v1.mixins.json:MinecraftMixin from mod fabric-screen-api-v1->@Inject::onScreenRemoveBecauseStopping(Lorg/spongepowered/asm/mixin/injection/callback/CallbackInfo;)V doesn't use it's CallbackInfo
[10:41:22] [Render thread/DEBUG] (FabricLoader/Mixin) fabric-screen-api-v1.mixins.json:MinecraftMixin from mod fabric-screen-api-v1->@Inject::onScreenRemoveBecauseStopping(Lorg/spongepowered/asm/mixin/injection/callback/CallbackInfo;)V has 0 override(s) in child classes
[10:41:22] [Render thread/DEBUG] (FabricLoader/Mixin) fabric-screen-api-v1.mixins.json:MinecraftMixin from mod fabric-screen-api-v1->@Inject::onScreenRemoveBecauseStopping(Lorg/spongepowered/asm/mixin/injection/callback/CallbackInfo;)V won't be passed a CallbackInfo as a result
[10:41:22] [Render thread/DEBUG] (FabricLoader/Mixin) fabric-screen-api-v1.mixins.json:MinecraftMixin from mod fabric-screen-api-v1->@Inject::beforeLoadingScreenTick(Lorg/spongepowered/asm/mixin/injection/callback/CallbackInfo;)V doesn't use it's CallbackInfo
[10:41:22] [Render thread/DEBUG] (FabricLoader/Mixin) fabric-screen-api-v1.mixins.json:MinecraftMixin from mod fabric-screen-api-v1->@Inject::beforeLoadingScreenTick(Lorg/spongepowered/asm/mixin/injection/callback/CallbackInfo;)V has 0 override(s) in child classes
[10:41:22] [Render thread/DEBUG] (FabricLoader/Mixin) fabric-screen-api-v1.mixins.json:MinecraftMixin from mod fabric-screen-api-v1->@Inject::beforeLoadingScreenTick(Lorg/spongepowered/asm/mixin/injection/callback/CallbackInfo;)V won't be passed a CallbackInfo as a result
[10:41:22] [Render thread/DEBUG] (FabricLoader/Mixin) fabric-screen-api-v1.mixins.json:MinecraftMixin from mod fabric-screen-api-v1->@Inject::afterLoadingScreenTick(Lorg/spongepowered/asm/mixin/injection/callback/CallbackInfo;)V doesn't use it's CallbackInfo
[10:41:22] [Render thread/DEBUG] (FabricLoader/Mixin) fabric-screen-api-v1.mixins.json:MinecraftMixin from mod fabric-screen-api-v1->@Inject::afterLoadingScreenTick(Lorg/spongepowered/asm/mixin/injection/callback/CallbackInfo;)V has 0 override(s) in child classes
[10:41:22] [Render thread/DEBUG] (FabricLoader/Mixin) fabric-screen-api-v1.mixins.json:MinecraftMixin from mod fabric-screen-api-v1->@Inject::afterLoadingScreenTick(Lorg/spongepowered/asm/mixin/injection/callback/CallbackInfo;)V won't be passed a CallbackInfo as a result
[10:41:22] [Render thread/DEBUG] (FabricLoader/Mixin) architectury.mixins.json:client.MixinMinecraft from mod architectury->@Inject::handleLogin(Lnet/minecraft/client/gui/screens/Screen;ZZLorg/spongepowered/asm/mixin/injection/callback/CallbackInfo;)V doesn't use it's CallbackInfo
[10:41:22] [Render thread/DEBUG] (FabricLoader/Mixin) architectury.mixins.json:client.MixinMinecraft from mod architectury->@Inject::handleLogin(Lnet/minecraft/client/gui/screens/Screen;ZZLorg/spongepowered/asm/mixin/injection/callback/CallbackInfo;)V has 0 override(s) in child classes
[10:41:22] [Render thread/DEBUG] (FabricLoader/Mixin) architectury.mixins.json:client.MixinMinecraft from mod architectury->@Inject::handleLogin(Lnet/minecraft/client/gui/screens/Screen;ZZLorg/spongepowered/asm/mixin/injection/callback/CallbackInfo;)V won't be passed a CallbackInfo as a result
[10:41:22] [Render thread/DEBUG] (FabricLoader/Mixin) architectury.mixins.json:client.MixinMinecraft from mod architectury->@Inject::rightClickAir(Lorg/spongepowered/asm/mixin/injection/callback/CallbackInfo;[Lnet/minecraft/world/InteractionHand;IILnet/minecraft/world/InteractionHand;Lnet/minecraft/world/item/ItemStack;)V doesn't use it's CallbackInfo
[10:41:22] [Render thread/DEBUG] (FabricLoader/Mixin) architectury.mixins.json:client.MixinMinecraft from mod architectury->@Inject::rightClickAir(Lorg/spongepowered/asm/mixin/injection/callback/CallbackInfo;[Lnet/minecraft/world/InteractionHand;IILnet/minecraft/world/InteractionHand;Lnet/minecraft/world/item/ItemStack;)V has 0 override(s) in child classes
[10:41:22] [Render thread/DEBUG] (FabricLoader/Mixin) architectury.mixins.json:client.MixinMinecraft from mod architectury->@Inject::rightClickAir(Lorg/spongepowered/asm/mixin/injection/callback/CallbackInfo;[Lnet/minecraft/world/InteractionHand;IILnet/minecraft/world/InteractionHand;Lnet/minecraft/world/item/ItemStack;)V won't be passed a CallbackInfo as a result
[10:41:22] [Render thread/DEBUG] (FabricLoader/Mixin) architectury.mixins.json:client.MixinMinecraft from mod architectury->@Inject::leftClickAir(Lorg/spongepowered/asm/mixin/injection/callback/CallbackInfoReturnable;)V doesn't use it's CallbackInfoReturnable
[10:41:22] [Render thread/DEBUG] (FabricLoader/Mixin) architectury.mixins.json:client.MixinMinecraft from mod architectury->@Inject::leftClickAir(Lorg/spongepowered/asm/mixin/injection/callback/CallbackInfoReturnable;)V has 0 override(s) in child classes
[10:41:22] [Render thread/DEBUG] (FabricLoader/Mixin) architectury.mixins.json:client.MixinMinecraft from mod architectury->@Inject::leftClickAir(Lorg/spongepowered/asm/mixin/injection/callback/CallbackInfoReturnable;)V won't be passed a CallbackInfoReturnable as a result
[10:41:22] [Render thread/DEBUG] (FabricLoader/Mixin) fabric-registry-sync-v0.client.mixins.json:MinecraftMixin from mod fabric-registry-sync-v0->@Inject::disconnectAfter(Lnet/minecraft/client/gui/screens/Screen;ZZLorg/spongepowered/asm/mixin/injection/callback/CallbackInfo;)V doesn't use it's CallbackInfo
[10:41:22] [Render thread/DEBUG] (FabricLoader/Mixin) fabric-registry-sync-v0.client.mixins.json:MinecraftMixin from mod fabric-registry-sync-v0->@Inject::disconnectAfter(Lnet/minecraft/client/gui/screens/Screen;ZZLorg/spongepowered/asm/mixin/injection/callback/CallbackInfo;)V has 0 override(s) in child classes
[10:41:22] [Render thread/DEBUG] (FabricLoader/Mixin) fabric-registry-sync-v0.client.mixins.json:MinecraftMixin from mod fabric-registry-sync-v0->@Inject::disconnectAfter(Lnet/minecraft/client/gui/screens/Screen;ZZLorg/spongepowered/asm/mixin/injection/callback/CallbackInfo;)V won't be passed a CallbackInfo as a result
[10:41:22] [Render thread/DEBUG] (FabricLoader/Mixin) fabric-registry-sync-v0.client.mixins.json:MinecraftMixin from mod fabric-registry-sync-v0->@Inject::afterModInit(Lorg/spongepowered/asm/mixin/injection/callback/CallbackInfo;)V doesn't use it's CallbackInfo
[10:41:22] [Render thread/DEBUG] (FabricLoader/Mixin) fabric-registry-sync-v0.client.mixins.json:MinecraftMixin from mod fabric-registry-sync-v0->@Inject::afterModInit(Lorg/spongepowered/asm/mixin/injection/callback/CallbackInfo;)V has 0 override(s) in child classes
[10:41:22] [Render thread/DEBUG] (FabricLoader/Mixin) fabric-registry-sync-v0.client.mixins.json:MinecraftMixin from mod fabric-registry-sync-v0->@Inject::afterModInit(Lorg/spongepowered/asm/mixin/injection/callback/CallbackInfo;)V won't be passed a CallbackInfo as a result
[10:41:22] [Render thread/DEBUG] (FabricLoader/Mixin) Mixing AbstractRecipeBookScreenMixin from fabric-screen-api-v1.mixins.json into net.minecraft.client.gui.screens.inventory.AbstractRecipeBookScreen
[10:41:22] [Render thread/DEBUG] (FabricLoader/Mixin) fabric-screen-api-v1.mixins.json:AbstractRecipeBookScreenMixin from mod fabric-screen-api-v1->@Inject::extractRenderState(Lnet/minecraft/client/gui/GuiGraphicsExtractor;IIFLorg/spongepowered/asm/mixin/injection/callback/CallbackInfo;)V doesn't use it's CallbackInfo
[10:41:22] [Render thread/DEBUG] (FabricLoader/Mixin) fabric-screen-api-v1.mixins.json:AbstractRecipeBookScreenMixin from mod fabric-screen-api-v1->@Inject::extractRenderState(Lnet/minecraft/client/gui/GuiGraphicsExtractor;IIFLorg/spongepowered/asm/mixin/injection/callback/CallbackInfo;)V has 0 override(s) in child classes
[10:41:22] [Render thread/DEBUG] (FabricLoader/Mixin) fabric-screen-api-v1.mixins.json:AbstractRecipeBookScreenMixin from mod fabric-screen-api-v1->@Inject::extractRenderState(Lnet/minecraft/client/gui/GuiGraphicsExtractor;IIFLorg/spongepowered/asm/mixin/injection/callback/CallbackInfo;)V won't be passed a CallbackInfo as a result
[10:41:22] [Render thread/DEBUG] (FabricLoader/Mixin) Mixing AbstractContainerScreenMixin from fabric-screen-api-v1.mixins.json into net.minecraft.client.gui.screens.inventory.AbstractContainerScreen
[10:41:22] [Render thread/DEBUG] (FabricLoader/Mixin) Mixing client.MixinAbstractContainerScreen from architectury.mixins.json into net.minecraft.client.gui.screens.inventory.AbstractContainerScreen
[10:41:22] [Render thread/DEBUG] (FabricLoader/Mixin) fabric-screen-api-v1.mixins.json:AbstractContainerScreenMixin from mod fabric-screen-api-v1->@Inject::extractRenderState(Lnet/minecraft/client/gui/GuiGraphicsExtractor;IIFLorg/spongepowered/asm/mixin/injection/callback/CallbackInfo;)V doesn't use it's CallbackInfo
[10:41:22] [Render thread/DEBUG] (FabricLoader/Mixin) fabric-screen-api-v1.mixins.json:AbstractContainerScreenMixin from mod fabric-screen-api-v1->@Inject::extractRenderState(Lnet/minecraft/client/gui/GuiGraphicsExtractor;IIFLorg/spongepowered/asm/mixin/injection/callback/CallbackInfo;)V has 0 override(s) in child classes
[10:41:22] [Render thread/DEBUG] (FabricLoader/Mixin) fabric-screen-api-v1.mixins.json:AbstractContainerScreenMixin from mod fabric-screen-api-v1->@Inject::extractRenderState(Lnet/minecraft/client/gui/GuiGraphicsExtractor;IIFLorg/spongepowered/asm/mixin/injection/callback/CallbackInfo;)V won't be passed a CallbackInfo as a result
[10:41:22] [Render thread/DEBUG] (FabricLoader/Mixin) fabric-screen-api-v1.mixins.json:AbstractContainerScreenMixin from mod fabric-screen-api-v1->@Inject::callSuperMouseReleased(Lnet/minecraft/client/input/MouseButtonEvent;Lorg/spongepowered/asm/mixin/injection/callback/CallbackInfoReturnable;)V does use it's CallbackInfoReturnable
[10:41:22] [Render thread/DEBUG] (FabricLoader/Mixin) fabric-screen-api-v1.mixins.json:AbstractContainerScreenMixin from mod fabric-screen-api-v1->@Inject::callSuperMouseReleased(Lnet/minecraft/client/input/MouseButtonEvent;DDLorg/spongepowered/asm/mixin/injection/callback/CallbackInfoReturnable;)V does use it's CallbackInfoReturnable
[10:41:22] [Render thread/DEBUG] (FabricLoader/Mixin) architectury.mixins.json:client.MixinAbstractContainerScreen from mod architectury->@Inject::renderBackground(Lnet/minecraft/client/gui/GuiGraphicsExtractor;IIFLorg/spongepowered/asm/mixin/injection/callback/CallbackInfo;)V doesn't use it's CallbackInfo
[10:41:22] [Render thread/DEBUG] (FabricLoader/Mixin) architectury.mixins.json:client.MixinAbstractContainerScreen from mod architectury->@Inject::renderBackground(Lnet/minecraft/client/gui/GuiGraphicsExtractor;IIFLorg/spongepowered/asm/mixin/injection/callback/CallbackInfo;)V has 0 override(s) in child classes
[10:41:22] [Render thread/DEBUG] (FabricLoader/Mixin) architectury.mixins.json:client.MixinAbstractContainerScreen from mod architectury->@Inject::renderBackground(Lnet/minecraft/client/gui/GuiGraphicsExtractor;IIFLorg/spongepowered/asm/mixin/injection/callback/CallbackInfo;)V won't be passed a CallbackInfo as a result
[10:41:22] [Render thread/DEBUG] (FabricLoader/Mixin) architectury.mixins.json:client.MixinAbstractContainerScreen from mod architectury->@Inject::renderForeground(Lnet/minecraft/client/gui/GuiGraphicsExtractor;IIFLorg/spongepowered/asm/mixin/injection/callback/CallbackInfo;)V doesn't use it's CallbackInfo
[10:41:22] [Render thread/DEBUG] (FabricLoader/Mixin) architectury.mixins.json:client.MixinAbstractContainerScreen from mod architectury->@Inject::renderForeground(Lnet/minecraft/client/gui/GuiGraphicsExtractor;IIFLorg/spongepowered/asm/mixin/injection/callback/CallbackInfo;)V has 0 override(s) in child classes
[10:41:22] [Render thread/DEBUG] (FabricLoader/Mixin) architectury.mixins.json:client.MixinAbstractContainerScreen from mod architectury->@Inject::renderForeground(Lnet/minecraft/client/gui/GuiGraphicsExtractor;IIFLorg/spongepowered/asm/mixin/injection/callback/CallbackInfo;)V won't be passed a CallbackInfo as a result
[10:41:22] [Render thread/DEBUG] (FabricLoader/Mixin) Mixing KeyedClientResourceReloadListenerMixin from fabric-resource-loader-v1.client.mixins.json into net.minecraft.client.PeriodicNotificationManager
[10:41:22] [Render thread/DEBUG] (FabricLoader/Mixin) Mixing SimplePreparableReloadListenerMixin from fabric-advancement-api-v1.mixins.json into net.minecraft.server.packs.resources.SimplePreparableReloadListener
[10:41:22] [Render thread/DEBUG] (FabricLoader/Mixin) Renaming synthetic method lambda$discardAdvancementSourcesOnReloadFailure$0(Ljava/util/function/Function;Ljava/lang/Object;)Ljava/util/concurrent/CompletionStage; to mdf26aa6$fabric-advancement-api-v1$lambda$discardAdvancementSourcesOnReloadFailure$0$0 in fabric-advancement-api-v1.mixins.json:SimplePreparableReloadListenerMixin from mod fabric-advancement-api-v1
[10:41:22] [Render thread/DEBUG] (FabricLoader/Mixin) Renaming synthetic method lambda$discardAdvancementSourcesOnReloadFailure$1(Ljava/util/Map;Ljava/lang/Object;Ljava/lang/Throwable;)V to mdf26aa6$fabric-advancement-api-v1$lambda$discardAdvancementSourcesOnReloadFailure$1$1 in fabric-advancement-api-v1.mixins.json:SimplePreparableReloadListenerMixin from mod fabric-advancement-api-v1
[10:41:22] [Render thread/DEBUG] (FabricLoader/Mixin) Mixing BuiltInPackSourceMixin from fabric-resource-loader-v1.client.mixins.json into net.minecraft.server.packs.repository.BuiltInPackSource
[10:41:22] [Render thread/DEBUG] (FabricLoader/Mixin) fabric-resource-loader-v1.client.mixins.json:BuiltInPackSourceMixin from mod fabric-resource-loader-v1->@Inject::addBuiltinResourcePacks(Ljava/util/function/Consumer;Lorg/spongepowered/asm/mixin/injection/callback/CallbackInfo;)V doesn't use it's CallbackInfo
[10:41:22] [Render thread/DEBUG] (FabricLoader/Mixin) fabric-resource-loader-v1.client.mixins.json:BuiltInPackSourceMixin from mod fabric-resource-loader-v1->@Inject::addBuiltinResourcePacks(Ljava/util/function/Consumer;Lorg/spongepowered/asm/mixin/injection/callback/CallbackInfo;)V has 0 override(s) in child classes
[10:41:22] [Render thread/DEBUG] (FabricLoader/Mixin) fabric-resource-loader-v1.client.mixins.json:BuiltInPackSourceMixin from mod fabric-resource-loader-v1->@Inject::addBuiltinResourcePacks(Ljava/util/function/Consumer;Lorg/spongepowered/asm/mixin/injection/callback/CallbackInfo;)V won't be passed a CallbackInfo as a result
[10:41:22] [Render thread/DEBUG] (FabricLoader/Mixin) Mixing PackRepositoryMixin from fabric-resource-loader-v1.mixins.json into net.minecraft.server.packs.repository.PackRepository
[10:41:22] [Render thread/DEBUG] (FabricLoader/Mixin) Renaming synthetic method lambda$handleAutoDisable$0(Ljava/util/Set;Lnet/minecraft/server/packs/repository/Pack;)Z to mdf26aa6$fabric-resource-loader-v1$lambda$handleAutoDisable$0$0 in fabric-resource-loader-v1.mixins.json:PackRepositoryMixin from mod fabric-resource-loader-v1
[10:41:22] [Render thread/DEBUG] (FabricLoader/Mixin) fabric-resource-loader-v1.mixins.json:PackRepositoryMixin from mod fabric-resource-loader-v1->@Inject::construct([Lnet/minecraft/server/packs/repository/RepositorySource;Lorg/spongepowered/asm/mixin/injection/callback/CallbackInfo;)V doesn't use it's CallbackInfo
[10:41:22] [Render thread/DEBUG] (FabricLoader/Mixin) fabric-resource-loader-v1.mixins.json:PackRepositoryMixin from mod fabric-resource-loader-v1->@Inject::construct([Lnet/minecraft/server/packs/repository/RepositorySource;Lorg/spongepowered/asm/mixin/injection/callback/CallbackInfo;)V has 0 override(s) in child classes
[10:41:22] [Render thread/DEBUG] (FabricLoader/Mixin) fabric-resource-loader-v1.mixins.json:PackRepositoryMixin from mod fabric-resource-loader-v1->@Inject::construct([Lnet/minecraft/server/packs/repository/RepositorySource;Lorg/spongepowered/asm/mixin/injection/callback/CallbackInfo;)V won't be passed a CallbackInfo as a result
[10:41:22] [Render thread/DEBUG] (FabricLoader/Mixin) fabric-resource-loader-v1.mixins.json:PackRepositoryMixin from mod fabric-resource-loader-v1->@Inject::handleAutoEnableDisable(Ljava/util/Collection;Lorg/spongepowered/asm/mixin/injection/callback/CallbackInfoReturnable;)V doesn't use it's CallbackInfoReturnable
[10:41:22] [Render thread/DEBUG] (FabricLoader/Mixin) fabric-resource-loader-v1.mixins.json:PackRepositoryMixin from mod fabric-resource-loader-v1->@Inject::handleAutoEnableDisable(Ljava/util/Collection;Lorg/spongepowered/asm/mixin/injection/callback/CallbackInfoReturnable;)V has 0 override(s) in child classes
[10:41:22] [Render thread/DEBUG] (FabricLoader/Mixin) fabric-resource-loader-v1.mixins.json:PackRepositoryMixin from mod fabric-resource-loader-v1->@Inject::handleAutoEnableDisable(Ljava/util/Collection;Lorg/spongepowered/asm/mixin/injection/callback/CallbackInfoReturnable;)V won't be passed a CallbackInfoReturnable as a result
[10:41:22] [Render thread/DEBUG] (FabricLoader/Mixin) fabric-resource-loader-v1.mixins.json:PackRepositoryMixin from mod fabric-resource-loader-v1->@Inject::handleAutoEnable(Ljava/lang/String;Lorg/spongepowered/asm/mixin/injection/callback/CallbackInfoReturnable;)V doesn't use it's CallbackInfoReturnable
[10:41:22] [Render thread/DEBUG] (FabricLoader/Mixin) fabric-resource-loader-v1.mixins.json:PackRepositoryMixin from mod fabric-resource-loader-v1->@Inject::handleAutoEnable(Ljava/lang/String;Lorg/spongepowered/asm/mixin/injection/callback/CallbackInfoReturnable;)V has 0 override(s) in child classes
[10:41:22] [Render thread/DEBUG] (FabricLoader/Mixin) fabric-resource-loader-v1.mixins.json:PackRepositoryMixin from mod fabric-resource-loader-v1->@Inject::handleAutoEnable(Ljava/lang/String;Lorg/spongepowered/asm/mixin/injection/callback/CallbackInfoReturnable;)V won't be passed a CallbackInfoReturnable as a result
[10:41:22] [Render thread/DEBUG] (FabricLoader/Mixin) fabric-resource-loader-v1.mixins.json:PackRepositoryMixin from mod fabric-resource-loader-v1->@Inject::handleAutoDisable(Ljava/lang/String;Lorg/spongepowered/asm/mixin/injection/callback/CallbackInfoReturnable;)V doesn't use it's CallbackInfoReturnable
[10:41:22] [Render thread/DEBUG] (FabricLoader/Mixin) fabric-resource-loader-v1.mixins.json:PackRepositoryMixin from mod fabric-resource-loader-v1->@Inject::handleAutoDisable(Ljava/lang/String;Lorg/spongepowered/asm/mixin/injection/callback/CallbackInfoReturnable;)V has 0 override(s) in child classes
[10:41:22] [Render thread/DEBUG] (FabricLoader/Mixin) fabric-resource-loader-v1.mixins.json:PackRepositoryMixin from mod fabric-resource-loader-v1->@Inject::handleAutoDisable(Ljava/lang/String;Lorg/spongepowered/asm/mixin/injection/callback/CallbackInfoReturnable;)V won't be passed a CallbackInfoReturnable as a result
[10:41:22] [Render thread/INFO] (com.mojang.authlib.yggdrasil.YggdrasilAuthenticationService) Environment: Environment[sessionHost=https://sessionserver.mojang.com, servicesHost=https://api.minecraftservices.com, profilesHost=https://api.mojang.com, name=PROD]
[10:41:22] [Yggdrasil Key Fetcher/DEBUG] (com.mojang.authlib.minecraft.client.MinecraftClient) Connecting to https://api.minecraftservices.com/publickeys
[10:41:22] [Download-1/DEBUG] (com.mojang.authlib.minecraft.client.MinecraftClient) Connecting to https://sessionserver.mojang.com/session/minecraft/profile/5c0794de8b744207b66dd0e922534974?unsigned=false
[10:41:22] [Render thread/INFO] (net.minecraft.client.Minecraft) Setting user: star_catcher_
[10:41:22] [Download-2/DEBUG] (com.mojang.authlib.minecraft.client.MinecraftClient) Connecting to https://api.minecraftservices.com/player/attributes
[10:41:22] [Render thread/DEBUG] (FabricLoader/Entrypoint) Iterating over entrypoint 'main'
[10:41:22] [Render thread/DEBUG] (FabricLoader/Mixin) Mixing ServerConfigurationPacketListenerImplMixin from fabric-networking-api-v1.mixins.json into net.minecraft.server.network.ServerConfigurationPacketListenerImpl
[10:41:22] [Render thread/DEBUG] (FabricLoader/Mixin) Renaming synthetic method lambda$bindChannelInfo$0(Lnet/minecraft/network/RegistryFriendlyByteBuf;)Lnet/minecraft/network/RegistryFriendlyByteBuf; to mdf26aa6$fabric-networking-api-v1$lambda$bindChannelInfo$0$0 in fabric-networking-api-v1.mixins.json:ServerConfigurationPacketListenerImplMixin from mod fabric-networking-api-v1
[10:41:22] [Render thread/DEBUG] (FabricLoader/Mixin) Mixing ServerConfigurationPacketListenerImplMixin from fabric-resource-loader-v1.mixins.json into net.minecraft.server.network.ServerConfigurationPacketListenerImpl
[10:41:22] [Render thread/DEBUG] (FabricLoader/Mixin) fabric-networking-api-v1.mixins.json:ServerConfigurationPacketListenerImplMixin from mod fabric-networking-api-v1->@Inject::initAddon(Lorg/spongepowered/asm/mixin/injection/callback/CallbackInfo;)V doesn't use it's CallbackInfo
[10:41:22] [Render thread/DEBUG] (FabricLoader/Mixin) fabric-networking-api-v1.mixins.json:ServerConfigurationPacketListenerImplMixin from mod fabric-networking-api-v1->@Inject::initAddon(Lorg/spongepowered/asm/mixin/injection/callback/CallbackInfo;)V has 0 override(s) in child classes
[10:41:22] [Render thread/DEBUG] (FabricLoader/Mixin) fabric-networking-api-v1.mixins.json:ServerConfigurationPacketListenerImplMixin from mod fabric-networking-api-v1->@Inject::initAddon(Lorg/spongepowered/asm/mixin/injection/callback/CallbackInfo;)V won't be passed a CallbackInfo as a result
[10:41:22] [Render thread/DEBUG] (FabricLoader/Mixin) fabric-networking-api-v1.mixins.json:ServerConfigurationPacketListenerImplMixin from mod fabric-networking-api-v1->@Inject::onClientReady(Lorg/spongepowered/asm/mixin/injection/callback/CallbackInfo;)V does use it's CallbackInfo
[10:41:22] [Render thread/DEBUG] (FabricLoader/Mixin) Mixing ServerCommonPacketListenerImplMixin from fabric-networking-api-v1.mixins.json into net.minecraft.server.network.ServerCommonPacketListenerImpl
[10:41:22] [Render thread/DEBUG] (FabricLoader/Mixin) Mixing accessor.ServerCommonPacketListenerImplAccessor from fabric-networking-api-v1.mixins.json into net.minecraft.server.network.ServerCommonPacketListenerImpl
[10:41:22] [Render thread/DEBUG] (FabricLoader/Mixin) Mixing sync.ServerCommonPacketListenerImplAccessor from fabric-recipe-api-v1.mixins.json into net.minecraft.server.network.ServerCommonPacketListenerImpl
[10:41:22] [Render thread/DEBUG] (FabricLoader/Mixin) fabric-networking-api-v1.mixins.json:ServerCommonPacketListenerImplMixin from mod fabric-networking-api-v1->@Inject::handleCustomPayloadReceivedAsync(Lnet/minecraft/network/protocol/common/ServerboundCustomPayloadPacket;Lorg/spongepowered/asm/mixin/injection/callback/CallbackInfo;)V does use it's CallbackInfo
[10:41:22] [Render thread/DEBUG] (FabricLoader/Mixin) fabric-networking-api-v1.mixins.json:ServerCommonPacketListenerImplMixin from mod fabric-networking-api-v1->@Inject::onPlayPong(Lnet/minecraft/network/protocol/common/ServerboundPongPacket;Lorg/spongepowered/asm/mixin/injection/callback/CallbackInfo;)V doesn't use it's CallbackInfo
[10:41:22] [Render thread/DEBUG] (FabricLoader/Mixin) fabric-networking-api-v1.mixins.json:ServerCommonPacketListenerImplMixin from mod fabric-networking-api-v1->@Inject::onPlayPong(Lnet/minecraft/network/protocol/common/ServerboundPongPacket;Lorg/spongepowered/asm/mixin/injection/callback/CallbackInfo;)V has 0 override(s) in child classes
[10:41:22] [Render thread/DEBUG] (FabricLoader/Mixin) fabric-networking-api-v1.mixins.json:ServerCommonPacketListenerImplMixin from mod fabric-networking-api-v1->@Inject::onPlayPong(Lnet/minecraft/network/protocol/common/ServerboundPongPacket;Lorg/spongepowered/asm/mixin/injection/callback/CallbackInfo;)V won't be passed a CallbackInfo as a result
[10:41:22] [Render thread/DEBUG] (FabricLoader/Mixin) Unexpected: Registered method getConnection()Lnet/minecraft/network/Connection; in net.minecraft.server.network.ServerCommonPacketListenerImpl was not merged
[10:41:22] [Render thread/DEBUG] (FabricLoader/Mixin) Mixing MinecraftServerMixin from fabric-lifecycle-events-v1.mixins.json into net.minecraft.server.MinecraftServer
[10:41:22] [Render thread/DEBUG] (FabricLoader/Mixin) Renaming synthetic method lambda$endResourceReload$0(Ljava/lang/Void;Ljava/lang/Throwable;)Ljava/lang/Void; to mdf26aa6$fabric-lifecycle-events-v1$lambda$endResourceReload$0$0 in fabric-lifecycle-events-v1.mixins.json:MinecraftServerMixin from mod fabric-lifecycle-events-v1
[10:41:22] [Render thread/DEBUG] (FabricLoader/Mixin) Mixing MinecraftServerMixin from fabric-message-api-v1.mixins.json into net.minecraft.server.MinecraftServer
[10:41:22] [Render thread/DEBUG] (FabricLoader/Mixin) Renaming synthetic method lambda$onGetChatDecorator$0(Lnet/minecraft/server/level/ServerPlayer;Lnet/minecraft/network/chat/Component;)Lnet/minecraft/network/chat/Component; to mdf26aa6$fabric-message-api-v1$lambda$onGetChatDecorator$0$1 in fabric-message-api-v1.mixins.json:MinecraftServerMixin from mod fabric-message-api-v1
[10:41:22] [Render thread/DEBUG] (FabricLoader/Mixin) Mixing MinecraftServerMixin from fabric-game-rule-api-v1.mixins.json into net.minecraft.server.MinecraftServer
[10:41:22] [Render thread/DEBUG] (FabricLoader/Mixin) Mixing MinecraftServerMixin from fabric-resource-loader-v1.mixins.json into net.minecraft.server.MinecraftServer
[10:41:22] [Render thread/DEBUG] (FabricLoader/Mixin) Renaming synthetic method lambda$init$0(Lnet/minecraft/server/packs/PackResources;)Ljava/util/stream/Stream; to mdf26aa6$fabric-resource-loader-v1$lambda$init$0$2 in fabric-resource-loader-v1.mixins.json:MinecraftServerMixin from mod fabric-resource-loader-v1
[10:41:22] [Render thread/DEBUG] (FabricLoader/Mixin) Mixing modification.MinecraftServerMixin from fabric-biome-api-v1.mixins.json into net.minecraft.server.MinecraftServer
[10:41:22] [Render thread/DEBUG] (FabricLoader/Mixin) Mixing MinecraftServerMixin from fabric-data-attachment-api-v1.mixins.json into net.minecraft.server.MinecraftServer
[10:41:22] [Render thread/DEBUG] (FabricLoader/Mixin) Renaming synthetic method lambda$initGlobalAttachments$0()Lnet/fabricmc/fabric/impl/attachment/AttachmentSavedData; to mdf26aa6$fabric-data-attachment-api-v1$lambda$initGlobalAttachments$0$3 in fabric-data-attachment-api-v1.mixins.json:MinecraftServerMixin from mod fabric-data-attachment-api-v1
[10:41:22] [Render thread/DEBUG] (FabricLoader/Mixin) fabric-lifecycle-events-v1.mixins.json:MinecraftServerMixin from mod fabric-lifecycle-events-v1->@Inject::beforeSetupServer(Lorg/spongepowered/asm/mixin/injection/callback/CallbackInfo;)V doesn't use it's CallbackInfo
[10:41:22] [Render thread/DEBUG] (FabricLoader/Mixin) fabric-lifecycle-events-v1.mixins.json:MinecraftServerMixin from mod fabric-lifecycle-events-v1->@Inject::beforeSetupServer(Lorg/spongepowered/asm/mixin/injection/callback/CallbackInfo;)V has 0 override(s) in child classes
[10:41:22] [Render thread/DEBUG] (FabricLoader/Mixin) fabric-lifecycle-events-v1.mixins.json:MinecraftServerMixin from mod fabric-lifecycle-events-v1->@Inject::beforeSetupServer(Lorg/spongepowered/asm/mixin/injection/callback/CallbackInfo;)V won't be passed a CallbackInfo as a result
[10:41:22] [Render thread/DEBUG] (FabricLoader/Mixin) fabric-lifecycle-events-v1.mixins.json:MinecraftServerMixin from mod fabric-lifecycle-events-v1->@Inject::afterSetupServer(Lorg/spongepowered/asm/mixin/injection/callback/CallbackInfo;)V doesn't use it's CallbackInfo
[10:41:22] [Render thread/DEBUG] (FabricLoader/Mixin) fabric-lifecycle-events-v1.mixins.json:MinecraftServerMixin from mod fabric-lifecycle-events-v1->@Inject::afterSetupServer(Lorg/spongepowered/asm/mixin/injection/callback/CallbackInfo;)V has 0 override(s) in child classes
[10:41:22] [Render thread/DEBUG] (FabricLoader/Mixin) fabric-lifecycle-events-v1.mixins.json:MinecraftServerMixin from mod fabric-lifecycle-events-v1->@Inject::afterSetupServer(Lorg/spongepowered/asm/mixin/injection/callback/CallbackInfo;)V won't be passed a CallbackInfo as a result
[10:41:22] [Render thread/DEBUG] (FabricLoader/Mixin) fabric-lifecycle-events-v1.mixins.json:MinecraftServerMixin from mod fabric-lifecycle-events-v1->@Inject::beforeShutdownServer(Lorg/spongepowered/asm/mixin/injection/callback/CallbackInfo;)V doesn't use it's CallbackInfo
[10:41:22] [Render thread/DEBUG] (FabricLoader/Mixin) fabric-lifecycle-events-v1.mixins.json:MinecraftServerMixin from mod fabric-lifecycle-events-v1->@Inject::beforeShutdownServer(Lorg/spongepowered/asm/mixin/injection/callback/CallbackInfo;)V has 0 override(s) in child classes
[10:41:22] [Render thread/DEBUG] (FabricLoader/Mixin) fabric-lifecycle-events-v1.mixins.json:MinecraftServerMixin from mod fabric-lifecycle-events-v1->@Inject::beforeShutdownServer(Lorg/spongepowered/asm/mixin/injection/callback/CallbackInfo;)V won't be passed a CallbackInfo as a result
[10:41:22] [Render thread/DEBUG] (FabricLoader/Mixin) fabric-lifecycle-events-v1.mixins.json:MinecraftServerMixin from mod fabric-lifecycle-events-v1->@Inject::afterShutdownServer(Lorg/spongepowered/asm/mixin/injection/callback/CallbackInfo;)V doesn't use it's CallbackInfo
[10:41:22] [Render thread/DEBUG] (FabricLoader/Mixin) fabric-lifecycle-events-v1.mixins.json:MinecraftServerMixin from mod fabric-lifecycle-events-v1->@Inject::afterShutdownServer(Lorg/spongepowered/asm/mixin/injection/callback/CallbackInfo;)V has 0 override(s) in child classes
[10:41:22] [Render thread/DEBUG] (FabricLoader/Mixin) fabric-lifecycle-events-v1.mixins.json:MinecraftServerMixin from mod fabric-lifecycle-events-v1->@Inject::afterShutdownServer(Lorg/spongepowered/asm/mixin/injection/callback/CallbackInfo;)V won't be passed a CallbackInfo as a result
[10:41:22] [Render thread/DEBUG] (FabricLoader/Mixin) fabric-lifecycle-events-v1.mixins.json:MinecraftServerMixin from mod fabric-lifecycle-events-v1->@Inject::onStartTick(Ljava/util/function/BooleanSupplier;Lorg/spongepowered/asm/mixin/injection/callback/CallbackInfo;)V doesn't use it's CallbackInfo
[10:41:22] [Render thread/DEBUG] (FabricLoader/Mixin) fabric-lifecycle-events-v1.mixins.json:MinecraftServerMixin from mod fabric-lifecycle-events-v1->@Inject::onStartTick(Ljava/util/function/BooleanSupplier;Lorg/spongepowered/asm/mixin/injection/callback/CallbackInfo;)V has 0 override(s) in child classes
[10:41:22] [Render thread/DEBUG] (FabricLoader/Mixin) fabric-lifecycle-events-v1.mixins.json:MinecraftServerMixin from mod fabric-lifecycle-events-v1->@Inject::onStartTick(Ljava/util/function/BooleanSupplier;Lorg/spongepowered/asm/mixin/injection/callback/CallbackInfo;)V won't be passed a CallbackInfo as a result
[10:41:22] [Render thread/DEBUG] (FabricLoader/Mixin) fabric-lifecycle-events-v1.mixins.json:MinecraftServerMixin from mod fabric-lifecycle-events-v1->@Inject::onEndTick(Ljava/util/function/BooleanSupplier;Lorg/spongepowered/asm/mixin/injection/callback/CallbackInfo;)V doesn't use it's CallbackInfo
[10:41:22] [Render thread/DEBUG] (FabricLoader/Mixin) fabric-lifecycle-events-v1.mixins.json:MinecraftServerMixin from mod fabric-lifecycle-events-v1->@Inject::onEndTick(Ljava/util/function/BooleanSupplier;Lorg/spongepowered/asm/mixin/injection/callback/CallbackInfo;)V has 0 override(s) in child classes
[10:41:22] [Render thread/DEBUG] (FabricLoader/Mixin) fabric-lifecycle-events-v1.mixins.json:MinecraftServerMixin from mod fabric-lifecycle-events-v1->@Inject::onEndTick(Ljava/util/function/BooleanSupplier;Lorg/spongepowered/asm/mixin/injection/callback/CallbackInfo;)V won't be passed a CallbackInfo as a result
[10:41:22] [Render thread/DEBUG] (FabricLoader/Mixin) fabric-lifecycle-events-v1.mixins.json:MinecraftServerMixin from mod fabric-lifecycle-events-v1->@Inject::onUnloadWorldAtShutdown(Lorg/spongepowered/asm/mixin/injection/callback/CallbackInfo;)V doesn't use it's CallbackInfo
[10:41:22] [Render thread/DEBUG] (FabricLoader/Mixin) fabric-lifecycle-events-v1.mixins.json:MinecraftServerMixin from mod fabric-lifecycle-events-v1->@Inject::onUnloadWorldAtShutdown(Lorg/spongepowered/asm/mixin/injection/callback/CallbackInfo;)V has 0 override(s) in child classes
[10:41:22] [Render thread/DEBUG] (FabricLoader/Mixin) fabric-lifecycle-events-v1.mixins.json:MinecraftServerMixin from mod fabric-lifecycle-events-v1->@Inject::onUnloadWorldAtShutdown(Lorg/spongepowered/asm/mixin/injection/callback/CallbackInfo;)V won't be passed a CallbackInfo as a result
[10:41:22] [Render thread/DEBUG] (FabricLoader/Mixin) fabric-lifecycle-events-v1.mixins.json:MinecraftServerMixin from mod fabric-lifecycle-events-v1->@Inject::startResourceReload(Ljava/util/Collection;Lorg/spongepowered/asm/mixin/injection/callback/CallbackInfoReturnable;)V doesn't use it's CallbackInfoReturnable
[10:41:22] [Render thread/DEBUG] (FabricLoader/Mixin) fabric-lifecycle-events-v1.mixins.json:MinecraftServerMixin from mod fabric-lifecycle-events-v1->@Inject::startResourceReload(Ljava/util/Collection;Lorg/spongepowered/asm/mixin/injection/callback/CallbackInfoReturnable;)V has 0 override(s) in child classes
[10:41:22] [Render thread/DEBUG] (FabricLoader/Mixin) fabric-lifecycle-events-v1.mixins.json:MinecraftServerMixin from mod fabric-lifecycle-events-v1->@Inject::startResourceReload(Ljava/util/Collection;Lorg/spongepowered/asm/mixin/injection/callback/CallbackInfoReturnable;)V won't be passed a CallbackInfoReturnable as a result
[10:41:22] [Render thread/DEBUG] (FabricLoader/Mixin) fabric-lifecycle-events-v1.mixins.json:MinecraftServerMixin from mod fabric-lifecycle-events-v1->@Inject::endResourceReload(Ljava/util/Collection;Lorg/spongepowered/asm/mixin/injection/callback/CallbackInfoReturnable;)V does use it's CallbackInfoReturnable
[10:41:22] [Render thread/DEBUG] (FabricLoader/Mixin) fabric-lifecycle-events-v1.mixins.json:MinecraftServerMixin from mod fabric-lifecycle-events-v1->@Inject::startSave(ZZZLorg/spongepowered/asm/mixin/injection/callback/CallbackInfoReturnable;)V doesn't use it's CallbackInfoReturnable
[10:41:22] [Render thread/DEBUG] (FabricLoader/Mixin) fabric-lifecycle-events-v1.mixins.json:MinecraftServerMixin from mod fabric-lifecycle-events-v1->@Inject::startSave(ZZZLorg/spongepowered/asm/mixin/injection/callback/CallbackInfoReturnable;)V has 0 override(s) in child classes
[10:41:22] [Render thread/DEBUG] (FabricLoader/Mixin) fabric-lifecycle-events-v1.mixins.json:MinecraftServerMixin from mod fabric-lifecycle-events-v1->@Inject::startSave(ZZZLorg/spongepowered/asm/mixin/injection/callback/CallbackInfoReturnable;)V won't be passed a CallbackInfoReturnable as a result
[10:41:22] [Render thread/DEBUG] (FabricLoader/Mixin) fabric-lifecycle-events-v1.mixins.json:MinecraftServerMixin from mod fabric-lifecycle-events-v1->@Inject::endSave(ZZZLorg/spongepowered/asm/mixin/injection/callback/CallbackInfoReturnable;)V doesn't use it's CallbackInfoReturnable
[10:41:22] [Render thread/DEBUG] (FabricLoader/Mixin) fabric-lifecycle-events-v1.mixins.json:MinecraftServerMixin from mod fabric-lifecycle-events-v1->@Inject::endSave(ZZZLorg/spongepowered/asm/mixin/injection/callback/CallbackInfoReturnable;)V has 0 override(s) in child classes
[10:41:22] [Render thread/DEBUG] (FabricLoader/Mixin) fabric-lifecycle-events-v1.mixins.json:MinecraftServerMixin from mod fabric-lifecycle-events-v1->@Inject::endSave(ZZZLorg/spongepowered/asm/mixin/injection/callback/CallbackInfoReturnable;)V won't be passed a CallbackInfoReturnable as a result
[10:41:22] [Render thread/DEBUG] (FabricLoader/Mixin) fabric-message-api-v1.mixins.json:MinecraftServerMixin from mod fabric-message-api-v1->@Inject::onGetChatDecorator(Lorg/spongepowered/asm/mixin/injection/callback/CallbackInfoReturnable;)V does use it's CallbackInfoReturnable
[10:41:22] [Render thread/DEBUG] (FabricLoader/Mixin) fabric-game-rule-api-v1.mixins.json:MinecraftServerMixin from mod fabric-game-rule-api-v1->@Inject::handleGameRuleUpdate(Lnet/minecraft/world/level/gamerules/GameRule;Ljava/lang/Object;Lorg/spongepowered/asm/mixin/injection/callback/CallbackInfo;)V doesn't use it's CallbackInfo
[10:41:22] [Render thread/DEBUG] (FabricLoader/Mixin) fabric-game-rule-api-v1.mixins.json:MinecraftServerMixin from mod fabric-game-rule-api-v1->@Inject::handleGameRuleUpdate(Lnet/minecraft/world/level/gamerules/GameRule;Ljava/lang/Object;Lorg/spongepowered/asm/mixin/injection/callback/CallbackInfo;)V has 0 override(s) in child classes
[10:41:22] [Render thread/DEBUG] (FabricLoader/Mixin) fabric-game-rule-api-v1.mixins.json:MinecraftServerMixin from mod fabric-game-rule-api-v1->@Inject::handleGameRuleUpdate(Lnet/minecraft/world/level/gamerules/GameRule;Ljava/lang/Object;Lorg/spongepowered/asm/mixin/injection/callback/CallbackInfo;)V won't be passed a CallbackInfo as a result
[10:41:22] [Render thread/DEBUG] (FabricLoader/Mixin) fabric-resource-loader-v1.mixins.json:MinecraftServerMixin from mod fabric-resource-loader-v1->@Inject::init(Ljava/lang/Thread;Lnet/minecraft/world/level/storage/LevelStorageSource$LevelStorageAccess;Lnet/minecraft/server/packs/repository/PackRepository;Lnet/minecraft/server/WorldStem;Ljava/util/Optional;Ljava/net/Proxy;Lcom/mojang/datafixers/DataFixer;Lnet/minecraft/server/Services;Lnet/minecraft/server/level/progress/LevelLoadListener;ZLnet/minecraft/server/notifications/NotificationManager;Lorg/spongepowered/asm/mixin/injection/callback/CallbackInfo;)V doesn't use it's CallbackInfo
[10:41:22] [Render thread/DEBUG] (FabricLoader/Mixin) fabric-resource-loader-v1.mixins.json:MinecraftServerMixin from mod fabric-resource-loader-v1->@Inject::init(Ljava/lang/Thread;Lnet/minecraft/world/level/storage/LevelStorageSource$LevelStorageAccess;Lnet/minecraft/server/packs/repository/PackRepository;Lnet/minecraft/server/WorldStem;Ljava/util/Optional;Ljava/net/Proxy;Lcom/mojang/datafixers/DataFixer;Lnet/minecraft/server/Services;Lnet/minecraft/server/level/progress/LevelLoadListener;ZLnet/minecraft/server/notifications/NotificationManager;Lorg/spongepowered/asm/mixin/injection/callback/CallbackInfo;)V has 0 override(s) in child classes
[10:41:22] [Render thread/DEBUG] (FabricLoader/Mixin) fabric-resource-loader-v1.mixins.json:MinecraftServerMixin from mod fabric-resource-loader-v1->@Inject::init(Ljava/lang/Thread;Lnet/minecraft/world/level/storage/LevelStorageSource$LevelStorageAccess;Lnet/minecraft/server/packs/repository/PackRepository;Lnet/minecraft/server/WorldStem;Ljava/util/Optional;Ljava/net/Proxy;Lcom/mojang/datafixers/DataFixer;Lnet/minecraft/server/Services;Lnet/minecraft/server/level/progress/LevelLoadListener;ZLnet/minecraft/server/notifications/NotificationManager;Lorg/spongepowered/asm/mixin/injection/callback/CallbackInfo;)V won't be passed a CallbackInfo as a result
[10:41:22] [Render thread/DEBUG] (FabricLoader/Mixin) fabric-biome-api-v1.mixins.json:modification.MinecraftServerMixin from mod fabric-biome-api-v1->@Inject::finalizeWorldGen(Lorg/spongepowered/asm/mixin/injection/callback/CallbackInfo;)V doesn't use it's CallbackInfo
[10:41:22] [Render thread/DEBUG] (FabricLoader/Mixin) fabric-biome-api-v1.mixins.json:modification.MinecraftServerMixin from mod fabric-biome-api-v1->@Inject::finalizeWorldGen(Lorg/spongepowered/asm/mixin/injection/callback/CallbackInfo;)V has 0 override(s) in child classes
[10:41:22] [Render thread/DEBUG] (FabricLoader/Mixin) fabric-biome-api-v1.mixins.json:modification.MinecraftServerMixin from mod fabric-biome-api-v1->@Inject::finalizeWorldGen(Lorg/spongepowered/asm/mixin/injection/callback/CallbackInfo;)V won't be passed a CallbackInfo as a result
[10:41:22] [Render thread/DEBUG] (FabricLoader/Mixin) fabric-data-attachment-api-v1.mixins.json:MinecraftServerMixin from mod fabric-data-attachment-api-v1->@Inject::initGlobalAttachments(Lorg/spongepowered/asm/mixin/injection/callback/CallbackInfo;)V doesn't use it's CallbackInfo
[10:41:22] [Render thread/DEBUG] (FabricLoader/Mixin) fabric-data-attachment-api-v1.mixins.json:MinecraftServerMixin from mod fabric-data-attachment-api-v1->@Inject::initGlobalAttachments(Lorg/spongepowered/asm/mixin/injection/callback/CallbackInfo;)V has 0 override(s) in child classes
[10:41:22] [Render thread/DEBUG] (FabricLoader/Mixin) fabric-data-attachment-api-v1.mixins.json:MinecraftServerMixin from mod fabric-data-attachment-api-v1->@Inject::initGlobalAttachments(Lorg/spongepowered/asm/mixin/injection/callback/CallbackInfo;)V won't be passed a CallbackInfo as a result
[10:41:22] [Render thread/DEBUG] (FabricLoader/Mixin) Mixing client.MixinIntegratedServer from architectury.mixins.json into net.minecraft.client.server.IntegratedServer
[10:41:22] [Render thread/DEBUG] (FabricLoader/Mixin) architectury.mixins.json:client.MixinIntegratedServer from mod architectury->@Inject::initServer(Lorg/spongepowered/asm/mixin/injection/callback/CallbackInfoReturnable;)V does use it's CallbackInfoReturnable
[10:41:22] [Render thread/DEBUG] (FabricLoader/Mixin) Mixing client.MixinGuiGraphicsExtractor from architectury.mixins.json into net.minecraft.client.gui.GuiGraphicsExtractor
[10:41:22] [Render thread/DEBUG] (FabricLoader/Mixin) Mixing GuiGraphicsExtractorMixin from fabric-rendering-v1.mixins.json into net.minecraft.client.gui.GuiGraphicsExtractor
[10:41:22] [Render thread/DEBUG] (FabricLoader/Mixin) architectury.mixins.json:client.MixinGuiGraphicsExtractor from mod architectury->@Inject::preRenderTooltipItem(Lnet/minecraft/client/gui/Font;Lnet/minecraft/world/item/ItemStack;IILorg/spongepowered/asm/mixin/injection/callback/CallbackInfo;)V doesn't use it's CallbackInfo
[10:41:22] [Render thread/DEBUG] (FabricLoader/Mixin) architectury.mixins.json:client.MixinGuiGraphicsExtractor from mod architectury->@Inject::preRenderTooltipItem(Lnet/minecraft/client/gui/Font;Lnet/minecraft/world/item/ItemStack;IILorg/spongepowered/asm/mixin/injection/callback/CallbackInfo;)V has 0 override(s) in child classes
[10:41:22] [Render thread/DEBUG] (FabricLoader/Mixin) architectury.mixins.json:client.MixinGuiGraphicsExtractor from mod architectury->@Inject::preRenderTooltipItem(Lnet/minecraft/client/gui/Font;Lnet/minecraft/world/item/ItemStack;IILorg/spongepowered/asm/mixin/injection/callback/CallbackInfo;)V won't be passed a CallbackInfo as a result
[10:41:22] [Render thread/DEBUG] (FabricLoader/Mixin) architectury.mixins.json:client.MixinGuiGraphicsExtractor from mod architectury->@Inject::postRenderTooltipItem(Lnet/minecraft/client/gui/Font;Ljava/util/List;IILnet/minecraft/client/gui/screens/inventory/tooltip/ClientTooltipPositioner;Lnet/minecraft/resources/Identifier;Lorg/spongepowered/asm/mixin/injection/callback/CallbackInfo;)V doesn't use it's CallbackInfo
[10:41:22] [Render thread/DEBUG] (FabricLoader/Mixin) architectury.mixins.json:client.MixinGuiGraphicsExtractor from mod architectury->@Inject::postRenderTooltipItem(Lnet/minecraft/client/gui/Font;Ljava/util/List;IILnet/minecraft/client/gui/screens/inventory/tooltip/ClientTooltipPositioner;Lnet/minecraft/resources/Identifier;Lorg/spongepowered/asm/mixin/injection/callback/CallbackInfo;)V has 0 override(s) in child classes
[10:41:22] [Render thread/DEBUG] (FabricLoader/Mixin) architectury.mixins.json:client.MixinGuiGraphicsExtractor from mod architectury->@Inject::postRenderTooltipItem(Lnet/minecraft/client/gui/Font;Ljava/util/List;IILnet/minecraft/client/gui/screens/inventory/tooltip/ClientTooltipPositioner;Lnet/minecraft/resources/Identifier;Lorg/spongepowered/asm/mixin/injection/callback/CallbackInfo;)V won't be passed a CallbackInfo as a result
[10:41:22] [Render thread/DEBUG] (FabricLoader/Mixin) architectury.mixins.json:client.MixinGuiGraphicsExtractor from mod architectury->@Inject::renderTooltip(Lnet/minecraft/client/gui/Font;Ljava/util/List;IILnet/minecraft/client/gui/screens/inventory/tooltip/ClientTooltipPositioner;Lnet/minecraft/resources/Identifier;Lorg/spongepowered/asm/mixin/injection/callback/CallbackInfo;)V does use it's CallbackInfo
[10:41:22] [Render thread/DEBUG] (FabricLoader/Mixin) fabric-rendering-v1.mixins.json:GuiGraphicsExtractorMixin from mod fabric-rendering-v1->@Inject::drawStackOverlay(Lnet/minecraft/client/gui/Font;Lnet/minecraft/world/item/ItemStack;IILjava/lang/String;Lorg/spongepowered/asm/mixin/injection/callback/CallbackInfo;)V doesn't use it's CallbackInfo
[10:41:22] [Render thread/DEBUG] (FabricLoader/Mixin) fabric-rendering-v1.mixins.json:GuiGraphicsExtractorMixin from mod fabric-rendering-v1->@Inject::drawStackOverlay(Lnet/minecraft/client/gui/Font;Lnet/minecraft/world/item/ItemStack;IILjava/lang/String;Lorg/spongepowered/asm/mixin/injection/callback/CallbackInfo;)V has 0 override(s) in child classes
[10:41:22] [Render thread/DEBUG] (FabricLoader/Mixin) fabric-rendering-v1.mixins.json:GuiGraphicsExtractorMixin from mod fabric-rendering-v1->@Inject::drawStackOverlay(Lnet/minecraft/client/gui/Font;Lnet/minecraft/world/item/ItemStack;IILjava/lang/String;Lorg/spongepowered/asm/mixin/injection/callback/CallbackInfo;)V won't be passed a CallbackInfo as a result
[10:41:22] [Render thread/DEBUG] (FabricLoader/Mixin) fabric-rendering-v1.mixins.json:GuiGraphicsExtractorMixin from mod fabric-rendering-v1->@Inject::drawStackOverlay(Lnet/minecraft/client/gui/Font;Lnet/minecraft/world/item/ItemStack;IILjava/lang/String;Lorg/spongepowered/asm/mixin/injection/callback/CallbackInfo;)V doesn't use it's CallbackInfo
[10:41:22] [Render thread/DEBUG] (FabricLoader/Mixin) fabric-rendering-v1.mixins.json:GuiGraphicsExtractorMixin from mod fabric-rendering-v1->@Inject::drawStackOverlay(Lnet/minecraft/client/gui/Font;Lnet/minecraft/world/item/ItemStack;IILjava/lang/String;Lorg/spongepowered/asm/mixin/injection/callback/CallbackInfo;)V has 0 override(s) in child classes
[10:41:22] [Render thread/DEBUG] (FabricLoader/Mixin) fabric-rendering-v1.mixins.json:GuiGraphicsExtractorMixin from mod fabric-rendering-v1->@Inject::drawStackOverlay(Lnet/minecraft/client/gui/Font;Lnet/minecraft/world/item/ItemStack;IILjava/lang/String;Lorg/spongepowered/asm/mixin/injection/callback/CallbackInfo;)V won't be passed a CallbackInfo as a result
[10:41:22] [Render thread/DEBUG] (FabricLoader/Mixin) Mixing LootTableBuilderMixin from fabric-loot-api-v3.mixins.json into net.minecraft.world.level.storage.loot.LootTable$Builder
[10:41:22] [Render thread/DEBUG] (FabricLoader/Mixin) Mixing CommandSourceStackMixin from fabric-permission-api-v1.mixins.json into net.minecraft.commands.CommandSourceStack
[10:41:22] [Render thread/DEBUG] (FabricLoader/Mixin) fabric-permission-api-v1.mixins.json:CommandSourceStackMixin from mod fabric-permission-api-v1->@Inject::storeOriginalSource(Lnet/minecraft/commands/CommandSource;Lnet/minecraft/world/phys/Vec3;Lnet/minecraft/world/phys/Vec2;Lnet/minecraft/server/level/ServerLevel;Lnet/minecraft/server/permissions/PermissionSet;Ljava/lang/String;Lnet/minecraft/network/chat/Component;Lnet/minecraft/server/MinecraftServer;Lnet/minecraft/world/entity/Entity;Lorg/spongepowered/asm/mixin/injection/callback/CallbackInfo;)V doesn't use it's CallbackInfo
[10:41:22] [Render thread/DEBUG] (FabricLoader/Mixin) fabric-permission-api-v1.mixins.json:CommandSourceStackMixin from mod fabric-permission-api-v1->@Inject::storeOriginalSource(Lnet/minecraft/commands/CommandSource;Lnet/minecraft/world/phys/Vec3;Lnet/minecraft/world/phys/Vec2;Lnet/minecraft/server/level/ServerLevel;Lnet/minecraft/server/permissions/PermissionSet;Ljava/lang/String;Lnet/minecraft/network/chat/Component;Lnet/minecraft/server/MinecraftServer;Lnet/minecraft/world/entity/Entity;Lorg/spongepowered/asm/mixin/injection/callback/CallbackInfo;)V has 0 override(s) in child classes
[10:41:22] [Render thread/DEBUG] (FabricLoader/Mixin) fabric-permission-api-v1.mixins.json:CommandSourceStackMixin from mod fabric-permission-api-v1->@Inject::storeOriginalSource(Lnet/minecraft/commands/CommandSource;Lnet/minecraft/world/phys/Vec3;Lnet/minecraft/world/phys/Vec2;Lnet/minecraft/server/level/ServerLevel;Lnet/minecraft/server/permissions/PermissionSet;Ljava/lang/String;Lnet/minecraft/network/chat/Component;Lnet/minecraft/server/MinecraftServer;Lnet/minecraft/world/entity/Entity;Lorg/spongepowered/asm/mixin/injection/callback/CallbackInfo;)V won't be passed a CallbackInfo as a result
[10:41:22] [Render thread/DEBUG] (FabricLoader/Mixin) Mixing FileToIdConverterAccessor from fabric-resource-conditions-api-v1.mixins.json into net.minecraft.resources.FileToIdConverter
[10:41:22] [Render thread/DEBUG] (FabricLoader/Mixin) Mixing FileToIdConverterAccessor from fabric-loot-api-v3.mixins.json into net.minecraft.resources.FileToIdConverter
[10:41:22] [Render thread/DEBUG] (FabricLoader/Mixin) Mixing RegistryDataLoaderMixin from fabric-gametest-api-v1.mixins.json into net.minecraft.resources.RegistryDataLoader
[10:41:22] [Render thread/DEBUG] (FabricLoader/Mixin) Renaming synthetic method lambda$loadFromResources$0(Lnet/minecraft/resources/RegistryDataLoader$RegistryData;)Z to mdf26aa6$fabric-gametest-api-v1$lambda$loadFromResources$0$0 in fabric-gametest-api-v1.mixins.json:RegistryDataLoaderMixin from mod fabric-gametest-api-v1
[10:41:22] [Render thread/DEBUG] (FabricLoader/Mixin) Mixing RegistryDataLoaderMixin from fabric-registry-sync-v0.mixins.json into net.minecraft.resources.RegistryDataLoader
[10:41:22] [Render thread/DEBUG] (FabricLoader/Mixin) Renaming synthetic method lambda$thenApplyAsync$0(ZLjava/util/function/Function;Ljava/lang/Void;)Lnet/minecraft/core/RegistryAccess$Frozen; to mdf26aa6$fabric-registry-sync-v0$lambda$thenApplyAsync$0$1 in fabric-registry-sync-v0.mixins.json:RegistryDataLoaderMixin from mod fabric-registry-sync-v0
[10:41:22] [Render thread/DEBUG] (FabricLoader/Mixin) Renaming synthetic method lambda$thenApplyAsync$1(Ljava/util/function/Function;Ljava/lang/Void;)Lnet/minecraft/core/RegistryAccess$Frozen; to mdf26aa6$fabric-registry-sync-v0$lambda$thenApplyAsync$1$2 in fabric-registry-sync-v0.mixins.json:RegistryDataLoaderMixin from mod fabric-registry-sync-v0
[10:41:22] [Render thread/DEBUG] (FabricLoader/Mixin) Renaming synthetic method lambda$supplyAsync$0(ZLjava/util/function/Supplier;)Ljava/util/concurrent/CompletableFuture; to mdf26aa6$fabric-registry-sync-v0$lambda$supplyAsync$0$3 in fabric-registry-sync-v0.mixins.json:RegistryDataLoaderMixin from mod fabric-registry-sync-v0
[10:41:22] [Render thread/DEBUG] (FabricLoader/Mixin) Renaming synthetic method lambda$wrapIsServerCall$0(Lcom/llamalad7/mixinextras/injector/wrapoperation/Operation;Ljava/lang/Object;Ljava/util/List;Ljava/util/List;Ljava/util/concurrent/Executor;)Ljava/util/concurrent/CompletableFuture; to mdf26aa6$fabric-registry-sync-v0$lambda$wrapIsServerCall$0$4 in fabric-registry-sync-v0.mixins.json:RegistryDataLoaderMixin from mod fabric-registry-sync-v0
[10:41:22] [Render thread/DEBUG] (FabricLoader/Mixin) fabric-gametest-api-v1.mixins.json:RegistryDataLoaderMixin from mod fabric-gametest-api-v1->@Inject::loadFromResources(Lnet/minecraft/server/packs/resources/ResourceManager;Ljava/util/List;Ljava/util/List;Ljava/util/concurrent/Executor;Lorg/spongepowered/asm/mixin/injection/callback/CallbackInfoReturnable;)V doesn't use it's CallbackInfoReturnable
[10:41:22] [Render thread/DEBUG] (FabricLoader/Mixin) fabric-gametest-api-v1.mixins.json:RegistryDataLoaderMixin from mod fabric-gametest-api-v1->@Inject::beforeFreeze(Ljava/util/List;Ljava/util/Map;Ljava/lang/Void;Lorg/spongepowered/asm/mixin/injection/callback/CallbackInfoReturnable;)V doesn't use it's CallbackInfoReturnable
[10:41:22] [Render thread/DEBUG] (FabricLoader/Mixin) Mixing ServerEntityMixin from fabric-networking-api-v1.mixins.json into net.minecraft.server.level.ServerEntity
[10:41:22] [Render thread/DEBUG] (FabricLoader/Mixin) fabric-networking-api-v1.mixins.json:ServerEntityMixin from mod fabric-networking-api-v1->@Inject::onStartTracking(Lnet/minecraft/server/level/ServerPlayer;Lorg/spongepowered/asm/mixin/injection/callback/CallbackInfo;)V doesn't use it's CallbackInfo
[10:41:22] [Render thread/DEBUG] (FabricLoader/Mixin) fabric-networking-api-v1.mixins.json:ServerEntityMixin from mod fabric-networking-api-v1->@Inject::onStartTracking(Lnet/minecraft/server/level/ServerPlayer;Lorg/spongepowered/asm/mixin/injection/callback/CallbackInfo;)V has 0 override(s) in child classes
[10:41:22] [Render thread/DEBUG] (FabricLoader/Mixin) fabric-networking-api-v1.mixins.json:ServerEntityMixin from mod fabric-networking-api-v1->@Inject::onStartTracking(Lnet/minecraft/server/level/ServerPlayer;Lorg/spongepowered/asm/mixin/injection/callback/CallbackInfo;)V won't be passed a CallbackInfo as a result
[10:41:22] [Render thread/DEBUG] (FabricLoader/Mixin) fabric-networking-api-v1.mixins.json:ServerEntityMixin from mod fabric-networking-api-v1->@Inject::onStopTracking(Lnet/minecraft/server/level/ServerPlayer;Lorg/spongepowered/asm/mixin/injection/callback/CallbackInfo;)V doesn't use it's CallbackInfo
[10:41:22] [Render thread/DEBUG] (FabricLoader/Mixin) fabric-networking-api-v1.mixins.json:ServerEntityMixin from mod fabric-networking-api-v1->@Inject::onStopTracking(Lnet/minecraft/server/level/ServerPlayer;Lorg/spongepowered/asm/mixin/injection/callback/CallbackInfo;)V has 0 override(s) in child classes
[10:41:22] [Render thread/DEBUG] (FabricLoader/Mixin) fabric-networking-api-v1.mixins.json:ServerEntityMixin from mod fabric-networking-api-v1->@Inject::onStopTracking(Lnet/minecraft/server/level/ServerPlayer;Lorg/spongepowered/asm/mixin/injection/callback/CallbackInfo;)V won't be passed a CallbackInfo as a result
[10:41:22] [Render thread/INFO] (dev.architectury.networking.fabric.NetworkManagerImpl) Registering C2S receiver with id stargazer:request_star_catch
[10:41:22] [Render thread/INFO] (dev.architectury.networking.fabric.NetworkManagerImpl) Registering C2S receiver with id stargazer:request_dash
[10:41:22] [Render thread/INFO] (stargazer) Stargazer packets registered
[10:41:23] [Download-1/DEBUG] (com.mojang.authlib.yggdrasil.YggdrasilMinecraftSessionService) Successfully fetched profile properties for GameProfile[id=5c0794de-8b74-4207-b66d-d0e922534974, name=star_catcher_, properties={textures=[Property[name=textures, value=ewogICJ0aW1lc3RhbXAiIDogMTc5MDMyNTY4Mjk5NCwKICAicHJvZmlsZUlkIiA6ICI1YzA3OTRkZThiNzQ0MjA3YjY2ZGQwZTkyMjUzNDk3NCIsCiAgInByb2ZpbGVOYW1lIiA6ICJzdGFyX2NhdGNoZXJfIiwKICAic2lnbmF0dXJlUmVxdWlyZWQiIDogdHJ1ZSwKICAidGV4dHVyZXMiIDogewogICAgIlNLSU4iIDogewogICAgICAidXJsIiA6ICJodHRwOi8vdGV4dHVyZXMubWluZWNyYWZ0Lm5ldC90ZXh0dXJlLzY1MWYxYjIyMzg5YThhZTQ2MzA3ZmYxZjFmODVhMzZjOWYzZjRiMGRhNDA2MmZiNjE0NzAwNTNlNzlmMzI5OWMiLAogICAgICAibWV0YWRhdGEiIDogewogICAgICAgICJtb2RlbCIgOiAic2xpbSIKICAgICAgfQogICAgfSwKICAgICJDQVBFIiA6IHsKICAgICAgInVybCIgOiAiaHR0cDovL3RleHR1cmVzLm1pbmVjcmFmdC5uZXQvdGV4dHVyZS81YzI5NDEwMDU3ZTMyYWJlYzAyZDg3MGVjYjUyZWMyNWZiNDVlYTgxZTc4NWE3ODU0YWU4NDI5ZDcyMzZjYTI2IgogICAgfQogIH0KfQ==, signature=P4nZk8firU/q4SvmmBzRU6V2BSdIV14dmCUu8EGfIoJZHIir3Tf7A1WMR2TO8nsyeu5bZ2RvYE3lQbQnRnAEzlKJWwNBiCscNXWFZTRKSskQvv/yem73Aq5q0SBJ2+LxjruooZwu1o1KO0jtgnZw5kyfh0JuAMEErpWWwJ5q2wP7QnbYiDnv8+yzBwWOcdxLtSkPKY0wwWyeDI3WrbC3Zkm+b01wXoU33mW8Fw49mTyngDcVHzz3eXlgN2tQ6199k0m0aVVzEhSCUzAexo99w8uWvwrVQfgMkpAawaqjxQFDx5C0OgJCygVNCaclHwpDiYBUeRbG8yU+yItJidk6EchNNKn5bnpvJvnIJIVSk+chtxQKrGzsFDJSQh/pl5OmF/g+eA9+12+kxaIfIu4ltllv03XIZyf3uKh1TVmZo+FFFQtZXN7CAeApVeD4uk2QsKS7CVYTMk4TAATDWJklsSVT9aEft7pZ1Y+pvnYrOMoG1LX1DpH3dHqfFkVBkd6JncFcd5MdLKmukQgFERd9sT9l3eRL2VxA14Yu2yvvNAYVbs3+oFO6SSSrJqYgH35JaL7MH+r49x+st74wkSNRqD05oGk5p+gRfuNjAuCZFLJpRlVo0j0NzTme+2QSp6s9hSbsdc0Hnq8Yby+ImsLYTNSekKWf21sizl3QUqCi5P8=]]}]
[10:41:23] [Download-2/ERROR] (net.minecraft.client.Minecraft) Failed to fetch user properties
com.mojang.authlib.exceptions.InvalidCredentialsException: Status: 401
	at knot//com.mojang.authlib.exceptions.MinecraftClientHttpException.toAuthenticationException(MinecraftClientHttpException.java:70)
	at knot//com.mojang.authlib.yggdrasil.YggdrasilUserApiService.fetchProperties(YggdrasilUserApiService.java:173)
	at knot//net.minecraft.client.Minecraft.lambda$new$1(Minecraft.java:438)
	at java.base/java.util.concurrent.CompletableFuture$AsyncSupply.run(CompletableFuture.java:1789)
	at java.base/java.util.concurrent.ThreadPoolExecutor.runWorker(ThreadPoolExecutor.java:1090)
	at java.base/java.util.concurrent.ThreadPoolExecutor$Worker.run(ThreadPoolExecutor.java:614)
	at java.base/java.lang.Thread.run(Thread.java:1516)
Caused by: MinecraftClientHttpException[type=HTTP_ERROR, status=401, response=ErrorResponse[path=/player/attributes, error=null, errorMessage=null, details=null]]
	at knot//com.mojang.authlib.minecraft.client.MinecraftClient.buildHttpException(MinecraftClient.java:170)
	at knot//com.mojang.authlib.minecraft.client.MinecraftClient.readServiceResponse(MinecraftClient.java:147)
	at knot//com.mojang.authlib.minecraft.client.MinecraftClient.getWithEtag(MinecraftClient.java:81)
	at knot//com.mojang.authlib.minecraft.client.MinecraftClient.get(MinecraftClient.java:65)
	at knot//com.mojang.authlib.yggdrasil.YggdrasilUserApiService.fetchProperties(YggdrasilUserApiService.java:123)
	... 5 more
[10:41:23] [Render thread/DEBUG] (net.fabricmc.fabric.impl.object.builder.FabricEntityDataRegistryImpl) Reordering entity data serializers containing 43 entries
[10:41:23] [Render thread/DEBUG] (net.fabricmc.fabric.impl.object.builder.FabricEntityDataRegistryImpl) Finished reordering entity data serializer containing 44 entries
[10:41:23] [Render thread/INFO] (stargazer) Stargazer Creative Mode Tabs initialized
[10:41:23] [Render thread/DEBUG] (net.fabricmc.fabric.api.object.builder.v1.entity.FabricDefaultAttributeRegistry) Overriding existing registration for entity type minecraft:player
[10:41:23] [Render thread/DEBUG] (io.netty.util.internal.InternalThreadLocalMap) -Dio.netty.threadLocalMap.stringBuilder.initialSize: 1024
[10:41:23] [Render thread/DEBUG] (io.netty.util.internal.InternalThreadLocalMap) -Dio.netty.threadLocalMap.stringBuilder.maxSize: 4096
[10:41:23] [Render thread/DEBUG] (io.netty.util.internal.PlatformDependent0) Java version: 26
[10:41:23] [Render thread/DEBUG] (io.netty.util.internal.PlatformDependent0) -Dio.netty.noUnsafe: false
[10:41:23] [Render thread/DEBUG] (io.netty.util.internal.PlatformDependent0) sun.misc.Unsafe.theUnsafe: available
[10:41:23] [Render thread/DEBUG] (io.netty.util.internal.PlatformDependent0) sun.misc.Unsafe base methods: all available
[10:41:23] [Render thread/DEBUG] (io.netty.util.internal.PlatformDependent0) java.nio.Buffer.address: available
[10:41:23] [Render thread/DEBUG] (io.netty.util.internal.PlatformDependent0) direct buffer constructor: unavailable: Reflective setAccessible(true) disabled
[10:41:23] [Render thread/DEBUG] (io.netty.util.internal.PlatformDependent0) java.nio.Bits.unaligned: available, true
[10:41:23] [Render thread/DEBUG] (io.netty.util.internal.PlatformDependent0) jdk.internal.misc.Unsafe.allocateUninitializedArray(int): unavailable: symbolic reference class is not accessible: class jdk.internal.misc.Unsafe, from class io.netty.util.internal.PlatformDependent0 (unnamed module @3791f50e)
[10:41:23] [Render thread/DEBUG] (io.netty.util.internal.PlatformDependent0) java.nio.DirectByteBuffer.<init>(long, {int,long}): unavailable
[10:41:23] [Render thread/DEBUG] (io.netty.util.internal.PlatformDependent) sun.misc.Unsafe: available
[10:41:23] [Render thread/DEBUG] (io.netty.util.internal.PlatformDependent) -Dio.netty.tmpdir: /tmp (java.io.tmpdir)
[10:41:23] [Render thread/DEBUG] (io.netty.util.internal.PlatformDependent) -Dio.netty.bitMode: 64 (sun.arch.data.model)
[10:41:23] [Render thread/DEBUG] (io.netty.util.internal.PlatformDependent) -Dio.netty.maxDirectMemory: 4018143232 bytes
[10:41:23] [Render thread/DEBUG] (io.netty.util.internal.CleanerJava9) java.nio.ByteBuffer.cleaner(): available
[10:41:23] [Render thread/DEBUG] (io.netty.util.internal.PlatformDependent) -Dio.netty.noPreferDirect: false
[10:41:23] [Render thread/DEBUG] (io.netty.util.internal.PlatformDependent) -Dio.netty.ignoreExpensiveClean: false
[10:41:23] [Render thread/DEBUG] (io.netty.util.internal.PlatformDependent) -Dio.netty.jfr.enabled: true
[10:41:23] [Render thread/DEBUG] (io.netty.buffer.AdaptiveByteBufAllocator) -Dio.netty.allocator.useCachedMagazinesForNonEventLoopThreads: false
[10:41:23] [Render thread/DEBUG] (io.netty.util.Recycler) -Dio.netty.recycler.maxCapacityPerThread: 4096
[10:41:23] [Render thread/DEBUG] (io.netty.util.Recycler) -Dio.netty.recycler.ratio: 8
[10:41:23] [Render thread/DEBUG] (io.netty.util.Recycler) -Dio.netty.recycler.chunkSize: 32
[10:41:23] [Render thread/DEBUG] (io.netty.util.Recycler) -Dio.netty.recycler.blocking: false
[10:41:23] [Render thread/DEBUG] (io.netty.util.Recycler) -Dio.netty.recycler.batchFastThreadLocalOnly: true
[10:41:23] [Render thread/DEBUG] (io.netty.buffer.ByteBufUtil) -Dio.netty.allocator.type: adaptive
[10:41:23] [Render thread/DEBUG] (io.netty.buffer.ByteBufUtil) -Dio.netty.threadLocalDirectBufferSize: 0
[10:41:23] [Render thread/DEBUG] (io.netty.buffer.ByteBufUtil) -Dio.netty.maxThreadLocalCharBufferSize: 16384
[10:41:23] [Render thread/DEBUG] (FabricLoader/Mixin) Mixing VarIntAccessor from fabric-data-attachment-api-v1.mixins.json into net.minecraft.network.VarInt
[10:41:23] [Render thread/DEBUG] (FabricLoader/Mixin) Renaming @Accessor method getMaxByteSize()I to getMaxByteSize$fabric-data-attachment-api-v1_$md$f26aa6$0 in fabric-data-attachment-api-v1.mixins.json:VarIntAccessor from mod fabric-data-attachment-api-v1
[10:41:23] [Render thread/DEBUG] (FabricLoader/Mixin) Mixing ClientboundCustomPayloadPacketMixin from fabric-networking-api-v1.mixins.json into net.minecraft.network.protocol.common.ClientboundCustomPayloadPacket
[10:41:23] [Render thread/DEBUG] (FabricLoader/Mixin) Renaming synthetic method lambda$wrapConfigCodec$0(Lnet/minecraft/network/FriendlyByteBuf;Lnet/minecraft/resources/Identifier;)Lnet/minecraft/network/protocol/common/custom/CustomPacketPayload$TypeAndCodec; to mdf26aa6$fabric-networking-api-v1$lambda$wrapConfigCodec$0$0 in fabric-networking-api-v1.mixins.json:ClientboundCustomPayloadPacketMixin from mod fabric-networking-api-v1
[10:41:23] [Render thread/DEBUG] (FabricLoader/Mixin) Renaming synthetic method lambda$wrapPlayCodec$0(Lnet/minecraft/network/RegistryFriendlyByteBuf;Lnet/minecraft/resources/Identifier;)Lnet/minecraft/network/protocol/common/custom/CustomPacketPayload$TypeAndCodec; to mdf26aa6$fabric-networking-api-v1$lambda$wrapPlayCodec$0$1 in fabric-networking-api-v1.mixins.json:ClientboundCustomPayloadPacketMixin from mod fabric-networking-api-v1
[10:41:23] [Render thread/DEBUG] (FabricLoader/Mixin) Mixing ClientboundCustomPayloadPacketAccessor from fabric-data-attachment-api-v1.mixins.json into net.minecraft.network.protocol.common.ClientboundCustomPayloadPacket
[10:41:23] [Render thread/DEBUG] (FabricLoader/Mixin) Mixing CustomPayloadStreamCodecMixin from fabric-networking-api-v1.mixins.json into net.minecraft.network.protocol.common.custom.CustomPacketPayload$1
[10:41:23] [Render thread/DEBUG] (REI) [REI] Added filtering rule [roughlyenoughitems:search]: INSTANCE
[10:41:23] [Render thread/DEBUG] (REI) [REI] Added filtering rule [roughlyenoughitems:manual]: INSTANCE
[10:41:23] [Render thread/DEBUG] (REI) [REI] Added filtering rule [roughlyenoughitems:basic]: INSTANCE
[10:41:23] [Render thread/DEBUG] (FabricLoader/Mixin) Mixing MixinInputConstantsKey from rei.mixins.json into com.mojang.blaze3d.platform.InputConstants$Key
[10:41:23] [Render thread/DEBUG] (FabricLoader/Mixin) rei.mixins.json:MixinInputConstantsKey from mod roughlyenoughitems->@Inject::getDisplayName(Lorg/spongepowered/asm/mixin/injection/callback/CallbackInfoReturnable;)V does use it's CallbackInfoReturnable
[10:41:23] [Render thread/DEBUG] (FabricLoader/Mixin) Mixing MixinInputConstants from rei.mixins.json into com.mojang.blaze3d.platform.InputConstants
[10:41:23] [Render thread/DEBUG] (FabricLoader/Mixin) rei.mixins.json:MixinInputConstants from mod roughlyenoughitems->@Inject::isKeyDown(Lcom/mojang/blaze3d/platform/Window;ILorg/spongepowered/asm/mixin/injection/callback/CallbackInfoReturnable;)V does use it's CallbackInfoReturnable
[10:41:23] [Render thread/INFO] (REI) [REI] Config loaded
[10:41:23] [Render thread/DEBUG] (REI) [REI] Config saved
[10:41:23] [Render thread/DEBUG] (REI) [REI] Config saved
[10:41:23] [Render thread/DEBUG] (REI) [REI] Config saved
[10:41:23] [Render thread/DEBUG] (FabricLoader/Mixin) Mixing SoundInstanceMixin from fabric-sound-api-v1.mixins.json into net.minecraft.client.resources.sounds.SoundInstance
[10:41:23] [Render thread/DEBUG] (FabricLoader/Mixin) Mixing ClientTooltipComponentMixin from fabric-resource-loader-v1.client.mixins.json into net.minecraft.client.gui.screens.inventory.tooltip.ClientTooltipComponent
[10:41:23] [Render thread/DEBUG] (FabricLoader/Mixin) Mixing ClientTooltipComponentMixin from fabric-rendering-v1.mixins.json into net.minecraft.client.gui.screens.inventory.tooltip.ClientTooltipComponent
[10:41:23] [Render thread/DEBUG] (FabricLoader/Mixin) fabric-resource-loader-v1.client.mixins.json:ClientTooltipComponentMixin from mod fabric-resource-loader-v1->@Inject::onCreate(Lnet/minecraft/world/inventory/tooltip/TooltipComponent;Lorg/spongepowered/asm/mixin/injection/callback/CallbackInfoReturnable;)V does use it's CallbackInfoReturnable
[10:41:23] [Render thread/DEBUG] (FabricLoader/Mixin) fabric-rendering-v1.mixins.json:ClientTooltipComponentMixin from mod fabric-rendering-v1->@Inject::convertCustomTooltipComponent(Lnet/minecraft/world/inventory/tooltip/TooltipComponent;Lorg/spongepowered/asm/mixin/injection/callback/CallbackInfoReturnable;)V does use it's CallbackInfoReturnable
[10:41:23] [Render thread/INFO] (REI) [REI] Registered plugin provider StargazerREICommon [stargazer] for REICommonPlugin
[10:41:23] [Render thread/INFO] (dev.architectury.networking.client.fabric.ClientNetworkManagerImpl) Registering S2C receiver with id roughlyenoughitems:request_tags_s2c
[10:41:23] [Render thread/INFO] (dev.architectury.networking.fabric.NetworkManagerImpl) Registering C2S receiver with id roughlyenoughitems:request_tags_c2s
[10:41:23] [Render thread/INFO] (REI) [REI] Registered plugin provider DefaultPlugin [roughlyenoughitems] for REICommonPlugin
[10:41:23] [Render thread/INFO] (REI) [REI] Registered plugin provider DefaultRuntimePlugin [roughlyenoughitems] for REICommonPlugin
[10:41:23] [Render thread/DEBUG] (REI) [REI] Added filtering rule [roughlyenoughitems:hidden_from_recipe_viewers]: INSTANCE
[10:41:23] [Render thread/INFO] (REI) [REI] Registered plugin provider FabricFluidAPISupportPlugin for REICommonPlugin
[10:41:23] [Render thread/INFO] (dev.architectury.networking.fabric.NetworkManagerImpl) Registering C2S receiver with id roughlyenoughitems:delete_item
[10:41:23] [Render thread/INFO] (dev.architectury.networking.fabric.NetworkManagerImpl) Registering C2S receiver with id roughlyenoughitems:create_item
[10:41:23] [Render thread/INFO] (dev.architectury.networking.fabric.NetworkManagerImpl) Registering C2S receiver with id roughlyenoughitems:create_item_grab
[10:41:23] [Render thread/INFO] (dev.architectury.networking.fabric.NetworkManagerImpl) Registering C2S receiver with id roughlyenoughitems:create_item_hotbar
[10:41:23] [Render thread/INFO] (dev.architectury.networking.fabric.NetworkManagerImpl) Registering C2S receiver with id roughlyenoughitems:move_items_new
[10:41:23] [Render thread/DEBUG] (FabricLoader/Entrypoint) Iterating over entrypoint 'client'
[10:41:23] [Render thread/DEBUG] (FabricLoader/Mixin) Mixing ResourceMixin from fabric-resource-loader-v1.mixins.json into net.minecraft.server.packs.resources.Resource
[10:41:23] [Render thread/DEBUG] (FabricLoader/Mixin) Mixing ClientPacketListenerMixin from fabric-message-api-v1.client.mixins.json into net.minecraft.client.multiplayer.ClientPacketListener
[10:41:23] [Render thread/DEBUG] (FabricLoader/Mixin) Mixing ClientPacketListenerMixin from fabric-networking-api-v1.client.mixins.json into net.minecraft.client.multiplayer.ClientPacketListener
[10:41:23] [Render thread/DEBUG] (FabricLoader/Mixin) Mixing ClientPacketListenerMixin from fabric-lifecycle-events-v1.client.mixins.json into net.minecraft.client.multiplayer.ClientPacketListener
[10:41:23] [Render thread/DEBUG] (FabricLoader/Mixin) Mixing client.MixinClientPacketListener from architectury.mixins.json into net.minecraft.client.multiplayer.ClientPacketListener
[10:41:23] [Render thread/DEBUG] (FabricLoader/Mixin) Mixing ClientPacketListenerMixin from fabric-data-attachment-api-v1.client.mixins.json into net.minecraft.client.multiplayer.ClientPacketListener
[10:41:23] [Render thread/DEBUG] (FabricLoader/Mixin) Mixing sync.ClientPacketListenerMixin from fabric-recipe-api-v1.client.mixins.json into net.minecraft.client.multiplayer.ClientPacketListener
[10:41:23] [Render thread/DEBUG] (FabricLoader/Mixin) Mixing ClientPacketListenerAccessor from fabric-command-api-v2.client.mixins.json into net.minecraft.client.multiplayer.ClientPacketListener
[10:41:23] [Render thread/DEBUG] (FabricLoader/Mixin) Renaming @Invoker method invokeIsValidCommand(Lcom/mojang/brigadier/ParseResults;)Z to invokeIsValidCommand$fabric-command-api-v2_$md$f26aa6$0 in fabric-command-api-v2.client.mixins.json:ClientPacketListenerAccessor from mod fabric-command-api-v2
[10:41:23] [Render thread/DEBUG] (FabricLoader/Mixin) Mixing ClientPacketListenerMixin from fabric-command-api-v2.client.mixins.json into net.minecraft.client.multiplayer.ClientPacketListener
[10:41:23] [Render thread/DEBUG] (FabricLoader/Mixin) Mixing MixinClientPacketListener from rei.mixins.json into net.minecraft.client.multiplayer.ClientPacketListener
[10:41:23] [Render thread/DEBUG] (FabricLoader/Mixin) fabric-message-api-v1.client.mixins.json:ClientPacketListenerMixin from mod fabric-message-api-v1->@Inject::fabric_allowSendChatMessage(Ljava/lang/String;Lorg/spongepowered/asm/mixin/injection/callback/CallbackInfo;)V does use it's CallbackInfo
[10:41:23] [Render thread/DEBUG] (FabricLoader/Mixin) fabric-message-api-v1.client.mixins.json:ClientPacketListenerMixin from mod fabric-message-api-v1->@Inject::fabric_allowSendCommandMessage(Ljava/lang/String;Lorg/spongepowered/asm/mixin/injection/callback/CallbackInfo;)V does use it's CallbackInfo
[10:41:23] [Render thread/DEBUG] (FabricLoader/Mixin) fabric-networking-api-v1.client.mixins.json:ClientPacketListenerMixin from mod fabric-networking-api-v1->@Inject::initAddon(Lorg/spongepowered/asm/mixin/injection/callback/CallbackInfo;)V doesn't use it's CallbackInfo
[10:41:23] [Render thread/DEBUG] (FabricLoader/Mixin) fabric-networking-api-v1.client.mixins.json:ClientPacketListenerMixin from mod fabric-networking-api-v1->@Inject::initAddon(Lorg/spongepowered/asm/mixin/injection/callback/CallbackInfo;)V has 0 override(s) in child classes
[10:41:23] [Render thread/DEBUG] (FabricLoader/Mixin) fabric-networking-api-v1.client.mixins.json:ClientPacketListenerMixin from mod fabric-networking-api-v1->@Inject::initAddon(Lorg/spongepowered/asm/mixin/injection/callback/CallbackInfo;)V won't be passed a CallbackInfo as a result
[10:41:23] [Render thread/DEBUG] (FabricLoader/Mixin) fabric-networking-api-v1.client.mixins.json:ClientPacketListenerMixin from mod fabric-networking-api-v1->@Inject::handleServerPlayReady(Lnet/minecraft/network/protocol/game/ClientboundLoginPacket;Lorg/spongepowered/asm/mixin/injection/callback/CallbackInfo;)V doesn't use it's CallbackInfo
[10:41:23] [Render thread/DEBUG] (FabricLoader/Mixin) fabric-networking-api-v1.client.mixins.json:ClientPacketListenerMixin from mod fabric-networking-api-v1->@Inject::handleServerPlayReady(Lnet/minecraft/network/protocol/game/ClientboundLoginPacket;Lorg/spongepowered/asm/mixin/injection/callback/CallbackInfo;)V has 0 override(s) in child classes
[10:41:23] [Render thread/DEBUG] (FabricLoader/Mixin) fabric-networking-api-v1.client.mixins.json:ClientPacketListenerMixin from mod fabric-networking-api-v1->@Inject::handleServerPlayReady(Lnet/minecraft/network/protocol/game/ClientboundLoginPacket;Lorg/spongepowered/asm/mixin/injection/callback/CallbackInfo;)V won't be passed a CallbackInfo as a result
[10:41:23] [Render thread/DEBUG] (FabricLoader/Mixin) fabric-lifecycle-events-v1.client.mixins.json:ClientPacketListenerMixin from mod fabric-lifecycle-events-v1->@Inject::onPlayerRespawn(Lnet/minecraft/network/protocol/game/ClientboundRespawnPacket;Lorg/spongepowered/asm/mixin/injection/callback/CallbackInfo;)V doesn't use it's CallbackInfo
[10:41:23] [Render thread/DEBUG] (FabricLoader/Mixin) fabric-lifecycle-events-v1.client.mixins.json:ClientPacketListenerMixin from mod fabric-lifecycle-events-v1->@Inject::onPlayerRespawn(Lnet/minecraft/network/protocol/game/ClientboundRespawnPacket;Lorg/spongepowered/asm/mixin/injection/callback/CallbackInfo;)V has 0 override(s) in child classes
[10:41:23] [Render thread/DEBUG] (FabricLoader/Mixin) fabric-lifecycle-events-v1.client.mixins.json:ClientPacketListenerMixin from mod fabric-lifecycle-events-v1->@Inject::onPlayerRespawn(Lnet/minecraft/network/protocol/game/ClientboundRespawnPacket;Lorg/spongepowered/asm/mixin/injection/callback/CallbackInfo;)V won't be passed a CallbackInfo as a result
[10:41:23] [Render thread/DEBUG] (FabricLoader/Mixin) fabric-lifecycle-events-v1.client.mixins.json:ClientPacketListenerMixin from mod fabric-lifecycle-events-v1->@Inject::onGameJoin(Lnet/minecraft/network/protocol/game/ClientboundLoginPacket;Lorg/spongepowered/asm/mixin/injection/callback/CallbackInfo;)V doesn't use it's CallbackInfo
[10:41:23] [Render thread/DEBUG] (FabricLoader/Mixin) fabric-lifecycle-events-v1.client.mixins.json:ClientPacketListenerMixin from mod fabric-lifecycle-events-v1->@Inject::onGameJoin(Lnet/minecraft/network/protocol/game/ClientboundLoginPacket;Lorg/spongepowered/asm/mixin/injection/callback/CallbackInfo;)V has 0 override(s) in child classes
[10:41:23] [Render thread/DEBUG] (FabricLoader/Mixin) fabric-lifecycle-events-v1.client.mixins.json:ClientPacketListenerMixin from mod fabric-lifecycle-events-v1->@Inject::onGameJoin(Lnet/minecraft/network/protocol/game/ClientboundLoginPacket;Lorg/spongepowered/asm/mixin/injection/callback/CallbackInfo;)V won't be passed a CallbackInfo as a result
[10:41:23] [Render thread/DEBUG] (FabricLoader/Mixin) fabric-lifecycle-events-v1.client.mixins.json:ClientPacketListenerMixin from mod fabric-lifecycle-events-v1->@Inject::onClearLevel(Lorg/spongepowered/asm/mixin/injection/callback/CallbackInfo;)V doesn't use it's CallbackInfo
[10:41:23] [Render thread/DEBUG] (FabricLoader/Mixin) fabric-lifecycle-events-v1.client.mixins.json:ClientPacketListenerMixin from mod fabric-lifecycle-events-v1->@Inject::onClearLevel(Lorg/spongepowered/asm/mixin/injection/callback/CallbackInfo;)V has 0 override(s) in child classes
[10:41:23] [Render thread/DEBUG] (FabricLoader/Mixin) fabric-lifecycle-events-v1.client.mixins.json:ClientPacketListenerMixin from mod fabric-lifecycle-events-v1->@Inject::onClearLevel(Lorg/spongepowered/asm/mixin/injection/callback/CallbackInfo;)V won't be passed a CallbackInfo as a result
[10:41:23] [Render thread/DEBUG] (FabricLoader/Mixin) fabric-lifecycle-events-v1.client.mixins.json:ClientPacketListenerMixin from mod fabric-lifecycle-events-v1->@Inject::invokeTagsLoaded(Lnet/minecraft/network/protocol/common/ClientboundUpdateTagsPacket;Lorg/spongepowered/asm/mixin/injection/callback/CallbackInfo;)V doesn't use it's CallbackInfo
[10:41:23] [Render thread/DEBUG] (FabricLoader/Mixin) fabric-lifecycle-events-v1.client.mixins.json:ClientPacketListenerMixin from mod fabric-lifecycle-events-v1->@Inject::invokeTagsLoaded(Lnet/minecraft/network/protocol/common/ClientboundUpdateTagsPacket;Lorg/spongepowered/asm/mixin/injection/callback/CallbackInfo;)V has 0 override(s) in child classes
[10:41:23] [Render thread/DEBUG] (FabricLoader/Mixin) fabric-lifecycle-events-v1.client.mixins.json:ClientPacketListenerMixin from mod fabric-lifecycle-events-v1->@Inject::invokeTagsLoaded(Lnet/minecraft/network/protocol/common/ClientboundUpdateTagsPacket;Lorg/spongepowered/asm/mixin/injection/callback/CallbackInfo;)V won't be passed a CallbackInfo as a result
[10:41:23] [Render thread/DEBUG] (FabricLoader/Mixin) architectury.mixins.json:client.MixinClientPacketListener from mod architectury->@Inject::handleLogin(Lnet/minecraft/network/protocol/game/ClientboundLoginPacket;Lorg/spongepowered/asm/mixin/injection/callback/CallbackInfo;)V doesn't use it's CallbackInfo
[10:41:23] [Render thread/DEBUG] (FabricLoader/Mixin) architectury.mixins.json:client.MixinClientPacketListener from mod architectury->@Inject::handleLogin(Lnet/minecraft/network/protocol/game/ClientboundLoginPacket;Lorg/spongepowered/asm/mixin/injection/callback/CallbackInfo;)V has 0 override(s) in child classes
[10:41:23] [Render thread/DEBUG] (FabricLoader/Mixin) architectury.mixins.json:client.MixinClientPacketListener from mod architectury->@Inject::handleLogin(Lnet/minecraft/network/protocol/game/ClientboundLoginPacket;Lorg/spongepowered/asm/mixin/injection/callback/CallbackInfo;)V won't be passed a CallbackInfo as a result
[10:41:23] [Render thread/DEBUG] (FabricLoader/Mixin) architectury.mixins.json:client.MixinClientPacketListener from mod architectury->@Inject::handleRespawnPre(Lnet/minecraft/network/protocol/game/ClientboundRespawnPacket;Lorg/spongepowered/asm/mixin/injection/callback/CallbackInfo;)V doesn't use it's CallbackInfo
[10:41:23] [Render thread/DEBUG] (FabricLoader/Mixin) architectury.mixins.json:client.MixinClientPacketListener from mod architectury->@Inject::handleRespawnPre(Lnet/minecraft/network/protocol/game/ClientboundRespawnPacket;Lorg/spongepowered/asm/mixin/injection/callback/CallbackInfo;)V has 0 override(s) in child classes
[10:41:23] [Render thread/DEBUG] (FabricLoader/Mixin) architectury.mixins.json:client.MixinClientPacketListener from mod architectury->@Inject::handleRespawnPre(Lnet/minecraft/network/protocol/game/ClientboundRespawnPacket;Lorg/spongepowered/asm/mixin/injection/callback/CallbackInfo;)V won't be passed a CallbackInfo as a result
[10:41:23] [Render thread/DEBUG] (FabricLoader/Mixin) architectury.mixins.json:client.MixinClientPacketListener from mod architectury->@Inject::handleRespawn(Lnet/minecraft/network/protocol/game/ClientboundRespawnPacket;Lorg/spongepowered/asm/mixin/injection/callback/CallbackInfo;)V doesn't use it's CallbackInfo
[10:41:23] [Render thread/DEBUG] (FabricLoader/Mixin) architectury.mixins.json:client.MixinClientPacketListener from mod architectury->@Inject::handleRespawn(Lnet/minecraft/network/protocol/game/ClientboundRespawnPacket;Lorg/spongepowered/asm/mixin/injection/callback/CallbackInfo;)V has 0 override(s) in child classes
[10:41:23] [Render thread/DEBUG] (FabricLoader/Mixin) architectury.mixins.json:client.MixinClientPacketListener from mod architectury->@Inject::handleRespawn(Lnet/minecraft/network/protocol/game/ClientboundRespawnPacket;Lorg/spongepowered/asm/mixin/injection/callback/CallbackInfo;)V won't be passed a CallbackInfo as a result
[10:41:23] [Render thread/DEBUG] (FabricLoader/Mixin) architectury.mixins.json:client.MixinClientPacketListener from mod architectury->@Inject::handleUpdateRecipes(Lnet/minecraft/network/protocol/game/ClientboundUpdateRecipesPacket;Lorg/spongepowered/asm/mixin/injection/callback/CallbackInfo;)V doesn't use it's CallbackInfo
[10:41:23] [Render thread/DEBUG] (FabricLoader/Mixin) architectury.mixins.json:client.MixinClientPacketListener from mod architectury->@Inject::handleUpdateRecipes(Lnet/minecraft/network/protocol/game/ClientboundUpdateRecipesPacket;Lorg/spongepowered/asm/mixin/injection/callback/CallbackInfo;)V has 0 override(s) in child classes
[10:41:23] [Render thread/DEBUG] (FabricLoader/Mixin) architectury.mixins.json:client.MixinClientPacketListener from mod architectury->@Inject::handleUpdateRecipes(Lnet/minecraft/network/protocol/game/ClientboundUpdateRecipesPacket;Lorg/spongepowered/asm/mixin/injection/callback/CallbackInfo;)V won't be passed a CallbackInfo as a result
[10:41:23] [Render thread/DEBUG] (FabricLoader/Mixin) architectury.mixins.json:client.MixinClientPacketListener from mod architectury->@Inject::handleRecipeBookAdd(Lnet/minecraft/network/protocol/game/ClientboundRecipeBookAddPacket;Lorg/spongepowered/asm/mixin/injection/callback/CallbackInfo;)V doesn't use it's CallbackInfo
[10:41:23] [Render thread/DEBUG] (FabricLoader/Mixin) architectury.mixins.json:client.MixinClientPacketListener from mod architectury->@Inject::handleRecipeBookAdd(Lnet/minecraft/network/protocol/game/ClientboundRecipeBookAddPacket;Lorg/spongepowered/asm/mixin/injection/callback/CallbackInfo;)V has 0 override(s) in child classes
[10:41:23] [Render thread/DEBUG] (FabricLoader/Mixin) architectury.mixins.json:client.MixinClientPacketListener from mod architectury->@Inject::handleRecipeBookAdd(Lnet/minecraft/network/protocol/game/ClientboundRecipeBookAddPacket;Lorg/spongepowered/asm/mixin/injection/callback/CallbackInfo;)V won't be passed a CallbackInfo as a result
[10:41:23] [Render thread/DEBUG] (FabricLoader/Mixin) architectury.mixins.json:client.MixinClientPacketListener from mod architectury->@Inject::handleRecipeBookRemove(Lnet/minecraft/network/protocol/game/ClientboundRecipeBookRemovePacket;Lorg/spongepowered/asm/mixin/injection/callback/CallbackInfo;)V doesn't use it's CallbackInfo
[10:41:23] [Render thread/DEBUG] (FabricLoader/Mixin) architectury.mixins.json:client.MixinClientPacketListener from mod architectury->@Inject::handleRecipeBookRemove(Lnet/minecraft/network/protocol/game/ClientboundRecipeBookRemovePacket;Lorg/spongepowered/asm/mixin/injection/callback/CallbackInfo;)V has 0 override(s) in child classes
[10:41:23] [Render thread/DEBUG] (FabricLoader/Mixin) architectury.mixins.json:client.MixinClientPacketListener from mod architectury->@Inject::handleRecipeBookRemove(Lnet/minecraft/network/protocol/game/ClientboundRecipeBookRemovePacket;Lorg/spongepowered/asm/mixin/injection/callback/CallbackInfo;)V won't be passed a CallbackInfo as a result
[10:41:23] [Render thread/DEBUG] (FabricLoader/Mixin) architectury.mixins.json:client.MixinClientPacketListener from mod architectury->@Inject::chat(Ljava/lang/String;Lorg/spongepowered/asm/mixin/injection/callback/CallbackInfo;)V does use it's CallbackInfo
[10:41:23] [Render thread/DEBUG] (FabricLoader/Mixin) fabric-data-attachment-api-v1.client.mixins.json:ClientPacketListenerMixin from mod fabric-data-attachment-api-v1->@Inject::initGlobalAttachments(Lorg/spongepowered/asm/mixin/injection/callback/CallbackInfo;)V doesn't use it's CallbackInfo
[10:41:23] [Render thread/DEBUG] (FabricLoader/Mixin) fabric-data-attachment-api-v1.client.mixins.json:ClientPacketListenerMixin from mod fabric-data-attachment-api-v1->@Inject::initGlobalAttachments(Lorg/spongepowered/asm/mixin/injection/callback/CallbackInfo;)V has 0 override(s) in child classes
[10:41:23] [Render thread/DEBUG] (FabricLoader/Mixin) fabric-data-attachment-api-v1.client.mixins.json:ClientPacketListenerMixin from mod fabric-data-attachment-api-v1->@Inject::initGlobalAttachments(Lorg/spongepowered/asm/mixin/injection/callback/CallbackInfo;)V won't be passed a CallbackInfo as a result
[10:41:23] [Render thread/DEBUG] (FabricLoader/Mixin) fabric-command-api-v2.client.mixins.json:ClientPacketListenerMixin from mod fabric-command-api-v2->@Inject::init(Lnet/minecraft/client/Minecraft;Lnet/minecraft/network/Connection;Lnet/minecraft/client/multiplayer/CommonListenerCookie;Lorg/spongepowered/asm/mixin/injection/callback/CallbackInfo;)V doesn't use it's CallbackInfo
[10:41:23] [Render thread/DEBUG] (FabricLoader/Mixin) fabric-command-api-v2.client.mixins.json:ClientPacketListenerMixin from mod fabric-command-api-v2->@Inject::init(Lnet/minecraft/client/Minecraft;Lnet/minecraft/network/Connection;Lnet/minecraft/client/multiplayer/CommonListenerCookie;Lorg/spongepowered/asm/mixin/injection/callback/CallbackInfo;)V has 0 override(s) in child classes
[10:41:23] [Render thread/DEBUG] (FabricLoader/Mixin) fabric-command-api-v2.client.mixins.json:ClientPacketListenerMixin from mod fabric-command-api-v2->@Inject::init(Lnet/minecraft/client/Minecraft;Lnet/minecraft/network/Connection;Lnet/minecraft/client/multiplayer/CommonListenerCookie;Lorg/spongepowered/asm/mixin/injection/callback/CallbackInfo;)V won't be passed a CallbackInfo as a result
[10:41:23] [Render thread/DEBUG] (FabricLoader/Mixin) fabric-command-api-v2.client.mixins.json:ClientPacketListenerMixin from mod fabric-command-api-v2->@Inject::onGameJoin(Lnet/minecraft/network/protocol/game/ClientboundLoginPacket;Lorg/spongepowered/asm/mixin/injection/callback/CallbackInfo;)V doesn't use it's CallbackInfo
[10:41:23] [Render thread/DEBUG] (FabricLoader/Mixin) fabric-command-api-v2.client.mixins.json:ClientPacketListenerMixin from mod fabric-command-api-v2->@Inject::onGameJoin(Lnet/minecraft/network/protocol/game/ClientboundLoginPacket;Lorg/spongepowered/asm/mixin/injection/callback/CallbackInfo;)V has 0 override(s) in child classes
[10:41:23] [Render thread/DEBUG] (FabricLoader/Mixin) fabric-command-api-v2.client.mixins.json:ClientPacketListenerMixin from mod fabric-command-api-v2->@Inject::onGameJoin(Lnet/minecraft/network/protocol/game/ClientboundLoginPacket;Lorg/spongepowered/asm/mixin/injection/callback/CallbackInfo;)V won't be passed a CallbackInfo as a result
[10:41:23] [Render thread/DEBUG] (FabricLoader/Mixin) fabric-command-api-v2.client.mixins.json:ClientPacketListenerMixin from mod fabric-command-api-v2->@Inject::onOnCommandTree(Lnet/minecraft/network/protocol/game/ClientboundCommandsPacket;Lorg/spongepowered/asm/mixin/injection/callback/CallbackInfo;)V doesn't use it's CallbackInfo
[10:41:23] [Render thread/DEBUG] (FabricLoader/Mixin) fabric-command-api-v2.client.mixins.json:ClientPacketListenerMixin from mod fabric-command-api-v2->@Inject::onOnCommandTree(Lnet/minecraft/network/protocol/game/ClientboundCommandsPacket;Lorg/spongepowered/asm/mixin/injection/callback/CallbackInfo;)V has 0 override(s) in child classes
[10:41:23] [Render thread/DEBUG] (FabricLoader/Mixin) fabric-command-api-v2.client.mixins.json:ClientPacketListenerMixin from mod fabric-command-api-v2->@Inject::onOnCommandTree(Lnet/minecraft/network/protocol/game/ClientboundCommandsPacket;Lorg/spongepowered/asm/mixin/injection/callback/CallbackInfo;)V won't be passed a CallbackInfo as a result
[10:41:23] [Render thread/DEBUG] (FabricLoader/Mixin) fabric-command-api-v2.client.mixins.json:ClientPacketListenerMixin from mod fabric-command-api-v2->@Inject::setLastReceivedCommandsPacket(Lnet/minecraft/network/protocol/game/ClientboundCommandsPacket;Lorg/spongepowered/asm/mixin/injection/callback/CallbackInfo;)V doesn't use it's CallbackInfo
[10:41:23] [Render thread/DEBUG] (FabricLoader/Mixin) fabric-command-api-v2.client.mixins.json:ClientPacketListenerMixin from mod fabric-command-api-v2->@Inject::setLastReceivedCommandsPacket(Lnet/minecraft/network/protocol/game/ClientboundCommandsPacket;Lorg/spongepowered/asm/mixin/injection/callback/CallbackInfo;)V has 0 override(s) in child classes
[10:41:23] [Render thread/DEBUG] (FabricLoader/Mixin) fabric-command-api-v2.client.mixins.json:ClientPacketListenerMixin from mod fabric-command-api-v2->@Inject::setLastReceivedCommandsPacket(Lnet/minecraft/network/protocol/game/ClientboundCommandsPacket;Lorg/spongepowered/asm/mixin/injection/callback/CallbackInfo;)V won't be passed a CallbackInfo as a result
[10:41:23] [Render thread/DEBUG] (FabricLoader/Mixin) fabric-command-api-v2.client.mixins.json:ClientPacketListenerMixin from mod fabric-command-api-v2->@Inject::onSendCommand(Ljava/lang/String;Lnet/minecraft/client/gui/screens/Screen;Lorg/spongepowered/asm/mixin/injection/callback/CallbackInfo;)V does use it's CallbackInfo
[10:41:23] [Render thread/DEBUG] (FabricLoader/Mixin) fabric-command-api-v2.client.mixins.json:ClientPacketListenerMixin from mod fabric-command-api-v2->@Inject::onSendCommand(Ljava/lang/String;Lorg/spongepowered/asm/mixin/injection/callback/CallbackInfo;)V does use it's CallbackInfo
[10:41:23] [Render thread/DEBUG] (FabricLoader/Mixin) rei.mixins.json:MixinClientPacketListener from mod roughlyenoughitems->@Inject::handleUpdateRecipes(Lnet/minecraft/network/protocol/game/ClientboundUpdateRecipesPacket;Lorg/spongepowered/asm/mixin/injection/callback/CallbackInfo;)V doesn't use it's CallbackInfo
[10:41:23] [Render thread/DEBUG] (FabricLoader/Mixin) rei.mixins.json:MixinClientPacketListener from mod roughlyenoughitems->@Inject::handleUpdateRecipes(Lnet/minecraft/network/protocol/game/ClientboundUpdateRecipesPacket;Lorg/spongepowered/asm/mixin/injection/callback/CallbackInfo;)V has 0 override(s) in child classes
[10:41:23] [Render thread/DEBUG] (FabricLoader/Mixin) rei.mixins.json:MixinClientPacketListener from mod roughlyenoughitems->@Inject::handleUpdateRecipes(Lnet/minecraft/network/protocol/game/ClientboundUpdateRecipesPacket;Lorg/spongepowered/asm/mixin/injection/callback/CallbackInfo;)V won't be passed a CallbackInfo as a result
[10:41:23] [Render thread/DEBUG] (FabricLoader/Mixin) rei.mixins.json:MixinClientPacketListener from mod roughlyenoughitems->@Inject::handleUpdateTags(Lnet/minecraft/network/protocol/common/ClientboundUpdateTagsPacket;Lorg/spongepowered/asm/mixin/injection/callback/CallbackInfo;)V doesn't use it's CallbackInfo
[10:41:23] [Render thread/DEBUG] (FabricLoader/Mixin) rei.mixins.json:MixinClientPacketListener from mod roughlyenoughitems->@Inject::handleUpdateTags(Lnet/minecraft/network/protocol/common/ClientboundUpdateTagsPacket;Lorg/spongepowered/asm/mixin/injection/callback/CallbackInfo;)V has 0 override(s) in child classes
[10:41:23] [Render thread/DEBUG] (FabricLoader/Mixin) rei.mixins.json:MixinClientPacketListener from mod roughlyenoughitems->@Inject::handleUpdateTags(Lnet/minecraft/network/protocol/common/ClientboundUpdateTagsPacket;Lorg/spongepowered/asm/mixin/injection/callback/CallbackInfo;)V won't be passed a CallbackInfo as a result
[10:41:23] [Render thread/DEBUG] (FabricLoader/Mixin) Mixing accessor.ClientCommonPacketListenerImplAccessor from fabric-networking-api-v1.client.mixins.json into net.minecraft.client.multiplayer.ClientCommonPacketListenerImpl
[10:41:23] [Render thread/DEBUG] (FabricLoader/Mixin) Mixing ClientCommonPacketListenerImplMixin from fabric-networking-api-v1.client.mixins.json into net.minecraft.client.multiplayer.ClientCommonPacketListenerImpl
[10:41:23] [Render thread/DEBUG] (FabricLoader/Mixin) fabric-networking-api-v1.client.mixins.json:ClientCommonPacketListenerImplMixin from mod fabric-networking-api-v1->@Inject::onCustomPayload(Lnet/minecraft/network/protocol/common/ClientboundCustomPayloadPacket;Lorg/spongepowered/asm/mixin/injection/callback/CallbackInfo;)V does use it's CallbackInfo
[10:41:23] [Render thread/DEBUG] (FabricLoader/Mixin) Mixing accessor.ClientHandshakePacketListenerImplAccessor from fabric-networking-api-v1.client.mixins.json into net.minecraft.client.multiplayer.ClientHandshakePacketListenerImpl
[10:41:23] [Render thread/DEBUG] (FabricLoader/Mixin) Mixing ClientHandshakePacketListenerImplMixin from fabric-networking-api-v1.client.mixins.json into net.minecraft.client.multiplayer.ClientHandshakePacketListenerImpl
[10:41:23] [Render thread/DEBUG] (FabricLoader/Mixin) Renaming synthetic method lambda$handleQueryRequest$0(Lnet/minecraft/network/protocol/login/ClientboundCustomQueryPacket;)Ljava/lang/Boolean; to mdf26aa6$fabric-networking-api-v1$lambda$handleQueryRequest$0$0 in fabric-networking-api-v1.client.mixins.json:ClientHandshakePacketListenerImplMixin from mod fabric-networking-api-v1
[10:41:23] [Render thread/DEBUG] (FabricLoader/Mixin) fabric-networking-api-v1.client.mixins.json:ClientHandshakePacketListenerImplMixin from mod fabric-networking-api-v1->@Inject::initAddon(Lorg/spongepowered/asm/mixin/injection/callback/CallbackInfo;)V doesn't use it's CallbackInfo
[10:41:23] [Render thread/DEBUG] (FabricLoader/Mixin) fabric-networking-api-v1.client.mixins.json:ClientHandshakePacketListenerImplMixin from mod fabric-networking-api-v1->@Inject::initAddon(Lorg/spongepowered/asm/mixin/injection/callback/CallbackInfo;)V has 0 override(s) in child classes
[10:41:23] [Render thread/DEBUG] (FabricLoader/Mixin) fabric-networking-api-v1.client.mixins.json:ClientHandshakePacketListenerImplMixin from mod fabric-networking-api-v1->@Inject::initAddon(Lorg/spongepowered/asm/mixin/injection/callback/CallbackInfo;)V won't be passed a CallbackInfo as a result
[10:41:23] [Render thread/DEBUG] (FabricLoader/Mixin) fabric-networking-api-v1.client.mixins.json:ClientHandshakePacketListenerImplMixin from mod fabric-networking-api-v1->@Inject::handleQueryRequest(Lnet/minecraft/network/protocol/login/ClientboundCustomQueryPacket;Lorg/spongepowered/asm/mixin/injection/callback/CallbackInfo;)V does use it's CallbackInfo
[10:41:23] [Render thread/DEBUG] (FabricLoader/Mixin) fabric-networking-api-v1.client.mixins.json:ClientHandshakePacketListenerImplMixin from mod fabric-networking-api-v1->@Inject::setGameProfileContext(Lnet/minecraft/network/protocol/login/ClientboundLoginFinishedPacket;Lorg/spongepowered/asm/mixin/injection/callback/CallbackInfo;)V doesn't use it's CallbackInfo
[10:41:23] [Render thread/DEBUG] (FabricLoader/Mixin) fabric-networking-api-v1.client.mixins.json:ClientHandshakePacketListenerImplMixin from mod fabric-networking-api-v1->@Inject::setGameProfileContext(Lnet/minecraft/network/protocol/login/ClientboundLoginFinishedPacket;Lorg/spongepowered/asm/mixin/injection/callback/CallbackInfo;)V has 0 override(s) in child classes
[10:41:23] [Render thread/DEBUG] (FabricLoader/Mixin) fabric-networking-api-v1.client.mixins.json:ClientHandshakePacketListenerImplMixin from mod fabric-networking-api-v1->@Inject::setGameProfileContext(Lnet/minecraft/network/protocol/login/ClientboundLoginFinishedPacket;Lorg/spongepowered/asm/mixin/injection/callback/CallbackInfo;)V won't be passed a CallbackInfo as a result
[10:41:23] [Render thread/DEBUG] (FabricLoader/Mixin) Mixing ClientConfigurationPacketListenerImplMixin from fabric-networking-api-v1.client.mixins.json into net.minecraft.client.multiplayer.ClientConfigurationPacketListenerImpl
[10:41:23] [Render thread/DEBUG] (FabricLoader/Mixin) Mixing accessor.ClientConfigurationPacketListenerImplAccessor from fabric-networking-api-v1.client.mixins.json into net.minecraft.client.multiplayer.ClientConfigurationPacketListenerImpl
[10:41:23] [Render thread/DEBUG] (FabricLoader/Mixin) Mixing ClientConfigurationPacketListenerImplMixin from fabric-lifecycle-events-v1.client.mixins.json into net.minecraft.client.multiplayer.ClientConfigurationPacketListenerImpl
[10:41:23] [Render thread/DEBUG] (FabricLoader/Mixin) Mixing sync.ClientConfigurationPacketListenerImplMixin from fabric-recipe-api-v1.client.mixins.json into net.minecraft.client.multiplayer.ClientConfigurationPacketListenerImpl
[10:41:23] [Render thread/DEBUG] (FabricLoader/Mixin) fabric-networking-api-v1.client.mixins.json:ClientConfigurationPacketListenerImplMixin from mod fabric-networking-api-v1->@Inject::initAddon(Lorg/spongepowered/asm/mixin/injection/callback/CallbackInfo;)V doesn't use it's CallbackInfo
[10:41:23] [Render thread/DEBUG] (FabricLoader/Mixin) fabric-networking-api-v1.client.mixins.json:ClientConfigurationPacketListenerImplMixin from mod fabric-networking-api-v1->@Inject::initAddon(Lorg/spongepowered/asm/mixin/injection/callback/CallbackInfo;)V has 0 override(s) in child classes
[10:41:23] [Render thread/DEBUG] (FabricLoader/Mixin) fabric-networking-api-v1.client.mixins.json:ClientConfigurationPacketListenerImplMixin from mod fabric-networking-api-v1->@Inject::initAddon(Lorg/spongepowered/asm/mixin/injection/callback/CallbackInfo;)V won't be passed a CallbackInfo as a result
[10:41:23] [Render thread/DEBUG] (FabricLoader/Mixin) fabric-networking-api-v1.client.mixins.json:ClientConfigurationPacketListenerImplMixin from mod fabric-networking-api-v1->@Inject::handleComplete(Lnet/minecraft/network/protocol/configuration/ClientboundFinishConfigurationPacket;Lorg/spongepowered/asm/mixin/injection/callback/CallbackInfo;)V doesn't use it's CallbackInfo
[10:41:23] [Render thread/DEBUG] (FabricLoader/Mixin) fabric-networking-api-v1.client.mixins.json:ClientConfigurationPacketListenerImplMixin from mod fabric-networking-api-v1->@Inject::handleComplete(Lnet/minecraft/network/protocol/configuration/ClientboundFinishConfigurationPacket;Lorg/spongepowered/asm/mixin/injection/callback/CallbackInfo;)V has 0 override(s) in child classes
[10:41:23] [Render thread/DEBUG] (FabricLoader/Mixin) fabric-networking-api-v1.client.mixins.json:ClientConfigurationPacketListenerImplMixin from mod fabric-networking-api-v1->@Inject::handleComplete(Lnet/minecraft/network/protocol/configuration/ClientboundFinishConfigurationPacket;Lorg/spongepowered/asm/mixin/injection/callback/CallbackInfo;)V won't be passed a CallbackInfo as a result
[10:41:23] [Render thread/DEBUG] (FabricLoader/Mixin) fabric-lifecycle-events-v1.client.mixins.json:ClientConfigurationPacketListenerImplMixin from mod fabric-lifecycle-events-v1->@Inject::invokeTagsLoaded(Lnet/minecraft/network/protocol/configuration/ClientboundFinishConfigurationPacket;Lorg/spongepowered/asm/mixin/injection/callback/CallbackInfo;)V doesn't use it's CallbackInfo
[10:41:23] [Render thread/DEBUG] (FabricLoader/Mixin) fabric-lifecycle-events-v1.client.mixins.json:ClientConfigurationPacketListenerImplMixin from mod fabric-lifecycle-events-v1->@Inject::invokeTagsLoaded(Lnet/minecraft/network/protocol/configuration/ClientboundFinishConfigurationPacket;Lorg/spongepowered/asm/mixin/injection/callback/CallbackInfo;)V has 0 override(s) in child classes
[10:41:23] [Render thread/DEBUG] (FabricLoader/Mixin) fabric-lifecycle-events-v1.client.mixins.json:ClientConfigurationPacketListenerImplMixin from mod fabric-lifecycle-events-v1->@Inject::invokeTagsLoaded(Lnet/minecraft/network/protocol/configuration/ClientboundFinishConfigurationPacket;Lorg/spongepowered/asm/mixin/injection/callback/CallbackInfo;)V won't be passed a CallbackInfo as a result
[10:41:23] [Render thread/DEBUG] (FabricLoader/Mixin) fabric-recipe-api-v1.client.mixins.json:sync.ClientConfigurationPacketListenerImplMixin from mod fabric-recipe-api-v1->@Inject::sendSupportedRecipeSerializers(Lnet/minecraft/network/protocol/configuration/ClientboundSelectKnownPacks;Lorg/spongepowered/asm/mixin/injection/callback/CallbackInfo;)V doesn't use it's CallbackInfo
[10:41:23] [Render thread/DEBUG] (FabricLoader/Mixin) fabric-recipe-api-v1.client.mixins.json:sync.ClientConfigurationPacketListenerImplMixin from mod fabric-recipe-api-v1->@Inject::sendSupportedRecipeSerializers(Lnet/minecraft/network/protocol/configuration/ClientboundSelectKnownPacks;Lorg/spongepowered/asm/mixin/injection/callback/CallbackInfo;)V has 0 override(s) in child classes
[10:41:23] [Render thread/DEBUG] (FabricLoader/Mixin) fabric-recipe-api-v1.client.mixins.json:sync.ClientConfigurationPacketListenerImplMixin from mod fabric-recipe-api-v1->@Inject::sendSupportedRecipeSerializers(Lnet/minecraft/network/protocol/configuration/ClientboundSelectKnownPacks;Lorg/spongepowered/asm/mixin/injection/callback/CallbackInfo;)V won't be passed a CallbackInfo as a result
[10:41:23] [Render thread/DEBUG] (FabricLoader/Mixin) Mixing ConnectionMixin from fabric-networking-api-v1.mixins.json into net.minecraft.network.Connection
[10:41:23] [Render thread/DEBUG] (FabricLoader/Mixin) Renaming synthetic method lambda$fabric_getPendingChannelsNames$0(Lnet/minecraft/network/ConnectionProtocol;)Ljava/util/Collection; to mdf26aa6$fabric-networking-api-v1$lambda$fabric_getPendingChannelsNames$0$0 in fabric-networking-api-v1.mixins.json:ConnectionMixin from mod fabric-networking-api-v1
[10:41:23] [Render thread/DEBUG] (FabricLoader/Mixin) Renaming synthetic method lambda$injectFabricPacketSlitterHandlerOutbound$1(Lnet/fabricmc/fabric/impl/networking/PayloadTypeRegistryImpl;Lio/netty/channel/ChannelHandlerContext;)V to mdf26aa6$fabric-networking-api-v1$lambda$injectFabricPacketSlitterHandlerOutbound$1$1 in fabric-networking-api-v1.mixins.json:ConnectionMixin from mod fabric-networking-api-v1
[10:41:23] [Render thread/DEBUG] (FabricLoader/Mixin) Renaming synthetic method lambda$injectFabricPacketSlitterHandlerOutbound$0(Lio/netty/channel/ChannelHandlerContext;)V to mdf26aa6$fabric-networking-api-v1$lambda$injectFabricPacketSlitterHandlerOutbound$0$2 in fabric-networking-api-v1.mixins.json:ConnectionMixin from mod fabric-networking-api-v1
[10:41:23] [Render thread/DEBUG] (FabricLoader/Mixin) Renaming synthetic method lambda$injectFabricPacketSlitterHandlerInbound$1(Lnet/fabricmc/fabric/impl/networking/PayloadTypeRegistryImpl;Lnet/minecraft/network/ProtocolInfo;Lio/netty/channel/ChannelHandlerContext;)V to mdf26aa6$fabric-networking-api-v1$lambda$injectFabricPacketSlitterHandlerInbound$1$3 in fabric-networking-api-v1.mixins.json:ConnectionMixin from mod fabric-networking-api-v1
[10:41:23] [Render thread/DEBUG] (FabricLoader/Mixin) Renaming synthetic method lambda$injectFabricPacketSlitterHandlerInbound$0(Lio/netty/channel/ChannelHandlerContext;)V to mdf26aa6$fabric-networking-api-v1$lambda$injectFabricPacketSlitterHandlerInbound$0$4 in fabric-networking-api-v1.mixins.json:ConnectionMixin from mod fabric-networking-api-v1
[10:41:23] [Render thread/DEBUG] (FabricLoader/Mixin) Mixing sync.ConnectionMixin from fabric-recipe-api-v1.mixins.json into net.minecraft.network.Connection
[10:41:23] [Render thread/DEBUG] (FabricLoader/Mixin) fabric-networking-api-v1.mixins.json:ConnectionMixin from mod fabric-networking-api-v1->@Inject::initAddedFields(Lnet/minecraft/network/protocol/PacketFlow;Lorg/spongepowered/asm/mixin/injection/callback/CallbackInfo;)V doesn't use it's CallbackInfo
[10:41:23] [Render thread/DEBUG] (FabricLoader/Mixin) fabric-networking-api-v1.mixins.json:ConnectionMixin from mod fabric-networking-api-v1->@Inject::initAddedFields(Lnet/minecraft/network/protocol/PacketFlow;Lorg/spongepowered/asm/mixin/injection/callback/CallbackInfo;)V has 0 override(s) in child classes
[10:41:23] [Render thread/DEBUG] (FabricLoader/Mixin) fabric-networking-api-v1.mixins.json:ConnectionMixin from mod fabric-networking-api-v1->@Inject::initAddedFields(Lnet/minecraft/network/protocol/PacketFlow;Lorg/spongepowered/asm/mixin/injection/callback/CallbackInfo;)V won't be passed a CallbackInfo as a result
[10:41:23] [Render thread/DEBUG] (FabricLoader/Mixin) fabric-networking-api-v1.mixins.json:ConnectionMixin from mod fabric-networking-api-v1->@Inject::checkPacket(Lnet/minecraft/network/protocol/Packet;Lio/netty/channel/ChannelFutureListener;ZLorg/spongepowered/asm/mixin/injection/callback/CallbackInfo;)V doesn't use it's CallbackInfo
[10:41:23] [Render thread/DEBUG] (FabricLoader/Mixin) fabric-networking-api-v1.mixins.json:ConnectionMixin from mod fabric-networking-api-v1->@Inject::checkPacket(Lnet/minecraft/network/protocol/Packet;Lio/netty/channel/ChannelFutureListener;ZLorg/spongepowered/asm/mixin/injection/callback/CallbackInfo;)V has 0 override(s) in child classes
[10:41:23] [Render thread/DEBUG] (FabricLoader/Mixin) fabric-networking-api-v1.mixins.json:ConnectionMixin from mod fabric-networking-api-v1->@Inject::checkPacket(Lnet/minecraft/network/protocol/Packet;Lio/netty/channel/ChannelFutureListener;ZLorg/spongepowered/asm/mixin/injection/callback/CallbackInfo;)V won't be passed a CallbackInfo as a result
[10:41:23] [Render thread/DEBUG] (FabricLoader/Mixin) fabric-networking-api-v1.mixins.json:ConnectionMixin from mod fabric-networking-api-v1->@Inject::unwatchAddon(Lnet/minecraft/network/ProtocolInfo;Lnet/minecraft/network/PacketListener;Lorg/spongepowered/asm/mixin/injection/callback/CallbackInfo;)V doesn't use it's CallbackInfo
[10:41:23] [Render thread/DEBUG] (FabricLoader/Mixin) fabric-networking-api-v1.mixins.json:ConnectionMixin from mod fabric-networking-api-v1->@Inject::unwatchAddon(Lnet/minecraft/network/ProtocolInfo;Lnet/minecraft/network/PacketListener;Lorg/spongepowered/asm/mixin/injection/callback/CallbackInfo;)V has 0 override(s) in child classes
[10:41:23] [Render thread/DEBUG] (FabricLoader/Mixin) fabric-networking-api-v1.mixins.json:ConnectionMixin from mod fabric-networking-api-v1->@Inject::unwatchAddon(Lnet/minecraft/network/ProtocolInfo;Lnet/minecraft/network/PacketListener;Lorg/spongepowered/asm/mixin/injection/callback/CallbackInfo;)V won't be passed a CallbackInfo as a result
[10:41:23] [Render thread/DEBUG] (FabricLoader/Mixin) fabric-networking-api-v1.mixins.json:ConnectionMixin from mod fabric-networking-api-v1->@Inject::disconnectAddon(Lio/netty/channel/ChannelHandlerContext;Lorg/spongepowered/asm/mixin/injection/callback/CallbackInfo;)V doesn't use it's CallbackInfo
[10:41:23] [Render thread/DEBUG] (FabricLoader/Mixin) fabric-networking-api-v1.mixins.json:ConnectionMixin from mod fabric-networking-api-v1->@Inject::disconnectAddon(Lio/netty/channel/ChannelHandlerContext;Lorg/spongepowered/asm/mixin/injection/callback/CallbackInfo;)V has 0 override(s) in child classes
[10:41:23] [Render thread/DEBUG] (FabricLoader/Mixin) fabric-networking-api-v1.mixins.json:ConnectionMixin from mod fabric-networking-api-v1->@Inject::disconnectAddon(Lio/netty/channel/ChannelHandlerContext;Lorg/spongepowered/asm/mixin/injection/callback/CallbackInfo;)V won't be passed a CallbackInfo as a result
[10:41:23] [Render thread/DEBUG] (FabricLoader/Mixin) fabric-networking-api-v1.mixins.json:ConnectionMixin from mod fabric-networking-api-v1->@Inject::disconnectAddon(Lorg/spongepowered/asm/mixin/injection/callback/CallbackInfo;)V doesn't use it's CallbackInfo
[10:41:23] [Render thread/DEBUG] (FabricLoader/Mixin) fabric-networking-api-v1.mixins.json:ConnectionMixin from mod fabric-networking-api-v1->@Inject::disconnectAddon(Lorg/spongepowered/asm/mixin/injection/callback/CallbackInfo;)V has 0 override(s) in child classes
[10:41:23] [Render thread/DEBUG] (FabricLoader/Mixin) fabric-networking-api-v1.mixins.json:ConnectionMixin from mod fabric-networking-api-v1->@Inject::disconnectAddon(Lorg/spongepowered/asm/mixin/injection/callback/CallbackInfo;)V won't be passed a CallbackInfo as a result
[10:41:23] [Render thread/INFO] (dev.architectury.networking.client.fabric.ClientNetworkManagerImpl) Registering S2C receiver with id architectury:spawn_entity_packet
[10:41:23] [Render thread/INFO] (stargazer) Loading Block Rendering
[10:41:23] [Render thread/DEBUG] (FabricLoader/Mixin) Mixing client.BlockEntityRenderStateMixin from geckolib.mixins.json into net.minecraft.client.renderer.blockentity.state.BlockEntityRenderState
[10:41:23] [Render thread/DEBUG] (FabricLoader/Mixin) geckolib.mixins.json:client.BlockEntityRenderStateMixin from mod geckolib: Class version 69 required is higher than the class version supported by the current version of Mixin (JAVA_17 supports class version 61)
[10:41:23] [Render thread/DEBUG] (FabricLoader/Mixin) Mixing renderstate.RenderStateMixin from fabric-rendering-v1.mixins.json into net.minecraft.client.renderer.blockentity.state.BlockEntityRenderState
[10:41:23] [Render thread/INFO] (stargazer) Loading GeckoLib Block Rendering
[10:41:23] [Render thread/DEBUG] (FabricLoader/Mixin) Mixing KeyMappingCategoryMixin from fabric-key-mapping-api-v1.mixins.json into net.minecraft.client.KeyMapping$Category
[10:41:23] [Render thread/DEBUG] (FabricLoader/Mixin) fabric-key-mapping-api-v1.mixins.json:KeyMappingCategoryMixin from mod fabric-key-mapping-api-v1->@Inject::onReturnRegister(Lnet/minecraft/resources/Identifier;Lorg/spongepowered/asm/mixin/injection/callback/CallbackInfoReturnable;)V doesn't use it's CallbackInfoReturnable
[10:41:23] [Render thread/DEBUG] (FabricLoader/Mixin) Mixing client.EntityRendererMixin from geckolib.mixins.json into net.minecraft.client.renderer.entity.EntityRenderer
[10:41:23] [Render thread/DEBUG] (FabricLoader/Mixin) geckolib.mixins.json:client.EntityRendererMixin from mod geckolib: Class version 69 required is higher than the class version supported by the current version of Mixin (JAVA_17 supports class version 61)
[10:41:23] [Render thread/DEBUG] (FabricLoader/Mixin) Renaming synthetic method lambda$geckolib$captureDataForArmorLayer$1(Lnet/minecraft/client/renderer/entity/state/EntityRenderState;Lcom/llamalad7/mixinextras/injector/wrapoperation/Operation;Lnet/minecraft/world/entity/Entity;FLnet/minecraft/world/entity/EquipmentSlot;)Lnet/minecraft/client/renderer/entity/state/HumanoidRenderState; to mdf26aa6$geckolib$lambda$geckolib$captureDataForArmorLayer$1$0 in geckolib.mixins.json:client.EntityRendererMixin from mod geckolib
[10:41:23] [Render thread/DEBUG] (FabricLoader/Mixin) Renaming synthetic method lambda$geckolib$captureDataForArmorLayer$0(Lnet/minecraft/client/renderer/entity/layers/HumanoidArmorLayer;Lnet/minecraft/client/renderer/entity/state/HumanoidRenderState;Lnet/minecraft/world/entity/EquipmentSlot;)Lnet/minecraft/client/model/HumanoidModel; to mdf26aa6$geckolib$lambda$geckolib$captureDataForArmorLayer$0$1 in geckolib.mixins.json:client.EntityRendererMixin from mod geckolib
[10:41:23] [Render thread/DEBUG] (FabricLoader/Mixin) Mixing submit.OrderedSubmitNodeCollectorMixin from fabric-renderer-api-v1.mixins.json into net.minecraft.client.renderer.OrderedSubmitNodeCollector
[10:41:23] [Render thread/DEBUG] (FabricLoader/Mixin) Mixing client.EntityRenderStateMixin from geckolib.mixins.json into net.minecraft.client.renderer.entity.state.EntityRenderState
[10:41:23] [Render thread/DEBUG] (FabricLoader/Mixin) geckolib.mixins.json:client.EntityRenderStateMixin from mod geckolib: Class version 69 required is higher than the class version supported by the current version of Mixin (JAVA_17 supports class version 61)
[10:41:23] [Render thread/DEBUG] (FabricLoader/Mixin) Mixing renderstate.RenderStateMixin from fabric-rendering-v1.mixins.json into net.minecraft.client.renderer.entity.state.EntityRenderState
[10:41:23] [Render thread/INFO] (stargazer) Loading End Client Tick Events
[10:41:23] [Render thread/DEBUG] (FabricLoader/Mixin) Mixing renderstate.RenderStateMixin from fabric-rendering-v1.mixins.json into net.minecraft.client.renderer.state.level.BlockOutlineRenderState
[10:41:23] [Render thread/DEBUG] (FabricLoader/Mixin) Mixing RecipeAccessMixin from fabric-recipe-api-v1.mixins.json into net.minecraft.world.item.crafting.RecipeAccess
[10:41:23] [Render thread/INFO] (REI) [REI] Registered plugin provider StargazerREIClient [stargazer] for REIClientPlugin
[10:41:23] [Render thread/INFO] (REI) [REI] Registered plugin provider DefaultClientPlugin [roughlyenoughitems] for REIClientPlugin
[10:41:23] [Render thread/INFO] (REI) [REI] Registered plugin provider DefaultClientRuntimePlugin [roughlyenoughitems] for REIClientPlugin
[10:41:23] [Render thread/INFO] (REI) [REI] Registered plugin provider HideIngredientsFromTagsPlugin [roughlyenoughitems] for REIClientPlugin
[10:41:23] [Render thread/INFO] (dev.architectury.networking.client.fabric.ClientNetworkManagerImpl) Registering S2C receiver with id roughlyenoughitems:ci_msg
[10:41:23] [Render thread/INFO] (dev.architectury.networking.client.fabric.ClientNetworkManagerImpl) Registering S2C receiver with id roughlyenoughitems:og_not_enough
[10:41:23] [Render thread/INFO] (dev.architectury.networking.client.fabric.ClientNetworkManagerImpl) Registering S2C receiver with id roughlyenoughitems:sync_displays
[10:41:23] [Render thread/INFO] (net.fabricmc.fabric.impl.client.indigo.Indigo) [Indigo] Registering Indigo renderer!
[10:41:23] [Render thread/DEBUG] (FabricLoader/Mixin) Mixing BlockStateModelUnbakedMixin from fabric-model-loading-api-v1.mixins.json into net.minecraft.client.renderer.block.dispatch.BlockStateModel$Unbaked
[10:41:23] [Render thread/DEBUG] (FabricLoader/Mixin) Mixing block.model.BlockStateModelMixin from fabric-renderer-api-v1.mixins.json into net.minecraft.client.renderer.block.dispatch.BlockStateModel
[10:41:23] [Render thread/DEBUG] (FabricLoader/Mixin) Mixing block.model.SingleVariantMixin from fabric-renderer-api-v1.mixins.json into net.minecraft.client.renderer.block.dispatch.SingleVariant
[10:41:23] [Render thread/DEBUG] (FabricLoader/Mixin) Renaming synthetic method lambda$emitQuads$0(Lnet/fabricmc/fabric/api/client/renderer/v1/mesh/MutableQuadView;)Z to mdf26aa6$fabric-renderer-api-v1$lambda$emitQuads$0$0 in fabric-renderer-api-v1.mixins.json:block.model.SingleVariantMixin from mod fabric-renderer-api-v1
[10:41:23] [Render thread/DEBUG] (FabricLoader/Mixin) Mixing MappedRegistryTagSet2Accessor from fabric-tag-api-v1.mixins.json into net.minecraft.core.MappedRegistry$TagSet$2
[10:41:23] [Render thread/DEBUG] (FabricLoader/Mixin) Mixing OptionsMixin from fabric-key-mapping-api-v1.mixins.json into net.minecraft.client.Options
[10:41:23] [Render thread/DEBUG] (FabricLoader/Mixin) Mixing OptionsMixin from fabric-resource-loader-v1.client.mixins.json into net.minecraft.client.Options
[10:41:23] [Render thread/DEBUG] (FabricLoader/Mixin) fabric-key-mapping-api-v1.mixins.json:OptionsMixin from mod fabric-key-mapping-api-v1->@Inject::loadHook(Lorg/spongepowered/asm/mixin/injection/callback/CallbackInfo;)V doesn't use it's CallbackInfo
[10:41:23] [Render thread/DEBUG] (FabricLoader/Mixin) fabric-key-mapping-api-v1.mixins.json:OptionsMixin from mod fabric-key-mapping-api-v1->@Inject::loadHook(Lorg/spongepowered/asm/mixin/injection/callback/CallbackInfo;)V has 0 override(s) in child classes
[10:41:23] [Render thread/DEBUG] (FabricLoader/Mixin) fabric-key-mapping-api-v1.mixins.json:OptionsMixin from mod fabric-key-mapping-api-v1->@Inject::loadHook(Lorg/spongepowered/asm/mixin/injection/callback/CallbackInfo;)V won't be passed a CallbackInfo as a result
[10:41:23] [Render thread/DEBUG] (FabricLoader/Mixin) fabric-resource-loader-v1.client.mixins.json:OptionsMixin from mod fabric-resource-loader-v1->@Inject::onLoad(Lorg/spongepowered/asm/mixin/injection/callback/CallbackInfo;)V doesn't use it's CallbackInfo
[10:41:23] [Render thread/DEBUG] (FabricLoader/Mixin) fabric-resource-loader-v1.client.mixins.json:OptionsMixin from mod fabric-resource-loader-v1->@Inject::onLoad(Lorg/spongepowered/asm/mixin/injection/callback/CallbackInfo;)V has 0 override(s) in child classes
[10:41:23] [Render thread/DEBUG] (FabricLoader/Mixin) fabric-resource-loader-v1.client.mixins.json:OptionsMixin from mod fabric-resource-loader-v1->@Inject::onLoad(Lorg/spongepowered/asm/mixin/injection/callback/CallbackInfo;)V won't be passed a CallbackInfo as a result
[10:41:23] [Render thread/DEBUG] (FabricLoader/Mixin) fabric-resource-loader-v1.client.mixins.json:OptionsMixin from mod fabric-resource-loader-v1->@Inject::onLoad(Lorg/spongepowered/asm/mixin/injection/callback/CallbackInfo;)V doesn't use it's CallbackInfo
[10:41:23] [Render thread/DEBUG] (FabricLoader/Mixin) fabric-resource-loader-v1.client.mixins.json:OptionsMixin from mod fabric-resource-loader-v1->@Inject::onLoad(Lorg/spongepowered/asm/mixin/injection/callback/CallbackInfo;)V has 0 override(s) in child classes
[10:41:23] [Render thread/DEBUG] (FabricLoader/Mixin) fabric-resource-loader-v1.client.mixins.json:OptionsMixin from mod fabric-resource-loader-v1->@Inject::onLoad(Lorg/spongepowered/asm/mixin/injection/callback/CallbackInfo;)V won't be passed a CallbackInfo as a result
[10:41:23] [Render thread/DEBUG] (FabricLoader/Mixin) Mixing PackMixin from fabric-resource-conditions-api-v1.mixins.json into net.minecraft.server.packs.repository.Pack
[10:41:23] [Render thread/DEBUG] (FabricLoader/Mixin) Mixing PackMixin from fabric-resource-loader-v1.mixins.json into net.minecraft.server.packs.repository.Pack
[10:41:23] [Render thread/DEBUG] (FabricLoader/Mixin) Renaming synthetic method lambda$static$0(Ljava/util/Set;)Z to mdf26aa6$fabric-resource-loader-v1$lambda$static$0$0 in fabric-resource-loader-v1.mixins.json:PackMixin from mod fabric-resource-loader-v1
[10:41:23] [Render thread/DEBUG] (FabricLoader/Mixin) fabric-resource-loader-v1.mixins.json:PackMixin from mod fabric-resource-loader-v1->@Inject::onCreateResourcePack(Lorg/spongepowered/asm/mixin/injection/callback/CallbackInfoReturnable;)V does use it's CallbackInfoReturnable
[10:41:23] [Render thread/DEBUG] (FabricLoader/Mixin) Mixing GameOptionsWriteVisitorMixin from fabric-resource-loader-v1.client.mixins.json into net.minecraft.client.Options$3
[10:41:23] [Render thread/INFO] (net.minecraft.client.Minecraft) Backend library: LWJGL version 3.4.1-snapshot
[10:41:24] [Render thread/INFO] (net.minecraft.client.Minecraft) Using graphics backend OpenGL, using drivers: 4.6 (Core Profile) Mesa 26.2.2-arch1.1
[10:41:24] [Render thread/INFO] (net.minecraft.client.Minecraft) Using graphics device: AMD Radeon Graphics (radeonsi, renoir, ACO, DRM 3.64, 7.2.6-zen2-1-zen) (AMD)
[10:41:24] [Render thread/INFO] (net.minecraft.client.Minecraft) Using graphics device extensions: GL_ARB_multi_draw_indirect, GL_ARB_buffer_storage, GL_ARB_shader_draw_parameters, GL_ARB_base_instance, GL_KHR_debug, GL_ARB_draw_indirect, GL_ARB_clip_control, GL_ARB_vertex_attrib_binding, GL_ARB_direct_state_access, GL_EXT_texture_filter_anisotropic
[10:41:24] [Render thread/DEBUG] (FabricLoader/Mixin) Mixing MouseHandlerMixin from fabric-events-interaction-v0.client.mixins.json into net.minecraft.client.MouseHandler
[10:41:24] [Render thread/DEBUG] (FabricLoader/Mixin) Mixing MouseHandlerMixin from fabric-screen-api-v1.mixins.json into net.minecraft.client.MouseHandler
[10:41:24] [Render thread/DEBUG] (FabricLoader/Mixin) Mixing client.MixinMouseHandler from architectury.mixins.json into net.minecraft.client.MouseHandler
[10:41:24] [Render thread/DEBUG] (FabricLoader/Mixin) architectury.mixins.json:client.MixinMouseHandler from mod architectury->@Inject::onRawMouseScrolled(JDDLorg/spongepowered/asm/mixin/injection/callback/CallbackInfo;)V does use it's CallbackInfo
[10:41:24] [Render thread/DEBUG] (FabricLoader/Mixin) architectury.mixins.json:client.MixinMouseHandler from mod architectury->@Inject::onRawMouseClicked(JLnet/minecraft/client/input/MouseButtonInfo;ILorg/spongepowered/asm/mixin/injection/callback/CallbackInfo;)V does use it's CallbackInfo
[10:41:24] [Render thread/DEBUG] (FabricLoader/Mixin) architectury.mixins.json:client.MixinMouseHandler from mod architectury->@Inject::onRawMouseClickedPost(JLnet/minecraft/client/input/MouseButtonInfo;ILorg/spongepowered/asm/mixin/injection/callback/CallbackInfo;)V does use it's CallbackInfo
[10:41:24] [Render thread/DEBUG] (FabricLoader/Mixin) architectury.mixins.json:client.MixinMouseHandler from mod architectury->@Inject::onRawMouseClickedPost(JLnet/minecraft/client/input/MouseButtonInfo;ILorg/spongepowered/asm/mixin/injection/callback/CallbackInfo;)V does use it's CallbackInfo
[10:41:24] [Render thread/DEBUG] (FabricLoader/Mixin) architectury.mixins.json:client.MixinMouseHandler from mod architectury->@Inject::onRawMouseClickedPost(JLnet/minecraft/client/input/MouseButtonInfo;ILorg/spongepowered/asm/mixin/injection/callback/CallbackInfo;)V does use it's CallbackInfo
[10:41:24] [Render thread/DEBUG] (FabricLoader/Mixin) architectury.mixins.json:client.MixinMouseHandler from mod architectury->@Inject::onRawMouseClickedPost(JLnet/minecraft/client/input/MouseButtonInfo;ILorg/spongepowered/asm/mixin/injection/callback/CallbackInfo;)V does use it's CallbackInfo
[10:41:24] [Render thread/DEBUG] (FabricLoader/Mixin) architectury.mixins.json:client.MixinMouseHandler from mod architectury->@Inject::onRawMouseClickedPost(JLnet/minecraft/client/input/MouseButtonInfo;ILorg/spongepowered/asm/mixin/injection/callback/CallbackInfo;)V does use it's CallbackInfo
[10:41:24] [Render thread/DEBUG] (FabricLoader/Mixin) Mixing KeyboardHandlerMixin from fabric-screen-api-v1.mixins.json into net.minecraft.client.KeyboardHandler
[10:41:24] [Render thread/DEBUG] (FabricLoader/Mixin) Mixing client.MixinKeyboardHandler from architectury.mixins.json into net.minecraft.client.KeyboardHandler
[10:41:24] [Render thread/DEBUG] (FabricLoader/Mixin) architectury.mixins.json:client.MixinKeyboardHandler from mod architectury->@Inject::onRawKey(JILnet/minecraft/client/input/KeyEvent;Lorg/spongepowered/asm/mixin/injection/callback/CallbackInfo;)V does use it's CallbackInfo
[10:41:24] [Render thread/DEBUG] (FabricLoader/Mixin) architectury.mixins.json:client.MixinKeyboardHandler from mod architectury->@Inject::onRawKey(JILnet/minecraft/client/input/KeyEvent;Lorg/spongepowered/asm/mixin/injection/callback/CallbackInfo;)V does use it's CallbackInfo
[10:41:24] [Render thread/DEBUG] (FabricLoader/Mixin) architectury.mixins.json:client.MixinKeyboardHandler from mod architectury->@Inject::onRawKey(JILnet/minecraft/client/input/KeyEvent;Lorg/spongepowered/asm/mixin/injection/callback/CallbackInfo;)V does use it's CallbackInfo
[10:41:24] [Render thread/DEBUG] (FabricLoader/Mixin) architectury.mixins.json:client.MixinKeyboardHandler from mod architectury->@Inject::onRawKey(JILnet/minecraft/client/input/KeyEvent;Lorg/spongepowered/asm/mixin/injection/callback/CallbackInfo;)V does use it's CallbackInfo
[10:41:24] [Render thread/DEBUG] (FabricLoader/Mixin) architectury.mixins.json:client.MixinKeyboardHandler from mod architectury->@Inject::onRawKey(JILnet/minecraft/client/input/KeyEvent;Lorg/spongepowered/asm/mixin/injection/callback/CallbackInfo;)V does use it's CallbackInfo
[10:41:24] [Render thread/DEBUG] (FabricLoader/Mixin) architectury.mixins.json:client.MixinKeyboardHandler from mod architectury->@Inject::onRawKey(JILnet/minecraft/client/input/KeyEvent;Lorg/spongepowered/asm/mixin/injection/callback/CallbackInfo;)V does use it's CallbackInfo
[10:41:24] [Render thread/DEBUG] (FabricLoader/Mixin) Mixing MultiPackResourceManagerMixin from fabric-resource-loader-v1.mixins.json into net.minecraft.server.packs.resources.MultiPackResourceManager
[10:41:24] [Render thread/DEBUG] (FabricLoader/Mixin) fabric-resource-loader-v1.mixins.json:MultiPackResourceManagerMixin from mod fabric-resource-loader-v1->@Inject::init(Lnet/minecraft/server/packs/PackType;Ljava/util/List;Lorg/spongepowered/asm/mixin/injection/callback/CallbackInfo;)V doesn't use it's CallbackInfo
[10:41:24] [Render thread/DEBUG] (FabricLoader/Mixin) fabric-resource-loader-v1.mixins.json:MultiPackResourceManagerMixin from mod fabric-resource-loader-v1->@Inject::init(Lnet/minecraft/server/packs/PackType;Ljava/util/List;Lorg/spongepowered/asm/mixin/injection/callback/CallbackInfo;)V has 0 override(s) in child classes
[10:41:24] [Render thread/DEBUG] (FabricLoader/Mixin) fabric-resource-loader-v1.mixins.json:MultiPackResourceManagerMixin from mod fabric-resource-loader-v1->@Inject::init(Lnet/minecraft/server/packs/PackType;Ljava/util/List;Lorg/spongepowered/asm/mixin/injection/callback/CallbackInfo;)V won't be passed a CallbackInfo as a result
[10:41:24] [Render thread/DEBUG] (net.fabricmc.fabric.impl.resource.pack.ModPackResourcesUtil) [Fabric] Starting internal pack sorting with: [vanilla, cloth-config, fabric-advancement-api-v1, fabric-api, fabric-api-base, fabric-api-lookup-api-v1, fabric-biome-api-v1, fabric-block-api-v1, fabric-block-getter-api-v2, fabric-client-gametest-api-v1, fabric-command-api-v2, fabric-content-registries-v0, fabric-convention-tags-v2, fabric-crash-report-info-v1, fabric-creative-tab-api-v1, fabric-creative-tab-api-v1_programmer_art, fabric-data-attachment-api-v1, fabric-data-generation-api-v1, fabric-debug-api-v1, fabric-dimensions-v1, fabric-entity-events-v1, fabric-events-interaction-v0, fabric-game-rule-api-v1, fabric-gametest-api-v1, fabric-item-api-v1, fabric-key-mapping-api-v1, fabric-lifecycle-events-v1, fabric-loot-api-v3, fabric-menu-api-v1, fabric-message-api-v1, fabric-model-loading-api-v1, fabric-networking-api-v1, fabric-object-builder-api-v1, fabric-particles-v1, fabric-permission-api-v1, fabric-recipe-api-v1, fabric-registry-sync-v0, fabric-renderer-api-v1, fabric-renderer-indigo, fabric-rendering-fluids-v1, fabric-rendering-v1, fabric-resource-conditions-api-v1, fabric-resource-loader-v0, fabric-resource-loader-v1, fabric-screen-api-v1, fabric-serialization-api-v1, fabric-sound-api-v1, fabric-tag-api-v1, fabric-transfer-api-v1, fabric-transitive-access-wideners-v1, fabricloader, generated_e7d069e, roughlyenoughitems, stargazer, team_reborn_energy]
[10:41:24] [Render thread/DEBUG] (net.fabricmc.fabric.impl.resource.pack.ModPackResourcesUtil) [Fabric] Removed all internal packs, result: [vanilla]
[10:41:24] [Render thread/DEBUG] (net.fabricmc.fabric.impl.resource.pack.ModPackResourcesUtil) [Fabric] cur @ vanilla, auto-enabled cloth-config, currently enabled: [vanilla, cloth-config]
[10:41:24] [Render thread/DEBUG] (net.fabricmc.fabric.impl.resource.pack.ModPackResourcesUtil) [Fabric] cur @ vanilla, auto-enabled fabric-advancement-api-v1, currently enabled: [vanilla, cloth-config, fabric-advancement-api-v1]
[10:41:24] [Render thread/DEBUG] (net.fabricmc.fabric.impl.resource.pack.ModPackResourcesUtil) [Fabric] cur @ vanilla, auto-enabled fabric-api, currently enabled: [vanilla, cloth-config, fabric-advancement-api-v1, fabric-api]
[10:41:24] [Render thread/DEBUG] (net.fabricmc.fabric.impl.resource.pack.ModPackResourcesUtil) [Fabric] cur @ vanilla, auto-enabled fabric-api-base, currently enabled: [vanilla, cloth-config, fabric-advancement-api-v1, fabric-api, fabric-api-base]
[10:41:24] [Render thread/DEBUG] (net.fabricmc.fabric.impl.resource.pack.ModPackResourcesUtil) [Fabric] cur @ vanilla, auto-enabled fabric-api-lookup-api-v1, currently enabled: [vanilla, cloth-config, fabric-advancement-api-v1, fabric-api, fabric-api-base, fabric-api-lookup-api-v1]
[10:41:24] [Render thread/DEBUG] (net.fabricmc.fabric.impl.resource.pack.ModPackResourcesUtil) [Fabric] cur @ vanilla, auto-enabled fabric-biome-api-v1, currently enabled: [vanilla, cloth-config, fabric-advancement-api-v1, fabric-api, fabric-api-base, fabric-api-lookup-api-v1, fabric-biome-api-v1]
[10:41:24] [Render thread/DEBUG] (net.fabricmc.fabric.impl.resource.pack.ModPackResourcesUtil) [Fabric] cur @ vanilla, auto-enabled fabric-block-api-v1, currently enabled: [vanilla, cloth-config, fabric-advancement-api-v1, fabric-api, fabric-api-base, fabric-api-lookup-api-v1, fabric-biome-api-v1, fabric-block-api-v1]
[10:41:24] [Render thread/DEBUG] (net.fabricmc.fabric.impl.resource.pack.ModPackResourcesUtil) [Fabric] cur @ vanilla, auto-enabled fabric-block-getter-api-v2, currently enabled: [vanilla, cloth-config, fabric-advancement-api-v1, fabric-api, fabric-api-base, fabric-api-lookup-api-v1, fabric-biome-api-v1, fabric-block-api-v1, fabric-block-getter-api-v2]
[10:41:24] [Render thread/DEBUG] (net.fabricmc.fabric.impl.resource.pack.ModPackResourcesUtil) [Fabric] cur @ vanilla, auto-enabled fabric-client-gametest-api-v1, currently enabled: [vanilla, cloth-config, fabric-advancement-api-v1, fabric-api, fabric-api-base, fabric-api-lookup-api-v1, fabric-biome-api-v1, fabric-block-api-v1, fabric-block-getter-api-v2, fabric-client-gametest-api-v1]
[10:41:24] [Render thread/DEBUG] (net.fabricmc.fabric.impl.resource.pack.ModPackResourcesUtil) [Fabric] cur @ vanilla, auto-enabled fabric-command-api-v2, currently enabled: [vanilla, cloth-config, fabric-advancement-api-v1, fabric-api, fabric-api-base, fabric-api-lookup-api-v1, fabric-biome-api-v1, fabric-block-api-v1, fabric-block-getter-api-v2, fabric-client-gametest-api-v1, fabric-command-api-v2]
[10:41:24] [Render thread/DEBUG] (net.fabricmc.fabric.impl.resource.pack.ModPackResourcesUtil) [Fabric] cur @ vanilla, auto-enabled fabric-content-registries-v0, currently enabled: [vanilla, cloth-config, fabric-advancement-api-v1, fabric-api, fabric-api-base, fabric-api-lookup-api-v1, fabric-biome-api-v1, fabric-block-api-v1, fabric-block-getter-api-v2, fabric-client-gametest-api-v1, fabric-command-api-v2, fabric-content-registries-v0]
[10:41:24] [Render thread/DEBUG] (net.fabricmc.fabric.impl.resource.pack.ModPackResourcesUtil) [Fabric] cur @ vanilla, auto-enabled fabric-convention-tags-v2, currently enabled: [vanilla, cloth-config, fabric-advancement-api-v1, fabric-api, fabric-api-base, fabric-api-lookup-api-v1, fabric-biome-api-v1, fabric-block-api-v1, fabric-block-getter-api-v2, fabric-client-gametest-api-v1, fabric-command-api-v2, fabric-content-registries-v0, fabric-convention-tags-v2]
[10:41:24] [Render thread/DEBUG] (net.fabricmc.fabric.impl.resource.pack.ModPackResourcesUtil) [Fabric] cur @ vanilla, auto-enabled fabric-crash-report-info-v1, currently enabled: [vanilla, cloth-config, fabric-advancement-api-v1, fabric-api, fabric-api-base, fabric-api-lookup-api-v1, fabric-biome-api-v1, fabric-block-api-v1, fabric-block-getter-api-v2, fabric-client-gametest-api-v1, fabric-command-api-v2, fabric-content-registries-v0, fabric-convention-tags-v2, fabric-crash-report-info-v1]
[10:41:24] [Render thread/DEBUG] (net.fabricmc.fabric.impl.resource.pack.ModPackResourcesUtil) [Fabric] cur @ vanilla, auto-enabled fabric-creative-tab-api-v1, currently enabled: [vanilla, cloth-config, fabric-advancement-api-v1, fabric-api, fabric-api-base, fabric-api-lookup-api-v1, fabric-biome-api-v1, fabric-block-api-v1, fabric-block-getter-api-v2, fabric-client-gametest-api-v1, fabric-command-api-v2, fabric-content-registries-v0, fabric-convention-tags-v2, fabric-crash-report-info-v1, fabric-creative-tab-api-v1]
[10:41:24] [Render thread/DEBUG] (net.fabricmc.fabric.impl.resource.pack.ModPackResourcesUtil) [Fabric] cur @ vanilla, auto-enabled fabric-data-attachment-api-v1, currently enabled: [vanilla, cloth-config, fabric-advancement-api-v1, fabric-api, fabric-api-base, fabric-api-lookup-api-v1, fabric-biome-api-v1, fabric-block-api-v1, fabric-block-getter-api-v2, fabric-client-gametest-api-v1, fabric-command-api-v2, fabric-content-registries-v0, fabric-convention-tags-v2, fabric-crash-report-info-v1, fabric-creative-tab-api-v1, fabric-data-attachment-api-v1]
[10:41:24] [Render thread/DEBUG] (net.fabricmc.fabric.impl.resource.pack.ModPackResourcesUtil) [Fabric] cur @ vanilla, auto-enabled fabric-data-generation-api-v1, currently enabled: [vanilla, cloth-config, fabric-advancement-api-v1, fabric-api, fabric-api-base, fabric-api-lookup-api-v1, fabric-biome-api-v1, fabric-block-api-v1, fabric-block-getter-api-v2, fabric-client-gametest-api-v1, fabric-command-api-v2, fabric-content-registries-v0, fabric-convention-tags-v2, fabric-crash-report-info-v1, fabric-creative-tab-api-v1, fabric-data-attachment-api-v1, fabric-data-generation-api-v1]
[10:41:24] [Render thread/DEBUG] (net.fabricmc.fabric.impl.resource.pack.ModPackResourcesUtil) [Fabric] cur @ vanilla, auto-enabled fabric-debug-api-v1, currently enabled: [vanilla, cloth-config, fabric-advancement-api-v1, fabric-api, fabric-api-base, fabric-api-lookup-api-v1, fabric-biome-api-v1, fabric-block-api-v1, fabric-block-getter-api-v2, fabric-client-gametest-api-v1, fabric-command-api-v2, fabric-content-registries-v0, fabric-convention-tags-v2, fabric-crash-report-info-v1, fabric-creative-tab-api-v1, fabric-data-attachment-api-v1, fabric-data-generation-api-v1, fabric-debug-api-v1]
[10:41:24] [Render thread/DEBUG] (net.fabricmc.fabric.impl.resource.pack.ModPackResourcesUtil) [Fabric] cur @ vanilla, auto-enabled fabric-dimensions-v1, currently enabled: [vanilla, cloth-config, fabric-advancement-api-v1, fabric-api, fabric-api-base, fabric-api-lookup-api-v1, fabric-biome-api-v1, fabric-block-api-v1, fabric-block-getter-api-v2, fabric-client-gametest-api-v1, fabric-command-api-v2, fabric-content-registries-v0, fabric-convention-tags-v2, fabric-crash-report-info-v1, fabric-creative-tab-api-v1, fabric-data-attachment-api-v1, fabric-data-generation-api-v1, fabric-debug-api-v1, fabric-dimensions-v1]
[10:41:24] [Render thread/DEBUG] (net.fabricmc.fabric.impl.resource.pack.ModPackResourcesUtil) [Fabric] cur @ vanilla, auto-enabled fabric-entity-events-v1, currently enabled: [vanilla, cloth-config, fabric-advancement-api-v1, fabric-api, fabric-api-base, fabric-api-lookup-api-v1, fabric-biome-api-v1, fabric-block-api-v1, fabric-block-getter-api-v2, fabric-client-gametest-api-v1, fabric-command-api-v2, fabric-content-registries-v0, fabric-convention-tags-v2, fabric-crash-report-info-v1, fabric-creative-tab-api-v1, fabric-data-attachment-api-v1, fabric-data-generation-api-v1, fabric-debug-api-v1, fabric-dimensions-v1, fabric-entity-events-v1]
[10:41:24] [Render thread/DEBUG] (net.fabricmc.fabric.impl.resource.pack.ModPackResourcesUtil) [Fabric] cur @ vanilla, auto-enabled fabric-events-interaction-v0, currently enabled: [vanilla, cloth-config, fabric-advancement-api-v1, fabric-api, fabric-api-base, fabric-api-lookup-api-v1, fabric-biome-api-v1, fabric-block-api-v1, fabric-block-getter-api-v2, fabric-client-gametest-api-v1, fabric-command-api-v2, fabric-content-registries-v0, fabric-convention-tags-v2, fabric-crash-report-info-v1, fabric-creative-tab-api-v1, fabric-data-attachment-api-v1, fabric-data-generation-api-v1, fabric-debug-api-v1, fabric-dimensions-v1, fabric-entity-events-v1, fabric-events-interaction-v0]
[10:41:24] [Render thread/DEBUG] (net.fabricmc.fabric.impl.resource.pack.ModPackResourcesUtil) [Fabric] cur @ vanilla, auto-enabled fabric-game-rule-api-v1, currently enabled: [vanilla, cloth-config, fabric-advancement-api-v1, fabric-api, fabric-api-base, fabric-api-lookup-api-v1, fabric-biome-api-v1, fabric-block-api-v1, fabric-block-getter-api-v2, fabric-client-gametest-api-v1, fabric-command-api-v2, fabric-content-registries-v0, fabric-convention-tags-v2, fabric-crash-report-info-v1, fabric-creative-tab-api-v1, fabric-data-attachment-api-v1, fabric-data-generation-api-v1, fabric-debug-api-v1, fabric-dimensions-v1, fabric-entity-events-v1, fabric-events-interaction-v0, fabric-game-rule-api-v1]
[10:41:24] [Render thread/DEBUG] (net.fabricmc.fabric.impl.resource.pack.ModPackResourcesUtil) [Fabric] cur @ vanilla, auto-enabled fabric-gametest-api-v1, currently enabled: [vanilla, cloth-config, fabric-advancement-api-v1, fabric-api, fabric-api-base, fabric-api-lookup-api-v1, fabric-biome-api-v1, fabric-block-api-v1, fabric-block-getter-api-v2, fabric-client-gametest-api-v1, fabric-command-api-v2, fabric-content-registries-v0, fabric-convention-tags-v2, fabric-crash-report-info-v1, fabric-creative-tab-api-v1, fabric-data-attachment-api-v1, fabric-data-generation-api-v1, fabric-debug-api-v1, fabric-dimensions-v1, fabric-entity-events-v1, fabric-events-interaction-v0, fabric-game-rule-api-v1, fabric-gametest-api-v1]
[10:41:24] [Render thread/DEBUG] (net.fabricmc.fabric.impl.resource.pack.ModPackResourcesUtil) [Fabric] cur @ vanilla, auto-enabled fabric-item-api-v1, currently enabled: [vanilla, cloth-config, fabric-advancement-api-v1, fabric-api, fabric-api-base, fabric-api-lookup-api-v1, fabric-biome-api-v1, fabric-block-api-v1, fabric-block-getter-api-v2, fabric-client-gametest-api-v1, fabric-command-api-v2, fabric-content-registries-v0, fabric-convention-tags-v2, fabric-crash-report-info-v1, fabric-creative-tab-api-v1, fabric-data-attachment-api-v1, fabric-data-generation-api-v1, fabric-debug-api-v1, fabric-dimensions-v1, fabric-entity-events-v1, fabric-events-interaction-v0, fabric-game-rule-api-v1, fabric-gametest-api-v1, fabric-item-api-v1]
[10:41:24] [Render thread/DEBUG] (net.fabricmc.fabric.impl.resource.pack.ModPackResourcesUtil) [Fabric] cur @ vanilla, auto-enabled fabric-key-mapping-api-v1, currently enabled: [vanilla, cloth-config, fabric-advancement-api-v1, fabric-api, fabric-api-base, fabric-api-lookup-api-v1, fabric-biome-api-v1, fabric-block-api-v1, fabric-block-getter-api-v2, fabric-client-gametest-api-v1, fabric-command-api-v2, fabric-content-registries-v0, fabric-convention-tags-v2, fabric-crash-report-info-v1, fabric-creative-tab-api-v1, fabric-data-attachment-api-v1, fabric-data-generation-api-v1, fabric-debug-api-v1, fabric-dimensions-v1, fabric-entity-events-v1, fabric-events-interaction-v0, fabric-game-rule-api-v1, fabric-gametest-api-v1, fabric-item-api-v1, fabric-key-mapping-api-v1]
[10:41:24] [Render thread/DEBUG] (net.fabricmc.fabric.impl.resource.pack.ModPackResourcesUtil) [Fabric] cur @ vanilla, auto-enabled fabric-lifecycle-events-v1, currently enabled: [vanilla, cloth-config, fabric-advancement-api-v1, fabric-api, fabric-api-base, fabric-api-lookup-api-v1, fabric-biome-api-v1, fabric-block-api-v1, fabric-block-getter-api-v2, fabric-client-gametest-api-v1, fabric-command-api-v2, fabric-content-registries-v0, fabric-convention-tags-v2, fabric-crash-report-info-v1, fabric-creative-tab-api-v1, fabric-data-attachment-api-v1, fabric-data-generation-api-v1, fabric-debug-api-v1, fabric-dimensions-v1, fabric-entity-events-v1, fabric-events-interaction-v0, fabric-game-rule-api-v1, fabric-gametest-api-v1, fabric-item-api-v1, fabric-key-mapping-api-v1, fabric-lifecycle-events-v1]
[10:41:24] [Render thread/DEBUG] (net.fabricmc.fabric.impl.resource.pack.ModPackResourcesUtil) [Fabric] cur @ vanilla, auto-enabled fabric-loot-api-v3, currently enabled: [vanilla, cloth-config, fabric-advancement-api-v1, fabric-api, fabric-api-base, fabric-api-lookup-api-v1, fabric-biome-api-v1, fabric-block-api-v1, fabric-block-getter-api-v2, fabric-client-gametest-api-v1, fabric-command-api-v2, fabric-content-registries-v0, fabric-convention-tags-v2, fabric-crash-report-info-v1, fabric-creative-tab-api-v1, fabric-data-attachment-api-v1, fabric-data-generation-api-v1, fabric-debug-api-v1, fabric-dimensions-v1, fabric-entity-events-v1, fabric-events-interaction-v0, fabric-game-rule-api-v1, fabric-gametest-api-v1, fabric-item-api-v1, fabric-key-mapping-api-v1, fabric-lifecycle-events-v1, fabric-loot-api-v3]
[10:41:24] [Render thread/DEBUG] (net.fabricmc.fabric.impl.resource.pack.ModPackResourcesUtil) [Fabric] cur @ vanilla, auto-enabled fabric-menu-api-v1, currently enabled: [vanilla, cloth-config, fabric-advancement-api-v1, fabric-api, fabric-api-base, fabric-api-lookup-api-v1, fabric-biome-api-v1, fabric-block-api-v1, fabric-block-getter-api-v2, fabric-client-gametest-api-v1, fabric-command-api-v2, fabric-content-registries-v0, fabric-convention-tags-v2, fabric-crash-report-info-v1, fabric-creative-tab-api-v1, fabric-data-attachment-api-v1, fabric-data-generation-api-v1, fabric-debug-api-v1, fabric-dimensions-v1, fabric-entity-events-v1, fabric-events-interaction-v0, fabric-game-rule-api-v1, fabric-gametest-api-v1, fabric-item-api-v1, fabric-key-mapping-api-v1, fabric-lifecycle-events-v1, fabric-loot-api-v3, fabric-menu-api-v1]
[10:41:24] [Render thread/DEBUG] (net.fabricmc.fabric.impl.resource.pack.ModPackResourcesUtil) [Fabric] cur @ vanilla, auto-enabled fabric-message-api-v1, currently enabled: [vanilla, cloth-config, fabric-advancement-api-v1, fabric-api, fabric-api-base, fabric-api-lookup-api-v1, fabric-biome-api-v1, fabric-block-api-v1, fabric-block-getter-api-v2, fabric-client-gametest-api-v1, fabric-command-api-v2, fabric-content-registries-v0, fabric-convention-tags-v2, fabric-crash-report-info-v1, fabric-creative-tab-api-v1, fabric-data-attachment-api-v1, fabric-data-generation-api-v1, fabric-debug-api-v1, fabric-dimensions-v1, fabric-entity-events-v1, fabric-events-interaction-v0, fabric-game-rule-api-v1, fabric-gametest-api-v1, fabric-item-api-v1, fabric-key-mapping-api-v1, fabric-lifecycle-events-v1, fabric-loot-api-v3, fabric-menu-api-v1, fabric-message-api-v1]
[10:41:24] [Render thread/DEBUG] (net.fabricmc.fabric.impl.resource.pack.ModPackResourcesUtil) [Fabric] cur @ vanilla, auto-enabled fabric-model-loading-api-v1, currently enabled: [vanilla, cloth-config, fabric-advancement-api-v1, fabric-api, fabric-api-base, fabric-api-lookup-api-v1, fabric-biome-api-v1, fabric-block-api-v1, fabric-block-getter-api-v2, fabric-client-gametest-api-v1, fabric-command-api-v2, fabric-content-registries-v0, fabric-convention-tags-v2, fabric-crash-report-info-v1, fabric-creative-tab-api-v1, fabric-data-attachment-api-v1, fabric-data-generation-api-v1, fabric-debug-api-v1, fabric-dimensions-v1, fabric-entity-events-v1, fabric-events-interaction-v0, fabric-game-rule-api-v1, fabric-gametest-api-v1, fabric-item-api-v1, fabric-key-mapping-api-v1, fabric-lifecycle-events-v1, fabric-loot-api-v3, fabric-menu-api-v1, fabric-message-api-v1, fabric-model-loading-api-v1]
[10:41:24] [Render thread/DEBUG] (net.fabricmc.fabric.impl.resource.pack.ModPackResourcesUtil) [Fabric] cur @ vanilla, auto-enabled fabric-networking-api-v1, currently enabled: [vanilla, cloth-config, fabric-advancement-api-v1, fabric-api, fabric-api-base, fabric-api-lookup-api-v1, fabric-biome-api-v1, fabric-block-api-v1, fabric-block-getter-api-v2, fabric-client-gametest-api-v1, fabric-command-api-v2, fabric-content-registries-v0, fabric-convention-tags-v2, fabric-crash-report-info-v1, fabric-creative-tab-api-v1, fabric-data-attachment-api-v1, fabric-data-generation-api-v1, fabric-debug-api-v1, fabric-dimensions-v1, fabric-entity-events-v1, fabric-events-interaction-v0, fabric-game-rule-api-v1, fabric-gametest-api-v1, fabric-item-api-v1, fabric-key-mapping-api-v1, fabric-lifecycle-events-v1, fabric-loot-api-v3, fabric-menu-api-v1, fabric-message-api-v1, fabric-model-loading-api-v1, fabric-networking-api-v1]
[10:41:24] [Render thread/DEBUG] (net.fabricmc.fabric.impl.resource.pack.ModPackResourcesUtil) [Fabric] cur @ vanilla, auto-enabled fabric-object-builder-api-v1, currently enabled: [vanilla, cloth-config, fabric-advancement-api-v1, fabric-api, fabric-api-base, fabric-api-lookup-api-v1, fabric-biome-api-v1, fabric-block-api-v1, fabric-block-getter-api-v2, fabric-client-gametest-api-v1, fabric-command-api-v2, fabric-content-registries-v0, fabric-convention-tags-v2, fabric-crash-report-info-v1, fabric-creative-tab-api-v1, fabric-data-attachment-api-v1, fabric-data-generation-api-v1, fabric-debug-api-v1, fabric-dimensions-v1, fabric-entity-events-v1, fabric-events-interaction-v0, fabric-game-rule-api-v1, fabric-gametest-api-v1, fabric-item-api-v1, fabric-key-mapping-api-v1, fabric-lifecycle-events-v1, fabric-loot-api-v3, fabric-menu-api-v1, fabric-message-api-v1, fabric-model-loading-api-v1, fabric-networking-api-v1, fabric-object-builder-api-v1]
[10:41:24] [Render thread/DEBUG] (net.fabricmc.fabric.impl.resource.pack.ModPackResourcesUtil) [Fabric] cur @ vanilla, auto-enabled fabric-particles-v1, currently enabled: [vanilla, cloth-config, fabric-advancement-api-v1, fabric-api, fabric-api-base, fabric-api-lookup-api-v1, fabric-biome-api-v1, fabric-block-api-v1, fabric-block-getter-api-v2, fabric-client-gametest-api-v1, fabric-command-api-v2, fabric-content-registries-v0, fabric-convention-tags-v2, fabric-crash-report-info-v1, fabric-creative-tab-api-v1, fabric-data-attachment-api-v1, fabric-data-generation-api-v1, fabric-debug-api-v1, fabric-dimensions-v1, fabric-entity-events-v1, fabric-events-interaction-v0, fabric-game-rule-api-v1, fabric-gametest-api-v1, fabric-item-api-v1, fabric-key-mapping-api-v1, fabric-lifecycle-events-v1, fabric-loot-api-v3, fabric-menu-api-v1, fabric-message-api-v1, fabric-model-loading-api-v1, fabric-networking-api-v1, fabric-object-builder-api-v1, fabric-particles-v1]
[10:41:24] [Render thread/DEBUG] (net.fabricmc.fabric.impl.resource.pack.ModPackResourcesUtil) [Fabric] cur @ vanilla, auto-enabled fabric-permission-api-v1, currently enabled: [vanilla, cloth-config, fabric-advancement-api-v1, fabric-api, fabric-api-base, fabric-api-lookup-api-v1, fabric-biome-api-v1, fabric-block-api-v1, fabric-block-getter-api-v2, fabric-client-gametest-api-v1, fabric-command-api-v2, fabric-content-registries-v0, fabric-convention-tags-v2, fabric-crash-report-info-v1, fabric-creative-tab-api-v1, fabric-data-attachment-api-v1, fabric-data-generation-api-v1, fabric-debug-api-v1, fabric-dimensions-v1, fabric-entity-events-v1, fabric-events-interaction-v0, fabric-game-rule-api-v1, fabric-gametest-api-v1, fabric-item-api-v1, fabric-key-mapping-api-v1, fabric-lifecycle-events-v1, fabric-loot-api-v3, fabric-menu-api-v1, fabric-message-api-v1, fabric-model-loading-api-v1, fabric-networking-api-v1, fabric-object-builder-api-v1, fabric-particles-v1, fabric-permission-api-v1]
[10:41:24] [Render thread/DEBUG] (net.fabricmc.fabric.impl.resource.pack.ModPackResourcesUtil) [Fabric] cur @ vanilla, auto-enabled fabric-recipe-api-v1, currently enabled: [vanilla, cloth-config, fabric-advancement-api-v1, fabric-api, fabric-api-base, fabric-api-lookup-api-v1, fabric-biome-api-v1, fabric-block-api-v1, fabric-block-getter-api-v2, fabric-client-gametest-api-v1, fabric-command-api-v2, fabric-content-registries-v0, fabric-convention-tags-v2, fabric-crash-report-info-v1, fabric-creative-tab-api-v1, fabric-data-attachment-api-v1, fabric-data-generation-api-v1, fabric-debug-api-v1, fabric-dimensions-v1, fabric-entity-events-v1, fabric-events-interaction-v0, fabric-game-rule-api-v1, fabric-gametest-api-v1, fabric-item-api-v1, fabric-key-mapping-api-v1, fabric-lifecycle-events-v1, fabric-loot-api-v3, fabric-menu-api-v1, fabric-message-api-v1, fabric-model-loading-api-v1, fabric-networking-api-v1, fabric-object-builder-api-v1, fabric-particles-v1, fabric-permission-api-v1, fabric-recipe-api-v1]
[10:41:24] [Render thread/DEBUG] (net.fabricmc.fabric.impl.resource.pack.ModPackResourcesUtil) [Fabric] cur @ vanilla, auto-enabled fabric-registry-sync-v0, currently enabled: [vanilla, cloth-config, fabric-advancement-api-v1, fabric-api, fabric-api-base, fabric-api-lookup-api-v1, fabric-biome-api-v1, fabric-block-api-v1, fabric-block-getter-api-v2, fabric-client-gametest-api-v1, fabric-command-api-v2, fabric-content-registries-v0, fabric-convention-tags-v2, fabric-crash-report-info-v1, fabric-creative-tab-api-v1, fabric-data-attachment-api-v1, fabric-data-generation-api-v1, fabric-debug-api-v1, fabric-dimensions-v1, fabric-entity-events-v1, fabric-events-interaction-v0, fabric-game-rule-api-v1, fabric-gametest-api-v1, fabric-item-api-v1, fabric-key-mapping-api-v1, fabric-lifecycle-events-v1, fabric-loot-api-v3, fabric-menu-api-v1, fabric-message-api-v1, fabric-model-loading-api-v1, fabric-networking-api-v1, fabric-object-builder-api-v1, fabric-particles-v1, fabric-permission-api-v1, fabric-recipe-api-v1, fabric-registry-sync-v0]
[10:41:24] [Render thread/DEBUG] (net.fabricmc.fabric.impl.resource.pack.ModPackResourcesUtil) [Fabric] cur @ vanilla, auto-enabled fabric-renderer-api-v1, currently enabled: [vanilla, cloth-config, fabric-advancement-api-v1, fabric-api, fabric-api-base, fabric-api-lookup-api-v1, fabric-biome-api-v1, fabric-block-api-v1, fabric-block-getter-api-v2, fabric-client-gametest-api-v1, fabric-command-api-v2, fabric-content-registries-v0, fabric-convention-tags-v2, fabric-crash-report-info-v1, fabric-creative-tab-api-v1, fabric-data-attachment-api-v1, fabric-data-generation-api-v1, fabric-debug-api-v1, fabric-dimensions-v1, fabric-entity-events-v1, fabric-events-interaction-v0, fabric-game-rule-api-v1, fabric-gametest-api-v1, fabric-item-api-v1, fabric-key-mapping-api-v1, fabric-lifecycle-events-v1, fabric-loot-api-v3, fabric-menu-api-v1, fabric-message-api-v1, fabric-model-loading-api-v1, fabric-networking-api-v1, fabric-object-builder-api-v1, fabric-particles-v1, fabric-permission-api-v1, fabric-recipe-api-v1, fabric-registry-sync-v0, fabric-renderer-api-v1]
[10:41:24] [Render thread/DEBUG] (net.fabricmc.fabric.impl.resource.pack.ModPackResourcesUtil) [Fabric] cur @ vanilla, auto-enabled fabric-renderer-indigo, currently enabled: [vanilla, cloth-config, fabric-advancement-api-v1, fabric-api, fabric-api-base, fabric-api-lookup-api-v1, fabric-biome-api-v1, fabric-block-api-v1, fabric-block-getter-api-v2, fabric-client-gametest-api-v1, fabric-command-api-v2, fabric-content-registries-v0, fabric-convention-tags-v2, fabric-crash-report-info-v1, fabric-creative-tab-api-v1, fabric-data-attachment-api-v1, fabric-data-generation-api-v1, fabric-debug-api-v1, fabric-dimensions-v1, fabric-entity-events-v1, fabric-events-interaction-v0, fabric-game-rule-api-v1, fabric-gametest-api-v1, fabric-item-api-v1, fabric-key-mapping-api-v1, fabric-lifecycle-events-v1, fabric-loot-api-v3, fabric-menu-api-v1, fabric-message-api-v1, fabric-model-loading-api-v1, fabric-networking-api-v1, fabric-object-builder-api-v1, fabric-particles-v1, fabric-permission-api-v1, fabric-recipe-api-v1, fabric-registry-sync-v0, fabric-renderer-api-v1, fabric-renderer-indigo]
[10:41:24] [Render thread/DEBUG] (net.fabricmc.fabric.impl.resource.pack.ModPackResourcesUtil) [Fabric] cur @ vanilla, auto-enabled fabric-rendering-fluids-v1, currently enabled: [vanilla, cloth-config, fabric-advancement-api-v1, fabric-api, fabric-api-base, fabric-api-lookup-api-v1, fabric-biome-api-v1, fabric-block-api-v1, fabric-block-getter-api-v2, fabric-client-gametest-api-v1, fabric-command-api-v2, fabric-content-registries-v0, fabric-convention-tags-v2, fabric-crash-report-info-v1, fabric-creative-tab-api-v1, fabric-data-attachment-api-v1, fabric-data-generation-api-v1, fabric-debug-api-v1, fabric-dimensions-v1, fabric-entity-events-v1, fabric-events-interaction-v0, fabric-game-rule-api-v1, fabric-gametest-api-v1, fabric-item-api-v1, fabric-key-mapping-api-v1, fabric-lifecycle-events-v1, fabric-loot-api-v3, fabric-menu-api-v1, fabric-message-api-v1, fabric-model-loading-api-v1, fabric-networking-api-v1, fabric-object-builder-api-v1, fabric-particles-v1, fabric-permission-api-v1, fabric-recipe-api-v1, fabric-registry-sync-v0, fabric-renderer-api-v1, fabric-renderer-indigo, fabric-rendering-fluids-v1]
[10:41:24] [Render thread/DEBUG] (net.fabricmc.fabric.impl.resource.pack.ModPackResourcesUtil) [Fabric] cur @ vanilla, auto-enabled fabric-rendering-v1, currently enabled: [vanilla, cloth-config, fabric-advancement-api-v1, fabric-api, fabric-api-base, fabric-api-lookup-api-v1, fabric-biome-api-v1, fabric-block-api-v1, fabric-block-getter-api-v2, fabric-client-gametest-api-v1, fabric-command-api-v2, fabric-content-registries-v0, fabric-convention-tags-v2, fabric-crash-report-info-v1, fabric-creative-tab-api-v1, fabric-data-attachment-api-v1, fabric-data-generation-api-v1, fabric-debug-api-v1, fabric-dimensions-v1, fabric-entity-events-v1, fabric-events-interaction-v0, fabric-game-rule-api-v1, fabric-gametest-api-v1, fabric-item-api-v1, fabric-key-mapping-api-v1, fabric-lifecycle-events-v1, fabric-loot-api-v3, fabric-menu-api-v1, fabric-message-api-v1, fabric-model-loading-api-v1, fabric-networking-api-v1, fabric-object-builder-api-v1, fabric-particles-v1, fabric-permission-api-v1, fabric-recipe-api-v1, fabric-registry-sync-v0, fabric-renderer-api-v1, fabric-renderer-indigo, fabric-rendering-fluids-v1, fabric-rendering-v1]
[10:41:24] [Render thread/DEBUG] (net.fabricmc.fabric.impl.resource.pack.ModPackResourcesUtil) [Fabric] cur @ vanilla, auto-enabled fabric-resource-conditions-api-v1, currently enabled: [vanilla, cloth-config, fabric-advancement-api-v1, fabric-api, fabric-api-base, fabric-api-lookup-api-v1, fabric-biome-api-v1, fabric-block-api-v1, fabric-block-getter-api-v2, fabric-client-gametest-api-v1, fabric-command-api-v2, fabric-content-registries-v0, fabric-convention-tags-v2, fabric-crash-report-info-v1, fabric-creative-tab-api-v1, fabric-data-attachment-api-v1, fabric-data-generation-api-v1, fabric-debug-api-v1, fabric-dimensions-v1, fabric-entity-events-v1, fabric-events-interaction-v0, fabric-game-rule-api-v1, fabric-gametest-api-v1, fabric-item-api-v1, fabric-key-mapping-api-v1, fabric-lifecycle-events-v1, fabric-loot-api-v3, fabric-menu-api-v1, fabric-message-api-v1, fabric-model-loading-api-v1, fabric-networking-api-v1, fabric-object-builder-api-v1, fabric-particles-v1, fabric-permission-api-v1, fabric-recipe-api-v1, fabric-registry-sync-v0, fabric-renderer-api-v1, fabric-renderer-indigo, fabric-rendering-fluids-v1, fabric-rendering-v1, fabric-resource-conditions-api-v1]
[10:41:24] [Render thread/DEBUG] (net.fabricmc.fabric.impl.resource.pack.ModPackResourcesUtil) [Fabric] cur @ vanilla, auto-enabled fabric-resource-loader-v0, currently enabled: [vanilla, cloth-config, fabric-advancement-api-v1, fabric-api, fabric-api-base, fabric-api-lookup-api-v1, fabric-biome-api-v1, fabric-block-api-v1, fabric-block-getter-api-v2, fabric-client-gametest-api-v1, fabric-command-api-v2, fabric-content-registries-v0, fabric-convention-tags-v2, fabric-crash-report-info-v1, fabric-creative-tab-api-v1, fabric-data-attachment-api-v1, fabric-data-generation-api-v1, fabric-debug-api-v1, fabric-dimensions-v1, fabric-entity-events-v1, fabric-events-interaction-v0, fabric-game-rule-api-v1, fabric-gametest-api-v1, fabric-item-api-v1, fabric-key-mapping-api-v1, fabric-lifecycle-events-v1, fabric-loot-api-v3, fabric-menu-api-v1, fabric-message-api-v1, fabric-model-loading-api-v1, fabric-networking-api-v1, fabric-object-builder-api-v1, fabric-particles-v1, fabric-permission-api-v1, fabric-recipe-api-v1, fabric-registry-sync-v0, fabric-renderer-api-v1, fabric-renderer-indigo, fabric-rendering-fluids-v1, fabric-rendering-v1, fabric-resource-conditions-api-v1, fabric-resource-loader-v0]
[10:41:24] [Render thread/DEBUG] (net.fabricmc.fabric.impl.resource.pack.ModPackResourcesUtil) [Fabric] cur @ vanilla, auto-enabled fabric-resource-loader-v1, currently enabled: [vanilla, cloth-config, fabric-advancement-api-v1, fabric-api, fabric-api-base, fabric-api-lookup-api-v1, fabric-biome-api-v1, fabric-block-api-v1, fabric-block-getter-api-v2, fabric-client-gametest-api-v1, fabric-command-api-v2, fabric-content-registries-v0, fabric-convention-tags-v2, fabric-crash-report-info-v1, fabric-creative-tab-api-v1, fabric-data-attachment-api-v1, fabric-data-generation-api-v1, fabric-debug-api-v1, fabric-dimensions-v1, fabric-entity-events-v1, fabric-events-interaction-v0, fabric-game-rule-api-v1, fabric-gametest-api-v1, fabric-item-api-v1, fabric-key-mapping-api-v1, fabric-lifecycle-events-v1, fabric-loot-api-v3, fabric-menu-api-v1, fabric-message-api-v1, fabric-model-loading-api-v1, fabric-networking-api-v1, fabric-object-builder-api-v1, fabric-particles-v1, fabric-permission-api-v1, fabric-recipe-api-v1, fabric-registry-sync-v0, fabric-renderer-api-v1, fabric-renderer-indigo, fabric-rendering-fluids-v1, fabric-rendering-v1, fabric-resource-conditions-api-v1, fabric-resource-loader-v0, fabric-resource-loader-v1]
[10:41:24] [Render thread/DEBUG] (net.fabricmc.fabric.impl.resource.pack.ModPackResourcesUtil) [Fabric] cur @ vanilla, auto-enabled fabric-screen-api-v1, currently enabled: [vanilla, cloth-config, fabric-advancement-api-v1, fabric-api, fabric-api-base, fabric-api-lookup-api-v1, fabric-biome-api-v1, fabric-block-api-v1, fabric-block-getter-api-v2, fabric-client-gametest-api-v1, fabric-command-api-v2, fabric-content-registries-v0, fabric-convention-tags-v2, fabric-crash-report-info-v1, fabric-creative-tab-api-v1, fabric-data-attachment-api-v1, fabric-data-generation-api-v1, fabric-debug-api-v1, fabric-dimensions-v1, fabric-entity-events-v1, fabric-events-interaction-v0, fabric-game-rule-api-v1, fabric-gametest-api-v1, fabric-item-api-v1, fabric-key-mapping-api-v1, fabric-lifecycle-events-v1, fabric-loot-api-v3, fabric-menu-api-v1, fabric-message-api-v1, fabric-model-loading-api-v1, fabric-networking-api-v1, fabric-object-builder-api-v1, fabric-particles-v1, fabric-permission-api-v1, fabric-recipe-api-v1, fabric-registry-sync-v0, fabric-renderer-api-v1, fabric-renderer-indigo, fabric-rendering-fluids-v1, fabric-rendering-v1, fabric-resource-conditions-api-v1, fabric-resource-loader-v0, fabric-resource-loader-v1, fabric-screen-api-v1]
[10:41:24] [Render thread/DEBUG] (net.fabricmc.fabric.impl.resource.pack.ModPackResourcesUtil) [Fabric] cur @ vanilla, auto-enabled fabric-serialization-api-v1, currently enabled: [vanilla, cloth-config, fabric-advancement-api-v1, fabric-api, fabric-api-base, fabric-api-lookup-api-v1, fabric-biome-api-v1, fabric-block-api-v1, fabric-block-getter-api-v2, fabric-client-gametest-api-v1, fabric-command-api-v2, fabric-content-registries-v0, fabric-convention-tags-v2, fabric-crash-report-info-v1, fabric-creative-tab-api-v1, fabric-data-attachment-api-v1, fabric-data-generation-api-v1, fabric-debug-api-v1, fabric-dimensions-v1, fabric-entity-events-v1, fabric-events-interaction-v0, fabric-game-rule-api-v1, fabric-gametest-api-v1, fabric-item-api-v1, fabric-key-mapping-api-v1, fabric-lifecycle-events-v1, fabric-loot-api-v3, fabric-menu-api-v1, fabric-message-api-v1, fabric-model-loading-api-v1, fabric-networking-api-v1, fabric-object-builder-api-v1, fabric-particles-v1, fabric-permission-api-v1, fabric-recipe-api-v1, fabric-registry-sync-v0, fabric-renderer-api-v1, fabric-renderer-indigo, fabric-rendering-fluids-v1, fabric-rendering-v1, fabric-resource-conditions-api-v1, fabric-resource-loader-v0, fabric-resource-loader-v1, fabric-screen-api-v1, fabric-serialization-api-v1]
[10:41:24] [Render thread/DEBUG] (net.fabricmc.fabric.impl.resource.pack.ModPackResourcesUtil) [Fabric] cur @ vanilla, auto-enabled fabric-sound-api-v1, currently enabled: [vanilla, cloth-config, fabric-advancement-api-v1, fabric-api, fabric-api-base, fabric-api-lookup-api-v1, fabric-biome-api-v1, fabric-block-api-v1, fabric-block-getter-api-v2, fabric-client-gametest-api-v1, fabric-command-api-v2, fabric-content-registries-v0, fabric-convention-tags-v2, fabric-crash-report-info-v1, fabric-creative-tab-api-v1, fabric-data-attachment-api-v1, fabric-data-generation-api-v1, fabric-debug-api-v1, fabric-dimensions-v1, fabric-entity-events-v1, fabric-events-interaction-v0, fabric-game-rule-api-v1, fabric-gametest-api-v1, fabric-item-api-v1, fabric-key-mapping-api-v1, fabric-lifecycle-events-v1, fabric-loot-api-v3, fabric-menu-api-v1, fabric-message-api-v1, fabric-model-loading-api-v1, fabric-networking-api-v1, fabric-object-builder-api-v1, fabric-particles-v1, fabric-permission-api-v1, fabric-recipe-api-v1, fabric-registry-sync-v0, fabric-renderer-api-v1, fabric-renderer-indigo, fabric-rendering-fluids-v1, fabric-rendering-v1, fabric-resource-conditions-api-v1, fabric-resource-loader-v0, fabric-resource-loader-v1, fabric-screen-api-v1, fabric-serialization-api-v1, fabric-sound-api-v1]
[10:41:24] [Render thread/DEBUG] (net.fabricmc.fabric.impl.resource.pack.ModPackResourcesUtil) [Fabric] cur @ vanilla, auto-enabled fabric-tag-api-v1, currently enabled: [vanilla, cloth-config, fabric-advancement-api-v1, fabric-api, fabric-api-base, fabric-api-lookup-api-v1, fabric-biome-api-v1, fabric-block-api-v1, fabric-block-getter-api-v2, fabric-client-gametest-api-v1, fabric-command-api-v2, fabric-content-registries-v0, fabric-convention-tags-v2, fabric-crash-report-info-v1, fabric-creative-tab-api-v1, fabric-data-attachment-api-v1, fabric-data-generation-api-v1, fabric-debug-api-v1, fabric-dimensions-v1, fabric-entity-events-v1, fabric-events-interaction-v0, fabric-game-rule-api-v1, fabric-gametest-api-v1, fabric-item-api-v1, fabric-key-mapping-api-v1, fabric-lifecycle-events-v1, fabric-loot-api-v3, fabric-menu-api-v1, fabric-message-api-v1, fabric-model-loading-api-v1, fabric-networking-api-v1, fabric-object-builder-api-v1, fabric-particles-v1, fabric-permission-api-v1, fabric-recipe-api-v1, fabric-registry-sync-v0, fabric-renderer-api-v1, fabric-renderer-indigo, fabric-rendering-fluids-v1, fabric-rendering-v1, fabric-resource-conditions-api-v1, fabric-resource-loader-v0, fabric-resource-loader-v1, fabric-screen-api-v1, fabric-serialization-api-v1, fabric-sound-api-v1, fabric-tag-api-v1]
[10:41:24] [Render thread/DEBUG] (net.fabricmc.fabric.impl.resource.pack.ModPackResourcesUtil) [Fabric] cur @ vanilla, auto-enabled fabric-transfer-api-v1, currently enabled: [vanilla, cloth-config, fabric-advancement-api-v1, fabric-api, fabric-api-base, fabric-api-lookup-api-v1, fabric-biome-api-v1, fabric-block-api-v1, fabric-block-getter-api-v2, fabric-client-gametest-api-v1, fabric-command-api-v2, fabric-content-registries-v0, fabric-convention-tags-v2, fabric-crash-report-info-v1, fabric-creative-tab-api-v1, fabric-data-attachment-api-v1, fabric-data-generation-api-v1, fabric-debug-api-v1, fabric-dimensions-v1, fabric-entity-events-v1, fabric-events-interaction-v0, fabric-game-rule-api-v1, fabric-gametest-api-v1, fabric-item-api-v1, fabric-key-mapping-api-v1, fabric-lifecycle-events-v1, fabric-loot-api-v3, fabric-menu-api-v1, fabric-message-api-v1, fabric-model-loading-api-v1, fabric-networking-api-v1, fabric-object-builder-api-v1, fabric-particles-v1, fabric-permission-api-v1, fabric-recipe-api-v1, fabric-registry-sync-v0, fabric-renderer-api-v1, fabric-renderer-indigo, fabric-rendering-fluids-v1, fabric-rendering-v1, fabric-resource-conditions-api-v1, fabric-resource-loader-v0, fabric-resource-loader-v1, fabric-screen-api-v1, fabric-serialization-api-v1, fabric-sound-api-v1, fabric-tag-api-v1, fabric-transfer-api-v1]
[10:41:24] [Render thread/DEBUG] (net.fabricmc.fabric.impl.resource.pack.ModPackResourcesUtil) [Fabric] cur @ vanilla, auto-enabled fabric-transitive-access-wideners-v1, currently enabled: [vanilla, cloth-config, fabric-advancement-api-v1, fabric-api, fabric-api-base, fabric-api-lookup-api-v1, fabric-biome-api-v1, fabric-block-api-v1, fabric-block-getter-api-v2, fabric-client-gametest-api-v1, fabric-command-api-v2, fabric-content-registries-v0, fabric-convention-tags-v2, fabric-crash-report-info-v1, fabric-creative-tab-api-v1, fabric-data-attachment-api-v1, fabric-data-generation-api-v1, fabric-debug-api-v1, fabric-dimensions-v1, fabric-entity-events-v1, fabric-events-interaction-v0, fabric-game-rule-api-v1, fabric-gametest-api-v1, fabric-item-api-v1, fabric-key-mapping-api-v1, fabric-lifecycle-events-v1, fabric-loot-api-v3, fabric-menu-api-v1, fabric-message-api-v1, fabric-model-loading-api-v1, fabric-networking-api-v1, fabric-object-builder-api-v1, fabric-particles-v1, fabric-permission-api-v1, fabric-recipe-api-v1, fabric-registry-sync-v0, fabric-renderer-api-v1, fabric-renderer-indigo, fabric-rendering-fluids-v1, fabric-rendering-v1, fabric-resource-conditions-api-v1, fabric-resource-loader-v0, fabric-resource-loader-v1, fabric-screen-api-v1, fabric-serialization-api-v1, fabric-sound-api-v1, fabric-tag-api-v1, fabric-transfer-api-v1, fabric-transitive-access-wideners-v1]
[10:41:24] [Render thread/DEBUG] (net.fabricmc.fabric.impl.resource.pack.ModPackResourcesUtil) [Fabric] cur @ vanilla, auto-enabled fabricloader, currently enabled: [vanilla, cloth-config, fabric-advancement-api-v1, fabric-api, fabric-api-base, fabric-api-lookup-api-v1, fabric-biome-api-v1, fabric-block-api-v1, fabric-block-getter-api-v2, fabric-client-gametest-api-v1, fabric-command-api-v2, fabric-content-registries-v0, fabric-convention-tags-v2, fabric-crash-report-info-v1, fabric-creative-tab-api-v1, fabric-data-attachment-api-v1, fabric-data-generation-api-v1, fabric-debug-api-v1, fabric-dimensions-v1, fabric-entity-events-v1, fabric-events-interaction-v0, fabric-game-rule-api-v1, fabric-gametest-api-v1, fabric-item-api-v1, fabric-key-mapping-api-v1, fabric-lifecycle-events-v1, fabric-loot-api-v3, fabric-menu-api-v1, fabric-message-api-v1, fabric-model-loading-api-v1, fabric-networking-api-v1, fabric-object-builder-api-v1, fabric-particles-v1, fabric-permission-api-v1, fabric-recipe-api-v1, fabric-registry-sync-v0, fabric-renderer-api-v1, fabric-renderer-indigo, fabric-rendering-fluids-v1, fabric-rendering-v1, fabric-resource-conditions-api-v1, fabric-resource-loader-v0, fabric-resource-loader-v1, fabric-screen-api-v1, fabric-serialization-api-v1, fabric-sound-api-v1, fabric-tag-api-v1, fabric-transfer-api-v1, fabric-transitive-access-wideners-v1, fabricloader]
[10:41:24] [Render thread/DEBUG] (net.fabricmc.fabric.impl.resource.pack.ModPackResourcesUtil) [Fabric] cur @ vanilla, auto-enabled generated_e7d069e, currently enabled: [vanilla, cloth-config, fabric-advancement-api-v1, fabric-api, fabric-api-base, fabric-api-lookup-api-v1, fabric-biome-api-v1, fabric-block-api-v1, fabric-block-getter-api-v2, fabric-client-gametest-api-v1, fabric-command-api-v2, fabric-content-registries-v0, fabric-convention-tags-v2, fabric-crash-report-info-v1, fabric-creative-tab-api-v1, fabric-data-attachment-api-v1, fabric-data-generation-api-v1, fabric-debug-api-v1, fabric-dimensions-v1, fabric-entity-events-v1, fabric-events-interaction-v0, fabric-game-rule-api-v1, fabric-gametest-api-v1, fabric-item-api-v1, fabric-key-mapping-api-v1, fabric-lifecycle-events-v1, fabric-loot-api-v3, fabric-menu-api-v1, fabric-message-api-v1, fabric-model-loading-api-v1, fabric-networking-api-v1, fabric-object-builder-api-v1, fabric-particles-v1, fabric-permission-api-v1, fabric-recipe-api-v1, fabric-registry-sync-v0, fabric-renderer-api-v1, fabric-renderer-indigo, fabric-rendering-fluids-v1, fabric-rendering-v1, fabric-resource-conditions-api-v1, fabric-resource-loader-v0, fabric-resource-loader-v1, fabric-screen-api-v1, fabric-serialization-api-v1, fabric-sound-api-v1, fabric-tag-api-v1, fabric-transfer-api-v1, fabric-transitive-access-wideners-v1, fabricloader, generated_e7d069e]
[10:41:24] [Render thread/DEBUG] (net.fabricmc.fabric.impl.resource.pack.ModPackResourcesUtil) [Fabric] cur @ vanilla, auto-enabled roughlyenoughitems, currently enabled: [vanilla, cloth-config, fabric-advancement-api-v1, fabric-api, fabric-api-base, fabric-api-lookup-api-v1, fabric-biome-api-v1, fabric-block-api-v1, fabric-block-getter-api-v2, fabric-client-gametest-api-v1, fabric-command-api-v2, fabric-content-registries-v0, fabric-convention-tags-v2, fabric-crash-report-info-v1, fabric-creative-tab-api-v1, fabric-data-attachment-api-v1, fabric-data-generation-api-v1, fabric-debug-api-v1, fabric-dimensions-v1, fabric-entity-events-v1, fabric-events-interaction-v0, fabric-game-rule-api-v1, fabric-gametest-api-v1, fabric-item-api-v1, fabric-key-mapping-api-v1, fabric-lifecycle-events-v1, fabric-loot-api-v3, fabric-menu-api-v1, fabric-message-api-v1, fabric-model-loading-api-v1, fabric-networking-api-v1, fabric-object-builder-api-v1, fabric-particles-v1, fabric-permission-api-v1, fabric-recipe-api-v1, fabric-registry-sync-v0, fabric-renderer-api-v1, fabric-renderer-indigo, fabric-rendering-fluids-v1, fabric-rendering-v1, fabric-resource-conditions-api-v1, fabric-resource-loader-v0, fabric-resource-loader-v1, fabric-screen-api-v1, fabric-serialization-api-v1, fabric-sound-api-v1, fabric-tag-api-v1, fabric-transfer-api-v1, fabric-transitive-access-wideners-v1, fabricloader, generated_e7d069e, roughlyenoughitems]
[10:41:24] [Render thread/DEBUG] (net.fabricmc.fabric.impl.resource.pack.ModPackResourcesUtil) [Fabric] cur @ vanilla, auto-enabled stargazer, currently enabled: [vanilla, cloth-config, fabric-advancement-api-v1, fabric-api, fabric-api-base, fabric-api-lookup-api-v1, fabric-biome-api-v1, fabric-block-api-v1, fabric-block-getter-api-v2, fabric-client-gametest-api-v1, fabric-command-api-v2, fabric-content-registries-v0, fabric-convention-tags-v2, fabric-crash-report-info-v1, fabric-creative-tab-api-v1, fabric-data-attachment-api-v1, fabric-data-generation-api-v1, fabric-debug-api-v1, fabric-dimensions-v1, fabric-entity-events-v1, fabric-events-interaction-v0, fabric-game-rule-api-v1, fabric-gametest-api-v1, fabric-item-api-v1, fabric-key-mapping-api-v1, fabric-lifecycle-events-v1, fabric-loot-api-v3, fabric-menu-api-v1, fabric-message-api-v1, fabric-model-loading-api-v1, fabric-networking-api-v1, fabric-object-builder-api-v1, fabric-particles-v1, fabric-permission-api-v1, fabric-recipe-api-v1, fabric-registry-sync-v0, fabric-renderer-api-v1, fabric-renderer-indigo, fabric-rendering-fluids-v1, fabric-rendering-v1, fabric-resource-conditions-api-v1, fabric-resource-loader-v0, fabric-resource-loader-v1, fabric-screen-api-v1, fabric-serialization-api-v1, fabric-sound-api-v1, fabric-tag-api-v1, fabric-transfer-api-v1, fabric-transitive-access-wideners-v1, fabricloader, generated_e7d069e, roughlyenoughitems, stargazer]
[10:41:24] [Render thread/DEBUG] (net.fabricmc.fabric.impl.resource.pack.ModPackResourcesUtil) [Fabric] cur @ vanilla, auto-enabled team_reborn_energy, currently enabled: [vanilla, cloth-config, fabric-advancement-api-v1, fabric-api, fabric-api-base, fabric-api-lookup-api-v1, fabric-biome-api-v1, fabric-block-api-v1, fabric-block-getter-api-v2, fabric-client-gametest-api-v1, fabric-command-api-v2, fabric-content-registries-v0, fabric-convention-tags-v2, fabric-crash-report-info-v1, fabric-creative-tab-api-v1, fabric-data-attachment-api-v1, fabric-data-generation-api-v1, fabric-debug-api-v1, fabric-dimensions-v1, fabric-entity-events-v1, fabric-events-interaction-v0, fabric-game-rule-api-v1, fabric-gametest-api-v1, fabric-item-api-v1, fabric-key-mapping-api-v1, fabric-lifecycle-events-v1, fabric-loot-api-v3, fabric-menu-api-v1, fabric-message-api-v1, fabric-model-loading-api-v1, fabric-networking-api-v1, fabric-object-builder-api-v1, fabric-particles-v1, fabric-permission-api-v1, fabric-recipe-api-v1, fabric-registry-sync-v0, fabric-renderer-api-v1, fabric-renderer-indigo, fabric-rendering-fluids-v1, fabric-rendering-v1, fabric-resource-conditions-api-v1, fabric-resource-loader-v0, fabric-resource-loader-v1, fabric-screen-api-v1, fabric-serialization-api-v1, fabric-sound-api-v1, fabric-tag-api-v1, fabric-transfer-api-v1, fabric-transitive-access-wideners-v1, fabricloader, generated_e7d069e, roughlyenoughitems, stargazer, team_reborn_energy]
[10:41:24] [Render thread/DEBUG] (net.fabricmc.fabric.impl.resource.pack.ModPackResourcesUtil) [Fabric] Final sorting result: [vanilla, cloth-config, fabric-advancement-api-v1, fabric-api, fabric-api-base, fabric-api-lookup-api-v1, fabric-biome-api-v1, fabric-block-api-v1, fabric-block-getter-api-v2, fabric-client-gametest-api-v1, fabric-command-api-v2, fabric-content-registries-v0, fabric-convention-tags-v2, fabric-crash-report-info-v1, fabric-creative-tab-api-v1, fabric-data-attachment-api-v1, fabric-data-generation-api-v1, fabric-debug-api-v1, fabric-dimensions-v1, fabric-entity-events-v1, fabric-events-interaction-v0, fabric-game-rule-api-v1, fabric-gametest-api-v1, fabric-item-api-v1, fabric-key-mapping-api-v1, fabric-lifecycle-events-v1, fabric-loot-api-v3, fabric-menu-api-v1, fabric-message-api-v1, fabric-model-loading-api-v1, fabric-networking-api-v1, fabric-object-builder-api-v1, fabric-particles-v1, fabric-permission-api-v1, fabric-recipe-api-v1, fabric-registry-sync-v0, fabric-renderer-api-v1, fabric-renderer-indigo, fabric-rendering-fluids-v1, fabric-rendering-v1, fabric-resource-conditions-api-v1, fabric-resource-loader-v0, fabric-resource-loader-v1, fabric-screen-api-v1, fabric-serialization-api-v1, fabric-sound-api-v1, fabric-tag-api-v1, fabric-transfer-api-v1, fabric-transitive-access-wideners-v1, fabricloader, generated_e7d069e, roughlyenoughitems, stargazer, team_reborn_energy]
[10:41:24] [Render thread/DEBUG] (net.fabricmc.fabric.impl.resource.pack.ModPackResourcesUtil) [Fabric] Starting internal pack sorting with: [vanilla, cloth-config, fabric-advancement-api-v1, fabric-api, fabric-api-base, fabric-api-lookup-api-v1, fabric-biome-api-v1, fabric-block-api-v1, fabric-block-getter-api-v2, fabric-client-gametest-api-v1, fabric-command-api-v2, fabric-content-registries-v0, fabric-convention-tags-v2, fabric-crash-report-info-v1, fabric-creative-tab-api-v1, fabric-creative-tab-api-v1_programmer_art, fabric-data-attachment-api-v1, fabric-data-generation-api-v1, fabric-debug-api-v1, fabric-dimensions-v1, fabric-entity-events-v1, fabric-events-interaction-v0, fabric-game-rule-api-v1, fabric-gametest-api-v1, fabric-item-api-v1, fabric-key-mapping-api-v1, fabric-lifecycle-events-v1, fabric-loot-api-v3, fabric-menu-api-v1, fabric-message-api-v1, fabric-model-loading-api-v1, fabric-networking-api-v1, fabric-object-builder-api-v1, fabric-particles-v1, fabric-permission-api-v1, fabric-recipe-api-v1, fabric-registry-sync-v0, fabric-renderer-api-v1, fabric-renderer-indigo, fabric-rendering-fluids-v1, fabric-rendering-v1, fabric-resource-conditions-api-v1, fabric-resource-loader-v0, fabric-resource-loader-v1, fabric-screen-api-v1, fabric-serialization-api-v1, fabric-sound-api-v1, fabric-tag-api-v1, fabric-transfer-api-v1, fabric-transitive-access-wideners-v1, fabricloader, generated_e7d069e, roughlyenoughitems, stargazer, team_reborn_energy]
[10:41:24] [Render thread/DEBUG] (net.fabricmc.fabric.impl.resource.pack.ModPackResourcesUtil) [Fabric] Removed all internal packs, result: [vanilla]
[10:41:24] [Render thread/DEBUG] (net.fabricmc.fabric.impl.resource.pack.ModPackResourcesUtil) [Fabric] cur @ vanilla, auto-enabled cloth-config, currently enabled: [vanilla, cloth-config]
[10:41:24] [Render thread/DEBUG] (net.fabricmc.fabric.impl.resource.pack.ModPackResourcesUtil) [Fabric] cur @ vanilla, auto-enabled fabric-advancement-api-v1, currently enabled: [vanilla, cloth-config, fabric-advancement-api-v1]
[10:41:24] [Render thread/DEBUG] (net.fabricmc.fabric.impl.resource.pack.ModPackResourcesUtil) [Fabric] cur @ vanilla, auto-enabled fabric-api, currently enabled: [vanilla, cloth-config, fabric-advancement-api-v1, fabric-api]
[10:41:24] [Render thread/DEBUG] (net.fabricmc.fabric.impl.resource.pack.ModPackResourcesUtil) [Fabric] cur @ vanilla, auto-enabled fabric-api-base, currently enabled: [vanilla, cloth-config, fabric-advancement-api-v1, fabric-api, fabric-api-base]
[10:41:24] [Render thread/DEBUG] (net.fabricmc.fabric.impl.resource.pack.ModPackResourcesUtil) [Fabric] cur @ vanilla, auto-enabled fabric-api-lookup-api-v1, currently enabled: [vanilla, cloth-config, fabric-advancement-api-v1, fabric-api, fabric-api-base, fabric-api-lookup-api-v1]
[10:41:24] [Render thread/DEBUG] (net.fabricmc.fabric.impl.resource.pack.ModPackResourcesUtil) [Fabric] cur @ vanilla, auto-enabled fabric-biome-api-v1, currently enabled: [vanilla, cloth-config, fabric-advancement-api-v1, fabric-api, fabric-api-base, fabric-api-lookup-api-v1, fabric-biome-api-v1]
[10:41:24] [Render thread/DEBUG] (net.fabricmc.fabric.impl.resource.pack.ModPackResourcesUtil) [Fabric] cur @ vanilla, auto-enabled fabric-block-api-v1, currently enabled: [vanilla, cloth-config, fabric-advancement-api-v1, fabric-api, fabric-api-base, fabric-api-lookup-api-v1, fabric-biome-api-v1, fabric-block-api-v1]
[10:41:24] [Render thread/DEBUG] (net.fabricmc.fabric.impl.resource.pack.ModPackResourcesUtil) [Fabric] cur @ vanilla, auto-enabled fabric-block-getter-api-v2, currently enabled: [vanilla, cloth-config, fabric-advancement-api-v1, fabric-api, fabric-api-base, fabric-api-lookup-api-v1, fabric-biome-api-v1, fabric-block-api-v1, fabric-block-getter-api-v2]
[10:41:24] [Render thread/DEBUG] (net.fabricmc.fabric.impl.resource.pack.ModPackResourcesUtil) [Fabric] cur @ vanilla, auto-enabled fabric-client-gametest-api-v1, currently enabled: [vanilla, cloth-config, fabric-advancement-api-v1, fabric-api, fabric-api-base, fabric-api-lookup-api-v1, fabric-biome-api-v1, fabric-block-api-v1, fabric-block-getter-api-v2, fabric-client-gametest-api-v1]
[10:41:24] [Render thread/DEBUG] (net.fabricmc.fabric.impl.resource.pack.ModPackResourcesUtil) [Fabric] cur @ vanilla, auto-enabled fabric-command-api-v2, currently enabled: [vanilla, cloth-config, fabric-advancement-api-v1, fabric-api, fabric-api-base, fabric-api-lookup-api-v1, fabric-biome-api-v1, fabric-block-api-v1, fabric-block-getter-api-v2, fabric-client-gametest-api-v1, fabric-command-api-v2]
[10:41:24] [Render thread/DEBUG] (net.fabricmc.fabric.impl.resource.pack.ModPackResourcesUtil) [Fabric] cur @ vanilla, auto-enabled fabric-content-registries-v0, currently enabled: [vanilla, cloth-config, fabric-advancement-api-v1, fabric-api, fabric-api-base, fabric-api-lookup-api-v1, fabric-biome-api-v1, fabric-block-api-v1, fabric-block-getter-api-v2, fabric-client-gametest-api-v1, fabric-command-api-v2, fabric-content-registries-v0]
[10:41:24] [Render thread/DEBUG] (net.fabricmc.fabric.impl.resource.pack.ModPackResourcesUtil) [Fabric] cur @ vanilla, auto-enabled fabric-convention-tags-v2, currently enabled: [vanilla, cloth-config, fabric-advancement-api-v1, fabric-api, fabric-api-base, fabric-api-lookup-api-v1, fabric-biome-api-v1, fabric-block-api-v1, fabric-block-getter-api-v2, fabric-client-gametest-api-v1, fabric-command-api-v2, fabric-content-registries-v0, fabric-convention-tags-v2]
[10:41:24] [Render thread/DEBUG] (net.fabricmc.fabric.impl.resource.pack.ModPackResourcesUtil) [Fabric] cur @ vanilla, auto-enabled fabric-crash-report-info-v1, currently enabled: [vanilla, cloth-config, fabric-advancement-api-v1, fabric-api, fabric-api-base, fabric-api-lookup-api-v1, fabric-biome-api-v1, fabric-block-api-v1, fabric-block-getter-api-v2, fabric-client-gametest-api-v1, fabric-command-api-v2, fabric-content-registries-v0, fabric-convention-tags-v2, fabric-crash-report-info-v1]
[10:41:24] [Render thread/DEBUG] (net.fabricmc.fabric.impl.resource.pack.ModPackResourcesUtil) [Fabric] cur @ vanilla, auto-enabled fabric-creative-tab-api-v1, currently enabled: [vanilla, cloth-config, fabric-advancement-api-v1, fabric-api, fabric-api-base, fabric-api-lookup-api-v1, fabric-biome-api-v1, fabric-block-api-v1, fabric-block-getter-api-v2, fabric-client-gametest-api-v1, fabric-command-api-v2, fabric-content-registries-v0, fabric-convention-tags-v2, fabric-crash-report-info-v1, fabric-creative-tab-api-v1]
[10:41:24] [Render thread/DEBUG] (net.fabricmc.fabric.impl.resource.pack.ModPackResourcesUtil) [Fabric] cur @ vanilla, auto-enabled fabric-data-attachment-api-v1, currently enabled: [vanilla, cloth-config, fabric-advancement-api-v1, fabric-api, fabric-api-base, fabric-api-lookup-api-v1, fabric-biome-api-v1, fabric-block-api-v1, fabric-block-getter-api-v2, fabric-client-gametest-api-v1, fabric-command-api-v2, fabric-content-registries-v0, fabric-convention-tags-v2, fabric-crash-report-info-v1, fabric-creative-tab-api-v1, fabric-data-attachment-api-v1]
[10:41:24] [Render thread/DEBUG] (net.fabricmc.fabric.impl.resource.pack.ModPackResourcesUtil) [Fabric] cur @ vanilla, auto-enabled fabric-data-generation-api-v1, currently enabled: [vanilla, cloth-config, fabric-advancement-api-v1, fabric-api, fabric-api-base, fabric-api-lookup-api-v1, fabric-biome-api-v1, fabric-block-api-v1, fabric-block-getter-api-v2, fabric-client-gametest-api-v1, fabric-command-api-v2, fabric-content-registries-v0, fabric-convention-tags-v2, fabric-crash-report-info-v1, fabric-creative-tab-api-v1, fabric-data-attachment-api-v1, fabric-data-generation-api-v1]
[10:41:24] [Render thread/DEBUG] (net.fabricmc.fabric.impl.resource.pack.ModPackResourcesUtil) [Fabric] cur @ vanilla, auto-enabled fabric-debug-api-v1, currently enabled: [vanilla, cloth-config, fabric-advancement-api-v1, fabric-api, fabric-api-base, fabric-api-lookup-api-v1, fabric-biome-api-v1, fabric-block-api-v1, fabric-block-getter-api-v2, fabric-client-gametest-api-v1, fabric-command-api-v2, fabric-content-registries-v0, fabric-convention-tags-v2, fabric-crash-report-info-v1, fabric-creative-tab-api-v1, fabric-data-attachment-api-v1, fabric-data-generation-api-v1, fabric-debug-api-v1]
[10:41:24] [Render thread/DEBUG] (net.fabricmc.fabric.impl.resource.pack.ModPackResourcesUtil) [Fabric] cur @ vanilla, auto-enabled fabric-dimensions-v1, currently enabled: [vanilla, cloth-config, fabric-advancement-api-v1, fabric-api, fabric-api-base, fabric-api-lookup-api-v1, fabric-biome-api-v1, fabric-block-api-v1, fabric-block-getter-api-v2, fabric-client-gametest-api-v1, fabric-command-api-v2, fabric-content-registries-v0, fabric-convention-tags-v2, fabric-crash-report-info-v1, fabric-creative-tab-api-v1, fabric-data-attachment-api-v1, fabric-data-generation-api-v1, fabric-debug-api-v1, fabric-dimensions-v1]
[10:41:24] [Render thread/DEBUG] (net.fabricmc.fabric.impl.resource.pack.ModPackResourcesUtil) [Fabric] cur @ vanilla, auto-enabled fabric-entity-events-v1, currently enabled: [vanilla, cloth-config, fabric-advancement-api-v1, fabric-api, fabric-api-base, fabric-api-lookup-api-v1, fabric-biome-api-v1, fabric-block-api-v1, fabric-block-getter-api-v2, fabric-client-gametest-api-v1, fabric-command-api-v2, fabric-content-registries-v0, fabric-convention-tags-v2, fabric-crash-report-info-v1, fabric-creative-tab-api-v1, fabric-data-attachment-api-v1, fabric-data-generation-api-v1, fabric-debug-api-v1, fabric-dimensions-v1, fabric-entity-events-v1]
[10:41:24] [Render thread/DEBUG] (net.fabricmc.fabric.impl.resource.pack.ModPackResourcesUtil) [Fabric] cur @ vanilla, auto-enabled fabric-events-interaction-v0, currently enabled: [vanilla, cloth-config, fabric-advancement-api-v1, fabric-api, fabric-api-base, fabric-api-lookup-api-v1, fabric-biome-api-v1, fabric-block-api-v1, fabric-block-getter-api-v2, fabric-client-gametest-api-v1, fabric-command-api-v2, fabric-content-registries-v0, fabric-convention-tags-v2, fabric-crash-report-info-v1, fabric-creative-tab-api-v1, fabric-data-attachment-api-v1, fabric-data-generation-api-v1, fabric-debug-api-v1, fabric-dimensions-v1, fabric-entity-events-v1, fabric-events-interaction-v0]
[10:41:24] [Render thread/DEBUG] (net.fabricmc.fabric.impl.resource.pack.ModPackResourcesUtil) [Fabric] cur @ vanilla, auto-enabled fabric-game-rule-api-v1, currently enabled: [vanilla, cloth-config, fabric-advancement-api-v1, fabric-api, fabric-api-base, fabric-api-lookup-api-v1, fabric-biome-api-v1, fabric-block-api-v1, fabric-block-getter-api-v2, fabric-client-gametest-api-v1, fabric-command-api-v2, fabric-content-registries-v0, fabric-convention-tags-v2, fabric-crash-report-info-v1, fabric-creative-tab-api-v1, fabric-data-attachment-api-v1, fabric-data-generation-api-v1, fabric-debug-api-v1, fabric-dimensions-v1, fabric-entity-events-v1, fabric-events-interaction-v0, fabric-game-rule-api-v1]
[10:41:24] [Render thread/DEBUG] (net.fabricmc.fabric.impl.resource.pack.ModPackResourcesUtil) [Fabric] cur @ vanilla, auto-enabled fabric-gametest-api-v1, currently enabled: [vanilla, cloth-config, fabric-advancement-api-v1, fabric-api, fabric-api-base, fabric-api-lookup-api-v1, fabric-biome-api-v1, fabric-block-api-v1, fabric-block-getter-api-v2, fabric-client-gametest-api-v1, fabric-command-api-v2, fabric-content-registries-v0, fabric-convention-tags-v2, fabric-crash-report-info-v1, fabric-creative-tab-api-v1, fabric-data-attachment-api-v1, fabric-data-generation-api-v1, fabric-debug-api-v1, fabric-dimensions-v1, fabric-entity-events-v1, fabric-events-interaction-v0, fabric-game-rule-api-v1, fabric-gametest-api-v1]
[10:41:24] [Render thread/DEBUG] (net.fabricmc.fabric.impl.resource.pack.ModPackResourcesUtil) [Fabric] cur @ vanilla, auto-enabled fabric-item-api-v1, currently enabled: [vanilla, cloth-config, fabric-advancement-api-v1, fabric-api, fabric-api-base, fabric-api-lookup-api-v1, fabric-biome-api-v1, fabric-block-api-v1, fabric-block-getter-api-v2, fabric-client-gametest-api-v1, fabric-command-api-v2, fabric-content-registries-v0, fabric-convention-tags-v2, fabric-crash-report-info-v1, fabric-creative-tab-api-v1, fabric-data-attachment-api-v1, fabric-data-generation-api-v1, fabric-debug-api-v1, fabric-dimensions-v1, fabric-entity-events-v1, fabric-events-interaction-v0, fabric-game-rule-api-v1, fabric-gametest-api-v1, fabric-item-api-v1]
[10:41:24] [Render thread/DEBUG] (net.fabricmc.fabric.impl.resource.pack.ModPackResourcesUtil) [Fabric] cur @ vanilla, auto-enabled fabric-key-mapping-api-v1, currently enabled: [vanilla, cloth-config, fabric-advancement-api-v1, fabric-api, fabric-api-base, fabric-api-lookup-api-v1, fabric-biome-api-v1, fabric-block-api-v1, fabric-block-getter-api-v2, fabric-client-gametest-api-v1, fabric-command-api-v2, fabric-content-registries-v0, fabric-convention-tags-v2, fabric-crash-report-info-v1, fabric-creative-tab-api-v1, fabric-data-attachment-api-v1, fabric-data-generation-api-v1, fabric-debug-api-v1, fabric-dimensions-v1, fabric-entity-events-v1, fabric-events-interaction-v0, fabric-game-rule-api-v1, fabric-gametest-api-v1, fabric-item-api-v1, fabric-key-mapping-api-v1]
[10:41:24] [Render thread/DEBUG] (net.fabricmc.fabric.impl.resource.pack.ModPackResourcesUtil) [Fabric] cur @ vanilla, auto-enabled fabric-lifecycle-events-v1, currently enabled: [vanilla, cloth-config, fabric-advancement-api-v1, fabric-api, fabric-api-base, fabric-api-lookup-api-v1, fabric-biome-api-v1, fabric-block-api-v1, fabric-block-getter-api-v2, fabric-client-gametest-api-v1, fabric-command-api-v2, fabric-content-registries-v0, fabric-convention-tags-v2, fabric-crash-report-info-v1, fabric-creative-tab-api-v1, fabric-data-attachment-api-v1, fabric-data-generation-api-v1, fabric-debug-api-v1, fabric-dimensions-v1, fabric-entity-events-v1, fabric-events-interaction-v0, fabric-game-rule-api-v1, fabric-gametest-api-v1, fabric-item-api-v1, fabric-key-mapping-api-v1, fabric-lifecycle-events-v1]
[10:41:24] [Render thread/DEBUG] (net.fabricmc.fabric.impl.resource.pack.ModPackResourcesUtil) [Fabric] cur @ vanilla, auto-enabled fabric-loot-api-v3, currently enabled: [vanilla, cloth-config, fabric-advancement-api-v1, fabric-api, fabric-api-base, fabric-api-lookup-api-v1, fabric-biome-api-v1, fabric-block-api-v1, fabric-block-getter-api-v2, fabric-client-gametest-api-v1, fabric-command-api-v2, fabric-content-registries-v0, fabric-convention-tags-v2, fabric-crash-report-info-v1, fabric-creative-tab-api-v1, fabric-data-attachment-api-v1, fabric-data-generation-api-v1, fabric-debug-api-v1, fabric-dimensions-v1, fabric-entity-events-v1, fabric-events-interaction-v0, fabric-game-rule-api-v1, fabric-gametest-api-v1, fabric-item-api-v1, fabric-key-mapping-api-v1, fabric-lifecycle-events-v1, fabric-loot-api-v3]
[10:41:24] [Render thread/DEBUG] (net.fabricmc.fabric.impl.resource.pack.ModPackResourcesUtil) [Fabric] cur @ vanilla, auto-enabled fabric-menu-api-v1, currently enabled: [vanilla, cloth-config, fabric-advancement-api-v1, fabric-api, fabric-api-base, fabric-api-lookup-api-v1, fabric-biome-api-v1, fabric-block-api-v1, fabric-block-getter-api-v2, fabric-client-gametest-api-v1, fabric-command-api-v2, fabric-content-registries-v0, fabric-convention-tags-v2, fabric-crash-report-info-v1, fabric-creative-tab-api-v1, fabric-data-attachment-api-v1, fabric-data-generation-api-v1, fabric-debug-api-v1, fabric-dimensions-v1, fabric-entity-events-v1, fabric-events-interaction-v0, fabric-game-rule-api-v1, fabric-gametest-api-v1, fabric-item-api-v1, fabric-key-mapping-api-v1, fabric-lifecycle-events-v1, fabric-loot-api-v3, fabric-menu-api-v1]
[10:41:24] [Render thread/DEBUG] (net.fabricmc.fabric.impl.resource.pack.ModPackResourcesUtil) [Fabric] cur @ vanilla, auto-enabled fabric-message-api-v1, currently enabled: [vanilla, cloth-config, fabric-advancement-api-v1, fabric-api, fabric-api-base, fabric-api-lookup-api-v1, fabric-biome-api-v1, fabric-block-api-v1, fabric-block-getter-api-v2, fabric-client-gametest-api-v1, fabric-command-api-v2, fabric-content-registries-v0, fabric-convention-tags-v2, fabric-crash-report-info-v1, fabric-creative-tab-api-v1, fabric-data-attachment-api-v1, fabric-data-generation-api-v1, fabric-debug-api-v1, fabric-dimensions-v1, fabric-entity-events-v1, fabric-events-interaction-v0, fabric-game-rule-api-v1, fabric-gametest-api-v1, fabric-item-api-v1, fabric-key-mapping-api-v1, fabric-lifecycle-events-v1, fabric-loot-api-v3, fabric-menu-api-v1, fabric-message-api-v1]
[10:41:24] [Render thread/DEBUG] (net.fabricmc.fabric.impl.resource.pack.ModPackResourcesUtil) [Fabric] cur @ vanilla, auto-enabled fabric-model-loading-api-v1, currently enabled: [vanilla, cloth-config, fabric-advancement-api-v1, fabric-api, fabric-api-base, fabric-api-lookup-api-v1, fabric-biome-api-v1, fabric-block-api-v1, fabric-block-getter-api-v2, fabric-client-gametest-api-v1, fabric-command-api-v2, fabric-content-registries-v0, fabric-convention-tags-v2, fabric-crash-report-info-v1, fabric-creative-tab-api-v1, fabric-data-attachment-api-v1, fabric-data-generation-api-v1, fabric-debug-api-v1, fabric-dimensions-v1, fabric-entity-events-v1, fabric-events-interaction-v0, fabric-game-rule-api-v1, fabric-gametest-api-v1, fabric-item-api-v1, fabric-key-mapping-api-v1, fabric-lifecycle-events-v1, fabric-loot-api-v3, fabric-menu-api-v1, fabric-message-api-v1, fabric-model-loading-api-v1]
[10:41:24] [Render thread/DEBUG] (net.fabricmc.fabric.impl.resource.pack.ModPackResourcesUtil) [Fabric] cur @ vanilla, auto-enabled fabric-networking-api-v1, currently enabled: [vanilla, cloth-config, fabric-advancement-api-v1, fabric-api, fabric-api-base, fabric-api-lookup-api-v1, fabric-biome-api-v1, fabric-block-api-v1, fabric-block-getter-api-v2, fabric-client-gametest-api-v1, fabric-command-api-v2, fabric-content-registries-v0, fabric-convention-tags-v2, fabric-crash-report-info-v1, fabric-creative-tab-api-v1, fabric-data-attachment-api-v1, fabric-data-generation-api-v1, fabric-debug-api-v1, fabric-dimensions-v1, fabric-entity-events-v1, fabric-events-interaction-v0, fabric-game-rule-api-v1, fabric-gametest-api-v1, fabric-item-api-v1, fabric-key-mapping-api-v1, fabric-lifecycle-events-v1, fabric-loot-api-v3, fabric-menu-api-v1, fabric-message-api-v1, fabric-model-loading-api-v1, fabric-networking-api-v1]
[10:41:24] [Render thread/DEBUG] (net.fabricmc.fabric.impl.resource.pack.ModPackResourcesUtil) [Fabric] cur @ vanilla, auto-enabled fabric-object-builder-api-v1, currently enabled: [vanilla, cloth-config, fabric-advancement-api-v1, fabric-api, fabric-api-base, fabric-api-lookup-api-v1, fabric-biome-api-v1, fabric-block-api-v1, fabric-block-getter-api-v2, fabric-client-gametest-api-v1, fabric-command-api-v2, fabric-content-registries-v0, fabric-convention-tags-v2, fabric-crash-report-info-v1, fabric-creative-tab-api-v1, fabric-data-attachment-api-v1, fabric-data-generation-api-v1, fabric-debug-api-v1, fabric-dimensions-v1, fabric-entity-events-v1, fabric-events-interaction-v0, fabric-game-rule-api-v1, fabric-gametest-api-v1, fabric-item-api-v1, fabric-key-mapping-api-v1, fabric-lifecycle-events-v1, fabric-loot-api-v3, fabric-menu-api-v1, fabric-message-api-v1, fabric-model-loading-api-v1, fabric-networking-api-v1, fabric-object-builder-api-v1]
[10:41:24] [Render thread/DEBUG] (net.fabricmc.fabric.impl.resource.pack.ModPackResourcesUtil) [Fabric] cur @ vanilla, auto-enabled fabric-particles-v1, currently enabled: [vanilla, cloth-config, fabric-advancement-api-v1, fabric-api, fabric-api-base, fabric-api-lookup-api-v1, fabric-biome-api-v1, fabric-block-api-v1, fabric-block-getter-api-v2, fabric-client-gametest-api-v1, fabric-command-api-v2, fabric-content-registries-v0, fabric-convention-tags-v2, fabric-crash-report-info-v1, fabric-creative-tab-api-v1, fabric-data-attachment-api-v1, fabric-data-generation-api-v1, fabric-debug-api-v1, fabric-dimensions-v1, fabric-entity-events-v1, fabric-events-interaction-v0, fabric-game-rule-api-v1, fabric-gametest-api-v1, fabric-item-api-v1, fabric-key-mapping-api-v1, fabric-lifecycle-events-v1, fabric-loot-api-v3, fabric-menu-api-v1, fabric-message-api-v1, fabric-model-loading-api-v1, fabric-networking-api-v1, fabric-object-builder-api-v1, fabric-particles-v1]
[10:41:24] [Render thread/DEBUG] (net.fabricmc.fabric.impl.resource.pack.ModPackResourcesUtil) [Fabric] cur @ vanilla, auto-enabled fabric-permission-api-v1, currently enabled: [vanilla, cloth-config, fabric-advancement-api-v1, fabric-api, fabric-api-base, fabric-api-lookup-api-v1, fabric-biome-api-v1, fabric-block-api-v1, fabric-block-getter-api-v2, fabric-client-gametest-api-v1, fabric-command-api-v2, fabric-content-registries-v0, fabric-convention-tags-v2, fabric-crash-report-info-v1, fabric-creative-tab-api-v1, fabric-data-attachment-api-v1, fabric-data-generation-api-v1, fabric-debug-api-v1, fabric-dimensions-v1, fabric-entity-events-v1, fabric-events-interaction-v0, fabric-game-rule-api-v1, fabric-gametest-api-v1, fabric-item-api-v1, fabric-key-mapping-api-v1, fabric-lifecycle-events-v1, fabric-loot-api-v3, fabric-menu-api-v1, fabric-message-api-v1, fabric-model-loading-api-v1, fabric-networking-api-v1, fabric-object-builder-api-v1, fabric-particles-v1, fabric-permission-api-v1]
[10:41:24] [Render thread/DEBUG] (net.fabricmc.fabric.impl.resource.pack.ModPackResourcesUtil) [Fabric] cur @ vanilla, auto-enabled fabric-recipe-api-v1, currently enabled: [vanilla, cloth-config, fabric-advancement-api-v1, fabric-api, fabric-api-base, fabric-api-lookup-api-v1, fabric-biome-api-v1, fabric-block-api-v1, fabric-block-getter-api-v2, fabric-client-gametest-api-v1, fabric-command-api-v2, fabric-content-registries-v0, fabric-convention-tags-v2, fabric-crash-report-info-v1, fabric-creative-tab-api-v1, fabric-data-attachment-api-v1, fabric-data-generation-api-v1, fabric-debug-api-v1, fabric-dimensions-v1, fabric-entity-events-v1, fabric-events-interaction-v0, fabric-game-rule-api-v1, fabric-gametest-api-v1, fabric-item-api-v1, fabric-key-mapping-api-v1, fabric-lifecycle-events-v1, fabric-loot-api-v3, fabric-menu-api-v1, fabric-message-api-v1, fabric-model-loading-api-v1, fabric-networking-api-v1, fabric-object-builder-api-v1, fabric-particles-v1, fabric-permission-api-v1, fabric-recipe-api-v1]
[10:41:24] [Render thread/DEBUG] (net.fabricmc.fabric.impl.resource.pack.ModPackResourcesUtil) [Fabric] cur @ vanilla, auto-enabled fabric-registry-sync-v0, currently enabled: [vanilla, cloth-config, fabric-advancement-api-v1, fabric-api, fabric-api-base, fabric-api-lookup-api-v1, fabric-biome-api-v1, fabric-block-api-v1, fabric-block-getter-api-v2, fabric-client-gametest-api-v1, fabric-command-api-v2, fabric-content-registries-v0, fabric-convention-tags-v2, fabric-crash-report-info-v1, fabric-creative-tab-api-v1, fabric-data-attachment-api-v1, fabric-data-generation-api-v1, fabric-debug-api-v1, fabric-dimensions-v1, fabric-entity-events-v1, fabric-events-interaction-v0, fabric-game-rule-api-v1, fabric-gametest-api-v1, fabric-item-api-v1, fabric-key-mapping-api-v1, fabric-lifecycle-events-v1, fabric-loot-api-v3, fabric-menu-api-v1, fabric-message-api-v1, fabric-model-loading-api-v1, fabric-networking-api-v1, fabric-object-builder-api-v1, fabric-particles-v1, fabric-permission-api-v1, fabric-recipe-api-v1, fabric-registry-sync-v0]
[10:41:24] [Render thread/DEBUG] (net.fabricmc.fabric.impl.resource.pack.ModPackResourcesUtil) [Fabric] cur @ vanilla, auto-enabled fabric-renderer-api-v1, currently enabled: [vanilla, cloth-config, fabric-advancement-api-v1, fabric-api, fabric-api-base, fabric-api-lookup-api-v1, fabric-biome-api-v1, fabric-block-api-v1, fabric-block-getter-api-v2, fabric-client-gametest-api-v1, fabric-command-api-v2, fabric-content-registries-v0, fabric-convention-tags-v2, fabric-crash-report-info-v1, fabric-creative-tab-api-v1, fabric-data-attachment-api-v1, fabric-data-generation-api-v1, fabric-debug-api-v1, fabric-dimensions-v1, fabric-entity-events-v1, fabric-events-interaction-v0, fabric-game-rule-api-v1, fabric-gametest-api-v1, fabric-item-api-v1, fabric-key-mapping-api-v1, fabric-lifecycle-events-v1, fabric-loot-api-v3, fabric-menu-api-v1, fabric-message-api-v1, fabric-model-loading-api-v1, fabric-networking-api-v1, fabric-object-builder-api-v1, fabric-particles-v1, fabric-permission-api-v1, fabric-recipe-api-v1, fabric-registry-sync-v0, fabric-renderer-api-v1]
[10:41:24] [Render thread/DEBUG] (net.fabricmc.fabric.impl.resource.pack.ModPackResourcesUtil) [Fabric] cur @ vanilla, auto-enabled fabric-renderer-indigo, currently enabled: [vanilla, cloth-config, fabric-advancement-api-v1, fabric-api, fabric-api-base, fabric-api-lookup-api-v1, fabric-biome-api-v1, fabric-block-api-v1, fabric-block-getter-api-v2, fabric-client-gametest-api-v1, fabric-command-api-v2, fabric-content-registries-v0, fabric-convention-tags-v2, fabric-crash-report-info-v1, fabric-creative-tab-api-v1, fabric-data-attachment-api-v1, fabric-data-generation-api-v1, fabric-debug-api-v1, fabric-dimensions-v1, fabric-entity-events-v1, fabric-events-interaction-v0, fabric-game-rule-api-v1, fabric-gametest-api-v1, fabric-item-api-v1, fabric-key-mapping-api-v1, fabric-lifecycle-events-v1, fabric-loot-api-v3, fabric-menu-api-v1, fabric-message-api-v1, fabric-model-loading-api-v1, fabric-networking-api-v1, fabric-object-builder-api-v1, fabric-particles-v1, fabric-permission-api-v1, fabric-recipe-api-v1, fabric-registry-sync-v0, fabric-renderer-api-v1, fabric-renderer-indigo]
[10:41:24] [Render thread/DEBUG] (net.fabricmc.fabric.impl.resource.pack.ModPackResourcesUtil) [Fabric] cur @ vanilla, auto-enabled fabric-rendering-fluids-v1, currently enabled: [vanilla, cloth-config, fabric-advancement-api-v1, fabric-api, fabric-api-base, fabric-api-lookup-api-v1, fabric-biome-api-v1, fabric-block-api-v1, fabric-block-getter-api-v2, fabric-client-gametest-api-v1, fabric-command-api-v2, fabric-content-registries-v0, fabric-convention-tags-v2, fabric-crash-report-info-v1, fabric-creative-tab-api-v1, fabric-data-attachment-api-v1, fabric-data-generation-api-v1, fabric-debug-api-v1, fabric-dimensions-v1, fabric-entity-events-v1, fabric-events-interaction-v0, fabric-game-rule-api-v1, fabric-gametest-api-v1, fabric-item-api-v1, fabric-key-mapping-api-v1, fabric-lifecycle-events-v1, fabric-loot-api-v3, fabric-menu-api-v1, fabric-message-api-v1, fabric-model-loading-api-v1, fabric-networking-api-v1, fabric-object-builder-api-v1, fabric-particles-v1, fabric-permission-api-v1, fabric-recipe-api-v1, fabric-registry-sync-v0, fabric-renderer-api-v1, fabric-renderer-indigo, fabric-rendering-fluids-v1]
[10:41:24] [Render thread/DEBUG] (net.fabricmc.fabric.impl.resource.pack.ModPackResourcesUtil) [Fabric] cur @ vanilla, auto-enabled fabric-rendering-v1, currently enabled: [vanilla, cloth-config, fabric-advancement-api-v1, fabric-api, fabric-api-base, fabric-api-lookup-api-v1, fabric-biome-api-v1, fabric-block-api-v1, fabric-block-getter-api-v2, fabric-client-gametest-api-v1, fabric-command-api-v2, fabric-content-registries-v0, fabric-convention-tags-v2, fabric-crash-report-info-v1, fabric-creative-tab-api-v1, fabric-data-attachment-api-v1, fabric-data-generation-api-v1, fabric-debug-api-v1, fabric-dimensions-v1, fabric-entity-events-v1, fabric-events-interaction-v0, fabric-game-rule-api-v1, fabric-gametest-api-v1, fabric-item-api-v1, fabric-key-mapping-api-v1, fabric-lifecycle-events-v1, fabric-loot-api-v3, fabric-menu-api-v1, fabric-message-api-v1, fabric-model-loading-api-v1, fabric-networking-api-v1, fabric-object-builder-api-v1, fabric-particles-v1, fabric-permission-api-v1, fabric-recipe-api-v1, fabric-registry-sync-v0, fabric-renderer-api-v1, fabric-renderer-indigo, fabric-rendering-fluids-v1, fabric-rendering-v1]
[10:41:24] [Render thread/DEBUG] (net.fabricmc.fabric.impl.resource.pack.ModPackResourcesUtil) [Fabric] cur @ vanilla, auto-enabled fabric-resource-conditions-api-v1, currently enabled: [vanilla, cloth-config, fabric-advancement-api-v1, fabric-api, fabric-api-base, fabric-api-lookup-api-v1, fabric-biome-api-v1, fabric-block-api-v1, fabric-block-getter-api-v2, fabric-client-gametest-api-v1, fabric-command-api-v2, fabric-content-registries-v0, fabric-convention-tags-v2, fabric-crash-report-info-v1, fabric-creative-tab-api-v1, fabric-data-attachment-api-v1, fabric-data-generation-api-v1, fabric-debug-api-v1, fabric-dimensions-v1, fabric-entity-events-v1, fabric-events-interaction-v0, fabric-game-rule-api-v1, fabric-gametest-api-v1, fabric-item-api-v1, fabric-key-mapping-api-v1, fabric-lifecycle-events-v1, fabric-loot-api-v3, fabric-menu-api-v1, fabric-message-api-v1, fabric-model-loading-api-v1, fabric-networking-api-v1, fabric-object-builder-api-v1, fabric-particles-v1, fabric-permission-api-v1, fabric-recipe-api-v1, fabric-registry-sync-v0, fabric-renderer-api-v1, fabric-renderer-indigo, fabric-rendering-fluids-v1, fabric-rendering-v1, fabric-resource-conditions-api-v1]
[10:41:24] [Render thread/DEBUG] (net.fabricmc.fabric.impl.resource.pack.ModPackResourcesUtil) [Fabric] cur @ vanilla, auto-enabled fabric-resource-loader-v0, currently enabled: [vanilla, cloth-config, fabric-advancement-api-v1, fabric-api, fabric-api-base, fabric-api-lookup-api-v1, fabric-biome-api-v1, fabric-block-api-v1, fabric-block-getter-api-v2, fabric-client-gametest-api-v1, fabric-command-api-v2, fabric-content-registries-v0, fabric-convention-tags-v2, fabric-crash-report-info-v1, fabric-creative-tab-api-v1, fabric-data-attachment-api-v1, fabric-data-generation-api-v1, fabric-debug-api-v1, fabric-dimensions-v1, fabric-entity-events-v1, fabric-events-interaction-v0, fabric-game-rule-api-v1, fabric-gametest-api-v1, fabric-item-api-v1, fabric-key-mapping-api-v1, fabric-lifecycle-events-v1, fabric-loot-api-v3, fabric-menu-api-v1, fabric-message-api-v1, fabric-model-loading-api-v1, fabric-networking-api-v1, fabric-object-builder-api-v1, fabric-particles-v1, fabric-permission-api-v1, fabric-recipe-api-v1, fabric-registry-sync-v0, fabric-renderer-api-v1, fabric-renderer-indigo, fabric-rendering-fluids-v1, fabric-rendering-v1, fabric-resource-conditions-api-v1, fabric-resource-loader-v0]
[10:41:24] [Render thread/DEBUG] (net.fabricmc.fabric.impl.resource.pack.ModPackResourcesUtil) [Fabric] cur @ vanilla, auto-enabled fabric-resource-loader-v1, currently enabled: [vanilla, cloth-config, fabric-advancement-api-v1, fabric-api, fabric-api-base, fabric-api-lookup-api-v1, fabric-biome-api-v1, fabric-block-api-v1, fabric-block-getter-api-v2, fabric-client-gametest-api-v1, fabric-command-api-v2, fabric-content-registries-v0, fabric-convention-tags-v2, fabric-crash-report-info-v1, fabric-creative-tab-api-v1, fabric-data-attachment-api-v1, fabric-data-generation-api-v1, fabric-debug-api-v1, fabric-dimensions-v1, fabric-entity-events-v1, fabric-events-interaction-v0, fabric-game-rule-api-v1, fabric-gametest-api-v1, fabric-item-api-v1, fabric-key-mapping-api-v1, fabric-lifecycle-events-v1, fabric-loot-api-v3, fabric-menu-api-v1, fabric-message-api-v1, fabric-model-loading-api-v1, fabric-networking-api-v1, fabric-object-builder-api-v1, fabric-particles-v1, fabric-permission-api-v1, fabric-recipe-api-v1, fabric-registry-sync-v0, fabric-renderer-api-v1, fabric-renderer-indigo, fabric-rendering-fluids-v1, fabric-rendering-v1, fabric-resource-conditions-api-v1, fabric-resource-loader-v0, fabric-resource-loader-v1]
[10:41:24] [Render thread/DEBUG] (net.fabricmc.fabric.impl.resource.pack.ModPackResourcesUtil) [Fabric] cur @ vanilla, auto-enabled fabric-screen-api-v1, currently enabled: [vanilla, cloth-config, fabric-advancement-api-v1, fabric-api, fabric-api-base, fabric-api-lookup-api-v1, fabric-biome-api-v1, fabric-block-api-v1, fabric-block-getter-api-v2, fabric-client-gametest-api-v1, fabric-command-api-v2, fabric-content-registries-v0, fabric-convention-tags-v2, fabric-crash-report-info-v1, fabric-creative-tab-api-v1, fabric-data-attachment-api-v1, fabric-data-generation-api-v1, fabric-debug-api-v1, fabric-dimensions-v1, fabric-entity-events-v1, fabric-events-interaction-v0, fabric-game-rule-api-v1, fabric-gametest-api-v1, fabric-item-api-v1, fabric-key-mapping-api-v1, fabric-lifecycle-events-v1, fabric-loot-api-v3, fabric-menu-api-v1, fabric-message-api-v1, fabric-model-loading-api-v1, fabric-networking-api-v1, fabric-object-builder-api-v1, fabric-particles-v1, fabric-permission-api-v1, fabric-recipe-api-v1, fabric-registry-sync-v0, fabric-renderer-api-v1, fabric-renderer-indigo, fabric-rendering-fluids-v1, fabric-rendering-v1, fabric-resource-conditions-api-v1, fabric-resource-loader-v0, fabric-resource-loader-v1, fabric-screen-api-v1]
[10:41:24] [Render thread/DEBUG] (net.fabricmc.fabric.impl.resource.pack.ModPackResourcesUtil) [Fabric] cur @ vanilla, auto-enabled fabric-serialization-api-v1, currently enabled: [vanilla, cloth-config, fabric-advancement-api-v1, fabric-api, fabric-api-base, fabric-api-lookup-api-v1, fabric-biome-api-v1, fabric-block-api-v1, fabric-block-getter-api-v2, fabric-client-gametest-api-v1, fabric-command-api-v2, fabric-content-registries-v0, fabric-convention-tags-v2, fabric-crash-report-info-v1, fabric-creative-tab-api-v1, fabric-data-attachment-api-v1, fabric-data-generation-api-v1, fabric-debug-api-v1, fabric-dimensions-v1, fabric-entity-events-v1, fabric-events-interaction-v0, fabric-game-rule-api-v1, fabric-gametest-api-v1, fabric-item-api-v1, fabric-key-mapping-api-v1, fabric-lifecycle-events-v1, fabric-loot-api-v3, fabric-menu-api-v1, fabric-message-api-v1, fabric-model-loading-api-v1, fabric-networking-api-v1, fabric-object-builder-api-v1, fabric-particles-v1, fabric-permission-api-v1, fabric-recipe-api-v1, fabric-registry-sync-v0, fabric-renderer-api-v1, fabric-renderer-indigo, fabric-rendering-fluids-v1, fabric-rendering-v1, fabric-resource-conditions-api-v1, fabric-resource-loader-v0, fabric-resource-loader-v1, fabric-screen-api-v1, fabric-serialization-api-v1]
[10:41:24] [Render thread/DEBUG] (net.fabricmc.fabric.impl.resource.pack.ModPackResourcesUtil) [Fabric] cur @ vanilla, auto-enabled fabric-sound-api-v1, currently enabled: [vanilla, cloth-config, fabric-advancement-api-v1, fabric-api, fabric-api-base, fabric-api-lookup-api-v1, fabric-biome-api-v1, fabric-block-api-v1, fabric-block-getter-api-v2, fabric-client-gametest-api-v1, fabric-command-api-v2, fabric-content-registries-v0, fabric-convention-tags-v2, fabric-crash-report-info-v1, fabric-creative-tab-api-v1, fabric-data-attachment-api-v1, fabric-data-generation-api-v1, fabric-debug-api-v1, fabric-dimensions-v1, fabric-entity-events-v1, fabric-events-interaction-v0, fabric-game-rule-api-v1, fabric-gametest-api-v1, fabric-item-api-v1, fabric-key-mapping-api-v1, fabric-lifecycle-events-v1, fabric-loot-api-v3, fabric-menu-api-v1, fabric-message-api-v1, fabric-model-loading-api-v1, fabric-networking-api-v1, fabric-object-builder-api-v1, fabric-particles-v1, fabric-permission-api-v1, fabric-recipe-api-v1, fabric-registry-sync-v0, fabric-renderer-api-v1, fabric-renderer-indigo, fabric-rendering-fluids-v1, fabric-rendering-v1, fabric-resource-conditions-api-v1, fabric-resource-loader-v0, fabric-resource-loader-v1, fabric-screen-api-v1, fabric-serialization-api-v1, fabric-sound-api-v1]
[10:41:24] [Render thread/DEBUG] (net.fabricmc.fabric.impl.resource.pack.ModPackResourcesUtil) [Fabric] cur @ vanilla, auto-enabled fabric-tag-api-v1, currently enabled: [vanilla, cloth-config, fabric-advancement-api-v1, fabric-api, fabric-api-base, fabric-api-lookup-api-v1, fabric-biome-api-v1, fabric-block-api-v1, fabric-block-getter-api-v2, fabric-client-gametest-api-v1, fabric-command-api-v2, fabric-content-registries-v0, fabric-convention-tags-v2, fabric-crash-report-info-v1, fabric-creative-tab-api-v1, fabric-data-attachment-api-v1, fabric-data-generation-api-v1, fabric-debug-api-v1, fabric-dimensions-v1, fabric-entity-events-v1, fabric-events-interaction-v0, fabric-game-rule-api-v1, fabric-gametest-api-v1, fabric-item-api-v1, fabric-key-mapping-api-v1, fabric-lifecycle-events-v1, fabric-loot-api-v3, fabric-menu-api-v1, fabric-message-api-v1, fabric-model-loading-api-v1, fabric-networking-api-v1, fabric-object-builder-api-v1, fabric-particles-v1, fabric-permission-api-v1, fabric-recipe-api-v1, fabric-registry-sync-v0, fabric-renderer-api-v1, fabric-renderer-indigo, fabric-rendering-fluids-v1, fabric-rendering-v1, fabric-resource-conditions-api-v1, fabric-resource-loader-v0, fabric-resource-loader-v1, fabric-screen-api-v1, fabric-serialization-api-v1, fabric-sound-api-v1, fabric-tag-api-v1]
[10:41:24] [Render thread/DEBUG] (net.fabricmc.fabric.impl.resource.pack.ModPackResourcesUtil) [Fabric] cur @ vanilla, auto-enabled fabric-transfer-api-v1, currently enabled: [vanilla, cloth-config, fabric-advancement-api-v1, fabric-api, fabric-api-base, fabric-api-lookup-api-v1, fabric-biome-api-v1, fabric-block-api-v1, fabric-block-getter-api-v2, fabric-client-gametest-api-v1, fabric-command-api-v2, fabric-content-registries-v0, fabric-convention-tags-v2, fabric-crash-report-info-v1, fabric-creative-tab-api-v1, fabric-data-attachment-api-v1, fabric-data-generation-api-v1, fabric-debug-api-v1, fabric-dimensions-v1, fabric-entity-events-v1, fabric-events-interaction-v0, fabric-game-rule-api-v1, fabric-gametest-api-v1, fabric-item-api-v1, fabric-key-mapping-api-v1, fabric-lifecycle-events-v1, fabric-loot-api-v3, fabric-menu-api-v1, fabric-message-api-v1, fabric-model-loading-api-v1, fabric-networking-api-v1, fabric-object-builder-api-v1, fabric-particles-v1, fabric-permission-api-v1, fabric-recipe-api-v1, fabric-registry-sync-v0, fabric-renderer-api-v1, fabric-renderer-indigo, fabric-rendering-fluids-v1, fabric-rendering-v1, fabric-resource-conditions-api-v1, fabric-resource-loader-v0, fabric-resource-loader-v1, fabric-screen-api-v1, fabric-serialization-api-v1, fabric-sound-api-v1, fabric-tag-api-v1, fabric-transfer-api-v1]
[10:41:24] [Render thread/DEBUG] (net.fabricmc.fabric.impl.resource.pack.ModPackResourcesUtil) [Fabric] cur @ vanilla, auto-enabled fabric-transitive-access-wideners-v1, currently enabled: [vanilla, cloth-config, fabric-advancement-api-v1, fabric-api, fabric-api-base, fabric-api-lookup-api-v1, fabric-biome-api-v1, fabric-block-api-v1, fabric-block-getter-api-v2, fabric-client-gametest-api-v1, fabric-command-api-v2, fabric-content-registries-v0, fabric-convention-tags-v2, fabric-crash-report-info-v1, fabric-creative-tab-api-v1, fabric-data-attachment-api-v1, fabric-data-generation-api-v1, fabric-debug-api-v1, fabric-dimensions-v1, fabric-entity-events-v1, fabric-events-interaction-v0, fabric-game-rule-api-v1, fabric-gametest-api-v1, fabric-item-api-v1, fabric-key-mapping-api-v1, fabric-lifecycle-events-v1, fabric-loot-api-v3, fabric-menu-api-v1, fabric-message-api-v1, fabric-model-loading-api-v1, fabric-networking-api-v1, fabric-object-builder-api-v1, fabric-particles-v1, fabric-permission-api-v1, fabric-recipe-api-v1, fabric-registry-sync-v0, fabric-renderer-api-v1, fabric-renderer-indigo, fabric-rendering-fluids-v1, fabric-rendering-v1, fabric-resource-conditions-api-v1, fabric-resource-loader-v0, fabric-resource-loader-v1, fabric-screen-api-v1, fabric-serialization-api-v1, fabric-sound-api-v1, fabric-tag-api-v1, fabric-transfer-api-v1, fabric-transitive-access-wideners-v1]
[10:41:24] [Render thread/DEBUG] (net.fabricmc.fabric.impl.resource.pack.ModPackResourcesUtil) [Fabric] cur @ vanilla, auto-enabled fabricloader, currently enabled: [vanilla, cloth-config, fabric-advancement-api-v1, fabric-api, fabric-api-base, fabric-api-lookup-api-v1, fabric-biome-api-v1, fabric-block-api-v1, fabric-block-getter-api-v2, fabric-client-gametest-api-v1, fabric-command-api-v2, fabric-content-registries-v0, fabric-convention-tags-v2, fabric-crash-report-info-v1, fabric-creative-tab-api-v1, fabric-data-attachment-api-v1, fabric-data-generation-api-v1, fabric-debug-api-v1, fabric-dimensions-v1, fabric-entity-events-v1, fabric-events-interaction-v0, fabric-game-rule-api-v1, fabric-gametest-api-v1, fabric-item-api-v1, fabric-key-mapping-api-v1, fabric-lifecycle-events-v1, fabric-loot-api-v3, fabric-menu-api-v1, fabric-message-api-v1, fabric-model-loading-api-v1, fabric-networking-api-v1, fabric-object-builder-api-v1, fabric-particles-v1, fabric-permission-api-v1, fabric-recipe-api-v1, fabric-registry-sync-v0, fabric-renderer-api-v1, fabric-renderer-indigo, fabric-rendering-fluids-v1, fabric-rendering-v1, fabric-resource-conditions-api-v1, fabric-resource-loader-v0, fabric-resource-loader-v1, fabric-screen-api-v1, fabric-serialization-api-v1, fabric-sound-api-v1, fabric-tag-api-v1, fabric-transfer-api-v1, fabric-transitive-access-wideners-v1, fabricloader]
[10:41:24] [Render thread/DEBUG] (net.fabricmc.fabric.impl.resource.pack.ModPackResourcesUtil) [Fabric] cur @ vanilla, auto-enabled generated_e7d069e, currently enabled: [vanilla, cloth-config, fabric-advancement-api-v1, fabric-api, fabric-api-base, fabric-api-lookup-api-v1, fabric-biome-api-v1, fabric-block-api-v1, fabric-block-getter-api-v2, fabric-client-gametest-api-v1, fabric-command-api-v2, fabric-content-registries-v0, fabric-convention-tags-v2, fabric-crash-report-info-v1, fabric-creative-tab-api-v1, fabric-data-attachment-api-v1, fabric-data-generation-api-v1, fabric-debug-api-v1, fabric-dimensions-v1, fabric-entity-events-v1, fabric-events-interaction-v0, fabric-game-rule-api-v1, fabric-gametest-api-v1, fabric-item-api-v1, fabric-key-mapping-api-v1, fabric-lifecycle-events-v1, fabric-loot-api-v3, fabric-menu-api-v1, fabric-message-api-v1, fabric-model-loading-api-v1, fabric-networking-api-v1, fabric-object-builder-api-v1, fabric-particles-v1, fabric-permission-api-v1, fabric-recipe-api-v1, fabric-registry-sync-v0, fabric-renderer-api-v1, fabric-renderer-indigo, fabric-rendering-fluids-v1, fabric-rendering-v1, fabric-resource-conditions-api-v1, fabric-resource-loader-v0, fabric-resource-loader-v1, fabric-screen-api-v1, fabric-serialization-api-v1, fabric-sound-api-v1, fabric-tag-api-v1, fabric-transfer-api-v1, fabric-transitive-access-wideners-v1, fabricloader, generated_e7d069e]
[10:41:24] [Render thread/DEBUG] (net.fabricmc.fabric.impl.resource.pack.ModPackResourcesUtil) [Fabric] cur @ vanilla, auto-enabled roughlyenoughitems, currently enabled: [vanilla, cloth-config, fabric-advancement-api-v1, fabric-api, fabric-api-base, fabric-api-lookup-api-v1, fabric-biome-api-v1, fabric-block-api-v1, fabric-block-getter-api-v2, fabric-client-gametest-api-v1, fabric-command-api-v2, fabric-content-registries-v0, fabric-convention-tags-v2, fabric-crash-report-info-v1, fabric-creative-tab-api-v1, fabric-data-attachment-api-v1, fabric-data-generation-api-v1, fabric-debug-api-v1, fabric-dimensions-v1, fabric-entity-events-v1, fabric-events-interaction-v0, fabric-game-rule-api-v1, fabric-gametest-api-v1, fabric-item-api-v1, fabric-key-mapping-api-v1, fabric-lifecycle-events-v1, fabric-loot-api-v3, fabric-menu-api-v1, fabric-message-api-v1, fabric-model-loading-api-v1, fabric-networking-api-v1, fabric-object-builder-api-v1, fabric-particles-v1, fabric-permission-api-v1, fabric-recipe-api-v1, fabric-registry-sync-v0, fabric-renderer-api-v1, fabric-renderer-indigo, fabric-rendering-fluids-v1, fabric-rendering-v1, fabric-resource-conditions-api-v1, fabric-resource-loader-v0, fabric-resource-loader-v1, fabric-screen-api-v1, fabric-serialization-api-v1, fabric-sound-api-v1, fabric-tag-api-v1, fabric-transfer-api-v1, fabric-transitive-access-wideners-v1, fabricloader, generated_e7d069e, roughlyenoughitems]
[10:41:24] [Render thread/DEBUG] (net.fabricmc.fabric.impl.resource.pack.ModPackResourcesUtil) [Fabric] cur @ vanilla, auto-enabled stargazer, currently enabled: [vanilla, cloth-config, fabric-advancement-api-v1, fabric-api, fabric-api-base, fabric-api-lookup-api-v1, fabric-biome-api-v1, fabric-block-api-v1, fabric-block-getter-api-v2, fabric-client-gametest-api-v1, fabric-command-api-v2, fabric-content-registries-v0, fabric-convention-tags-v2, fabric-crash-report-info-v1, fabric-creative-tab-api-v1, fabric-data-attachment-api-v1, fabric-data-generation-api-v1, fabric-debug-api-v1, fabric-dimensions-v1, fabric-entity-events-v1, fabric-events-interaction-v0, fabric-game-rule-api-v1, fabric-gametest-api-v1, fabric-item-api-v1, fabric-key-mapping-api-v1, fabric-lifecycle-events-v1, fabric-loot-api-v3, fabric-menu-api-v1, fabric-message-api-v1, fabric-model-loading-api-v1, fabric-networking-api-v1, fabric-object-builder-api-v1, fabric-particles-v1, fabric-permission-api-v1, fabric-recipe-api-v1, fabric-registry-sync-v0, fabric-renderer-api-v1, fabric-renderer-indigo, fabric-rendering-fluids-v1, fabric-rendering-v1, fabric-resource-conditions-api-v1, fabric-resource-loader-v0, fabric-resource-loader-v1, fabric-screen-api-v1, fabric-serialization-api-v1, fabric-sound-api-v1, fabric-tag-api-v1, fabric-transfer-api-v1, fabric-transitive-access-wideners-v1, fabricloader, generated_e7d069e, roughlyenoughitems, stargazer]
[10:41:24] [Render thread/DEBUG] (net.fabricmc.fabric.impl.resource.pack.ModPackResourcesUtil) [Fabric] cur @ vanilla, auto-enabled team_reborn_energy, currently enabled: [vanilla, cloth-config, fabric-advancement-api-v1, fabric-api, fabric-api-base, fabric-api-lookup-api-v1, fabric-biome-api-v1, fabric-block-api-v1, fabric-block-getter-api-v2, fabric-client-gametest-api-v1, fabric-command-api-v2, fabric-content-registries-v0, fabric-convention-tags-v2, fabric-crash-report-info-v1, fabric-creative-tab-api-v1, fabric-data-attachment-api-v1, fabric-data-generation-api-v1, fabric-debug-api-v1, fabric-dimensions-v1, fabric-entity-events-v1, fabric-events-interaction-v0, fabric-game-rule-api-v1, fabric-gametest-api-v1, fabric-item-api-v1, fabric-key-mapping-api-v1, fabric-lifecycle-events-v1, fabric-loot-api-v3, fabric-menu-api-v1, fabric-message-api-v1, fabric-model-loading-api-v1, fabric-networking-api-v1, fabric-object-builder-api-v1, fabric-particles-v1, fabric-permission-api-v1, fabric-recipe-api-v1, fabric-registry-sync-v0, fabric-renderer-api-v1, fabric-renderer-indigo, fabric-rendering-fluids-v1, fabric-rendering-v1, fabric-resource-conditions-api-v1, fabric-resource-loader-v0, fabric-resource-loader-v1, fabric-screen-api-v1, fabric-serialization-api-v1, fabric-sound-api-v1, fabric-tag-api-v1, fabric-transfer-api-v1, fabric-transitive-access-wideners-v1, fabricloader, generated_e7d069e, roughlyenoughitems, stargazer, team_reborn_energy]
[10:41:24] [Render thread/DEBUG] (net.fabricmc.fabric.impl.resource.pack.ModPackResourcesUtil) [Fabric] Final sorting result: [vanilla, cloth-config, fabric-advancement-api-v1, fabric-api, fabric-api-base, fabric-api-lookup-api-v1, fabric-biome-api-v1, fabric-block-api-v1, fabric-block-getter-api-v2, fabric-client-gametest-api-v1, fabric-command-api-v2, fabric-content-registries-v0, fabric-convention-tags-v2, fabric-crash-report-info-v1, fabric-creative-tab-api-v1, fabric-data-attachment-api-v1, fabric-data-generation-api-v1, fabric-debug-api-v1, fabric-dimensions-v1, fabric-entity-events-v1, fabric-events-interaction-v0, fabric-game-rule-api-v1, fabric-gametest-api-v1, fabric-item-api-v1, fabric-key-mapping-api-v1, fabric-lifecycle-events-v1, fabric-loot-api-v3, fabric-menu-api-v1, fabric-message-api-v1, fabric-model-loading-api-v1, fabric-networking-api-v1, fabric-object-builder-api-v1, fabric-particles-v1, fabric-permission-api-v1, fabric-recipe-api-v1, fabric-registry-sync-v0, fabric-renderer-api-v1, fabric-renderer-indigo, fabric-rendering-fluids-v1, fabric-rendering-v1, fabric-resource-conditions-api-v1, fabric-resource-loader-v0, fabric-resource-loader-v1, fabric-screen-api-v1, fabric-serialization-api-v1, fabric-sound-api-v1, fabric-tag-api-v1, fabric-transfer-api-v1, fabric-transitive-access-wideners-v1, fabricloader, generated_e7d069e, roughlyenoughitems, stargazer, team_reborn_energy]
[10:41:24] [Render thread/DEBUG] (FabricLoader/Mixin) Mixing KeyedClientResourceReloadListenerMixin from fabric-resource-loader-v1.client.mixins.json into net.minecraft.client.resources.language.LanguageManager
[10:41:24] [Render thread/DEBUG] (FabricLoader/Mixin) Mixing KeyedClientResourceReloadListenerMixin from fabric-resource-loader-v1.client.mixins.json into net.minecraft.client.renderer.texture.TextureManager
[10:41:24] [Render thread/DEBUG] (FabricLoader/Mixin) Mixing client.TextureManagerMixin from geckolib.mixins.json into net.minecraft.client.renderer.texture.TextureManager
[10:41:24] [Render thread/DEBUG] (FabricLoader/Mixin) geckolib.mixins.json:client.TextureManagerMixin from mod geckolib: Class version 69 required is higher than the class version supported by the current version of Mixin (JAVA_17 supports class version 61)
[10:41:24] [Render thread/DEBUG] (FabricLoader/Mixin) Mixing KeyedClientResourceReloadListenerMixin from fabric-resource-loader-v1.client.mixins.json into net.minecraft.client.renderer.ShaderManager
[10:41:24] [Render thread/DEBUG] (FabricLoader/Mixin) Mixing KeyedClientResourceReloadListenerMixin from fabric-resource-loader-v1.client.mixins.json into net.minecraft.client.sounds.SoundManager
[10:41:24] [Render thread/DEBUG] (FabricLoader/Mixin) Mixing SoundEngineMixin from fabric-sound-api-v1.mixins.json into net.minecraft.client.sounds.SoundEngine
[10:41:24] [Render thread/DEBUG] (com.mojang.blaze3d.audio.Library) Using SOFT_system_events callback for tracking audio device changes
[10:41:24] [Render thread/DEBUG] (FabricLoader/Mixin) Mixing KeyedClientResourceReloadListenerMixin from fabric-resource-loader-v1.client.mixins.json into net.minecraft.client.resources.model.sprite.AtlasManager
[10:41:24] [Render thread/DEBUG] (FabricLoader/Mixin) Mixing AtlasManagerAccessor from fabric-rendering-v1.mixins.json into net.minecraft.client.resources.model.sprite.AtlasManager
[10:41:24] [Render thread/DEBUG] (FabricLoader/Mixin) Renaming @Accessor method getKnownAtlases()Ljava/util/List; to getKnownAtlases$fabric-rendering-v1_$md$f26aa6$0 in fabric-rendering-v1.mixins.json:AtlasManagerAccessor from mod fabric-rendering-v1
[10:41:24] [Render thread/DEBUG] (FabricLoader/Mixin) Mixing AtlasManagerMixin from fabric-rendering-v1.mixins.json into net.minecraft.client.resources.model.sprite.AtlasManager
[10:41:24] [Render thread/DEBUG] (FabricLoader/Mixin) Mixing sprite.TextureAtlasMixin from fabric-renderer-api-v1.mixins.json into net.minecraft.client.renderer.texture.TextureAtlas
[10:41:24] [Render thread/DEBUG] (FabricLoader/Mixin) fabric-renderer-api-v1.mixins.json:sprite.TextureAtlasMixin from mod fabric-renderer-api-v1->@Inject::uploadHook(Lnet/minecraft/client/renderer/texture/SpriteLoader$Preparations;Lorg/spongepowered/asm/mixin/injection/callback/CallbackInfo;)V doesn't use it's CallbackInfo
[10:41:24] [Render thread/DEBUG] (FabricLoader/Mixin) fabric-renderer-api-v1.mixins.json:sprite.TextureAtlasMixin from mod fabric-renderer-api-v1->@Inject::uploadHook(Lnet/minecraft/client/renderer/texture/SpriteLoader$Preparations;Lorg/spongepowered/asm/mixin/injection/callback/CallbackInfo;)V has 0 override(s) in child classes
[10:41:24] [Render thread/DEBUG] (FabricLoader/Mixin) fabric-renderer-api-v1.mixins.json:sprite.TextureAtlasMixin from mod fabric-renderer-api-v1->@Inject::uploadHook(Lnet/minecraft/client/renderer/texture/SpriteLoader$Preparations;Lorg/spongepowered/asm/mixin/injection/callback/CallbackInfo;)V won't be passed a CallbackInfo as a result
[10:41:24] [Render thread/DEBUG] (FabricLoader/Mixin) Mixing RenderPipelineSnippetMixin from fabric-rendering-v1.mixins.json into com.mojang.blaze3d.pipeline.RenderPipeline$Snippet
[10:41:24] [Render thread/DEBUG] (FabricLoader/Mixin) Mixing RenderPipelineMixin from fabric-rendering-v1.mixins.json into com.mojang.blaze3d.pipeline.RenderPipeline
[10:41:24] [Render thread/DEBUG] (FabricLoader/Mixin) Mixing RenderPipelineBuilderMixin from fabric-rendering-v1.mixins.json into com.mojang.blaze3d.pipeline.RenderPipeline$Builder
[10:41:24] [Render thread/DEBUG] (FabricLoader/Mixin) Renaming synthetic method lambda$copyUsePipelineDrawModeForGuiToSnippet$0(Lcom/llamalad7/mixinextras/injector/wrapoperation/Operation;Ljava/util/Optional;Ljava/util/Optional;Ljava/util/Optional;Ljava/util/Optional;[Lcom/mojang/blaze3d/pipeline/ColorTargetState;ILjava/util/Optional;Ljava/util/Optional;Ljava/util/Optional;[Lcom/mojang/blaze3d/vertex/VertexFormat;Ljava/util/Optional;)Lcom/mojang/blaze3d/pipeline/RenderPipeline$Snippet; to mdf26aa6$fabric-rendering-v1$lambda$copyUsePipelineDrawModeForGuiToSnippet$0$0 in fabric-rendering-v1.mixins.json:RenderPipelineBuilderMixin from mod fabric-rendering-v1
[10:41:24] [Render thread/DEBUG] (FabricLoader/Mixin) Renaming synthetic method lambda$copyUsePipelineDrawModeForGuiFromSnippet$0(Ljava/lang/Boolean;)V to mdf26aa6$fabric-rendering-v1$lambda$copyUsePipelineDrawModeForGuiFromSnippet$0$1 in fabric-rendering-v1.mixins.json:RenderPipelineBuilderMixin from mod fabric-rendering-v1
[10:41:24] [Render thread/DEBUG] (FabricLoader/Mixin) fabric-rendering-v1.mixins.json:RenderPipelineBuilderMixin from mod fabric-rendering-v1->@Inject::copyUsePipelineDrawModeForGuiFromSnippet(Lcom/mojang/blaze3d/pipeline/RenderPipeline$Snippet;Lorg/spongepowered/asm/mixin/injection/callback/CallbackInfo;)V doesn't use it's CallbackInfo
[10:41:24] [Render thread/DEBUG] (FabricLoader/Mixin) fabric-rendering-v1.mixins.json:RenderPipelineBuilderMixin from mod fabric-rendering-v1->@Inject::copyUsePipelineDrawModeForGuiFromSnippet(Lcom/mojang/blaze3d/pipeline/RenderPipeline$Snippet;Lorg/spongepowered/asm/mixin/injection/callback/CallbackInfo;)V has 0 override(s) in child classes
[10:41:24] [Render thread/DEBUG] (FabricLoader/Mixin) fabric-rendering-v1.mixins.json:RenderPipelineBuilderMixin from mod fabric-rendering-v1->@Inject::copyUsePipelineDrawModeForGuiFromSnippet(Lcom/mojang/blaze3d/pipeline/RenderPipeline$Snippet;Lorg/spongepowered/asm/mixin/injection/callback/CallbackInfo;)V won't be passed a CallbackInfo as a result
[10:41:24] [Render thread/DEBUG] (FabricLoader/Mixin) Mixing ItemFeatureRendererAccessor from fabric-renderer-indigo.mixins.json into net.minecraft.client.renderer.feature.ItemFeatureRenderer
[10:41:24] [Render thread/DEBUG] (FabricLoader/Mixin) Renaming @Invoker method fabric_computeFoilDecalPose(Lnet/minecraft/world/item/ItemDisplayContext;Lcom/mojang/blaze3d/vertex/PoseStack$Pose;)Lcom/mojang/blaze3d/vertex/PoseStack$Pose; to fabric_computeFoilDecalPose$fabric-renderer-indigo_$md$f26aa6$0 in fabric-renderer-indigo.mixins.json:ItemFeatureRendererAccessor from mod fabric-renderer-indigo
[10:41:24] [Render thread/DEBUG] (FabricLoader/Mixin) Renaming @Invoker method fabric_useTransparentGlint(Lnet/minecraft/client/renderer/rendertype/RenderType;)Z to fabric_useTransparentGlint$fabric-renderer-indigo_$md$f26aa6$1 in fabric-renderer-indigo.mixins.json:ItemFeatureRendererAccessor from mod fabric-renderer-indigo
[10:41:24] [Render thread/DEBUG] (FabricLoader/Mixin) Mixing KeyedClientResourceReloadListenerMixin from fabric-resource-loader-v1.client.mixins.json into net.minecraft.client.gui.font.FontManager
[10:41:24] [Render thread/DEBUG] (FabricLoader/Mixin) Mixing KeyedClientResourceReloadListenerMixin from fabric-resource-loader-v1.client.mixins.json into net.minecraft.client.resources.GrassColorReloadListener
[10:41:24] [Render thread/DEBUG] (FabricLoader/Mixin) Mixing KeyedClientResourceReloadListenerMixin from fabric-resource-loader-v1.client.mixins.json into net.minecraft.client.resources.FoliageColorReloadListener
[10:41:24] [Render thread/DEBUG] (FabricLoader/Mixin) Mixing KeyedClientResourceReloadListenerMixin from fabric-resource-loader-v1.client.mixins.json into net.minecraft.client.resources.DryFoliageColorReloadListener
[10:41:24] [Render thread/DEBUG] (FabricLoader/Mixin) Mixing BlockColorsMixin from fabric-rendering-v1.mixins.json into net.minecraft.client.color.block.BlockColors
[10:41:24] [Render thread/DEBUG] (FabricLoader/Mixin) fabric-rendering-v1.mixins.json:BlockColorsMixin from mod fabric-rendering-v1->@Inject::create(Lorg/spongepowered/asm/mixin/injection/callback/CallbackInfoReturnable;)V does use it's CallbackInfoReturnable
[10:41:24] [Render thread/DEBUG] (FabricLoader/Mixin) Mixing KeyedClientResourceReloadListenerMixin from fabric-resource-loader-v1.client.mixins.json into net.minecraft.client.resources.model.ModelManager
[10:41:24] [Render thread/DEBUG] (FabricLoader/Mixin) Mixing ModelManagerMixin from fabric-model-loading-api-v1.mixins.json into net.minecraft.client.resources.model.ModelManager
[10:41:24] [Render thread/DEBUG] (FabricLoader/Mixin) Renaming synthetic method lambda$withModelDispatcher$0(Ljava/util/concurrent/CompletableFuture;Ljava/util/function/Function;Ljava/lang/Object;)Ljava/lang/Object; to mdf26aa6$fabric-model-loading-api-v1$lambda$withModelDispatcher$0$0 in fabric-model-loading-api-v1.mixins.json:ModelManagerMixin from mod fabric-model-loading-api-v1
[10:41:24] [Render thread/DEBUG] (FabricLoader/Mixin) Renaming synthetic method lambda$hookBlockStateModels$0(Lnet/minecraft/client/resources/model/BlockStateModelLoader$LoadedModels;Lnet/fabricmc/fabric/impl/client/model/loading/ModelLoadingEventDispatcher;)Lnet/minecraft/client/resources/model/BlockStateModelLoader$LoadedModels; to mdf26aa6$fabric-model-loading-api-v1$lambda$hookBlockStateModels$0$1 in fabric-model-loading-api-v1.mixins.json:ModelManagerMixin from mod fabric-model-loading-api-v1
[10:41:24] [Render thread/DEBUG] (FabricLoader/Mixin) Renaming synthetic method lambda$hookModels$0(Ljava/util/Map;Lnet/fabricmc/fabric/impl/client/model/loading/ModelLoadingEventDispatcher;)Ljava/util/Map; to mdf26aa6$fabric-model-loading-api-v1$lambda$hookModels$0$2 in fabric-model-loading-api-v1.mixins.json:ModelManagerMixin from mod fabric-model-loading-api-v1
[10:41:24] [Render thread/DEBUG] (FabricLoader/Mixin) Renaming synthetic method lambda$resetEventDispatcherFuture$0(Ljava/lang/Void;)Ljava/lang/Void; to mdf26aa6$fabric-model-loading-api-v1$lambda$resetEventDispatcherFuture$0$3 in fabric-model-loading-api-v1.mixins.json:ModelManagerMixin from mod fabric-model-loading-api-v1
[10:41:24] [Render thread/DEBUG] (FabricLoader/Mixin) fabric-model-loading-api-v1.mixins.json:ModelManagerMixin from mod fabric-model-loading-api-v1->@Inject::onHeadReload(Lnet/minecraft/server/packs/resources/PreparableReloadListener$SharedState;Ljava/util/concurrent/Executor;Lnet/minecraft/server/packs/resources/PreparableReloadListener$PreparationBarrier;Ljava/util/concurrent/Executor;Lorg/spongepowered/asm/mixin/injection/callback/CallbackInfoReturnable;)V doesn't use it's CallbackInfoReturnable
[10:41:24] [Render thread/DEBUG] (FabricLoader/Mixin) fabric-model-loading-api-v1.mixins.json:ModelManagerMixin from mod fabric-model-loading-api-v1->@Inject::onHeadReload(Lnet/minecraft/server/packs/resources/PreparableReloadListener$SharedState;Ljava/util/concurrent/Executor;Lnet/minecraft/server/packs/resources/PreparableReloadListener$PreparationBarrier;Ljava/util/concurrent/Executor;Lorg/spongepowered/asm/mixin/injection/callback/CallbackInfoReturnable;)V has 0 override(s) in child classes
[10:41:24] [Render thread/DEBUG] (FabricLoader/Mixin) fabric-model-loading-api-v1.mixins.json:ModelManagerMixin from mod fabric-model-loading-api-v1->@Inject::onHeadReload(Lnet/minecraft/server/packs/resources/PreparableReloadListener$SharedState;Ljava/util/concurrent/Executor;Lnet/minecraft/server/packs/resources/PreparableReloadListener$PreparationBarrier;Ljava/util/concurrent/Executor;Lorg/spongepowered/asm/mixin/injection/callback/CallbackInfoReturnable;)V won't be passed a CallbackInfoReturnable as a result
[10:41:24] [Render thread/DEBUG] (FabricLoader/Mixin) fabric-model-loading-api-v1.mixins.json:ModelManagerMixin from mod fabric-model-loading-api-v1->@Inject::resolveExtraModels(Ljava/util/Map;Lnet/minecraft/client/resources/model/BlockStateModelLoader$LoadedModels;Lnet/minecraft/client/resources/model/ClientItemInfoLoader$LoadedClientInfos;Lorg/spongepowered/asm/mixin/injection/callback/CallbackInfoReturnable;)V doesn't use it's CallbackInfoReturnable
[10:41:24] [Render thread/DEBUG] (FabricLoader/Mixin) fabric-model-loading-api-v1.mixins.json:ModelManagerMixin from mod fabric-model-loading-api-v1->@Inject::onReturnUpload(Lorg/spongepowered/asm/mixin/injection/callback/CallbackInfo;)V doesn't use it's CallbackInfo
[10:41:24] [Render thread/DEBUG] (FabricLoader/Mixin) fabric-model-loading-api-v1.mixins.json:ModelManagerMixin from mod fabric-model-loading-api-v1->@Inject::onReturnUpload(Lorg/spongepowered/asm/mixin/injection/callback/CallbackInfo;)V has 0 override(s) in child classes
[10:41:24] [Render thread/DEBUG] (FabricLoader/Mixin) fabric-model-loading-api-v1.mixins.json:ModelManagerMixin from mod fabric-model-loading-api-v1->@Inject::onReturnUpload(Lorg/spongepowered/asm/mixin/injection/callback/CallbackInfo;)V won't be passed a CallbackInfo as a result
[10:41:24] [Render thread/DEBUG] (FabricLoader/Mixin) Mixing sprite.MaterialBakerMixin from fabric-renderer-api-v1.mixins.json into net.minecraft.client.resources.model.sprite.MaterialBaker
[10:41:24] [Render thread/DEBUG] (FabricLoader/Mixin) Mixing sprite.ModelManagerCombinedBlockItemMaterialBakerMixin from fabric-renderer-api-v1.mixins.json into net.minecraft.client.resources.model.ModelManager$CombinedBlockItemMaterialBaker
[10:41:24] [Render thread/DEBUG] (FabricLoader/Mixin) Mixing sprite.ModelManagerBlockOnlyMaterialBakerMixin from fabric-renderer-api-v1.mixins.json into net.minecraft.client.resources.model.ModelManager$BlockOnlyMaterialBaker
[10:41:24] [Render thread/DEBUG] (FabricLoader/Mixin) Mixing KeyedClientResourceReloadListenerMixin from fabric-resource-loader-v1.client.mixins.json into net.minecraft.client.resources.model.EquipmentAssetManager
[10:41:24] [Render thread/DEBUG] (FabricLoader/Mixin) Mixing SimpleJsonResourceReloadListenerMixin from fabric-resource-conditions-api-v1.mixins.json into net.minecraft.server.packs.resources.SimpleJsonResourceReloadListener
[10:41:24] [Render thread/DEBUG] (FabricLoader/Mixin) Mixing SimpleJsonResourceReloadListenerMixin from fabric-loot-api-v3.mixins.json into net.minecraft.server.packs.resources.SimpleJsonResourceReloadListener
[10:41:24] [Render thread/DEBUG] (FabricLoader/Mixin) Mixing SimpleJsonResourceReloadListenerMixin from fabric-advancement-api-v1.mixins.json into net.minecraft.server.packs.resources.SimpleJsonResourceReloadListener
[10:41:24] [Render thread/DEBUG] (FabricLoader/Mixin) fabric-resource-conditions-api-v1.mixins.json:SimpleJsonResourceReloadListenerMixin from mod fabric-resource-conditions-api-v1->@Inject::skipData(Ljava/util/Map;Lnet/minecraft/resources/Identifier;Ljava/lang/Object;Lorg/spongepowered/asm/mixin/injection/callback/CallbackInfo;)V does use it's CallbackInfo
[10:41:24] [Render thread/DEBUG] (FabricLoader/Mixin) fabric-loot-api-v3.mixins.json:SimpleJsonResourceReloadListenerMixin from mod fabric-loot-api-v3->@Inject::fillSourceMap(Lnet/minecraft/server/packs/resources/ResourceManager;Lnet/minecraft/resources/FileToIdConverter;Lcom/mojang/serialization/DynamicOps;Lcom/mojang/serialization/Codec;Ljava/util/Map;Lorg/spongepowered/asm/mixin/injection/callback/CallbackInfo;)V doesn't use it's CallbackInfo
[10:41:24] [Render thread/DEBUG] (FabricLoader/Mixin) Mixing KeyedClientResourceReloadListenerMixin from fabric-resource-loader-v1.client.mixins.json into net.minecraft.client.renderer.entity.EntityRenderDispatcher
[10:41:24] [Render thread/DEBUG] (FabricLoader/Mixin) Mixing EntityRenderDispatcherMixin from fabric-rendering-v1.mixins.json into net.minecraft.client.renderer.entity.EntityRenderDispatcher
[10:41:24] [Render thread/DEBUG] (FabricLoader/Mixin) fabric-rendering-v1.mixins.json:EntityRenderDispatcherMixin from mod fabric-rendering-v1->@Inject::createArmorRenderers(Lnet/minecraft/server/packs/resources/ResourceManager;Lorg/spongepowered/asm/mixin/injection/callback/CallbackInfo;)V doesn't use it's CallbackInfo
[10:41:24] [Render thread/DEBUG] (FabricLoader/Mixin) fabric-rendering-v1.mixins.json:EntityRenderDispatcherMixin from mod fabric-rendering-v1->@Inject::createArmorRenderers(Lnet/minecraft/server/packs/resources/ResourceManager;Lorg/spongepowered/asm/mixin/injection/callback/CallbackInfo;)V has 0 override(s) in child classes
[10:41:24] [Render thread/DEBUG] (FabricLoader/Mixin) fabric-rendering-v1.mixins.json:EntityRenderDispatcherMixin from mod fabric-rendering-v1->@Inject::createArmorRenderers(Lnet/minecraft/server/packs/resources/ResourceManager;Lorg/spongepowered/asm/mixin/injection/callback/CallbackInfo;)V won't be passed a CallbackInfo as a result
[10:41:24] [Render thread/DEBUG] (FabricLoader/Mixin) Mixing LivingEntityRendererAccessor from fabric-rendering-v1.mixins.json into net.minecraft.client.renderer.entity.LivingEntityRenderer
[10:41:24] [Render thread/DEBUG] (FabricLoader/Mixin) Mixing LivingEntityRendererMixin from fabric-rendering-v1.mixins.json into net.minecraft.client.renderer.entity.LivingEntityRenderer
[10:41:24] [Render thread/DEBUG] (FabricLoader/Mixin) Mixing ItemInHandRendererMixin from fabric-item-api-v1.client.mixins.json into net.minecraft.client.renderer.ItemInHandRenderer
[10:41:24] [Render thread/DEBUG] (FabricLoader/Mixin) fabric-item-api-v1.client.mixins.json:ItemInHandRendererMixin from mod fabric-item-api-v1->@Inject::modifyProgressAnimation(Lorg/spongepowered/asm/mixin/injection/callback/CallbackInfo;)V doesn't use it's CallbackInfo
[10:41:24] [Render thread/DEBUG] (FabricLoader/Mixin) fabric-item-api-v1.client.mixins.json:ItemInHandRendererMixin from mod fabric-item-api-v1->@Inject::modifyProgressAnimation(Lorg/spongepowered/asm/mixin/injection/callback/CallbackInfo;)V has 0 override(s) in child classes
[10:41:24] [Render thread/DEBUG] (FabricLoader/Mixin) fabric-item-api-v1.client.mixins.json:ItemInHandRendererMixin from mod fabric-item-api-v1->@Inject::modifyProgressAnimation(Lorg/spongepowered/asm/mixin/injection/callback/CallbackInfo;)V won't be passed a CallbackInfo as a result
[10:41:24] [Render thread/DEBUG] (FabricLoader/Mixin) Mixing renderstate.RenderStateMixin from fabric-rendering-v1.mixins.json into net.minecraft.client.renderer.state.MapRenderState
[10:41:24] [Render thread/DEBUG] (FabricLoader/Mixin) Mixing KeyedClientResourceReloadListenerMixin from fabric-resource-loader-v1.client.mixins.json into net.minecraft.client.renderer.blockentity.BlockEntityRenderDispatcher
[10:41:24] [Render thread/DEBUG] (FabricLoader/Mixin) Mixing ParticleResourcesMixin from fabric-particles-v1.client.mixins.json into net.minecraft.client.particle.ParticleResources
[10:41:24] [Render thread/DEBUG] (FabricLoader/Mixin) Mixing KeyedClientResourceReloadListenerMixin from fabric-resource-loader-v1.client.mixins.json into net.minecraft.client.particle.ParticleResources
[10:41:24] [Render thread/DEBUG] (FabricLoader/Mixin) Mixing ParticleResourcesMixin from fabric-registry-sync-v0.client.mixins.json into net.minecraft.client.particle.ParticleResources
[10:41:24] [Render thread/DEBUG] (FabricLoader/Mixin) fabric-particles-v1.client.mixins.json:ParticleResourcesMixin from mod fabric-particles-v1->@Inject::onRegisterDefaultFactories(Lorg/spongepowered/asm/mixin/injection/callback/CallbackInfo;)V doesn't use it's CallbackInfo
[10:41:24] [Render thread/DEBUG] (FabricLoader/Mixin) fabric-particles-v1.client.mixins.json:ParticleResourcesMixin from mod fabric-particles-v1->@Inject::onRegisterDefaultFactories(Lorg/spongepowered/asm/mixin/injection/callback/CallbackInfo;)V has 0 override(s) in child classes
[10:41:24] [Render thread/DEBUG] (FabricLoader/Mixin) fabric-particles-v1.client.mixins.json:ParticleResourcesMixin from mod fabric-particles-v1->@Inject::onRegisterDefaultFactories(Lorg/spongepowered/asm/mixin/injection/callback/CallbackInfo;)V won't be passed a CallbackInfo as a result
[10:41:24] [Render thread/DEBUG] (FabricLoader/Mixin) fabric-registry-sync-v0.client.mixins.json:ParticleResourcesMixin from mod fabric-registry-sync-v0->@Inject::onInit(Lorg/spongepowered/asm/mixin/injection/callback/CallbackInfo;)V doesn't use it's CallbackInfo
[10:41:24] [Render thread/DEBUG] (FabricLoader/Mixin) fabric-registry-sync-v0.client.mixins.json:ParticleResourcesMixin from mod fabric-registry-sync-v0->@Inject::onInit(Lorg/spongepowered/asm/mixin/injection/callback/CallbackInfo;)V has 0 override(s) in child classes
[10:41:24] [Render thread/DEBUG] (FabricLoader/Mixin) fabric-registry-sync-v0.client.mixins.json:ParticleResourcesMixin from mod fabric-registry-sync-v0->@Inject::onInit(Lorg/spongepowered/asm/mixin/injection/callback/CallbackInfo;)V won't be passed a CallbackInfo as a result
[10:41:24] [Render thread/DEBUG] (FabricLoader/Mixin) Mixing block.particle.BlockMarkerMixin from fabric-renderer-api-v1.mixins.json into net.minecraft.client.particle.BlockMarker
[10:41:24] [Render thread/DEBUG] (FabricLoader/Mixin) Mixing TerrainParticleMixin from fabric-particles-v1.client.mixins.json into net.minecraft.client.particle.TerrainParticle
[10:41:24] [Render thread/DEBUG] (FabricLoader/Mixin) Mixing block.particle.TerrainParticleMixin from fabric-renderer-api-v1.mixins.json into net.minecraft.client.particle.TerrainParticle
[10:41:24] [Render thread/DEBUG] (FabricLoader/Mixin) Mixing renderstate.ItemStackRenderStateMixin from fabric-rendering-v1.mixins.json into net.minecraft.client.renderer.item.ItemStackRenderState
[10:41:24] [Render thread/DEBUG] (FabricLoader/Mixin) Mixing renderstate.RenderStateMixin from fabric-rendering-v1.mixins.json into net.minecraft.client.renderer.item.ItemStackRenderState
[10:41:24] [Render thread/DEBUG] (FabricLoader/Mixin) Mixing item.ItemStackRenderStateMixin from fabric-renderer-api-v1.mixins.json into net.minecraft.client.renderer.item.ItemStackRenderState
[10:41:24] [Render thread/DEBUG] (FabricLoader/Mixin) fabric-rendering-v1.mixins.json:renderstate.ItemStackRenderStateMixin from mod fabric-rendering-v1->@Inject::clearExtraRenderData(Lorg/spongepowered/asm/mixin/injection/callback/CallbackInfo;)V doesn't use it's CallbackInfo
[10:41:24] [Render thread/DEBUG] (FabricLoader/Mixin) fabric-rendering-v1.mixins.json:renderstate.ItemStackRenderStateMixin from mod fabric-rendering-v1->@Inject::clearExtraRenderData(Lorg/spongepowered/asm/mixin/injection/callback/CallbackInfo;)V has 0 override(s) in child classes
[10:41:24] [Render thread/DEBUG] (FabricLoader/Mixin) fabric-rendering-v1.mixins.json:renderstate.ItemStackRenderStateMixin from mod fabric-rendering-v1->@Inject::clearExtraRenderData(Lorg/spongepowered/asm/mixin/injection/callback/CallbackInfo;)V won't be passed a CallbackInfo as a result
[10:41:24] [Render thread/DEBUG] (FabricLoader/Mixin) fabric-renderer-api-v1.mixins.json:item.ItemStackRenderStateMixin from mod fabric-renderer-api-v1->@Inject::afterInitVecLoad(Ljava/util/function/Consumer;Lorg/spongepowered/asm/mixin/injection/callback/CallbackInfo;)V doesn't use it's CallbackInfo
[10:41:24] [Render thread/DEBUG] (FabricLoader/Mixin) fabric-renderer-api-v1.mixins.json:item.ItemStackRenderStateMixin from mod fabric-renderer-api-v1->@Inject::afterInitVecLoad(Ljava/util/function/Consumer;Lorg/spongepowered/asm/mixin/injection/callback/CallbackInfo;)V has 0 override(s) in child classes
[10:41:24] [Render thread/DEBUG] (FabricLoader/Mixin) fabric-renderer-api-v1.mixins.json:item.ItemStackRenderStateMixin from mod fabric-renderer-api-v1->@Inject::afterInitVecLoad(Ljava/util/function/Consumer;Lorg/spongepowered/asm/mixin/injection/callback/CallbackInfo;)V won't be passed a CallbackInfo as a result
[10:41:24] [Render thread/DEBUG] (FabricLoader/Mixin) fabric-renderer-api-v1.mixins.json:item.ItemStackRenderStateMixin from mod fabric-renderer-api-v1->@Inject::afterLayerLoad(Ljava/util/function/Consumer;Lorg/spongepowered/asm/mixin/injection/callback/CallbackInfo;)V doesn't use it's CallbackInfo
[10:41:24] [Render thread/DEBUG] (FabricLoader/Mixin) fabric-renderer-api-v1.mixins.json:item.ItemStackRenderStateMixin from mod fabric-renderer-api-v1->@Inject::afterLayerLoad(Ljava/util/function/Consumer;Lorg/spongepowered/asm/mixin/injection/callback/CallbackInfo;)V has 0 override(s) in child classes
[10:41:24] [Render thread/DEBUG] (FabricLoader/Mixin) fabric-renderer-api-v1.mixins.json:item.ItemStackRenderStateMixin from mod fabric-renderer-api-v1->@Inject::afterLayerLoad(Ljava/util/function/Consumer;Lorg/spongepowered/asm/mixin/injection/callback/CallbackInfo;)V won't be passed a CallbackInfo as a result
[10:41:24] [Render thread/DEBUG] (FabricLoader/Mixin) Mixing renderstate.ItemStackRenderStateLayerRenderStateMixin from fabric-rendering-v1.mixins.json into net.minecraft.client.renderer.item.ItemStackRenderState$LayerRenderState
[10:41:24] [Render thread/DEBUG] (FabricLoader/Mixin) Mixing renderstate.RenderStateMixin from fabric-rendering-v1.mixins.json into net.minecraft.client.renderer.item.ItemStackRenderState$LayerRenderState
[10:41:24] [Render thread/DEBUG] (FabricLoader/Mixin) Mixing item.ItemStackRenderStateLayerRenderStateMixin from fabric-renderer-api-v1.mixins.json into net.minecraft.client.renderer.item.ItemStackRenderState$LayerRenderState
[10:41:24] [Render thread/DEBUG] (FabricLoader/Mixin) fabric-rendering-v1.mixins.json:renderstate.ItemStackRenderStateLayerRenderStateMixin from mod fabric-rendering-v1->@Inject::clearExtraRenderData(Lorg/spongepowered/asm/mixin/injection/callback/CallbackInfo;)V doesn't use it's CallbackInfo
[10:41:24] [Render thread/DEBUG] (FabricLoader/Mixin) fabric-rendering-v1.mixins.json:renderstate.ItemStackRenderStateLayerRenderStateMixin from mod fabric-rendering-v1->@Inject::clearExtraRenderData(Lorg/spongepowered/asm/mixin/injection/callback/CallbackInfo;)V has 0 override(s) in child classes
[10:41:24] [Render thread/DEBUG] (FabricLoader/Mixin) fabric-rendering-v1.mixins.json:renderstate.ItemStackRenderStateLayerRenderStateMixin from mod fabric-rendering-v1->@Inject::clearExtraRenderData(Lorg/spongepowered/asm/mixin/injection/callback/CallbackInfo;)V won't be passed a CallbackInfo as a result
[10:41:24] [Render thread/DEBUG] (FabricLoader/Mixin) fabric-renderer-api-v1.mixins.json:item.ItemStackRenderStateLayerRenderStateMixin from mod fabric-renderer-api-v1->@Inject::onReturnClear(Lorg/spongepowered/asm/mixin/injection/callback/CallbackInfo;)V doesn't use it's CallbackInfo
[10:41:24] [Render thread/DEBUG] (FabricLoader/Mixin) fabric-renderer-api-v1.mixins.json:item.ItemStackRenderStateLayerRenderStateMixin from mod fabric-renderer-api-v1->@Inject::onReturnClear(Lorg/spongepowered/asm/mixin/injection/callback/CallbackInfo;)V has 0 override(s) in child classes
[10:41:24] [Render thread/DEBUG] (FabricLoader/Mixin) fabric-renderer-api-v1.mixins.json:item.ItemStackRenderStateLayerRenderStateMixin from mod fabric-renderer-api-v1->@Inject::onReturnClear(Lorg/spongepowered/asm/mixin/injection/callback/CallbackInfo;)V won't be passed a CallbackInfo as a result
[10:41:24] [Render thread/DEBUG] (FabricLoader/Mixin) Mixing ParticleEngineAccessor from fabric-particles-v1.client.mixins.json into net.minecraft.client.particle.ParticleEngine
[10:41:24] [Render thread/DEBUG] (FabricLoader/Mixin) Renaming @Accessor method getParticleRenderTypes()Ljava/util/List; to getParticleRenderTypes$fabric-particles-v1_$md$f26aa6$0 in fabric-particles-v1.client.mixins.json:ParticleEngineAccessor from mod fabric-particles-v1
[10:41:24] [Render thread/DEBUG] (FabricLoader/Mixin) Mixing ParticleEngineMixin from fabric-particles-v1.client.mixins.json into net.minecraft.client.particle.ParticleEngine
[10:41:24] [Render thread/DEBUG] (FabricLoader/Mixin) fabric-particles-v1.client.mixins.json:ParticleEngineMixin from mod fabric-particles-v1->@Inject::classInit(Lorg/spongepowered/asm/mixin/injection/callback/CallbackInfo;)V doesn't use it's CallbackInfo
[10:41:24] [Render thread/DEBUG] (FabricLoader/Mixin) fabric-particles-v1.client.mixins.json:ParticleEngineMixin from mod fabric-particles-v1->@Inject::createParticleGroup(Lnet/minecraft/client/particle/ParticleRenderType;Lorg/spongepowered/asm/mixin/injection/callback/CallbackInfoReturnable;)V does use it's CallbackInfoReturnable
[10:41:24] [Render thread/DEBUG] (FabricLoader/Mixin) Mixing GameRendererMixin from fabric-rendering-v1.mixins.json into net.minecraft.client.renderer.GameRenderer
[10:41:24] [Render thread/DEBUG] (FabricLoader/Mixin) fabric-rendering-v1.mixins.json:GameRendererMixin from mod fabric-rendering-v1->@Inject::guiRendererReady(Lnet/minecraft/client/Minecraft;Lnet/minecraft/client/renderer/ItemInHandRenderer;Lnet/minecraft/client/resources/model/ModelManager;Lorg/spongepowered/asm/mixin/injection/callback/CallbackInfo;)V doesn't use it's CallbackInfo
[10:41:24] [Render thread/DEBUG] (FabricLoader/Mixin) fabric-rendering-v1.mixins.json:GameRendererMixin from mod fabric-rendering-v1->@Inject::guiRendererReady(Lnet/minecraft/client/Minecraft;Lnet/minecraft/client/renderer/ItemInHandRenderer;Lnet/minecraft/client/resources/model/ModelManager;Lorg/spongepowered/asm/mixin/injection/callback/CallbackInfo;)V has 0 override(s) in child classes
[10:41:24] [Render thread/DEBUG] (FabricLoader/Mixin) fabric-rendering-v1.mixins.json:GameRendererMixin from mod fabric-rendering-v1->@Inject::guiRendererReady(Lnet/minecraft/client/Minecraft;Lnet/minecraft/client/renderer/ItemInHandRenderer;Lnet/minecraft/client/resources/model/ModelManager;Lorg/spongepowered/asm/mixin/injection/callback/CallbackInfo;)V won't be passed a CallbackInfo as a result
[10:41:24] [Render thread/DEBUG] (FabricLoader/Mixin) fabric-rendering-v1.mixins.json:GameRendererMixin from mod fabric-rendering-v1->@Inject::beforeExtract(Lnet/minecraft/client/DeltaTracker;ZLorg/spongepowered/asm/mixin/injection/callback/CallbackInfo;)V doesn't use it's CallbackInfo
[10:41:24] [Render thread/DEBUG] (FabricLoader/Mixin) fabric-rendering-v1.mixins.json:GameRendererMixin from mod fabric-rendering-v1->@Inject::beforeExtract(Lnet/minecraft/client/DeltaTracker;ZLorg/spongepowered/asm/mixin/injection/callback/CallbackInfo;)V has 0 override(s) in child classes
[10:41:24] [Render thread/DEBUG] (FabricLoader/Mixin) fabric-rendering-v1.mixins.json:GameRendererMixin from mod fabric-rendering-v1->@Inject::beforeExtract(Lnet/minecraft/client/DeltaTracker;ZLorg/spongepowered/asm/mixin/injection/callback/CallbackInfo;)V won't be passed a CallbackInfo as a result
[10:41:24] [Render thread/DEBUG] (FabricLoader/Mixin) Mixing renderstate.RenderStateMixin from fabric-rendering-v1.mixins.json into net.minecraft.client.renderer.state.GameRenderState
[10:41:24] [Render thread/DEBUG] (FabricLoader/Mixin) Mixing renderstate.LevelRenderStateMixin from fabric-rendering-v1.mixins.json into net.minecraft.client.renderer.state.level.LevelRenderState
[10:41:24] [Render thread/DEBUG] (FabricLoader/Mixin) Mixing renderstate.RenderStateMixin from fabric-rendering-v1.mixins.json into net.minecraft.client.renderer.state.level.LevelRenderState
[10:41:24] [Render thread/DEBUG] (FabricLoader/Mixin) fabric-rendering-v1.mixins.json:renderstate.LevelRenderStateMixin from mod fabric-rendering-v1->@Inject::clearExtraRenderData(Lorg/spongepowered/asm/mixin/injection/callback/CallbackInfo;)V doesn't use it's CallbackInfo
[10:41:24] [Render thread/DEBUG] (FabricLoader/Mixin) fabric-rendering-v1.mixins.json:renderstate.LevelRenderStateMixin from mod fabric-rendering-v1->@Inject::clearExtraRenderData(Lorg/spongepowered/asm/mixin/injection/callback/CallbackInfo;)V has 0 override(s) in child classes
[10:41:24] [Render thread/DEBUG] (FabricLoader/Mixin) fabric-rendering-v1.mixins.json:renderstate.LevelRenderStateMixin from mod fabric-rendering-v1->@Inject::clearExtraRenderData(Lorg/spongepowered/asm/mixin/injection/callback/CallbackInfo;)V won't be passed a CallbackInfo as a result
[10:41:24] [Render thread/DEBUG] (FabricLoader/Mixin) Mixing renderstate.RenderStateMixin from fabric-rendering-v1.mixins.json into net.minecraft.client.renderer.state.level.CameraRenderState
[10:41:24] [Render thread/DEBUG] (FabricLoader/Mixin) Mixing renderstate.RenderStateMixin from fabric-rendering-v1.mixins.json into net.minecraft.client.renderer.fog.FogData
[10:41:24] [Render thread/DEBUG] (FabricLoader/Mixin) Mixing renderstate.RenderStateMixin from fabric-rendering-v1.mixins.json into net.minecraft.client.renderer.state.level.CameraEntityRenderState
[10:41:24] [Render thread/DEBUG] (FabricLoader/Mixin) Mixing renderstate.RenderStateMixin from fabric-rendering-v1.mixins.json into net.minecraft.client.renderer.state.level.WeatherRenderState
[10:41:24] [Render thread/DEBUG] (FabricLoader/Mixin) Mixing renderstate.WeatherRenderStateMixin from fabric-rendering-v1.mixins.json into net.minecraft.client.renderer.state.level.WeatherRenderState
[10:41:24] [Render thread/DEBUG] (FabricLoader/Mixin) fabric-rendering-v1.mixins.json:renderstate.WeatherRenderStateMixin from mod fabric-rendering-v1->@Inject::clearExtraRenderData(Lorg/spongepowered/asm/mixin/injection/callback/CallbackInfo;)V doesn't use it's CallbackInfo
[10:41:24] [Render thread/DEBUG] (FabricLoader/Mixin) fabric-rendering-v1.mixins.json:renderstate.WeatherRenderStateMixin from mod fabric-rendering-v1->@Inject::clearExtraRenderData(Lorg/spongepowered/asm/mixin/injection/callback/CallbackInfo;)V has 0 override(s) in child classes
[10:41:24] [Render thread/DEBUG] (FabricLoader/Mixin) fabric-rendering-v1.mixins.json:renderstate.WeatherRenderStateMixin from mod fabric-rendering-v1->@Inject::clearExtraRenderData(Lorg/spongepowered/asm/mixin/injection/callback/CallbackInfo;)V won't be passed a CallbackInfo as a result
[10:41:24] [Render thread/DEBUG] (FabricLoader/Mixin) Mixing renderstate.RenderStateMixin from fabric-rendering-v1.mixins.json into net.minecraft.client.renderer.state.level.WorldBorderRenderState
[10:41:24] [Render thread/DEBUG] (FabricLoader/Mixin) Mixing renderstate.WorldBorderRenderStateMixin from fabric-rendering-v1.mixins.json into net.minecraft.client.renderer.state.level.WorldBorderRenderState
[10:41:24] [Render thread/DEBUG] (FabricLoader/Mixin) fabric-rendering-v1.mixins.json:renderstate.WorldBorderRenderStateMixin from mod fabric-rendering-v1->@Inject::clearExtraRenderData(Lorg/spongepowered/asm/mixin/injection/callback/CallbackInfo;)V doesn't use it's CallbackInfo
[10:41:24] [Render thread/DEBUG] (FabricLoader/Mixin) fabric-rendering-v1.mixins.json:renderstate.WorldBorderRenderStateMixin from mod fabric-rendering-v1->@Inject::clearExtraRenderData(Lorg/spongepowered/asm/mixin/injection/callback/CallbackInfo;)V has 0 override(s) in child classes
[10:41:24] [Render thread/DEBUG] (FabricLoader/Mixin) fabric-rendering-v1.mixins.json:renderstate.WorldBorderRenderStateMixin from mod fabric-rendering-v1->@Inject::clearExtraRenderData(Lorg/spongepowered/asm/mixin/injection/callback/CallbackInfo;)V won't be passed a CallbackInfo as a result
[10:41:24] [Render thread/DEBUG] (FabricLoader/Mixin) Mixing renderstate.RenderStateMixin from fabric-rendering-v1.mixins.json into net.minecraft.client.renderer.state.level.SkyRenderState
[10:41:24] [Render thread/DEBUG] (FabricLoader/Mixin) Mixing renderstate.SkyRenderStateMixin from fabric-rendering-v1.mixins.json into net.minecraft.client.renderer.state.level.SkyRenderState
[10:41:24] [Render thread/DEBUG] (FabricLoader/Mixin) fabric-rendering-v1.mixins.json:renderstate.SkyRenderStateMixin from mod fabric-rendering-v1->@Inject::clearExtraRenderData(Lorg/spongepowered/asm/mixin/injection/callback/CallbackInfo;)V doesn't use it's CallbackInfo
[10:41:24] [Render thread/DEBUG] (FabricLoader/Mixin) fabric-rendering-v1.mixins.json:renderstate.SkyRenderStateMixin from mod fabric-rendering-v1->@Inject::clearExtraRenderData(Lorg/spongepowered/asm/mixin/injection/callback/CallbackInfo;)V has 0 override(s) in child classes
[10:41:24] [Render thread/DEBUG] (FabricLoader/Mixin) fabric-rendering-v1.mixins.json:renderstate.SkyRenderStateMixin from mod fabric-rendering-v1->@Inject::clearExtraRenderData(Lorg/spongepowered/asm/mixin/injection/callback/CallbackInfo;)V won't be passed a CallbackInfo as a result
[10:41:24] [Render thread/DEBUG] (FabricLoader/Mixin) Mixing renderstate.ParticlesRenderStateMixin from fabric-rendering-v1.mixins.json into net.minecraft.client.renderer.state.level.ParticlesRenderState
[10:41:24] [Render thread/DEBUG] (FabricLoader/Mixin) Mixing renderstate.RenderStateMixin from fabric-rendering-v1.mixins.json into net.minecraft.client.renderer.state.level.ParticlesRenderState
[10:41:24] [Render thread/DEBUG] (FabricLoader/Mixin) fabric-rendering-v1.mixins.json:renderstate.ParticlesRenderStateMixin from mod fabric-rendering-v1->@Inject::clearExtraRenderData(Lorg/spongepowered/asm/mixin/injection/callback/CallbackInfo;)V doesn't use it's CallbackInfo
[10:41:24] [Render thread/DEBUG] (FabricLoader/Mixin) fabric-rendering-v1.mixins.json:renderstate.ParticlesRenderStateMixin from mod fabric-rendering-v1->@Inject::clearExtraRenderData(Lorg/spongepowered/asm/mixin/injection/callback/CallbackInfo;)V has 0 override(s) in child classes
[10:41:24] [Render thread/DEBUG] (FabricLoader/Mixin) fabric-rendering-v1.mixins.json:renderstate.ParticlesRenderStateMixin from mod fabric-rendering-v1->@Inject::clearExtraRenderData(Lorg/spongepowered/asm/mixin/injection/callback/CallbackInfo;)V won't be passed a CallbackInfo as a result
[10:41:24] [Render thread/DEBUG] (FabricLoader/Mixin) Mixing renderstate.RenderStateMixin from fabric-rendering-v1.mixins.json into net.minecraft.client.renderer.state.LightmapRenderState
[10:41:24] [Render thread/DEBUG] (FabricLoader/Mixin) Mixing renderstate.GuiRenderStateMixin from fabric-rendering-v1.mixins.json into net.minecraft.client.renderer.state.gui.GuiRenderState
[10:41:24] [Render thread/DEBUG] (FabricLoader/Mixin) Mixing renderstate.RenderStateMixin from fabric-rendering-v1.mixins.json into net.minecraft.client.renderer.state.gui.GuiRenderState
[10:41:24] [Render thread/DEBUG] (FabricLoader/Mixin) fabric-rendering-v1.mixins.json:renderstate.GuiRenderStateMixin from mod fabric-rendering-v1->@Inject::clearExtraRenderData(Lorg/spongepowered/asm/mixin/injection/callback/CallbackInfo;)V doesn't use it's CallbackInfo
[10:41:24] [Render thread/DEBUG] (FabricLoader/Mixin) fabric-rendering-v1.mixins.json:renderstate.GuiRenderStateMixin from mod fabric-rendering-v1->@Inject::clearExtraRenderData(Lorg/spongepowered/asm/mixin/injection/callback/CallbackInfo;)V has 0 override(s) in child classes
[10:41:24] [Render thread/DEBUG] (FabricLoader/Mixin) fabric-rendering-v1.mixins.json:renderstate.GuiRenderStateMixin from mod fabric-rendering-v1->@Inject::clearExtraRenderData(Lorg/spongepowered/asm/mixin/injection/callback/CallbackInfo;)V won't be passed a CallbackInfo as a result
[10:41:24] [Render thread/DEBUG] (FabricLoader/Mixin) Mixing renderstate.RenderStateMixin from fabric-rendering-v1.mixins.json into net.minecraft.client.renderer.state.OptionsRenderState
[10:41:24] [Render thread/DEBUG] (FabricLoader/Mixin) Mixing renderstate.RenderStateMixin from fabric-rendering-v1.mixins.json into net.minecraft.client.renderer.state.WindowRenderState
[10:41:24] [Render thread/DEBUG] (FabricLoader/Mixin) Mixing SubmitNodeStorageMixin from fabric-rendering-v1.mixins.json into net.minecraft.client.renderer.SubmitNodeStorage
[10:41:24] [Render thread/DEBUG] (FabricLoader/Mixin) Mixing submit.SubmitNodeStorageMixin from fabric-renderer-api-v1.mixins.json into net.minecraft.client.renderer.SubmitNodeStorage
[10:41:24] [Render thread/DEBUG] (FabricLoader/Mixin) Mixing FeatureRenderDispatcherMixin from fabric-rendering-v1.mixins.json into net.minecraft.client.renderer.feature.FeatureRenderDispatcher
[10:41:24] [Render thread/DEBUG] (FabricLoader/Mixin) fabric-rendering-v1.mixins.json:FeatureRenderDispatcherMixin from mod fabric-rendering-v1->@Inject::registerExtendedFeatureRenderers(Lorg/spongepowered/asm/mixin/injection/callback/CallbackInfo;)V doesn't use it's CallbackInfo
[10:41:24] [Render thread/DEBUG] (FabricLoader/Mixin) fabric-rendering-v1.mixins.json:FeatureRenderDispatcherMixin from mod fabric-rendering-v1->@Inject::registerExtendedFeatureRenderers(Lorg/spongepowered/asm/mixin/injection/callback/CallbackInfo;)V has 0 override(s) in child classes
[10:41:24] [Render thread/DEBUG] (FabricLoader/Mixin) fabric-rendering-v1.mixins.json:FeatureRenderDispatcherMixin from mod fabric-rendering-v1->@Inject::registerExtendedFeatureRenderers(Lorg/spongepowered/asm/mixin/injection/callback/CallbackInfo;)V won't be passed a CallbackInfo as a result
[10:41:24] [Render thread/DEBUG] (FabricLoader/Mixin) Mixing client.ModelFeatureRendererMixin from geckolib.mixins.json into net.minecraft.client.renderer.feature.ModelFeatureRenderer
[10:41:24] [Render thread/DEBUG] (FabricLoader/Mixin) geckolib.mixins.json:client.ModelFeatureRendererMixin from mod geckolib: Class version 69 required is higher than the class version supported by the current version of Mixin (JAVA_17 supports class version 61)
[10:41:24] [Render thread/DEBUG] (FabricLoader/Mixin) geckolib.mixins.json:client.ModelFeatureRendererMixin from mod geckolib->@Inject::geckolib$injectModelCleanup(Lnet/minecraft/client/renderer/feature/ModelFeatureRenderer$Submit;Lorg/spongepowered/asm/mixin/injection/callback/CallbackInfo;)V doesn't use it's CallbackInfo
[10:41:24] [Render thread/DEBUG] (FabricLoader/Mixin) geckolib.mixins.json:client.ModelFeatureRendererMixin from mod geckolib->@Inject::geckolib$injectModelCleanup(Lnet/minecraft/client/renderer/feature/ModelFeatureRenderer$Submit;Lorg/spongepowered/asm/mixin/injection/callback/CallbackInfo;)V has 0 override(s) in child classes
[10:41:24] [Render thread/DEBUG] (FabricLoader/Mixin) geckolib.mixins.json:client.ModelFeatureRendererMixin from mod geckolib->@Inject::geckolib$injectModelCleanup(Lnet/minecraft/client/renderer/feature/ModelFeatureRenderer$Submit;Lorg/spongepowered/asm/mixin/injection/callback/CallbackInfo;)V won't be passed a CallbackInfo as a result
[10:41:24] [Render thread/DEBUG] (FabricLoader/Mixin) Mixing block.render.MovingBlockFeatureRendererMixin from fabric-renderer-api-v1.mixins.json into net.minecraft.client.renderer.feature.MovingBlockFeatureRenderer
[10:41:24] [Render thread/DEBUG] (FabricLoader/Mixin) Renaming synthetic method access$000(Lnet/minecraft/client/renderer/feature/MovingBlockFeatureRenderer;Lnet/minecraft/client/renderer/rendertype/RenderType;)Lcom/mojang/blaze3d/vertex/VertexConsumer; to mdf26aa6$fabric-renderer-api-v1$access$000$0 in fabric-renderer-api-v1.mixins.json:block.render.MovingBlockFeatureRendererMixin from mod fabric-renderer-api-v1
[10:41:24] [Render thread/DEBUG] (FabricLoader/Mixin) Renaming synthetic method access$100(Lnet/minecraft/client/renderer/feature/MovingBlockFeatureRenderer;Lnet/minecraft/client/renderer/rendertype/RenderType;)Lcom/mojang/blaze3d/vertex/VertexConsumer; to mdf26aa6$fabric-renderer-api-v1$access$100$1 in fabric-renderer-api-v1.mixins.json:block.render.MovingBlockFeatureRendererMixin from mod fabric-renderer-api-v1
[10:41:24] [Render thread/DEBUG] (FabricLoader/Mixin) fabric-renderer-api-v1.mixins.json:block.render.MovingBlockFeatureRendererMixin from mod fabric-renderer-api-v1->@Inject::beforeInitBlockRenderer(Lnet/minecraft/client/renderer/feature/FeatureFrameContext;Ljava/util/List;Lorg/spongepowered/asm/mixin/injection/callback/CallbackInfo;)V doesn't use it's CallbackInfo
[10:41:24] [Render thread/DEBUG] (FabricLoader/Mixin) fabric-renderer-api-v1.mixins.json:block.render.MovingBlockFeatureRendererMixin from mod fabric-renderer-api-v1->@Inject::beforeInitBlockRenderer(Lnet/minecraft/client/renderer/feature/FeatureFrameContext;Ljava/util/List;Lorg/spongepowered/asm/mixin/injection/callback/CallbackInfo;)V has 0 override(s) in child classes
[10:41:24] [Render thread/DEBUG] (FabricLoader/Mixin) fabric-renderer-api-v1.mixins.json:block.render.MovingBlockFeatureRendererMixin from mod fabric-renderer-api-v1->@Inject::beforeInitBlockRenderer(Lnet/minecraft/client/renderer/feature/FeatureFrameContext;Ljava/util/List;Lorg/spongepowered/asm/mixin/injection/callback/CallbackInfo;)V won't be passed a CallbackInfo as a result
[10:41:24] [Render thread/DEBUG] (FabricLoader/Mixin) Mixing GuiRendererMixin from fabric-rendering-v1.mixins.json into net.minecraft.client.gui.render.GuiRenderer
[10:41:24] [Render thread/DEBUG] (FabricLoader/Mixin) Renaming synthetic method lambda$substituteSpecialElementRenderer$0(Ljava/lang/Class;)Lnet/fabricmc/fabric/impl/client/rendering/PictureInPictureRendererPool; to mdf26aa6$fabric-rendering-v1$lambda$substituteSpecialElementRenderer$0$0 in fabric-rendering-v1.mixins.json:GuiRendererMixin from mod fabric-rendering-v1
[10:41:24] [Render thread/DEBUG] (FabricLoader/Mixin) fabric-rendering-v1.mixins.json:GuiRendererMixin from mod fabric-rendering-v1->@Inject::mutableSpecialElementRenderers(Lnet/minecraft/client/renderer/state/gui/GuiRenderState;Lnet/minecraft/client/renderer/feature/FeatureRenderDispatcher;Ljava/util/List;Lorg/spongepowered/asm/mixin/injection/callback/CallbackInfo;)V doesn't use it's CallbackInfo
[10:41:24] [Render thread/DEBUG] (FabricLoader/Mixin) fabric-rendering-v1.mixins.json:GuiRendererMixin from mod fabric-rendering-v1->@Inject::mutableSpecialElementRenderers(Lnet/minecraft/client/renderer/state/gui/GuiRenderState;Lnet/minecraft/client/renderer/feature/FeatureRenderDispatcher;Ljava/util/List;Lorg/spongepowered/asm/mixin/injection/callback/CallbackInfo;)V has 0 override(s) in child classes
[10:41:24] [Render thread/DEBUG] (FabricLoader/Mixin) fabric-rendering-v1.mixins.json:GuiRendererMixin from mod fabric-rendering-v1->@Inject::mutableSpecialElementRenderers(Lnet/minecraft/client/renderer/state/gui/GuiRenderState;Lnet/minecraft/client/renderer/feature/FeatureRenderDispatcher;Ljava/util/List;Lorg/spongepowered/asm/mixin/injection/callback/CallbackInfo;)V won't be passed a CallbackInfo as a result
[10:41:24] [Render thread/DEBUG] (FabricLoader/Mixin) fabric-rendering-v1.mixins.json:GuiRendererMixin from mod fabric-rendering-v1->@Inject::prePrepareSpecialElements(Lorg/spongepowered/asm/mixin/injection/callback/CallbackInfo;)V doesn't use it's CallbackInfo
[10:41:24] [Render thread/DEBUG] (FabricLoader/Mixin) fabric-rendering-v1.mixins.json:GuiRendererMixin from mod fabric-rendering-v1->@Inject::prePrepareSpecialElements(Lorg/spongepowered/asm/mixin/injection/callback/CallbackInfo;)V has 0 override(s) in child classes
[10:41:24] [Render thread/DEBUG] (FabricLoader/Mixin) fabric-rendering-v1.mixins.json:GuiRendererMixin from mod fabric-rendering-v1->@Inject::prePrepareSpecialElements(Lorg/spongepowered/asm/mixin/injection/callback/CallbackInfo;)V won't be passed a CallbackInfo as a result
[10:41:24] [Render thread/DEBUG] (FabricLoader/Mixin) fabric-rendering-v1.mixins.json:GuiRendererMixin from mod fabric-rendering-v1->@Inject::postPrepareSpecialElements(Lorg/spongepowered/asm/mixin/injection/callback/CallbackInfo;)V doesn't use it's CallbackInfo
[10:41:24] [Render thread/DEBUG] (FabricLoader/Mixin) fabric-rendering-v1.mixins.json:GuiRendererMixin from mod fabric-rendering-v1->@Inject::postPrepareSpecialElements(Lorg/spongepowered/asm/mixin/injection/callback/CallbackInfo;)V has 0 override(s) in child classes
[10:41:24] [Render thread/DEBUG] (FabricLoader/Mixin) fabric-rendering-v1.mixins.json:GuiRendererMixin from mod fabric-rendering-v1->@Inject::postPrepareSpecialElements(Lorg/spongepowered/asm/mixin/injection/callback/CallbackInfo;)V won't be passed a CallbackInfo as a result
[10:41:24] [Render thread/DEBUG] (FabricLoader/Mixin) fabric-rendering-v1.mixins.json:GuiRendererMixin from mod fabric-rendering-v1->@Inject::closeRendererPools(Lorg/spongepowered/asm/mixin/injection/callback/CallbackInfo;)V doesn't use it's CallbackInfo
[10:41:24] [Render thread/DEBUG] (FabricLoader/Mixin) fabric-rendering-v1.mixins.json:GuiRendererMixin from mod fabric-rendering-v1->@Inject::closeRendererPools(Lorg/spongepowered/asm/mixin/injection/callback/CallbackInfo;)V has 0 override(s) in child classes
[10:41:24] [Render thread/DEBUG] (FabricLoader/Mixin) fabric-rendering-v1.mixins.json:GuiRendererMixin from mod fabric-rendering-v1->@Inject::closeRendererPools(Lorg/spongepowered/asm/mixin/injection/callback/CallbackInfo;)V won't be passed a CallbackInfo as a result
[10:41:24] [Render thread/DEBUG] (FabricLoader/Mixin) Mixing block.particle.ScreenEffectRendererMixin from fabric-renderer-api-v1.mixins.json into net.minecraft.client.renderer.ScreenEffectRenderer
[10:41:24] [Render thread/DEBUG] (FabricLoader/Mixin) fabric-renderer-api-v1.mixins.json:block.particle.ScreenEffectRendererMixin from mod fabric-renderer-api-v1->@Inject::onReturnGetInWallBlockState(Lorg/spongepowered/asm/mixin/injection/callback/CallbackInfoReturnable;)V doesn't use it's CallbackInfoReturnable
[10:41:24] [Render thread/DEBUG] (FabricLoader/Mixin) Mixing WorldRendererMixin from stargazer.mixins.json into net.minecraft.client.renderer.LevelRenderer
[10:41:24] [Render thread/DEBUG] (FabricLoader/Mixin) Renaming synthetic method lambda$redirectFramePassSetRenderer$0(Ljava/lang/Runnable;)V to mdf26aa6$stargazer$lambda$redirectFramePassSetRenderer$0$0 in stargazer.mixins.json:WorldRendererMixin from mod stargazer
[10:41:24] [Render thread/DEBUG] (FabricLoader/Mixin) Mixing KeyedClientResourceReloadListenerMixin from fabric-resource-loader-v1.client.mixins.json into net.minecraft.client.renderer.LevelRenderer
[10:41:24] [Render thread/DEBUG] (FabricLoader/Mixin) Mixing LevelRendererMixin from fabric-rendering-v1.mixins.json into net.minecraft.client.renderer.LevelRenderer
[10:41:24] [Render thread/DEBUG] (FabricLoader/Mixin) Mixing block.render.LevelRendererMixin from fabric-renderer-api-v1.mixins.json into net.minecraft.client.renderer.LevelRenderer
[10:41:24] [Render thread/DEBUG] (FabricLoader/Mixin) Renaming synthetic method lambda$submitBreakingBlockModelProxy$0(Lnet/minecraft/core/Direction;)Z to mdf26aa6$fabric-renderer-api-v1$lambda$submitBreakingBlockModelProxy$0$1 in fabric-renderer-api-v1.mixins.json:block.render.LevelRendererMixin from mod fabric-renderer-api-v1
[10:41:24] [Render thread/DEBUG] (FabricLoader/Mixin) fabric-rendering-v1.mixins.json:LevelRendererMixin from mod fabric-rendering-v1->@Inject::beforeRender(Lcom/mojang/blaze3d/resource/GraphicsResourceAllocator;Lnet/minecraft/client/DeltaTracker;ZLnet/minecraft/client/renderer/state/level/CameraRenderState;Lorg/joml/Matrix4fc;Lcom/mojang/blaze3d/buffers/GpuBufferSlice;Lorg/joml/Vector4f;ZLorg/spongepowered/asm/mixin/injection/callback/CallbackInfo;)V doesn't use it's CallbackInfo
[10:41:24] [Render thread/DEBUG] (FabricLoader/Mixin) fabric-rendering-v1.mixins.json:LevelRendererMixin from mod fabric-rendering-v1->@Inject::beforeRender(Lcom/mojang/blaze3d/resource/GraphicsResourceAllocator;Lnet/minecraft/client/DeltaTracker;ZLnet/minecraft/client/renderer/state/level/CameraRenderState;Lorg/joml/Matrix4fc;Lcom/mojang/blaze3d/buffers/GpuBufferSlice;Lorg/joml/Vector4f;ZLorg/spongepowered/asm/mixin/injection/callback/CallbackInfo;)V has 0 override(s) in child classes
[10:41:24] [Render thread/DEBUG] (FabricLoader/Mixin) fabric-rendering-v1.mixins.json:LevelRendererMixin from mod fabric-rendering-v1->@Inject::beforeRender(Lcom/mojang/blaze3d/resource/GraphicsResourceAllocator;Lnet/minecraft/client/DeltaTracker;ZLnet/minecraft/client/renderer/state/level/CameraRenderState;Lorg/joml/Matrix4fc;Lcom/mojang/blaze3d/buffers/GpuBufferSlice;Lorg/joml/Vector4f;ZLorg/spongepowered/asm/mixin/injection/callback/CallbackInfo;)V won't be passed a CallbackInfo as a result
[10:41:24] [Render thread/DEBUG] (FabricLoader/Mixin) fabric-rendering-v1.mixins.json:LevelRendererMixin from mod fabric-rendering-v1->@Inject::prepareChunkRenders(Lorg/spongepowered/asm/mixin/injection/callback/CallbackInfoReturnable;)V does use it's CallbackInfoReturnable
[10:41:24] [Render thread/DEBUG] (FabricLoader/Mixin) fabric-rendering-v1.mixins.json:LevelRendererMixin from mod fabric-rendering-v1->@Inject::afterCollectSubmits(Lorg/spongepowered/asm/mixin/injection/callback/CallbackInfo;)V doesn't use it's CallbackInfo
[10:41:24] [Render thread/DEBUG] (FabricLoader/Mixin) fabric-rendering-v1.mixins.json:LevelRendererMixin from mod fabric-rendering-v1->@Inject::afterCollectSubmits(Lorg/spongepowered/asm/mixin/injection/callback/CallbackInfo;)V has 0 override(s) in child classes
[10:41:24] [Render thread/DEBUG] (FabricLoader/Mixin) fabric-rendering-v1.mixins.json:LevelRendererMixin from mod fabric-rendering-v1->@Inject::afterCollectSubmits(Lorg/spongepowered/asm/mixin/injection/callback/CallbackInfo;)V won't be passed a CallbackInfo as a result
[10:41:24] [Render thread/DEBUG] (FabricLoader/Mixin) fabric-rendering-v1.mixins.json:LevelRendererMixin from mod fabric-rendering-v1->@Inject::afterRenderSolidFeatures(Lorg/spongepowered/asm/mixin/injection/callback/CallbackInfo;)V doesn't use it's CallbackInfo
[10:41:24] [Render thread/DEBUG] (FabricLoader/Mixin) fabric-rendering-v1.mixins.json:LevelRendererMixin from mod fabric-rendering-v1->@Inject::afterRenderSolidFeatures(Lorg/spongepowered/asm/mixin/injection/callback/CallbackInfo;)V has 0 override(s) in child classes
[10:41:24] [Render thread/DEBUG] (FabricLoader/Mixin) fabric-rendering-v1.mixins.json:LevelRendererMixin from mod fabric-rendering-v1->@Inject::afterRenderSolidFeatures(Lorg/spongepowered/asm/mixin/injection/callback/CallbackInfo;)V won't be passed a CallbackInfo as a result
[10:41:24] [Render thread/DEBUG] (FabricLoader/Mixin) fabric-rendering-v1.mixins.json:LevelRendererMixin from mod fabric-rendering-v1->@Inject::afterRenderTranslucentFeatures(Lorg/spongepowered/asm/mixin/injection/callback/CallbackInfo;)V doesn't use it's CallbackInfo
[10:41:24] [Render thread/DEBUG] (FabricLoader/Mixin) fabric-rendering-v1.mixins.json:LevelRendererMixin from mod fabric-rendering-v1->@Inject::afterRenderTranslucentFeatures(Lorg/spongepowered/asm/mixin/injection/callback/CallbackInfo;)V has 0 override(s) in child classes
[10:41:24] [Render thread/DEBUG] (FabricLoader/Mixin) fabric-rendering-v1.mixins.json:LevelRendererMixin from mod fabric-rendering-v1->@Inject::afterRenderTranslucentFeatures(Lorg/spongepowered/asm/mixin/injection/callback/CallbackInfo;)V won't be passed a CallbackInfo as a result
[10:41:24] [Render thread/DEBUG] (FabricLoader/Mixin) fabric-rendering-v1.mixins.json:LevelRendererMixin from mod fabric-rendering-v1->@Inject::beforeRenderBlockOutline(Lcom/mojang/blaze3d/vertex/PoseStack;Lnet/minecraft/client/renderer/SubmitNodeCollector;Lnet/minecraft/client/renderer/state/level/LevelRenderState;Lorg/spongepowered/asm/mixin/injection/callback/CallbackInfo;)V does use it's CallbackInfo
[10:41:24] [Render thread/DEBUG] (FabricLoader/Mixin) fabric-rendering-v1.mixins.json:LevelRendererMixin from mod fabric-rendering-v1->@Inject::beforeCollectGizmos(Lorg/spongepowered/asm/mixin/injection/callback/CallbackInfo;)V doesn't use it's CallbackInfo
[10:41:24] [Render thread/DEBUG] (FabricLoader/Mixin) fabric-rendering-v1.mixins.json:LevelRendererMixin from mod fabric-rendering-v1->@Inject::beforeCollectGizmos(Lorg/spongepowered/asm/mixin/injection/callback/CallbackInfo;)V has 0 override(s) in child classes
[10:41:24] [Render thread/DEBUG] (FabricLoader/Mixin) fabric-rendering-v1.mixins.json:LevelRendererMixin from mod fabric-rendering-v1->@Inject::beforeCollectGizmos(Lorg/spongepowered/asm/mixin/injection/callback/CallbackInfo;)V won't be passed a CallbackInfo as a result
[10:41:24] [Render thread/DEBUG] (FabricLoader/Mixin) fabric-rendering-v1.mixins.json:LevelRendererMixin from mod fabric-rendering-v1->@Inject::endMainRender(Lorg/spongepowered/asm/mixin/injection/callback/CallbackInfo;)V doesn't use it's CallbackInfo
[10:41:24] [Render thread/DEBUG] (FabricLoader/Mixin) fabric-rendering-v1.mixins.json:LevelRendererMixin from mod fabric-rendering-v1->@Inject::endMainRender(Lorg/spongepowered/asm/mixin/injection/callback/CallbackInfo;)V has 0 override(s) in child classes
[10:41:24] [Render thread/DEBUG] (FabricLoader/Mixin) fabric-rendering-v1.mixins.json:LevelRendererMixin from mod fabric-rendering-v1->@Inject::endMainRender(Lorg/spongepowered/asm/mixin/injection/callback/CallbackInfo;)V won't be passed a CallbackInfo as a result
[10:41:24] [Render thread/DEBUG] (FabricLoader/Mixin) fabric-renderer-api-v1.mixins.json:block.render.LevelRendererMixin from mod fabric-renderer-api-v1->@Inject::beforeCreateRandom(Lorg/spongepowered/asm/mixin/injection/callback/CallbackInfo;)V doesn't use it's CallbackInfo
[10:41:24] [Render thread/DEBUG] (FabricLoader/Mixin) fabric-renderer-api-v1.mixins.json:block.render.LevelRendererMixin from mod fabric-renderer-api-v1->@Inject::beforeCreateRandom(Lorg/spongepowered/asm/mixin/injection/callback/CallbackInfo;)V has 0 override(s) in child classes
[10:41:24] [Render thread/DEBUG] (FabricLoader/Mixin) fabric-renderer-api-v1.mixins.json:block.render.LevelRendererMixin from mod fabric-renderer-api-v1->@Inject::beforeCreateRandom(Lorg/spongepowered/asm/mixin/injection/callback/CallbackInfo;)V won't be passed a CallbackInfo as a result
[10:41:24] [Render thread/DEBUG] (FabricLoader/Mixin) Mixing KeyedClientResourceReloadListenerMixin from fabric-resource-loader-v1.client.mixins.json into net.minecraft.client.renderer.CloudRenderer
[10:41:24] [Render thread/DEBUG] (FabricLoader/Mixin) Mixing KeyedClientResourceReloadListenerMixin from fabric-resource-loader-v1.client.mixins.json into net.minecraft.client.renderer.extract.LevelExtractor
[10:41:24] [Render thread/DEBUG] (FabricLoader/Mixin) Mixing LevelExtractorMixin from fabric-rendering-v1.mixins.json into net.minecraft.client.renderer.extract.LevelExtractor
[10:41:24] [Render thread/DEBUG] (FabricLoader/Mixin) Mixing block.render.LevelExtractorMixin from fabric-renderer-api-v1.mixins.json into net.minecraft.client.renderer.extract.LevelExtractor
[10:41:24] [Render thread/DEBUG] (FabricLoader/Mixin) fabric-rendering-v1.mixins.json:LevelExtractorMixin from mod fabric-rendering-v1->@Inject::afterBlockOutlineExtraction(Lnet/minecraft/client/Camera;Lnet/minecraft/client/renderer/state/level/LevelRenderState;Lorg/spongepowered/asm/mixin/injection/callback/CallbackInfo;)V doesn't use it's CallbackInfo
[10:41:24] [Render thread/DEBUG] (FabricLoader/Mixin) fabric-rendering-v1.mixins.json:LevelExtractorMixin from mod fabric-rendering-v1->@Inject::afterBlockOutlineExtraction(Lnet/minecraft/client/Camera;Lnet/minecraft/client/renderer/state/level/LevelRenderState;Lorg/spongepowered/asm/mixin/injection/callback/CallbackInfo;)V has 0 override(s) in child classes
[10:41:24] [Render thread/DEBUG] (FabricLoader/Mixin) fabric-rendering-v1.mixins.json:LevelExtractorMixin from mod fabric-rendering-v1->@Inject::afterBlockOutlineExtraction(Lnet/minecraft/client/Camera;Lnet/minecraft/client/renderer/state/level/LevelRenderState;Lorg/spongepowered/asm/mixin/injection/callback/CallbackInfo;)V won't be passed a CallbackInfo as a result
[10:41:24] [Render thread/DEBUG] (FabricLoader/Mixin) fabric-rendering-v1.mixins.json:LevelExtractorMixin from mod fabric-rendering-v1->@Inject::afterBlockOutlineExtraction(Lnet/minecraft/client/Camera;Lnet/minecraft/client/renderer/state/level/LevelRenderState;Lorg/spongepowered/asm/mixin/injection/callback/CallbackInfo;)V doesn't use it's CallbackInfo
[10:41:24] [Render thread/DEBUG] (FabricLoader/Mixin) fabric-rendering-v1.mixins.json:LevelExtractorMixin from mod fabric-rendering-v1->@Inject::afterBlockOutlineExtraction(Lnet/minecraft/client/Camera;Lnet/minecraft/client/renderer/state/level/LevelRenderState;Lorg/spongepowered/asm/mixin/injection/callback/CallbackInfo;)V has 0 override(s) in child classes
[10:41:24] [Render thread/DEBUG] (FabricLoader/Mixin) fabric-rendering-v1.mixins.json:LevelExtractorMixin from mod fabric-rendering-v1->@Inject::afterBlockOutlineExtraction(Lnet/minecraft/client/Camera;Lnet/minecraft/client/renderer/state/level/LevelRenderState;Lorg/spongepowered/asm/mixin/injection/callback/CallbackInfo;)V won't be passed a CallbackInfo as a result
[10:41:24] [Render thread/DEBUG] (FabricLoader/Mixin) fabric-rendering-v1.mixins.json:LevelExtractorMixin from mod fabric-rendering-v1->@Inject::afterBlockOutlineExtraction(Lnet/minecraft/client/Camera;Lnet/minecraft/client/renderer/state/level/LevelRenderState;Lorg/spongepowered/asm/mixin/injection/callback/CallbackInfo;)V doesn't use it's CallbackInfo
[10:41:24] [Render thread/DEBUG] (FabricLoader/Mixin) fabric-rendering-v1.mixins.json:LevelExtractorMixin from mod fabric-rendering-v1->@Inject::afterBlockOutlineExtraction(Lnet/minecraft/client/Camera;Lnet/minecraft/client/renderer/state/level/LevelRenderState;Lorg/spongepowered/asm/mixin/injection/callback/CallbackInfo;)V has 0 override(s) in child classes
[10:41:24] [Render thread/DEBUG] (FabricLoader/Mixin) fabric-rendering-v1.mixins.json:LevelExtractorMixin from mod fabric-rendering-v1->@Inject::afterBlockOutlineExtraction(Lnet/minecraft/client/Camera;Lnet/minecraft/client/renderer/state/level/LevelRenderState;Lorg/spongepowered/asm/mixin/injection/callback/CallbackInfo;)V won't be passed a CallbackInfo as a result
[10:41:24] [Render thread/DEBUG] (FabricLoader/Mixin) fabric-rendering-v1.mixins.json:LevelExtractorMixin from mod fabric-rendering-v1->@Inject::afterExtractLevel(Lnet/minecraft/client/DeltaTracker;Lnet/minecraft/client/Camera;FLorg/spongepowered/asm/mixin/injection/callback/CallbackInfo;)V doesn't use it's CallbackInfo
[10:41:24] [Render thread/DEBUG] (FabricLoader/Mixin) fabric-rendering-v1.mixins.json:LevelExtractorMixin from mod fabric-rendering-v1->@Inject::afterExtractLevel(Lnet/minecraft/client/DeltaTracker;Lnet/minecraft/client/Camera;FLorg/spongepowered/asm/mixin/injection/callback/CallbackInfo;)V has 0 override(s) in child classes
[10:41:24] [Render thread/DEBUG] (FabricLoader/Mixin) fabric-rendering-v1.mixins.json:LevelExtractorMixin from mod fabric-rendering-v1->@Inject::afterExtractLevel(Lnet/minecraft/client/DeltaTracker;Lnet/minecraft/client/Camera;FLorg/spongepowered/asm/mixin/injection/callback/CallbackInfo;)V won't be passed a CallbackInfo as a result
[10:41:24] [Render thread/DEBUG] (FabricLoader/Mixin) fabric-rendering-v1.mixins.json:LevelExtractorMixin from mod fabric-rendering-v1->@Inject::onReload(Lorg/spongepowered/asm/mixin/injection/callback/CallbackInfo;)V doesn't use it's CallbackInfo
[10:41:24] [Render thread/DEBUG] (FabricLoader/Mixin) fabric-rendering-v1.mixins.json:LevelExtractorMixin from mod fabric-rendering-v1->@Inject::onReload(Lorg/spongepowered/asm/mixin/injection/callback/CallbackInfo;)V has 0 override(s) in child classes
[10:41:24] [Render thread/DEBUG] (FabricLoader/Mixin) fabric-rendering-v1.mixins.json:LevelExtractorMixin from mod fabric-rendering-v1->@Inject::onReload(Lorg/spongepowered/asm/mixin/injection/callback/CallbackInfo;)V won't be passed a CallbackInfo as a result
[10:41:24] [Render thread/DEBUG] (FabricLoader/Mixin) Mixing DebugRendererMixin from fabric-debug-api-v1.client.mixins.json into net.minecraft.client.renderer.debug.DebugRenderer
[10:41:24] [Render thread/DEBUG] (FabricLoader/Mixin) fabric-debug-api-v1.client.mixins.json:DebugRendererMixin from mod fabric-debug-api-v1->@Inject::registerRenderers(Lorg/spongepowered/asm/mixin/injection/callback/CallbackInfo;)V doesn't use it's CallbackInfo
[10:41:24] [Render thread/DEBUG] (FabricLoader/Mixin) fabric-debug-api-v1.client.mixins.json:DebugRendererMixin from mod fabric-debug-api-v1->@Inject::registerRenderers(Lorg/spongepowered/asm/mixin/injection/callback/CallbackInfo;)V has 0 override(s) in child classes
[10:41:24] [Render thread/DEBUG] (FabricLoader/Mixin) fabric-debug-api-v1.client.mixins.json:DebugRendererMixin from mod fabric-debug-api-v1->@Inject::registerRenderers(Lorg/spongepowered/asm/mixin/injection/callback/CallbackInfo;)V won't be passed a CallbackInfo as a result
[10:41:24] [Render thread/DEBUG] (FabricLoader/Mixin) Mixing KeyedClientResourceReloadListenerMixin from fabric-resource-loader-v1.client.mixins.json into net.minecraft.client.renderer.GpuWarnlistManager
[10:41:24] [Render thread/DEBUG] (FabricLoader/Mixin) Mixing GuiMixin from fabric-screen-api-v1.mixins.json into net.minecraft.client.gui.Gui
[10:41:24] [Render thread/DEBUG] (FabricLoader/Mixin) Renaming @Unique field LOGGERLorg/slf4j/Logger; to fdf26aa6$fabric-screen-api-v1$LOGGER$0 in fabric-screen-api-v1.mixins.json:GuiMixin from mod fabric-screen-api-v1
[10:41:24] [Render thread/DEBUG] (FabricLoader/Mixin) Mixing client.MixinGui from architectury.mixins.json into net.minecraft.client.gui.Gui
[10:41:24] [Render thread/DEBUG] (FabricLoader/Mixin) fabric-screen-api-v1.mixins.json:GuiMixin from mod fabric-screen-api-v1->@Inject::checkThreadOnDev(Lnet/minecraft/client/gui/screens/Screen;Lorg/spongepowered/asm/mixin/injection/callback/CallbackInfo;)V doesn't use it's CallbackInfo
[10:41:24] [Render thread/DEBUG] (FabricLoader/Mixin) fabric-screen-api-v1.mixins.json:GuiMixin from mod fabric-screen-api-v1->@Inject::checkThreadOnDev(Lnet/minecraft/client/gui/screens/Screen;Lorg/spongepowered/asm/mixin/injection/callback/CallbackInfo;)V has 0 override(s) in child classes
[10:41:24] [Render thread/DEBUG] (FabricLoader/Mixin) fabric-screen-api-v1.mixins.json:GuiMixin from mod fabric-screen-api-v1->@Inject::checkThreadOnDev(Lnet/minecraft/client/gui/screens/Screen;Lorg/spongepowered/asm/mixin/injection/callback/CallbackInfo;)V won't be passed a CallbackInfo as a result
[10:41:24] [Render thread/DEBUG] (FabricLoader/Mixin) fabric-screen-api-v1.mixins.json:GuiMixin from mod fabric-screen-api-v1->@Inject::onScreenRemove(Lnet/minecraft/client/gui/screens/Screen;Lorg/spongepowered/asm/mixin/injection/callback/CallbackInfo;)V doesn't use it's CallbackInfo
[10:41:24] [Render thread/DEBUG] (FabricLoader/Mixin) fabric-screen-api-v1.mixins.json:GuiMixin from mod fabric-screen-api-v1->@Inject::onScreenRemove(Lnet/minecraft/client/gui/screens/Screen;Lorg/spongepowered/asm/mixin/injection/callback/CallbackInfo;)V has 0 override(s) in child classes
[10:41:24] [Render thread/DEBUG] (FabricLoader/Mixin) fabric-screen-api-v1.mixins.json:GuiMixin from mod fabric-screen-api-v1->@Inject::onScreenRemove(Lnet/minecraft/client/gui/screens/Screen;Lorg/spongepowered/asm/mixin/injection/callback/CallbackInfo;)V won't be passed a CallbackInfo as a result
[10:41:24] [Render thread/DEBUG] (FabricLoader/Mixin) fabric-screen-api-v1.mixins.json:GuiMixin from mod fabric-screen-api-v1->@Inject::beforeScreenTick(Lorg/spongepowered/asm/mixin/injection/callback/CallbackInfo;)V doesn't use it's CallbackInfo
[10:41:24] [Render thread/DEBUG] (FabricLoader/Mixin) fabric-screen-api-v1.mixins.json:GuiMixin from mod fabric-screen-api-v1->@Inject::beforeScreenTick(Lorg/spongepowered/asm/mixin/injection/callback/CallbackInfo;)V has 0 override(s) in child classes
[10:41:24] [Render thread/DEBUG] (FabricLoader/Mixin) fabric-screen-api-v1.mixins.json:GuiMixin from mod fabric-screen-api-v1->@Inject::beforeScreenTick(Lorg/spongepowered/asm/mixin/injection/callback/CallbackInfo;)V won't be passed a CallbackInfo as a result
[10:41:24] [Render thread/DEBUG] (FabricLoader/Mixin) fabric-screen-api-v1.mixins.json:GuiMixin from mod fabric-screen-api-v1->@Inject::afterScreenTick(Lorg/spongepowered/asm/mixin/injection/callback/CallbackInfo;)V doesn't use it's CallbackInfo
[10:41:24] [Render thread/DEBUG] (FabricLoader/Mixin) fabric-screen-api-v1.mixins.json:GuiMixin from mod fabric-screen-api-v1->@Inject::afterScreenTick(Lorg/spongepowered/asm/mixin/injection/callback/CallbackInfo;)V has 0 override(s) in child classes
[10:41:24] [Render thread/DEBUG] (FabricLoader/Mixin) fabric-screen-api-v1.mixins.json:GuiMixin from mod fabric-screen-api-v1->@Inject::afterScreenTick(Lorg/spongepowered/asm/mixin/injection/callback/CallbackInfo;)V won't be passed a CallbackInfo as a result
[10:41:24] [Render thread/DEBUG] (FabricLoader/Mixin) architectury.mixins.json:client.MixinGui from mod architectury->@Inject::cancelSetScreen(Lnet/minecraft/client/gui/screens/Screen;Lorg/spongepowered/asm/mixin/injection/callback/CallbackInfo;)V does use it's CallbackInfo
[10:41:24] [Render thread/DEBUG] (FabricLoader/Mixin) Mixing advancement.AdvancementsScreenMixin from fabric-rendering-v1.mixins.json into net.minecraft.client.gui.screens.advancements.AdvancementsScreen
[10:41:24] [Render thread/DEBUG] (FabricLoader/Mixin) Renaming synthetic method lambda$wrapDrawIcon$0(Lcom/llamalad7/mixinextras/injector/wrapoperation/Operation;Lnet/minecraft/client/gui/screens/advancements/AdvancementTab;Lnet/minecraft/client/gui/GuiGraphicsExtractor;II)Ljava/lang/Void; to mdf26aa6$fabric-rendering-v1$lambda$wrapDrawIcon$0$0 in fabric-rendering-v1.mixins.json:advancement.AdvancementsScreenMixin from mod fabric-rendering-v1
[10:41:24] [Render thread/DEBUG] (FabricLoader/Mixin) Mixing HudMixin from fabric-content-registries-v0.client.mixins.json into net.minecraft.client.gui.Hud
[10:41:24] [Render thread/DEBUG] (FabricLoader/Mixin) Mixing HudAccessor from fabric-rendering-v1.mixins.json into net.minecraft.client.gui.Hud
[10:41:24] [Render thread/DEBUG] (FabricLoader/Mixin) Mixing HudMixin from fabric-rendering-v1.mixins.json into net.minecraft.client.gui.Hud
[10:41:24] [Render thread/DEBUG] (FabricLoader/Mixin) Renaming synthetic method lambda$wrapPlayerList$0(Lcom/llamalad7/mixinextras/injector/wrapoperation/Operation;Lnet/minecraft/client/gui/Hud;Lnet/minecraft/client/gui/GuiGraphicsExtractor;Lnet/minecraft/client/DeltaTracker;)V to mdf26aa6$fabric-rendering-v1$lambda$wrapPlayerList$0$0 in fabric-rendering-v1.mixins.json:HudMixin from mod fabric-rendering-v1
[10:41:24] [Render thread/DEBUG] (FabricLoader/Mixin) Renaming synthetic method lambda$wrapChat$0(Lcom/llamalad7/mixinextras/injector/wrapoperation/Operation;Lnet/minecraft/client/gui/Hud;Lnet/minecraft/client/gui/GuiGraphicsExtractor;Lnet/minecraft/client/DeltaTracker;)V to mdf26aa6$fabric-rendering-v1$lambda$wrapChat$0$1 in fabric-rendering-v1.mixins.json:HudMixin from mod fabric-rendering-v1
[10:41:24] [Render thread/DEBUG] (FabricLoader/Mixin) Renaming synthetic method lambda$wrapTitleAndSubtitle$0(Lcom/llamalad7/mixinextras/injector/wrapoperation/Operation;Lnet/minecraft/client/gui/Hud;Lnet/minecraft/client/gui/GuiGraphicsExtractor;Lnet/minecraft/client/DeltaTracker;)V to mdf26aa6$fabric-rendering-v1$lambda$wrapTitleAndSubtitle$0$2 in fabric-rendering-v1.mixins.json:HudMixin from mod fabric-rendering-v1
[10:41:24] [Render thread/DEBUG] (FabricLoader/Mixin) Renaming synthetic method lambda$wrapOverlayMessage$0(Lcom/llamalad7/mixinextras/injector/wrapoperation/Operation;Lnet/minecraft/client/gui/Hud;Lnet/minecraft/client/gui/GuiGraphicsExtractor;Lnet/minecraft/client/DeltaTracker;)V to mdf26aa6$fabric-rendering-v1$lambda$wrapOverlayMessage$0$3 in fabric-rendering-v1.mixins.json:HudMixin from mod fabric-rendering-v1
[10:41:24] [Render thread/DEBUG] (FabricLoader/Mixin) Renaming synthetic method lambda$wrapScoreboardSidebar$0(Lcom/llamalad7/mixinextras/injector/wrapoperation/Operation;Lnet/minecraft/client/gui/Hud;Lnet/minecraft/client/gui/GuiGraphicsExtractor;Lnet/minecraft/client/DeltaTracker;)V to mdf26aa6$fabric-rendering-v1$lambda$wrapScoreboardSidebar$0$4 in fabric-rendering-v1.mixins.json:HudMixin from mod fabric-rendering-v1
[10:41:24] [Render thread/DEBUG] (FabricLoader/Mixin) Renaming synthetic method lambda$wrapDemoTimer$0(Lcom/llamalad7/mixinextras/injector/wrapoperation/Operation;Lnet/minecraft/client/gui/Hud;Lnet/minecraft/client/gui/GuiGraphicsExtractor;Lnet/minecraft/client/DeltaTracker;)V to mdf26aa6$fabric-rendering-v1$lambda$wrapDemoTimer$0$5 in fabric-rendering-v1.mixins.json:HudMixin from mod fabric-rendering-v1
[10:41:24] [Render thread/DEBUG] (FabricLoader/Mixin) Renaming synthetic method lambda$wrapSleepOverlay$0(Lcom/llamalad7/mixinextras/injector/wrapoperation/Operation;Lnet/minecraft/client/gui/Hud;Lnet/minecraft/client/gui/GuiGraphicsExtractor;Lnet/minecraft/client/DeltaTracker;)V to mdf26aa6$fabric-rendering-v1$lambda$wrapSleepOverlay$0$6 in fabric-rendering-v1.mixins.json:HudMixin from mod fabric-rendering-v1
[10:41:24] [Render thread/DEBUG] (FabricLoader/Mixin) Renaming synthetic method lambda$wrapBossHealthOverlay$0(Lcom/llamalad7/mixinextras/injector/wrapoperation/Operation;Lnet/minecraft/client/gui/Hud;Lnet/minecraft/client/gui/GuiGraphicsExtractor;Lnet/minecraft/client/DeltaTracker;)V to mdf26aa6$fabric-rendering-v1$lambda$wrapBossHealthOverlay$0$7 in fabric-rendering-v1.mixins.json:HudMixin from mod fabric-rendering-v1
[10:41:24] [Render thread/DEBUG] (FabricLoader/Mixin) Renaming synthetic method lambda$wrapMobEffectOverlay$0(Lcom/llamalad7/mixinextras/injector/wrapoperation/Operation;Lnet/minecraft/client/gui/Hud;Lnet/minecraft/client/gui/GuiGraphicsExtractor;Lnet/minecraft/client/DeltaTracker;)V to mdf26aa6$fabric-rendering-v1$lambda$wrapMobEffectOverlay$0$8 in fabric-rendering-v1.mixins.json:HudMixin from mod fabric-rendering-v1
[10:41:24] [Render thread/DEBUG] (FabricLoader/Mixin) Renaming synthetic method lambda$wrapExtractSpectatorGui$0(Lcom/llamalad7/mixinextras/injector/wrapoperation/Operation;Lnet/minecraft/client/gui/components/spectator/SpectatorGui;Lnet/minecraft/client/gui/GuiGraphicsExtractor;Lnet/minecraft/client/DeltaTracker;)V to mdf26aa6$fabric-rendering-v1$lambda$wrapExtractSpectatorGui$0$9 in fabric-rendering-v1.mixins.json:HudMixin from mod fabric-rendering-v1
[10:41:24] [Render thread/DEBUG] (FabricLoader/Mixin) Renaming synthetic method lambda$wrapHeldItemTooltip$0(Lcom/llamalad7/mixinextras/injector/wrapoperation/Operation;Lnet/minecraft/client/gui/Hud;Lnet/minecraft/client/gui/GuiGraphicsExtractor;Lnet/minecraft/client/DeltaTracker;)V to mdf26aa6$fabric-rendering-v1$lambda$wrapHeldItemTooltip$0$a in fabric-rendering-v1.mixins.json:HudMixin from mod fabric-rendering-v1
[10:41:24] [Render thread/DEBUG] (FabricLoader/Mixin) Renaming synthetic method lambda$wrapExperienceLevel$0(Lcom/llamalad7/mixinextras/injector/wrapoperation/Operation;Lnet/minecraft/client/gui/Font;ILnet/minecraft/client/gui/GuiGraphicsExtractor;Lnet/minecraft/client/DeltaTracker;)V to mdf26aa6$fabric-rendering-v1$lambda$wrapExperienceLevel$0$b in fabric-rendering-v1.mixins.json:HudMixin from mod fabric-rendering-v1
[10:41:24] [Render thread/DEBUG] (FabricLoader/Mixin) Renaming synthetic method lambda$wrapExtractInfoBar$0(Lcom/llamalad7/mixinextras/injector/wrapoperation/Operation;Lnet/minecraft/client/gui/contextualbar/ContextualBar;Lnet/minecraft/client/gui/GuiGraphicsExtractor;Lnet/minecraft/client/DeltaTracker;)V to mdf26aa6$fabric-rendering-v1$lambda$wrapExtractInfoBar$0$c in fabric-rendering-v1.mixins.json:HudMixin from mod fabric-rendering-v1
[10:41:24] [Render thread/DEBUG] (FabricLoader/Mixin) Renaming synthetic method lambda$wrapMountHealth$0(Lcom/llamalad7/mixinextras/injector/wrapoperation/Operation;Lnet/minecraft/client/gui/Hud;Lnet/minecraft/client/gui/GuiGraphicsExtractor;Lnet/minecraft/client/DeltaTracker;)V to mdf26aa6$fabric-rendering-v1$lambda$wrapMountHealth$0$d in fabric-rendering-v1.mixins.json:HudMixin from mod fabric-rendering-v1
[10:41:24] [Render thread/DEBUG] (FabricLoader/Mixin) Renaming synthetic method lambda$wrapAirBar$0(Lcom/llamalad7/mixinextras/injector/wrapoperation/Operation;Lnet/minecraft/client/gui/Hud;Lnet/minecraft/world/entity/player/Player;IIILnet/minecraft/client/gui/GuiGraphicsExtractor;Lnet/minecraft/client/DeltaTracker;)V to mdf26aa6$fabric-rendering-v1$lambda$wrapAirBar$0$e in fabric-rendering-v1.mixins.json:HudMixin from mod fabric-rendering-v1
[10:41:24] [Render thread/DEBUG] (FabricLoader/Mixin) Renaming synthetic method lambda$wrapFoodBar$0(Lcom/llamalad7/mixinextras/injector/wrapoperation/Operation;Lnet/minecraft/client/gui/Hud;Lnet/minecraft/world/entity/player/Player;IILnet/minecraft/client/gui/GuiGraphicsExtractor;Lnet/minecraft/client/DeltaTracker;)V to mdf26aa6$fabric-rendering-v1$lambda$wrapFoodBar$0$f in fabric-rendering-v1.mixins.json:HudMixin from mod fabric-rendering-v1
[10:41:24] [Render thread/DEBUG] (FabricLoader/Mixin) Renaming synthetic method lambda$wrapHealthBar$0(Lcom/llamalad7/mixinextras/injector/wrapoperation/Operation;Lnet/minecraft/client/gui/Hud;Lnet/minecraft/world/entity/player/Player;IIIIFIIIZLnet/minecraft/client/gui/GuiGraphicsExtractor;Lnet/minecraft/client/DeltaTracker;)V to mdf26aa6$fabric-rendering-v1$lambda$wrapHealthBar$0$10 in fabric-rendering-v1.mixins.json:HudMixin from mod fabric-rendering-v1
[10:41:24] [Render thread/DEBUG] (FabricLoader/Mixin) Renaming synthetic method lambda$wrapArmorBar$0(Lcom/llamalad7/mixinextras/injector/wrapoperation/Operation;Lnet/minecraft/world/entity/player/Player;IIIILnet/minecraft/client/gui/GuiGraphicsExtractor;Lnet/minecraft/client/DeltaTracker;)V to mdf26aa6$fabric-rendering-v1$lambda$wrapArmorBar$0$11 in fabric-rendering-v1.mixins.json:HudMixin from mod fabric-rendering-v1
[10:41:24] [Render thread/DEBUG] (FabricLoader/Mixin) Renaming synthetic method lambda$wrapHotbar$0(Lcom/llamalad7/mixinextras/injector/wrapoperation/Operation;Lnet/minecraft/client/gui/Hud;Lnet/minecraft/client/gui/GuiGraphicsExtractor;Lnet/minecraft/client/DeltaTracker;)V to mdf26aa6$fabric-rendering-v1$lambda$wrapHotbar$0$12 in fabric-rendering-v1.mixins.json:HudMixin from mod fabric-rendering-v1
[10:41:24] [Render thread/DEBUG] (FabricLoader/Mixin) Renaming synthetic method lambda$wrapSpectatorMenu$0(Lcom/llamalad7/mixinextras/injector/wrapoperation/Operation;Lnet/minecraft/client/gui/components/spectator/SpectatorGui;Lnet/minecraft/client/gui/GuiGraphicsExtractor;Lnet/minecraft/client/DeltaTracker;)V to mdf26aa6$fabric-rendering-v1$lambda$wrapSpectatorMenu$0$13 in fabric-rendering-v1.mixins.json:HudMixin from mod fabric-rendering-v1
[10:41:24] [Render thread/DEBUG] (FabricLoader/Mixin) Renaming synthetic method lambda$wrapCrosshair$0(Lcom/llamalad7/mixinextras/injector/wrapoperation/Operation;Lnet/minecraft/client/gui/Hud;Lnet/minecraft/client/gui/GuiGraphicsExtractor;Lnet/minecraft/client/DeltaTracker;)V to mdf26aa6$fabric-rendering-v1$lambda$wrapCrosshair$0$14 in fabric-rendering-v1.mixins.json:HudMixin from mod fabric-rendering-v1
[10:41:24] [Render thread/DEBUG] (FabricLoader/Mixin) Renaming synthetic method lambda$wrapMiscOverlays$0(Lcom/llamalad7/mixinextras/injector/wrapoperation/Operation;Lnet/minecraft/client/gui/Hud;Lnet/minecraft/client/gui/GuiGraphicsExtractor;Lnet/minecraft/client/DeltaTracker;)V to mdf26aa6$fabric-rendering-v1$lambda$wrapMiscOverlays$0$15 in fabric-rendering-v1.mixins.json:HudMixin from mod fabric-rendering-v1
[10:41:24] [Render thread/DEBUG] (FabricLoader/Mixin) Mixing KeyedClientResourceReloadListenerMixin from fabric-resource-loader-v1.client.mixins.json into net.minecraft.client.resources.WaypointStyleManager
[10:41:24] [Render thread/DEBUG] (FabricLoader/Mixin) Mixing SkinMixin from starlib.mixins.json into net.minecraft.client.multiplayer.PlayerInfo
[10:41:24] [Render thread/DEBUG] (FabricLoader/Mixin) starlib.mixins.json:SkinMixin from mod starlib->@Inject::skins(Lorg/spongepowered/asm/mixin/injection/callback/CallbackInfoReturnable;)V does use it's CallbackInfoReturnable
[10:41:24] [Render thread/DEBUG] (FabricLoader/Mixin) Mixing SubtitleOverlayMixin from fabric-rendering-v1.mixins.json into net.minecraft.client.gui.components.SubtitleOverlay
[10:41:24] [Render thread/DEBUG] (FabricLoader/Mixin) Renaming synthetic method lambda$wrapExtractRenderState$0(Lcom/llamalad7/mixinextras/injector/wrapoperation/Operation;Lnet/minecraft/client/gui/GuiGraphicsExtractor;Lnet/minecraft/client/DeltaTracker;)V to mdf26aa6$fabric-rendering-v1$lambda$wrapExtractRenderState$0$0 in fabric-rendering-v1.mixins.json:SubtitleOverlayMixin from mod fabric-rendering-v1
[10:41:24] [Render thread/DEBUG] (FabricLoader/Mixin) Mixing SplashTextMixin from starlib.mixins.json into net.minecraft.client.resources.SplashManager
[10:41:24] [Render thread/DEBUG] (FabricLoader/Mixin) Renaming synthetic method lambda$CustomSplashes$0(Ljava/lang/String;)Z to mdf26aa6$starlib$lambda$CustomSplashes$0$0 in starlib.mixins.json:SplashTextMixin from mod starlib
[10:41:24] [Render thread/DEBUG] (FabricLoader/Mixin) Mixing KeyedClientResourceReloadListenerMixin from fabric-resource-loader-v1.client.mixins.json into net.minecraft.client.resources.SplashManager
[10:41:24] [Render thread/DEBUG] (FabricLoader/Mixin) starlib.mixins.json:SplashTextMixin from mod starlib->@Inject::CustomSplashes(Lnet/minecraft/server/packs/resources/ResourceManager;Lnet/minecraft/util/profiling/ProfilerFiller;Lorg/spongepowered/asm/mixin/injection/callback/CallbackInfoReturnable;)V does use it's CallbackInfoReturnable
[10:41:24] [Render thread/DEBUG] (FabricLoader/Mixin) Mixing ChatListenerMixin from fabric-message-api-v1.client.mixins.json into net.minecraft.client.multiplayer.chat.ChatListener
[10:41:24] [Render thread/DEBUG] (FabricLoader/Mixin) Mixing client.MixinChatListener from architectury.mixins.json into net.minecraft.client.multiplayer.chat.ChatListener
[10:41:24] [Render thread/DEBUG] (FabricLoader/Mixin) fabric-message-api-v1.client.mixins.json:ChatListenerMixin from mod fabric-message-api-v1->@Inject::fabric_onSignedChatMessage(Lnet/minecraft/network/chat/ChatType$Bound;Lnet/minecraft/network/chat/PlayerChatMessage;Lnet/minecraft/network/chat/Component;Lcom/mojang/authlib/GameProfile;ZLjava/time/Instant;Lorg/spongepowered/asm/mixin/injection/callback/CallbackInfoReturnable;)V does use it's CallbackInfoReturnable
[10:41:24] [Render thread/DEBUG] (FabricLoader/Mixin) fabric-message-api-v1.client.mixins.json:ChatListenerMixin from mod fabric-message-api-v1->@Inject::fabric_onFilteredSignedChatMessage(Lnet/minecraft/network/chat/ChatType$Bound;Lnet/minecraft/network/chat/PlayerChatMessage;Lnet/minecraft/network/chat/Component;Lcom/mojang/authlib/GameProfile;ZLjava/time/Instant;Lorg/spongepowered/asm/mixin/injection/callback/CallbackInfoReturnable;)V does use it's CallbackInfoReturnable
[10:41:24] [Render thread/DEBUG] (FabricLoader/Mixin) fabric-message-api-v1.client.mixins.json:ChatListenerMixin from mod fabric-message-api-v1->@Inject::fabric_onProfilelessChatMessage(Lnet/minecraft/network/chat/ChatType$Bound;Lnet/minecraft/network/chat/Component;Ljava/time/Instant;Lorg/spongepowered/asm/mixin/injection/callback/CallbackInfoReturnable;)V does use it's CallbackInfoReturnable
[10:41:24] [Render thread/DEBUG] (FabricLoader/Mixin) fabric-message-api-v1.client.mixins.json:ChatListenerMixin from mod fabric-message-api-v1->@Inject::fabric_allowSystemMessage(Lnet/minecraft/network/chat/Component;ZLorg/spongepowered/asm/mixin/injection/callback/CallbackInfo;)V does use it's CallbackInfo
[10:41:24] [Render thread/DEBUG] (FabricLoader/Mixin) fabric-message-api-v1.client.mixins.json:ChatListenerMixin from mod fabric-message-api-v1->@Inject::fabric_allowOverlayMessage(Lnet/minecraft/network/chat/Component;Lorg/spongepowered/asm/mixin/injection/callback/CallbackInfo;)V does use it's CallbackInfo
[10:41:24] [Render thread/DEBUG] (FabricLoader/Mixin) architectury.mixins.json:client.MixinChatListener from mod architectury->@Inject::handlePlayerChatMessage(Lnet/minecraft/network/chat/PlayerChatMessage;Lcom/mojang/authlib/GameProfile;Lnet/minecraft/network/chat/ChatType$Bound;Lorg/spongepowered/asm/mixin/injection/callback/CallbackInfo;)V doesn't use it's CallbackInfo
[10:41:24] [Render thread/DEBUG] (FabricLoader/Mixin) architectury.mixins.json:client.MixinChatListener from mod architectury->@Inject::handlePlayerChatMessage(Lnet/minecraft/network/chat/PlayerChatMessage;Lcom/mojang/authlib/GameProfile;Lnet/minecraft/network/chat/ChatType$Bound;Lorg/spongepowered/asm/mixin/injection/callback/CallbackInfo;)V has 0 override(s) in child classes
[10:41:24] [Render thread/DEBUG] (FabricLoader/Mixin) architectury.mixins.json:client.MixinChatListener from mod architectury->@Inject::handlePlayerChatMessage(Lnet/minecraft/network/chat/PlayerChatMessage;Lcom/mojang/authlib/GameProfile;Lnet/minecraft/network/chat/ChatType$Bound;Lorg/spongepowered/asm/mixin/injection/callback/CallbackInfo;)V won't be passed a CallbackInfo as a result
[10:41:24] [Render thread/DEBUG] (FabricLoader/Mixin) architectury.mixins.json:client.MixinChatListener from mod architectury->@Inject::handleChatPre(Lnet/minecraft/network/chat/PlayerChatMessage;Lcom/mojang/authlib/GameProfile;Lnet/minecraft/network/chat/ChatType$Bound;Lorg/spongepowered/asm/mixin/injection/callback/CallbackInfo;ZLnet/minecraft/network/chat/PlayerChatMessage;Lnet/minecraft/network/chat/Component;)V does use it's CallbackInfo
[10:41:24] [Render thread/DEBUG] (FabricLoader/Mixin) architectury.mixins.json:client.MixinChatListener from mod architectury->@Inject::handleSystemMessage(Lnet/minecraft/network/chat/Component;ZLorg/spongepowered/asm/mixin/injection/callback/CallbackInfo;)V does use it's CallbackInfo
[10:41:24] [Render thread/ERROR] (com.mojang.text2speech.Narrator) Error while loading the narrator
com.mojang.text2speech.Narrator$InitializeException: Failed to load library flite
	at knot//com.mojang.text2speech.NarratorLinux$FliteLibrary.loadNative(NarratorLinux.java:82)
	at knot//com.mojang.text2speech.NarratorLinux.<init>(NarratorLinux.java:19)
	at knot//com.mojang.text2speech.Narrator.getNarrator(Narrator.java:41)
	at knot//net.minecraft.client.GameNarrator.<init>(GameNarrator.java:20)
	at knot//net.minecraft.client.Minecraft.<init>(Minecraft.java:733)
	at knot//net.minecraft.client.main.Main.main(Main.java:278)
	at net.fabricmc.loader.impl.game.minecraft.MinecraftGameProvider.launch(MinecraftGameProvider.java:517)
	at net.fabricmc.loader.impl.launch.knot.Knot.launch(Knot.java:72)
	at net.fabricmc.loader.impl.launch.knot.KnotClient.main(KnotClient.java:23)
	at net.fabricmc.devlaunchinjector.Main.main(Main.java:86)
	at dev.architectury.transformer.TransformerRuntime.main(TransformerRuntime.java:220)
Caused by: java.lang.UnsatisfiedLinkError: Unable to load library 'flite':
libflite.so: cannot open shared object file: No such file or directory
libflite.so: cannot open shared object file: No such file or directory
Native library (linux-x86-64/libflite.so) not found in resource path (/home/wilwe/Dokumenty/GitHub/stargazer_mod/fabric/build/classes/java/main:/home/wilwe/Dokumenty/GitHub/stargazer_mod/fabric/build/resources/main:/home/wilwe/.gradle/caches/modules-2/files-2.1/dev.architectury/architectury-transformer/5.2.92/1ea8fe9cb282e9a2ced97868b5bd022bfaa8dbd/architectury-transformer-5.2.92-agent.jar:/home/wilwe/.gradle/caches/modules-2/files-2.1/dev.architectury/architectury-transformer/5.2.92/bdb7ff889a4e1acf8b9bc1914c51d73c0764dd4b/architectury-transformer-5.2.92-runtime.jar:/home/wilwe/Dokumenty/GitHub/stargazer_mod/common/build/libs/stargazer-common-0.0.8.1-dev.jar:/home/wilwe/.gradle/caches/modules-2/files-2.1/com.geckolib/geckolib-fabric-26.2/5.5.3/a4a19c46400da1c232df559cc026e8e4ef419845/geckolib-fabric-26.2-5.5.3.jar:/home/wilwe/.m2/repository/com/github/starcatcher21/starlib/starlib-fabric/1.0.3/starlib-fabric-1.0.3.jar:/home/wilwe/.gradle/caches/modules-2/files-2.1/me.shedaniel/RoughlyEnoughItems-fabric/26.2.820/a57f1180a72e5f5541ad3cf63a799e95140882e6/RoughlyEnoughItems-fabric-26.2.820.jar:/home/wilwe/.gradle/caches/modules-2/files-2.1/me.shedaniel.cloth/cloth-config-fabric/26.2.155/babcf16dbd15e09d326e21ffe85ab3f7d843ef9e/cloth-config-fabric-26.2.155.jar:/home/wilwe/.gradle/caches/modules-2/files-2.1/dev.architectury/architectury-fabric/21.0.7/7c00161fc93303ba504f02f6bf3e3f42b99e1d84/architectury-fabric-21.0.7.jar:/home/wilwe/.gradle/caches/modules-2/files-2.1/net.fabricmc/fabric-loader/0.19.5/ff9e65cffca4a67f31523e1807fe0855940fcbfa/fabric-loader-0.19.5.jar:/home/wilwe/.gradle/caches/modules-2/files-2.1/net.fabricmc.fabric-api/fabric-api/0.161.0+26.2/332da34ebb72171e603a0c538de17f4c54ea9e29/fabric-api-0.161.0+26.2.jar:/home/wilwe/.gradle/caches/modules-2/files-2.1/teamreborn/energy/5.0.0/c7b3f01292365bcb29940af26ed7047d5c538e7e/energy-5.0.0.jar:/home/wilwe/.gradle/caches/modules-2/files-2.1/org.ow2.asm/asm/9.10.1/ada2141c0cc52ee8f5c48cd5fa4ce0e794f22236/asm-9.10.1.jar:/home/wilwe/.gradle/caches/modules-2/files-2.1/org.ow2.asm/asm-analysis/9.10.1/8d49f14d51f632cb1d87c88d1ceaf50db0d8af1b/asm-analysis-9.10.1.jar:/home/wilwe/.gradle/caches/modules-2/files-2.1/org.ow2.asm/asm-commons/9.10.1/4229e4c55fd8e01c23f9fe9884075cc628aacc50/asm-commons-9.10.1.jar:/home/wilwe/.gradle/caches/modules-2/files-2.1/org.ow2.asm/asm-tree/9.10.1/e244332a17564c1d1572449399a842de35881be2/asm-tree-9.10.1.jar:/home/wilwe/.gradle/caches/modules-2/files-2.1/org.ow2.asm/asm-util/9.10.1/7bb9d450e8d4cbf9f9e04096c44bbfe7fba80b15/asm-util-9.10.1.jar:/home/wilwe/.gradle/caches/modules-2/files-2.1/net.fabricmc/sponge-mixin/0.17.4+mixin.0.8.7/5f66cc9f59b8efaa942155a3d5a30599bf6640dd/sponge-mixin-0.17.4+mixin.0.8.7.jar:/home/wilwe/.gradle/caches/modules-2/files-2.1/io.github.llamalad7/mixinextras-fabric/0.5.5/d1055b99c0ab08a8403fe2da3d79ca28e6340a76/mixinextras-fabric-0.5.5.jar:/home/wilwe/.gradle/caches/modules-2/files-2.1/net.fabricmc/dev-launch-injector/0.2.1+build.8/da8bef7e6e2f952da707f282bdb46882a0fce5e3/dev-launch-injector-0.2.1+build.8.jar:/home/wilwe/.gradle/caches/modules-2/files-2.1/net.fabricmc/fabric-log4j-util/1.0.2/ef0b3fb613356feb75a67d54f2fad6f03a006648/fabric-log4j-util-1.0.2.jar:/home/wilwe/.gradle/caches/modules-2/files-2.1/at.yawk.lz4/lz4-java/1.10.1/f541d7f910fe3d76f38f799c507c48cc81b12ecb/lz4-java-1.10.1.jar:/home/wilwe/.gradle/caches/modules-2/files-2.1/com.azure/azure-json/1.4.0/fcc1d354dbc3e0300e5276b1bf124d0247799cd8/azure-json-1.4.0.jar:/home/wilwe/.gradle/caches/modules-2/files-2.1/com.github.oshi/oshi-core/6.9.0/3224870731860cfcd7744581a05b559e94291e7/oshi-core-6.9.0.jar:/home/wilwe/.gradle/caches/modules-2/files-2.1/com.moandjiezana.toml/toml4j/0.7.2/a03337911d0bd2c40932aca3946edb30d0e7d0c/toml4j-0.7.2.jar:/home/wilwe/.gradle/caches/modules-2/files-2.1/com.google.code.gson/gson/2.14.0/efc0e34ede4e3204eaefb84a00e55e8c86634382/gson-2.14.0.jar:/home/wilwe/.gradle/caches/modules-2/files-2.1/com.google.guava/failureaccess/1.0.3/aeaffd00d57023a2c947393ed251f0354f0985fc/failureaccess-1.0.3.jar:/home/wilwe/.gradle/caches/modules-2/files-2.1/com.google.guava/guava/33.6.0-jre/c376b13067cc99a5774403530953f7b05a91e218/guava-33.6.0-jre.jar:/home/wilwe/.gradle/caches/modules-2/files-2.1/com.ibm.icu/icu4j/78.3/6a851a53bb1f25689fc418dcc8935b0d93580adf/icu4j-78.3.jar:/home/wilwe/.gradle/caches/modules-2/files-2.1/com.microsoft.azure/msal4j/1.24.1/c233f2d047b9755f7041adf21a858c680e4c9242/msal4j-1.24.1.jar:/home/wilwe/.gradle/caches/modules-2/files-2.1/com.mojang/authlib/9.0.75/d61056a234d5e4b272e09d59b0713f80d6c0b6af/authlib-9.0.75.jar:/home/wilwe/.gradle/caches/modules-2/files-2.1/com.mojang/blocklist/1.0.10/5c685c5ffa94c4cd39496c7184c1d122e515ecef/blocklist-1.0.10.jar:/home/wilwe/.gradle/caches/modules-2/files-2.1/com.mojang/brigadier/1.3.10/d15b53a14cf20fdcaa98f731af5dda654452c010/brigadier-1.3.10.jar:/home/wilwe/.gradle/caches/modules-2/files-2.1/com.mojang/datafixerupper/10.0.21/b6b2ae770c02e0c1eb90f9985b151e9085a38d0b/datafixerupper-10.0.21.jar:/home/wilwe/.gradle/caches/modules-2/files-2.1/com.mojang/jtracy/1.0.37/a3fb649b2e2b2288d2978f0b0bc3d83f62809d1e/jtracy-1.0.37.jar:/home/wilwe/.gradle/caches/modules-2/files-2.1/com.mojang/jtracy/1.0.37/e1b4395227af41195da9e2ead13c48ee0b7d31cd/jtracy-1.0.37-natives-linux.jar:/home/wilwe/.gradle/caches/modules-2/files-2.1/com.mojang/logging/1.7.12/351cea64a5233361327d8d54c44277041beed97f/logging-1.7.12.jar:/home/wilwe/.gradle/caches/modules-2/files-2.1/com.mojang/patchy/2.2.10/da05971b07cbb379d002cf7eaec6a2048211fefc/patchy-2.2.10.jar:/home/wilwe/.gradle/caches/modules-2/files-2.1/com.mojang/text2speech/1.19.12/2e517a75c79d34d32de2b5d68422150836c2133e/text2speech-1.19.12.jar:/home/wilwe/.gradle/caches/modules-2/files-2.1/commons-codec/commons-codec/1.22.0/6b3eb4beb7058c2a638f5f17bcb388649fd339dd/commons-codec-1.22.0.jar:/home/wilwe/.gradle/caches/modules-2/files-2.1/commons-io/commons-io/2.20.0/36f3474daec2849c149e877614e7f979b2082cd2/commons-io-2.20.0.jar:/home/wilwe/.gradle/caches/modules-2/files-2.1/io.netty/netty-buffer/4.2.15.Final/2beb620803bf871cda2dd5d46b8f831e8015dd34/netty-buffer-4.2.15.Final.jar:/home/wilwe/.gradle/caches/modules-2/files-2.1/io.netty/netty-codec-base/4.2.15.Final/e97149fdd5fb04858efa90e314651c8d700dc68b/netty-codec-base-4.2.15.Final.jar:/home/wilwe/.gradle/caches/modules-2/files-2.1/io.netty/netty-codec-compression/4.2.15.Final/89fc4a20b7ae6af974304b1695405e62c4f9b16d/netty-codec-compression-4.2.15.Final.jar:/home/wilwe/.gradle/caches/modules-2/files-2.1/io.netty/netty-codec-http/4.2.15.Final/e611826aa054371bb9a17f27bdb05755a4cac5f0/netty-codec-http-4.2.15.Final.jar:/home/wilwe/.gradle/caches/modules-2/files-2.1/io.netty/netty-common/4.2.15.Final/7222492c1af9c2d4d78d521eea340a619e242fda/netty-common-4.2.15.Final.jar:/home/wilwe/.gradle/caches/modules-2/files-2.1/io.netty/netty-handler/4.2.15.Final/d5344afd1148e3b9927a74be019605ebb0937a93/netty-handler-4.2.15.Final.jar:/home/wilwe/.gradle/caches/modules-2/files-2.1/io.netty/netty-resolver/4.2.15.Final/b961a16d379b508b473e064ba06842bba280f4e3/netty-resolver-4.2.15.Final.jar:/home/wilwe/.gradle/caches/modules-2/files-2.1/io.netty/netty-transport-classes-epoll/4.2.15.Final/44bafba9c9993800e955b365bba4981326f3f3b1/netty-transport-classes-epoll-4.2.15.Final.jar:/home/wilwe/.gradle/caches/modules-2/files-2.1/io.netty/netty-transport-classes-kqueue/4.2.15.Final/f248656bb907607c5a41c7b61fd918a97db79250/netty-transport-classes-kqueue-4.2.15.Final.jar:/home/wilwe/.gradle/caches/modules-2/files-2.1/io.netty/netty-transport-native-epoll/4.2.15.Final/cccd31f2c8e966ab1e7a4d2293c8a3965628fe73/netty-transport-native-epoll-4.2.15.Final-linux-aarch_64.jar:/home/wilwe/.gradle/caches/modules-2/files-2.1/io.netty/netty-transport-native-epoll/4.2.15.Final/ce256127f8ed3f076756f1f4dcb5877d65d1f1c2/netty-transport-native-epoll-4.2.15.Final-linux-x86_64.jar:/home/wilwe/.gradle/caches/modules-2/files-2.1/io.netty/netty-transport-native-unix-common/4.2.15.Final/efb6943b4de9e0226a5ac35330f232605424af02/netty-transport-native-unix-common-4.2.15.Final.jar:/home/wilwe/.gradle/caches/modules-2/files-2.1/io.netty/netty-transport/4.2.15.Final/a000c3a6196ee40207b73ac619dcb339409dd62f/netty-transport-4.2.15.Final.jar:/home/wilwe/.gradle/caches/modules-2/files-2.1/it.unimi.dsi/fastutil/8.5.18/a6cff377eecc19c2037bf31568a6d7106b50ba1f/fastutil-8.5.18.jar:/home/wilwe/.gradle/caches/modules-2/files-2.1/net.java.dev.jna/jna-platform/5.17.0/a4934c44d25a9d8c2ddf4203affd20330cb3426f/jna-platform-5.17.0.jar:/home/wilwe/.m2/repository/net/java/dev/jna/jna/5.17.0/jna-5.17.0.jar:/home/wilwe/.gradle/caches/modules-2/files-2.1/net.sf.jopt-simple/jopt-simple/5.0.4/4fdac2fbe92dfad86aa6e9301736f6b4342a3f5c/jopt-simple-5.0.4.jar:/home/wilwe/.gradle/caches/modules-2/files-2.1/org.apache.commons/commons-compress/1.28.0/e482f2c7a88dac3c497e96aa420b6a769f59c8d7/commons-compress-1.28.0.jar:/home/wilwe/.gradle/caches/modules-2/files-2.1/org.apache.commons/commons-lang3/3.20.0/65897b3e5731220962e659e001904af3c3cbeba9/commons-lang3-3.20.0.jar:/home/wilwe/.gradle/caches/modules-2/files-2.1/org.apache.logging.log4j/log4j-api/2.26.0/ad52af0ecf054a7e3f275a2e180ee06d9c490951/log4j-api-2.26.0.jar:/home/wilwe/.gradle/caches/modules-2/files-2.1/org.apache.logging.log4j/log4j-core/2.26.0/d267ca60b27ddb075e0b4e75e7875859717bf85f/log4j-core-2.26.0.jar:/home/wilwe/.gradle/caches/modules-2/files-2.1/org.apache.logging.log4j/log4j-slf4j2-impl/2.26.0/668c0f0e813d83f00a7182533aa658ec7e7a0a0d/log4j-slf4j2-impl-2.26.0.jar:/home/wilwe/.gradle/caches/modules-2/files-2.1/org.jcraft/jorbis/0.0.17/8872d22b293e8f5d7d56ff92be966e6dc28ebdc6/jorbis-0.0.17.jar:/home/wilwe/.gradle/caches/modules-2/files-2.1/org.joml/joml/1.10.8/fc0a71dad90a2cf41d82a76156a0e700af8e4f8d/joml-1.10.8.jar:/home/wilwe/.gradle/caches/modules-2/files-2.1/org.jspecify/jspecify/1.0.0/7425a601c1c7ec76645a78d22b8c6a627edee507/jspecify-1.0.0.jar:/home/wilwe/.gradle/caches/modules-2/files-2.1/org.lwjgl/lwjgl-freetype/3.4.1/caa75a37e857efc9b0686e434d708d6420c5b6ea/lwjgl-freetype-3.4.1.jar:/home/wilwe/.gradle/caches/modules-2/files-2.1/org.lwjgl/lwjgl-freetype/3.4.1/40a29a29b1549c4cad073ccd682e3776ffb454fa/lwjgl-freetype-3.4.1-natives-linux.jar:/home/wilwe/.gradle/caches/modules-2/files-2.1/org.lwjgl/lwjgl-glfw/3.4.1/a782b1ddd175c9107bf300fd92920579ea65e2a4/lwjgl-glfw-3.4.1.jar:/home/wilwe/.gradle/caches/modules-2/files-2.1/org.lwjgl/lwjgl-glfw/3.4.1/23cdf7655ce9f3b27ad90f08e73345e0d5b46362/lwjgl-glfw-3.4.1-natives-linux.jar:/home/wilwe/.gradle/caches/modules-2/files-2.1/org.lwjgl/lwjgl-jemalloc/3.4.1/16b663092854fc6adfe0a941e61cae2bb2e437b6/lwjgl-jemalloc-3.4.1.jar:/home/wilwe/.gradle/caches/modules-2/files-2.1/org.lwjgl/lwjgl-jemalloc/3.4.1/b83c82d941f2e624d150d6d1e2efcf4ea49ff8ea/lwjgl-jemalloc-3.4.1-natives-linux.jar:/home/wilwe/.gradle/caches/modules-2/files-2.1/org.lwjgl/lwjgl-openal/3.4.1/8508bd60589de0539aa465b78fcf838efd07ae9a/lwjgl-openal-3.4.1.jar:/home/wilwe/.gradle/caches/modules-2/files-2.1/org.lwjgl/lwjgl-openal/3.4.1/dbff577119266cd4312e4eb9cc2b171407c56360/lwjgl-openal-3.4.1-natives-linux.jar:/home/wilwe/.gradle/caches/modules-2/files-2.1/org.lwjgl/lwjgl-opengl/3.4.1/830412cab823c029cda6b9729f9d2ed36cf79959/lwjgl-opengl-3.4.1.jar:/home/wilwe/.gradle/caches/modules-2/files-2.1/org.lwjgl/lwjgl-opengl/3.4.1/b750599f0e75ddb19f1d0fe993f3011334b710ae/lwjgl-opengl-3.4.1-natives-linux.jar:/home/wilwe/.gradle/caches/modules-2/files-2.1/org.lwjgl/lwjgl-shaderc/3.4.1/5c02c88f0d879529014c78463b76f43fdecfd272/lwjgl-shaderc-3.4.1.jar:/home/wilwe/.gradle/caches/modules-2/files-2.1/org.lwjgl/lwjgl-shaderc/3.4.1/4289bdfa998c4afcdfa7c6925baf50e938113188/lwjgl-shaderc-3.4.1-natives-linux.jar:/home/wilwe/.gradle/caches/modules-2/files-2.1/org.lwjgl/lwjgl-spvc/3.4.1/188553592e97b5ab2dba54a1b403ee80b48dad4c/lwjgl-spvc-3.4.1.jar:/home/wilwe/.gradle/caches/modules-2/files-2.1/org.lwjgl/lwjgl-spvc/3.4.1/6ea8d9edcfcc5664d14e11b9a37a1a900783584a/lwjgl-spvc-3.4.1-natives-linux.jar:/home/wilwe/.gradle/caches/modules-2/files-2.1/org.lwjgl/lwjgl-stb/3.4.1/f077c3dafc31924fbe8acb0b913f08977ba27f8e/lwjgl-stb-3.4.1.jar:/home/wilwe/.gradle/caches/modules-2/files-2.1/org.lwjgl/lwjgl-stb/3.4.1/7e1cfae909da6c68f3cb6073a9bfeb6c90e82a57/lwjgl-stb-3.4.1-natives-linux.jar:/home/wilwe/.gradle/caches/modules-2/files-2.1/org.lwjgl/lwjgl-tinyfd/3.4.1/562697d40dbd2ed0424bf24dcf65d51170f81adf/lwjgl-tinyfd-3.4.1.jar:/home/wilwe/.gradle/caches/modules-2/files-2.1/org.lwjgl/lwjgl-tinyfd/3.4.1/fc6a72690afc8defb60d82ad1de64dd8f537154c/lwjgl-tinyfd-3.4.1-natives-linux.jar:/home/wilwe/.gradle/caches/modules-2/files-2.1/org.lwjgl/lwjgl-vma/3.4.1/2c54ce10154feb1ede4d23c5947438cdbfdcc003/lwjgl-vma-3.4.1.jar:/home/wilwe/.gradle/caches/modules-2/files-2.1/org.lwjgl/lwjgl-vma/3.4.1/1d5d00e4abed992e0850aa970d338453ebbd3e0c/lwjgl-vma-3.4.1-natives-linux.jar:/home/wilwe/.gradle/caches/modules-2/files-2.1/org.lwjgl/lwjgl-vulkan/3.4.1/d0601fdc38890755e5638048c14cc0f7b990964b/lwjgl-vulkan-3.4.1.jar:/home/wilwe/.gradle/caches/modules-2/files-2.1/org.lwjgl/lwjgl/3.4.1/129e06a04f93992cb2a45172435b21fc4b60dd7d/lwjgl-3.4.1-unsafe.jar:/home/wilwe/.gradle/caches/modules-2/files-2.1/org.lwjgl/lwjgl/3.4.1/2734e106bd95db49fe0da8cf8bf7fd96475c436c/lwjgl-3.4.1-natives-linux.jar:/home/wilwe/.gradle/caches/modules-2/files-2.1/org.slf4j/slf4j-api/2.0.17/d9e58ac9c7779ba3bf8142aff6c830617a7fe60f/slf4j-api-2.0.17.jar:/home/wilwe/Dokumenty/GitHub/stargazer_mod/.gradle/loom-cache/minecraftMaven/net/minecraft/minecraft-merged-37ca00bc07/26.2/minecraft-merged-37ca00bc07-26.2.jar:/home/wilwe/.gradle/caches/modules-2/files-2.1/io.netty/netty-transport-native-kqueue/4.2.15.Final/4245380831515fb4eca18d32477a27fbb8f7b8f4/netty-transport-native-kqueue-4.2.15.Final-osx-x86_64.jar:/home/wilwe/.gradle/caches/modules-2/files-2.1/io.netty/netty-transport-native-kqueue/4.2.15.Final/8ea0ef3eb716d821332e4b4926825a4b7c1a6d38/netty-transport-native-kqueue-4.2.15.Final-osx-aarch_64.jar:/home/wilwe/.gradle/caches/modules-2/files-2.1/net.fabricmc.fabric-api/fabric-advancement-api-v1/1.0.0+58719a3b9e/4394b4ce7f29690f622da915d780493148b974cb/fabric-advancement-api-v1-1.0.0+58719a3b9e.jar:/home/wilwe/.gradle/caches/modules-2/files-2.1/net.fabricmc.fabric-api/fabric-transfer-api-v1/8.0.13+11dbb7d79e/10f39a4b46043bc724c7ea3b93bcc0243e592abb/fabric-transfer-api-v1-8.0.13+11dbb7d79e.jar:/home/wilwe/.gradle/caches/modules-2/files-2.1/net.fabricmc.fabric-api/fabric-api-lookup-api-v1/2.0.18+11e1c9a39e/31fc094d5f4d878ed12bba2e5e8cdb42b26d83ae/fabric-api-lookup-api-v1-2.0.18+11e1c9a39e.jar:/home/wilwe/.gradle/caches/modules-2/files-2.1/net.fabricmc.fabric-api/fabric-block-api-v1/3.1.0+53515aab9e/46cf7e7564fbbb13d099c3fe1b065561f14e268f/fabric-block-api-v1-3.1.0+53515aab9e.jar:/home/wilwe/.gradle/caches/modules-2/files-2.1/net.fabricmc.fabric-api/fabric-command-api-v2/3.1.0+00cb03469e/b144d197307c39c1bc516c274d9460f0116131a3/fabric-command-api-v2-3.1.0+00cb03469e.jar:/home/wilwe/.gradle/caches/modules-2/files-2.1/net.fabricmc.fabric-api/fabric-content-registries-v0/11.3.2+37b1aa249e/6f664a04bd603be3564b614caafa898e2fc9c67c/fabric-content-registries-v0-11.3.2+37b1aa249e.jar:/home/wilwe/.gradle/caches/modules-2/files-2.1/net.fabricmc.fabric-api/fabric-data-generation-api-v1/25.6.0+c0da0b829e/6b314081c5999c2094b6a92323c055d59bf7e639/fabric-data-generation-api-v1-25.6.0+c0da0b829e.jar:/home/wilwe/.gradle/caches/modules-2/files-2.1/net.fabricmc.fabric-api/fabric-convention-tags-v2/4.7.1+1f023a9e9e/e465c608c60ceb105c4f5d792460f5de02d90135/fabric-convention-tags-v2-4.7.1+1f023a9e9e.jar:/home/wilwe/.gradle/caches/modules-2/files-2.1/net.fabricmc.fabric-api/fabric-creative-tab-api-v1/5.0.15+6468574f9e/b8896143a3467ad9eeff3bda41fb787bc080019e/fabric-creative-tab-api-v1-5.0.15+6468574f9e.jar:/home/wilwe/.gradle/caches/modules-2/files-2.1/net.fabricmc.fabric-api/fabric-data-attachment-api-v1/2.2.19+515ac5339e/6ac7e37bdfaf6b9fc26be152d01daa0f95d799a2/fabric-data-attachment-api-v1-2.2.19+515ac5339e.jar:/home/wilwe/.gradle/caches/modules-2/files-2.1/net.fabricmc.fabric-api/fabric-debug-api-v1/1.0.2+c792624d9e/9f0581bb985edf22a0d812dbe67178bd2849286/fabric-debug-api-v1-1.0.2+c792624d9e.jar:/home/wilwe/.gradle/caches/modules-2/files-2.1/net.fabricmc.fabric-api/fabric-dimensions-v1/5.1.12+515ac5339e/b9d60e3ceee08f0fbc6f19fe8264c82c5fc2d122/fabric-dimensions-v1-5.1.12+515ac5339e.jar:/home/wilwe/.gradle/caches/modules-2/files-2.1/net.fabricmc.fabric-api/fabric-entity-events-v1/5.0.5+06488ac19e/5cbecb675b91d0ebfe2ef3f20339e1a2c76c435/fabric-entity-events-v1-5.0.5+06488ac19e.jar:/home/wilwe/.gradle/caches/modules-2/files-2.1/net.fabricmc.fabric-api/fabric-events-interaction-v0/5.2.8+515ac5339e/98650380bb4e65a3deb6254e7c10a171eb907477/fabric-events-interaction-v0-5.2.8+515ac5339e.jar:/home/wilwe/.gradle/caches/modules-2/files-2.1/net.fabricmc.fabric-api/fabric-game-rule-api-v1/4.0.8+46a6d00c9e/886816530fb79c925eb1bc6c34dd4d9d82e71d49/fabric-game-rule-api-v1-4.0.8+46a6d00c9e.jar:/home/wilwe/.gradle/caches/modules-2/files-2.1/net.fabricmc.fabric-api/fabric-gametest-api-v1/4.0.22+4a7fa0819e/3fb91749fe4f238518d2980fdc18454016949190/fabric-gametest-api-v1-4.0.22+4a7fa0819e.jar:/home/wilwe/.gradle/caches/modules-2/files-2.1/net.fabricmc.fabric-api/fabric-item-api-v1/14.5.0+c68f6cbe9e/c2d241b01e3c083637adb17c2c8ff798cb752d5a/fabric-item-api-v1-14.5.0+c68f6cbe9e.jar:/home/wilwe/.gradle/caches/modules-2/files-2.1/net.fabricmc.fabric-api/fabric-recipe-api-v1/9.0.22+11e1c9a39e/e756703eda39613f8d638521829b673c92276604/fabric-recipe-api-v1-9.0.22+11e1c9a39e.jar:/home/wilwe/.gradle/caches/modules-2/files-2.1/net.fabricmc.fabric-api/fabric-model-loading-api-v1/8.0.17+c80601bb9e/b7b69be9cac7b63f853bd3c937c1b774c96a13fb/fabric-model-loading-api-v1-8.0.17+c80601bb9e.jar:/home/wilwe/.gradle/caches/modules-2/files-2.1/net.fabricmc.fabric-api/fabric-renderer-indigo/9.1.4+2b0d8a229e/48cdf540bd670fe9333a74dd1570316180d10ab3/fabric-renderer-indigo-9.1.4+2b0d8a229e.jar:/home/wilwe/.gradle/caches/modules-2/files-2.1/net.fabricmc.fabric-api/fabric-renderer-api-v1/14.1.4+2b0d8a229e/f6a6d234cc1073ffb871150d548d2164f8bc8d0b/fabric-renderer-api-v1-14.1.4+2b0d8a229e.jar:/home/wilwe/.gradle/caches/modules-2/files-2.1/net.fabricmc.fabric-api/fabric-rendering-v1/25.3.3+515ac5339e/b970a6d778b9867d6ea13d5437193f1e86a19c55/fabric-rendering-v1-25.3.3+515ac5339e.jar:/home/wilwe/.gradle/caches/modules-2/files-2.1/net.fabricmc.fabric-api/fabric-lifecycle-events-v1/4.1.4+29b6eb019e/54a508470dcea81513e39001b5c0bf9fae0f1d5/fabric-lifecycle-events-v1-4.1.4+29b6eb019e.jar:/home/wilwe/.gradle/caches/modules-2/files-2.1/net.fabricmc.fabric-api/fabric-loot-api-v3/3.0.17+06488ac19e/964f3985687b491093db6b9ff87b35106112b74d/fabric-loot-api-v3-3.0.17+06488ac19e.jar:/home/wilwe/.gradle/caches/modules-2/files-2.1/net.fabricmc.fabric-api/fabric-menu-api-v1/2.0.17+086d547a9e/2d35d55e2aa842d5eec1f9262a74074385c69cfb/fabric-menu-api-v1-2.0.17+086d547a9e.jar:/home/wilwe/.gradle/caches/modules-2/files-2.1/net.fabricmc.fabric-api/fabric-message-api-v1/7.0.8+bb2ed3f79e/106dc9ed22970076aaa39cd257b69705d136dd05/fabric-message-api-v1-7.0.8+bb2ed3f79e.jar:/home/wilwe/.gradle/caches/modules-2/files-2.1/net.fabricmc.fabric-api/fabric-client-gametest-api-v1/6.0.2+0f4f1dca9e/f54e52e7af5a41fdcf6715f87d09282b2dc9b0f2/fabric-client-gametest-api-v1-6.0.2+0f4f1dca9e.jar:/home/wilwe/.gradle/caches/modules-2/files-2.1/net.fabricmc.fabric-api/fabric-particles-v1/5.0.19+d1756aa99e/f6290d6511388b78455e2186d980553879343172/fabric-particles-v1-5.0.19+d1756aa99e.jar:/home/wilwe/.gradle/caches/modules-2/files-2.1/net.fabricmc.fabric-api/fabric-object-builder-api-v1/24.1.1+6fcd5f039e/90175252776d48f5c549835501e7fa227e68c4c8/fabric-object-builder-api-v1-24.1.1+6fcd5f039e.jar:/home/wilwe/.gradle/caches/modules-2/files-2.1/net.fabricmc.fabric-api/fabric-registry-sync-v0/7.1.1+c7bd5b8e9e/82c1ce3885265deb0c15970d4abadf0ae055a539/fabric-registry-sync-v0-7.1.1+c7bd5b8e9e.jar:/home/wilwe/.gradle/caches/modules-2/files-2.1/net.fabricmc.fabric-api/fabric-networking-api-v1/6.3.4+2989c6a09e/608860809ec66fd65ca764c4157e96030f330537/fabric-networking-api-v1-6.3.4+2989c6a09e.jar:/home/wilwe/.gradle/caches/modules-2/files-2.1/net.fabricmc.fabric-api/fabric-permission-api-v1/1.0.5+e442d8d09e/92197dd81a18322fd36b87de79bdaa8d2b4a1ba9/fabric-permission-api-v1-1.0.5+e442d8d09e.jar:/home/wilwe/.gradle/caches/modules-2/files-2.1/net.fabricmc.fabric-api/fabric-rendering-fluids-v1/6.0.4+06488ac19e/9ded3bc73b5ff3c441075d0c8eca988aacce1f1f/fabric-rendering-fluids-v1-6.0.4+06488ac19e.jar:/home/wilwe/.gradle/caches/modules-2/files-2.1/net.fabricmc.fabric-api/fabric-tag-api-v1/2.1.4+515ac5339e/f66a24273cdcc2ce424bf8c69cdc9cf48bdcb328/fabric-tag-api-v1-2.1.4+515ac5339e.jar:/home/wilwe/.gradle/caches/modules-2/files-2.1/net.fabricmc.fabric-api/fabric-resource-loader-v0/3.3.20+4fc5413f9e/c6551ab905383f3c8e046a403a78a25bebabaff0/fabric-resource-loader-v0-3.3.20+4fc5413f9e.jar:/home/wilwe/.gradle/caches/modules-2/files-2.1/net.fabricmc.fabric-api/fabric-resource-loader-v1/2.0.13+9edec1269e/db19bb66f069d7ed3dde41eb7e1f9ff3122c15a4/fabric-resource-loader-v1-2.0.13+9edec1269e.jar:/home/wilwe/.gradle/caches/modules-2/files-2.1/net.fabricmc.fabric-api/fabric-screen-api-v1/5.2.1+5087f8249e/ef9ad9a09f392eff05957c24c71e4da6797bb8d9/fabric-screen-api-v1-5.2.1+5087f8249e.jar:/home/wilwe/.gradle/caches/modules-2/files-2.1/net.fabricmc.fabric-api/fabric-api-base/2.0.4+ece063239e/e766f3698b7bab8b1e13683040f8648fab511ca3/fabric-api-base-2.0.4+ece063239e.jar:/home/wilwe/.gradle/caches/modules-2/files-2.1/net.fabricmc.fabric-api/fabric-biome-api-v1/18.0.6+c7bd5b8e9e/414c89d2bc8ab64dce1763edc4dbe4619113a5b/fabric-biome-api-v1-18.0.6+c7bd5b8e9e.jar:/home/wilwe/.gradle/caches/modules-2/files-2.1/net.fabricmc.fabric-api/fabric-block-getter-api-v2/2.0.7+ec56b6019e/8204045ca262749761be09b144618e6c4133ebe1/fabric-block-getter-api-v2-2.0.7+ec56b6019e.jar:/home/wilwe/.gradle/caches/modules-2/files-2.1/net.fabricmc.fabric-api/fabric-crash-report-info-v1/1.0.5+086d547a9e/119f48a9a648d86c89fe21444176d0032449d95c/fabric-crash-report-info-v1-1.0.5+086d547a9e.jar:/home/wilwe/.gradle/caches/modules-2/files-2.1/net.fabricmc.fabric-api/fabric-key-mapping-api-v1/2.0.5+e2bdee789e/c86dc688a7e9caa7edca9973dc6abfe37c652135/fabric-key-mapping-api-v1-2.0.5+e2bdee789e.jar:/home/wilwe/.gradle/caches/modules-2/files-2.1/net.fabricmc.fabric-api/fabric-resource-conditions-api-v1/6.1.0+10e9a28b9e/bfe91afa0e7712974b318ed7e274b493b038a596/fabric-resource-conditions-api-v1-6.1.0+10e9a28b9e.jar:/home/wilwe/.gradle/caches/modules-2/files-2.1/net.fabricmc.fabric-api/fabric-serialization-api-v1/2.0.4+11a26f319e/ebf77996be79909f639a7352689d851385a9cd2b/fabric-serialization-api-v1-2.0.4+11a26f319e.jar:/home/wilwe/.gradle/caches/modules-2/files-2.1/net.fabricmc.fabric-api/fabric-sound-api-v1/2.0.5+11a26f319e/73e4e62924608e1d1581f192607857db096dafe7/fabric-sound-api-v1-2.0.5+11a26f319e.jar:/home/wilwe/.gradle/caches/modules-2/files-2.1/net.fabricmc.fabric-api/fabric-transitive-access-wideners-v1/8.1.4+67c847259e/e1e769f8e123395ab939d5d8da900e6a6ad53ab2/fabric-transitive-access-wideners-v1-8.1.4+67c847259e.jar:/home/wilwe/.gradle/caches/modules-2/files-2.1/blue.endless/jankson/1.2.0/3a596049034f2952c0b2d40ca41f9b98856d5fb4/jankson-1.2.0.jar:/home/wilwe/.gradle/caches/modules-2/files-2.1/org.yaml/snakeyaml/1.27/359d62567480b07a679dc643f82fc926b100eed5/snakeyaml-1.27.jar:/home/wilwe/.gradle/caches/modules-2/files-2.1/me.shedaniel.cloth/basic-math/0.6.1/2ddd64b22126332794a5754ff9b942e17fb44c39/basic-math-0.6.1.jar:/home/wilwe/.gradle/caches/modules-2/files-2.1/com.google.errorprone/error_prone_annotations/2.48.0/bbe30942a31d1778c74cb272321267eca82dc708/error_prone_annotations-2.48.0.jar:/tmp/14675297127750677040.jar)
	at knot//com.sun.jna.NativeLibrary.loadLibrary(NativeLibrary.java:325)
	at knot//com.sun.jna.NativeLibrary.getInstance(NativeLibrary.java:481)
	at knot//com.sun.jna.NativeLibrary.getInstance(NativeLibrary.java:423)
	at knot//com.mojang.text2speech.NarratorLinux$FliteLibrary.loadNative(NarratorLinux.java:80)
	... 10 more
	Suppressed: java.lang.UnsatisfiedLinkError: libflite.so: cannot open shared object file: No such file or directory
		at knot//com.sun.jna.Native.open(Native Method)
		at knot//com.sun.jna.NativeLibrary.loadLibrary(NativeLibrary.java:213)
		... 13 more
	Suppressed: java.lang.UnsatisfiedLinkError: libflite.so: cannot open shared object file: No such file or directory
		at knot//com.sun.jna.Native.open(Native Method)
		at knot//com.sun.jna.NativeLibrary.loadLibrary(NativeLibrary.java:226)
		... 13 more
	Suppressed: java.io.IOException: Native library (linux-x86-64/libflite.so) not found in resource path (/home/wilwe/Dokumenty/GitHub/stargazer_mod/fabric/build/classes/java/main:/home/wilwe/Dokumenty/GitHub/stargazer_mod/fabric/build/resources/main:/home/wilwe/.gradle/caches/modules-2/files-2.1/dev.architectury/architectury-transformer/5.2.92/1ea8fe9cb282e9a2ced97868b5bd022bfaa8dbd/architectury-transformer-5.2.92-agent.jar:/home/wilwe/.gradle/caches/modules-2/files-2.1/dev.architectury/architectury-transformer/5.2.92/bdb7ff889a4e1acf8b9bc1914c51d73c0764dd4b/architectury-transformer-5.2.92-runtime.jar:/home/wilwe/Dokumenty/GitHub/stargazer_mod/common/build/libs/stargazer-common-0.0.8.1-dev.jar:/home/wilwe/.gradle/caches/modules-2/files-2.1/com.geckolib/geckolib-fabric-26.2/5.5.3/a4a19c46400da1c232df559cc026e8e4ef419845/geckolib-fabric-26.2-5.5.3.jar:/home/wilwe/.m2/repository/com/github/starcatcher21/starlib/starlib-fabric/1.0.3/starlib-fabric-1.0.3.jar:/home/wilwe/.gradle/caches/modules-2/files-2.1/me.shedaniel/RoughlyEnoughItems-fabric/26.2.820/a57f1180a72e5f5541ad3cf63a799e95140882e6/RoughlyEnoughItems-fabric-26.2.820.jar:/home/wilwe/.gradle/caches/modules-2/files-2.1/me.shedaniel.cloth/cloth-config-fabric/26.2.155/babcf16dbd15e09d326e21ffe85ab3f7d843ef9e/cloth-config-fabric-26.2.155.jar:/home/wilwe/.gradle/caches/modules-2/files-2.1/dev.architectury/architectury-fabric/21.0.7/7c00161fc93303ba504f02f6bf3e3f42b99e1d84/architectury-fabric-21.0.7.jar:/home/wilwe/.gradle/caches/modules-2/files-2.1/net.fabricmc/fabric-loader/0.19.5/ff9e65cffca4a67f31523e1807fe0855940fcbfa/fabric-loader-0.19.5.jar:/home/wilwe/.gradle/caches/modules-2/files-2.1/net.fabricmc.fabric-api/fabric-api/0.161.0+26.2/332da34ebb72171e603a0c538de17f4c54ea9e29/fabric-api-0.161.0+26.2.jar:/home/wilwe/.gradle/caches/modules-2/files-2.1/teamreborn/energy/5.0.0/c7b3f01292365bcb29940af26ed7047d5c538e7e/energy-5.0.0.jar:/home/wilwe/.gradle/caches/modules-2/files-2.1/org.ow2.asm/asm/9.10.1/ada2141c0cc52ee8f5c48cd5fa4ce0e794f22236/asm-9.10.1.jar:/home/wilwe/.gradle/caches/modules-2/files-2.1/org.ow2.asm/asm-analysis/9.10.1/8d49f14d51f632cb1d87c88d1ceaf50db0d8af1b/asm-analysis-9.10.1.jar:/home/wilwe/.gradle/caches/modules-2/files-2.1/org.ow2.asm/asm-commons/9.10.1/4229e4c55fd8e01c23f9fe9884075cc628aacc50/asm-commons-9.10.1.jar:/home/wilwe/.gradle/caches/modules-2/files-2.1/org.ow2.asm/asm-tree/9.10.1/e244332a17564c1d1572449399a842de35881be2/asm-tree-9.10.1.jar:/home/wilwe/.gradle/caches/modules-2/files-2.1/org.ow2.asm/asm-util/9.10.1/7bb9d450e8d4cbf9f9e04096c44bbfe7fba80b15/asm-util-9.10.1.jar:/home/wilwe/.gradle/caches/modules-2/files-2.1/net.fabricmc/sponge-mixin/0.17.4+mixin.0.8.7/5f66cc9f59b8efaa942155a3d5a30599bf6640dd/sponge-mixin-0.17.4+mixin.0.8.7.jar:/home/wilwe/.gradle/caches/modules-2/files-2.1/io.github.llamalad7/mixinextras-fabric/0.5.5/d1055b99c0ab08a8403fe2da3d79ca28e6340a76/mixinextras-fabric-0.5.5.jar:/home/wilwe/.gradle/caches/modules-2/files-2.1/net.fabricmc/dev-launch-injector/0.2.1+build.8/da8bef7e6e2f952da707f282bdb46882a0fce5e3/dev-launch-injector-0.2.1+build.8.jar:/home/wilwe/.gradle/caches/modules-2/files-2.1/net.fabricmc/fabric-log4j-util/1.0.2/ef0b3fb613356feb75a67d54f2fad6f03a006648/fabric-log4j-util-1.0.2.jar:/home/wilwe/.gradle/caches/modules-2/files-2.1/at.yawk.lz4/lz4-java/1.10.1/f541d7f910fe3d76f38f799c507c48cc81b12ecb/lz4-java-1.10.1.jar:/home/wilwe/.gradle/caches/modules-2/files-2.1/com.azure/azure-json/1.4.0/fcc1d354dbc3e0300e5276b1bf124d0247799cd8/azure-json-1.4.0.jar:/home/wilwe/.gradle/caches/modules-2/files-2.1/com.github.oshi/oshi-core/6.9.0/3224870731860cfcd7744581a05b559e94291e7/oshi-core-6.9.0.jar:/home/wilwe/.gradle/caches/modules-2/files-2.1/com.moandjiezana.toml/toml4j/0.7.2/a03337911d0bd2c40932aca3946edb30d0e7d0c/toml4j-0.7.2.jar:/home/wilwe/.gradle/caches/modules-2/files-2.1/com.google.code.gson/gson/2.14.0/efc0e34ede4e3204eaefb84a00e55e8c86634382/gson-2.14.0.jar:/home/wilwe/.gradle/caches/modules-2/files-2.1/com.google.guava/failureaccess/1.0.3/aeaffd00d57023a2c947393ed251f0354f0985fc/failureaccess-1.0.3.jar:/home/wilwe/.gradle/caches/modules-2/files-2.1/com.google.guava/guava/33.6.0-jre/c376b13067cc99a5774403530953f7b05a91e218/guava-33.6.0-jre.jar:/home/wilwe/.gradle/caches/modules-2/files-2.1/com.ibm.icu/icu4j/78.3/6a851a53bb1f25689fc418dcc8935b0d93580adf/icu4j-78.3.jar:/home/wilwe/.gradle/caches/modules-2/files-2.1/com.microsoft.azure/msal4j/1.24.1/c233f2d047b9755f7041adf21a858c680e4c9242/msal4j-1.24.1.jar:/home/wilwe/.gradle/caches/modules-2/files-2.1/com.mojang/authlib/9.0.75/d61056a234d5e4b272e09d59b0713f80d6c0b6af/authlib-9.0.75.jar:/home/wilwe/.gradle/caches/modules-2/files-2.1/com.mojang/blocklist/1.0.10/5c685c5ffa94c4cd39496c7184c1d122e515ecef/blocklist-1.0.10.jar:/home/wilwe/.gradle/caches/modules-2/files-2.1/com.mojang/brigadier/1.3.10/d15b53a14cf20fdcaa98f731af5dda654452c010/brigadier-1.3.10.jar:/home/wilwe/.gradle/caches/modules-2/files-2.1/com.mojang/datafixerupper/10.0.21/b6b2ae770c02e0c1eb90f9985b151e9085a38d0b/datafixerupper-10.0.21.jar:/home/wilwe/.gradle/caches/modules-2/files-2.1/com.mojang/jtracy/1.0.37/a3fb649b2e2b2288d2978f0b0bc3d83f62809d1e/jtracy-1.0.37.jar:/home/wilwe/.gradle/caches/modules-2/files-2.1/com.mojang/jtracy/1.0.37/e1b4395227af41195da9e2ead13c48ee0b7d31cd/jtracy-1.0.37-natives-linux.jar:/home/wilwe/.gradle/caches/modules-2/files-2.1/com.mojang/logging/1.7.12/351cea64a5233361327d8d54c44277041beed97f/logging-1.7.12.jar:/home/wilwe/.gradle/caches/modules-2/files-2.1/com.mojang/patchy/2.2.10/da05971b07cbb379d002cf7eaec6a2048211fefc/patchy-2.2.10.jar:/home/wilwe/.gradle/caches/modules-2/files-2.1/com.mojang/text2speech/1.19.12/2e517a75c79d34d32de2b5d68422150836c2133e/text2speech-1.19.12.jar:/home/wilwe/.gradle/caches/modules-2/files-2.1/commons-codec/commons-codec/1.22.0/6b3eb4beb7058c2a638f5f17bcb388649fd339dd/commons-codec-1.22.0.jar:/home/wilwe/.gradle/caches/modules-2/files-2.1/commons-io/commons-io/2.20.0/36f3474daec2849c149e877614e7f979b2082cd2/commons-io-2.20.0.jar:/home/wilwe/.gradle/caches/modules-2/files-2.1/io.netty/netty-buffer/4.2.15.Final/2beb620803bf871cda2dd5d46b8f831e8015dd34/netty-buffer-4.2.15.Final.jar:/home/wilwe/.gradle/caches/modules-2/files-2.1/io.netty/netty-codec-base/4.2.15.Final/e97149fdd5fb04858efa90e314651c8d700dc68b/netty-codec-base-4.2.15.Final.jar:/home/wilwe/.gradle/caches/modules-2/files-2.1/io.netty/netty-codec-compression/4.2.15.Final/89fc4a20b7ae6af974304b1695405e62c4f9b16d/netty-codec-compression-4.2.15.Final.jar:/home/wilwe/.gradle/caches/modules-2/files-2.1/io.netty/netty-codec-http/4.2.15.Final/e611826aa054371bb9a17f27bdb05755a4cac5f0/netty-codec-http-4.2.15.Final.jar:/home/wilwe/.gradle/caches/modules-2/files-2.1/io.netty/netty-common/4.2.15.Final/7222492c1af9c2d4d78d521eea340a619e242fda/netty-common-4.2.15.Final.jar:/home/wilwe/.gradle/caches/modules-2/files-2.1/io.netty/netty-handler/4.2.15.Final/d5344afd1148e3b9927a74be019605ebb0937a93/netty-handler-4.2.15.Final.jar:/home/wilwe/.gradle/caches/modules-2/files-2.1/io.netty/netty-resolver/4.2.15.Final/b961a16d379b508b473e064ba06842bba280f4e3/netty-resolver-4.2.15.Final.jar:/home/wilwe/.gradle/caches/modules-2/files-2.1/io.netty/netty-transport-classes-epoll/4.2.15.Final/44bafba9c9993800e955b365bba4981326f3f3b1/netty-transport-classes-epoll-4.2.15.Final.jar:/home/wilwe/.gradle/caches/modules-2/files-2.1/io.netty/netty-transport-classes-kqueue/4.2.15.Final/f248656bb907607c5a41c7b61fd918a97db79250/netty-transport-classes-kqueue-4.2.15.Final.jar:/home/wilwe/.gradle/caches/modules-2/files-2.1/io.netty/netty-transport-native-epoll/4.2.15.Final/cccd31f2c8e966ab1e7a4d2293c8a3965628fe73/netty-transport-native-epoll-4.2.15.Final-linux-aarch_64.jar:/home/wilwe/.gradle/caches/modules-2/files-2.1/io.netty/netty-transport-native-epoll/4.2.15.Final/ce256127f8ed3f076756f1f4dcb5877d65d1f1c2/netty-transport-native-epoll-4.2.15.Final-linux-x86_64.jar:/home/wilwe/.gradle/caches/modules-2/files-2.1/io.netty/netty-transport-native-unix-common/4.2.15.Final/efb6943b4de9e0226a5ac35330f232605424af02/netty-transport-native-unix-common-4.2.15.Final.jar:/home/wilwe/.gradle/caches/modules-2/files-2.1/io.netty/netty-transport/4.2.15.Final/a000c3a6196ee40207b73ac619dcb339409dd62f/netty-transport-4.2.15.Final.jar:/home/wilwe/.gradle/caches/modules-2/files-2.1/it.unimi.dsi/fastutil/8.5.18/a6cff377eecc19c2037bf31568a6d7106b50ba1f/fastutil-8.5.18.jar:/home/wilwe/.gradle/caches/modules-2/files-2.1/net.java.dev.jna/jna-platform/5.17.0/a4934c44d25a9d8c2ddf4203affd20330cb3426f/jna-platform-5.17.0.jar:/home/wilwe/.m2/repository/net/java/dev/jna/jna/5.17.0/jna-5.17.0.jar:/home/wilwe/.gradle/caches/modules-2/files-2.1/net.sf.jopt-simple/jopt-simple/5.0.4/4fdac2fbe92dfad86aa6e9301736f6b4342a3f5c/jopt-simple-5.0.4.jar:/home/wilwe/.gradle/caches/modules-2/files-2.1/org.apache.commons/commons-compress/1.28.0/e482f2c7a88dac3c497e96aa420b6a769f59c8d7/commons-compress-1.28.0.jar:/home/wilwe/.gradle/caches/modules-2/files-2.1/org.apache.commons/commons-lang3/3.20.0/65897b3e5731220962e659e001904af3c3cbeba9/commons-lang3-3.20.0.jar:/home/wilwe/.gradle/caches/modules-2/files-2.1/org.apache.logging.log4j/log4j-api/2.26.0/ad52af0ecf054a7e3f275a2e180ee06d9c490951/log4j-api-2.26.0.jar:/home/wilwe/.gradle/caches/modules-2/files-2.1/org.apache.logging.log4j/log4j-core/2.26.0/d267ca60b27ddb075e0b4e75e7875859717bf85f/log4j-core-2.26.0.jar:/home/wilwe/.gradle/caches/modules-2/files-2.1/org.apache.logging.log4j/log4j-slf4j2-impl/2.26.0/668c0f0e813d83f00a7182533aa658ec7e7a0a0d/log4j-slf4j2-impl-2.26.0.jar:/home/wilwe/.gradle/caches/modules-2/files-2.1/org.jcraft/jorbis/0.0.17/8872d22b293e8f5d7d56ff92be966e6dc28ebdc6/jorbis-0.0.17.jar:/home/wilwe/.gradle/caches/modules-2/files-2.1/org.joml/joml/1.10.8/fc0a71dad90a2cf41d82a76156a0e700af8e4f8d/joml-1.10.8.jar:/home/wilwe/.gradle/caches/modules-2/files-2.1/org.jspecify/jspecify/1.0.0/7425a601c1c7ec76645a78d22b8c6a627edee507/jspecify-1.0.0.jar:/home/wilwe/.gradle/caches/modules-2/files-2.1/org.lwjgl/lwjgl-freetype/3.4.1/caa75a37e857efc9b0686e434d708d6420c5b6ea/lwjgl-freetype-3.4.1.jar:/home/wilwe/.gradle/caches/modules-2/files-2.1/org.lwjgl/lwjgl-freetype/3.4.1/40a29a29b1549c4cad073ccd682e3776ffb454fa/lwjgl-freetype-3.4.1-natives-linux.jar:/home/wilwe/.gradle/caches/modules-2/files-2.1/org.lwjgl/lwjgl-glfw/3.4.1/a782b1ddd175c9107bf300fd92920579ea65e2a4/lwjgl-glfw-3.4.1.jar:/home/wilwe/.gradle/caches/modules-2/files-2.1/org.lwjgl/lwjgl-glfw/3.4.1/23cdf7655ce9f3b27ad90f08e73345e0d5b46362/lwjgl-glfw-3.4.1-natives-linux.jar:/home/wilwe/.gradle/caches/modules-2/files-2.1/org.lwjgl/lwjgl-jemalloc/3.4.1/16b663092854fc6adfe0a941e61cae2bb2e437b6/lwjgl-jemalloc-3.4.1.jar:/home/wilwe/.gradle/caches/modules-2/files-2.1/org.lwjgl/lwjgl-jemalloc/3.4.1/b83c82d941f2e624d150d6d1e2efcf4ea49ff8ea/lwjgl-jemalloc-3.4.1-natives-linux.jar:/home/wilwe/.gradle/caches/modules-2/files-2.1/org.lwjgl/lwjgl-openal/3.4.1/8508bd60589de0539aa465b78fcf838efd07ae9a/lwjgl-openal-3.4.1.jar:/home/wilwe/.gradle/caches/modules-2/files-2.1/org.lwjgl/lwjgl-openal/3.4.1/dbff577119266cd4312e4eb9cc2b171407c56360/lwjgl-openal-3.4.1-natives-linux.jar:/home/wilwe/.gradle/caches/modules-2/files-2.1/org.lwjgl/lwjgl-opengl/3.4.1/830412cab823c029cda6b9729f9d2ed36cf79959/lwjgl-opengl-3.4.1.jar:/home/wilwe/.gradle/caches/modules-2/files-2.1/org.lwjgl/lwjgl-opengl/3.4.1/b750599f0e75ddb19f1d0fe993f3011334b710ae/lwjgl-opengl-3.4.1-natives-linux.jar:/home/wilwe/.gradle/caches/modules-2/files-2.1/org.lwjgl/lwjgl-shaderc/3.4.1/5c02c88f0d879529014c78463b76f43fdecfd272/lwjgl-shaderc-3.4.1.jar:/home/wilwe/.gradle/caches/modules-2/files-2.1/org.lwjgl/lwjgl-shaderc/3.4.1/4289bdfa998c4afcdfa7c6925baf50e938113188/lwjgl-shaderc-3.4.1-natives-linux.jar:/home/wilwe/.gradle/caches/modules-2/files-2.1/org.lwjgl/lwjgl-spvc/3.4.1/188553592e97b5ab2dba54a1b403ee80b48dad4c/lwjgl-spvc-3.4.1.jar:/home/wilwe/.gradle/caches/modules-2/files-2.1/org.lwjgl/lwjgl-spvc/3.4.1/6ea8d9edcfcc5664d14e11b9a37a1a900783584a/lwjgl-spvc-3.4.1-natives-linux.jar:/home/wilwe/.gradle/caches/modules-2/files-2.1/org.lwjgl/lwjgl-stb/3.4.1/f077c3dafc31924fbe8acb0b913f08977ba27f8e/lwjgl-stb-3.4.1.jar:/home/wilwe/.gradle/caches/modules-2/files-2.1/org.lwjgl/lwjgl-stb/3.4.1/7e1cfae909da6c68f3cb6073a9bfeb6c90e82a57/lwjgl-stb-3.4.1-natives-linux.jar:/home/wilwe/.gradle/caches/modules-2/files-2.1/org.lwjgl/lwjgl-tinyfd/3.4.1/562697d40dbd2ed0424bf24dcf65d51170f81adf/lwjgl-tinyfd-3.4.1.jar:/home/wilwe/.gradle/caches/modules-2/files-2.1/org.lwjgl/lwjgl-tinyfd/3.4.1/fc6a72690afc8defb60d82ad1de64dd8f537154c/lwjgl-tinyfd-3.4.1-natives-linux.jar:/home/wilwe/.gradle/caches/modules-2/files-2.1/org.lwjgl/lwjgl-vma/3.4.1/2c54ce10154feb1ede4d23c5947438cdbfdcc003/lwjgl-vma-3.4.1.jar:/home/wilwe/.gradle/caches/modules-2/files-2.1/org.lwjgl/lwjgl-vma/3.4.1/1d5d00e4abed992e0850aa970d338453ebbd3e0c/lwjgl-vma-3.4.1-natives-linux.jar:/home/wilwe/.gradle/caches/modules-2/files-2.1/org.lwjgl/lwjgl-vulkan/3.4.1/d0601fdc38890755e5638048c14cc0f7b990964b/lwjgl-vulkan-3.4.1.jar:/home/wilwe/.gradle/caches/modules-2/files-2.1/org.lwjgl/lwjgl/3.4.1/129e06a04f93992cb2a45172435b21fc4b60dd7d/lwjgl-3.4.1-unsafe.jar:/home/wilwe/.gradle/caches/modules-2/files-2.1/org.lwjgl/lwjgl/3.4.1/2734e106bd95db49fe0da8cf8bf7fd96475c436c/lwjgl-3.4.1-natives-linux.jar:/home/wilwe/.gradle/caches/modules-2/files-2.1/org.slf4j/slf4j-api/2.0.17/d9e58ac9c7779ba3bf8142aff6c830617a7fe60f/slf4j-api-2.0.17.jar:/home/wilwe/Dokumenty/GitHub/stargazer_mod/.gradle/loom-cache/minecraftMaven/net/minecraft/minecraft-merged-37ca00bc07/26.2/minecraft-merged-37ca00bc07-26.2.jar:/home/wilwe/.gradle/caches/modules-2/files-2.1/io.netty/netty-transport-native-kqueue/4.2.15.Final/4245380831515fb4eca18d32477a27fbb8f7b8f4/netty-transport-native-kqueue-4.2.15.Final-osx-x86_64.jar:/home/wilwe/.gradle/caches/modules-2/files-2.1/io.netty/netty-transport-native-kqueue/4.2.15.Final/8ea0ef3eb716d821332e4b4926825a4b7c1a6d38/netty-transport-native-kqueue-4.2.15.Final-osx-aarch_64.jar:/home/wilwe/.gradle/caches/modules-2/files-2.1/net.fabricmc.fabric-api/fabric-advancement-api-v1/1.0.0+58719a3b9e/4394b4ce7f29690f622da915d780493148b974cb/fabric-advancement-api-v1-1.0.0+58719a3b9e.jar:/home/wilwe/.gradle/caches/modules-2/files-2.1/net.fabricmc.fabric-api/fabric-transfer-api-v1/8.0.13+11dbb7d79e/10f39a4b46043bc724c7ea3b93bcc0243e592abb/fabric-transfer-api-v1-8.0.13+11dbb7d79e.jar:/home/wilwe/.gradle/caches/modules-2/files-2.1/net.fabricmc.fabric-api/fabric-api-lookup-api-v1/2.0.18+11e1c9a39e/31fc094d5f4d878ed12bba2e5e8cdb42b26d83ae/fabric-api-lookup-api-v1-2.0.18+11e1c9a39e.jar:/home/wilwe/.gradle/caches/modules-2/files-2.1/net.fabricmc.fabric-api/fabric-block-api-v1/3.1.0+53515aab9e/46cf7e7564fbbb13d099c3fe1b065561f14e268f/fabric-block-api-v1-3.1.0+53515aab9e.jar:/home/wilwe/.gradle/caches/modules-2/files-2.1/net.fabricmc.fabric-api/fabric-command-api-v2/3.1.0+00cb03469e/b144d197307c39c1bc516c274d9460f0116131a3/fabric-command-api-v2-3.1.0+00cb03469e.jar:/home/wilwe/.gradle/caches/modules-2/files-2.1/net.fabricmc.fabric-api/fabric-content-registries-v0/11.3.2+37b1aa249e/6f664a04bd603be3564b614caafa898e2fc9c67c/fabric-content-registries-v0-11.3.2+37b1aa249e.jar:/home/wilwe/.gradle/caches/modules-2/files-2.1/net.fabricmc.fabric-api/fabric-data-generation-api-v1/25.6.0+c0da0b829e/6b314081c5999c2094b6a92323c055d59bf7e639/fabric-data-generation-api-v1-25.6.0+c0da0b829e.jar:/home/wilwe/.gradle/caches/modules-2/files-2.1/net.fabricmc.fabric-api/fabric-convention-tags-v2/4.7.1+1f023a9e9e/e465c608c60ceb105c4f5d792460f5de02d90135/fabric-convention-tags-v2-4.7.1+1f023a9e9e.jar:/home/wilwe/.gradle/caches/modules-2/files-2.1/net.fabricmc.fabric-api/fabric-creative-tab-api-v1/5.0.15+6468574f9e/b8896143a3467ad9eeff3bda41fb787bc080019e/fabric-creative-tab-api-v1-5.0.15+6468574f9e.jar:/home/wilwe/.gradle/caches/modules-2/files-2.1/net.fabricmc.fabric-api/fabric-data-attachment-api-v1/2.2.19+515ac5339e/6ac7e37bdfaf6b9fc26be152d01daa0f95d799a2/fabric-data-attachment-api-v1-2.2.19+515ac5339e.jar:/home/wilwe/.gradle/caches/modules-2/files-2.1/net.fabricmc.fabric-api/fabric-debug-api-v1/1.0.2+c792624d9e/9f0581bb985edf22a0d812dbe67178bd2849286/fabric-debug-api-v1-1.0.2+c792624d9e.jar:/home/wilwe/.gradle/caches/modules-2/files-2.1/net.fabricmc.fabric-api/fabric-dimensions-v1/5.1.12+515ac5339e/b9d60e3ceee08f0fbc6f19fe8264c82c5fc2d122/fabric-dimensions-v1-5.1.12+515ac5339e.jar:/home/wilwe/.gradle/caches/modules-2/files-2.1/net.fabricmc.fabric-api/fabric-entity-events-v1/5.0.5+06488ac19e/5cbecb675b91d0ebfe2ef3f20339e1a2c76c435/fabric-entity-events-v1-5.0.5+06488ac19e.jar:/home/wilwe/.gradle/caches/modules-2/files-2.1/net.fabricmc.fabric-api/fabric-events-interaction-v0/5.2.8+515ac5339e/98650380bb4e65a3deb6254e7c10a171eb907477/fabric-events-interaction-v0-5.2.8+515ac5339e.jar:/home/wilwe/.gradle/caches/modules-2/files-2.1/net.fabricmc.fabric-api/fabric-game-rule-api-v1/4.0.8+46a6d00c9e/886816530fb79c925eb1bc6c34dd4d9d82e71d49/fabric-game-rule-api-v1-4.0.8+46a6d00c9e.jar:/home/wilwe/.gradle/caches/modules-2/files-2.1/net.fabricmc.fabric-api/fabric-gametest-api-v1/4.0.22+4a7fa0819e/3fb91749fe4f238518d2980fdc18454016949190/fabric-gametest-api-v1-4.0.22+4a7fa0819e.jar:/home/wilwe/.gradle/caches/modules-2/files-2.1/net.fabricmc.fabric-api/fabric-item-api-v1/14.5.0+c68f6cbe9e/c2d241b01e3c083637adb17c2c8ff798cb752d5a/fabric-item-api-v1-14.5.0+c68f6cbe9e.jar:/home/wilwe/.gradle/caches/modules-2/files-2.1/net.fabricmc.fabric-api/fabric-recipe-api-v1/9.0.22+11e1c9a39e/e756703eda39613f8d638521829b673c92276604/fabric-recipe-api-v1-9.0.22+11e1c9a39e.jar:/home/wilwe/.gradle/caches/modules-2/files-2.1/net.fabricmc.fabric-api/fabric-model-loading-api-v1/8.0.17+c80601bb9e/b7b69be9cac7b63f853bd3c937c1b774c96a13fb/fabric-model-loading-api-v1-8.0.17+c80601bb9e.jar:/home/wilwe/.gradle/caches/modules-2/files-2.1/net.fabricmc.fabric-api/fabric-renderer-indigo/9.1.4+2b0d8a229e/48cdf540bd670fe9333a74dd1570316180d10ab3/fabric-renderer-indigo-9.1.4+2b0d8a229e.jar:/home/wilwe/.gradle/caches/modules-2/files-2.1/net.fabricmc.fabric-api/fabric-renderer-api-v1/14.1.4+2b0d8a229e/f6a6d234cc1073ffb871150d548d2164f8bc8d0b/fabric-renderer-api-v1-14.1.4+2b0d8a229e.jar:/home/wilwe/.gradle/caches/modules-2/files-2.1/net.fabricmc.fabric-api/fabric-rendering-v1/25.3.3+515ac5339e/b970a6d778b9867d6ea13d5437193f1e86a19c55/fabric-rendering-v1-25.3.3+515ac5339e.jar:/home/wilwe/.gradle/caches/modules-2/files-2.1/net.fabricmc.fabric-api/fabric-lifecycle-events-v1/4.1.4+29b6eb019e/54a508470dcea81513e39001b5c0bf9fae0f1d5/fabric-lifecycle-events-v1-4.1.4+29b6eb019e.jar:/home/wilwe/.gradle/caches/modules-2/files-2.1/net.fabricmc.fabric-api/fabric-loot-api-v3/3.0.17+06488ac19e/964f3985687b491093db6b9ff87b35106112b74d/fabric-loot-api-v3-3.0.17+06488ac19e.jar:/home/wilwe/.gradle/caches/modules-2/files-2.1/net.fabricmc.fabric-api/fabric-menu-api-v1/2.0.17+086d547a9e/2d35d55e2aa842d5eec1f9262a74074385c69cfb/fabric-menu-api-v1-2.0.17+086d547a9e.jar:/home/wilwe/.gradle/caches/modules-2/files-2.1/net.fabricmc.fabric-api/fabric-message-api-v1/7.0.8+bb2ed3f79e/106dc9ed22970076aaa39cd257b69705d136dd05/fabric-message-api-v1-7.0.8+bb2ed3f79e.jar:/home/wilwe/.gradle/caches/modules-2/files-2.1/net.fabricmc.fabric-api/fabric-client-gametest-api-v1/6.0.2+0f4f1dca9e/f54e52e7af5a41fdcf6715f87d09282b2dc9b0f2/fabric-client-gametest-api-v1-6.0.2+0f4f1dca9e.jar:/home/wilwe/.gradle/caches/modules-2/files-2.1/net.fabricmc.fabric-api/fabric-particles-v1/5.0.19+d1756aa99e/f6290d6511388b78455e2186d980553879343172/fabric-particles-v1-5.0.19+d1756aa99e.jar:/home/wilwe/.gradle/caches/modules-2/files-2.1/net.fabricmc.fabric-api/fabric-object-builder-api-v1/24.1.1+6fcd5f039e/90175252776d48f5c549835501e7fa227e68c4c8/fabric-object-builder-api-v1-24.1.1+6fcd5f039e.jar:/home/wilwe/.gradle/caches/modules-2/files-2.1/net.fabricmc.fabric-api/fabric-registry-sync-v0/7.1.1+c7bd5b8e9e/82c1ce3885265deb0c15970d4abadf0ae055a539/fabric-registry-sync-v0-7.1.1+c7bd5b8e9e.jar:/home/wilwe/.gradle/caches/modules-2/files-2.1/net.fabricmc.fabric-api/fabric-networking-api-v1/6.3.4+2989c6a09e/608860809ec66fd65ca764c4157e96030f330537/fabric-networking-api-v1-6.3.4+2989c6a09e.jar:/home/wilwe/.gradle/caches/modules-2/files-2.1/net.fabricmc.fabric-api/fabric-permission-api-v1/1.0.5+e442d8d09e/92197dd81a18322fd36b87de79bdaa8d2b4a1ba9/fabric-permission-api-v1-1.0.5+e442d8d09e.jar:/home/wilwe/.gradle/caches/modules-2/files-2.1/net.fabricmc.fabric-api/fabric-rendering-fluids-v1/6.0.4+06488ac19e/9ded3bc73b5ff3c441075d0c8eca988aacce1f1f/fabric-rendering-fluids-v1-6.0.4+06488ac19e.jar:/home/wilwe/.gradle/caches/modules-2/files-2.1/net.fabricmc.fabric-api/fabric-tag-api-v1/2.1.4+515ac5339e/f66a24273cdcc2ce424bf8c69cdc9cf48bdcb328/fabric-tag-api-v1-2.1.4+515ac5339e.jar:/home/wilwe/.gradle/caches/modules-2/files-2.1/net.fabricmc.fabric-api/fabric-resource-loader-v0/3.3.20+4fc5413f9e/c6551ab905383f3c8e046a403a78a25bebabaff0/fabric-resource-loader-v0-3.3.20+4fc5413f9e.jar:/home/wilwe/.gradle/caches/modules-2/files-2.1/net.fabricmc.fabric-api/fabric-resource-loader-v1/2.0.13+9edec1269e/db19bb66f069d7ed3dde41eb7e1f9ff3122c15a4/fabric-resource-loader-v1-2.0.13+9edec1269e.jar:/home/wilwe/.gradle/caches/modules-2/files-2.1/net.fabricmc.fabric-api/fabric-screen-api-v1/5.2.1+5087f8249e/ef9ad9a09f392eff05957c24c71e4da6797bb8d9/fabric-screen-api-v1-5.2.1+5087f8249e.jar:/home/wilwe/.gradle/caches/modules-2/files-2.1/net.fabricmc.fabric-api/fabric-api-base/2.0.4+ece063239e/e766f3698b7bab8b1e13683040f8648fab511ca3/fabric-api-base-2.0.4+ece063239e.jar:/home/wilwe/.gradle/caches/modules-2/files-2.1/net.fabricmc.fabric-api/fabric-biome-api-v1/18.0.6+c7bd5b8e9e/414c89d2bc8ab64dce1763edc4dbe4619113a5b/fabric-biome-api-v1-18.0.6+c7bd5b8e9e.jar:/home/wilwe/.gradle/caches/modules-2/files-2.1/net.fabricmc.fabric-api/fabric-block-getter-api-v2/2.0.7+ec56b6019e/8204045ca262749761be09b144618e6c4133ebe1/fabric-block-getter-api-v2-2.0.7+ec56b6019e.jar:/home/wilwe/.gradle/caches/modules-2/files-2.1/net.fabricmc.fabric-api/fabric-crash-report-info-v1/1.0.5+086d547a9e/119f48a9a648d86c89fe21444176d0032449d95c/fabric-crash-report-info-v1-1.0.5+086d547a9e.jar:/home/wilwe/.gradle/caches/modules-2/files-2.1/net.fabricmc.fabric-api/fabric-key-mapping-api-v1/2.0.5+e2bdee789e/c86dc688a7e9caa7edca9973dc6abfe37c652135/fabric-key-mapping-api-v1-2.0.5+e2bdee789e.jar:/home/wilwe/.gradle/caches/modules-2/files-2.1/net.fabricmc.fabric-api/fabric-resource-conditions-api-v1/6.1.0+10e9a28b9e/bfe91afa0e7712974b318ed7e274b493b038a596/fabric-resource-conditions-api-v1-6.1.0+10e9a28b9e.jar:/home/wilwe/.gradle/caches/modules-2/files-2.1/net.fabricmc.fabric-api/fabric-serialization-api-v1/2.0.4+11a26f319e/ebf77996be79909f639a7352689d851385a9cd2b/fabric-serialization-api-v1-2.0.4+11a26f319e.jar:/home/wilwe/.gradle/caches/modules-2/files-2.1/net.fabricmc.fabric-api/fabric-sound-api-v1/2.0.5+11a26f319e/73e4e62924608e1d1581f192607857db096dafe7/fabric-sound-api-v1-2.0.5+11a26f319e.jar:/home/wilwe/.gradle/caches/modules-2/files-2.1/net.fabricmc.fabric-api/fabric-transitive-access-wideners-v1/8.1.4+67c847259e/e1e769f8e123395ab939d5d8da900e6a6ad53ab2/fabric-transitive-access-wideners-v1-8.1.4+67c847259e.jar:/home/wilwe/.gradle/caches/modules-2/files-2.1/blue.endless/jankson/1.2.0/3a596049034f2952c0b2d40ca41f9b98856d5fb4/jankson-1.2.0.jar:/home/wilwe/.gradle/caches/modules-2/files-2.1/org.yaml/snakeyaml/1.27/359d62567480b07a679dc643f82fc926b100eed5/snakeyaml-1.27.jar:/home/wilwe/.gradle/caches/modules-2/files-2.1/me.shedaniel.cloth/basic-math/0.6.1/2ddd64b22126332794a5754ff9b942e17fb44c39/basic-math-0.6.1.jar:/home/wilwe/.gradle/caches/modules-2/files-2.1/com.google.errorprone/error_prone_annotations/2.48.0/bbe30942a31d1778c74cb272321267eca82dc708/error_prone_annotations-2.48.0.jar:/tmp/14675297127750677040.jar)
		at knot//com.sun.jna.Native.extractFromResourcePath(Native.java:1141)
		at knot//com.sun.jna.NativeLibrary.loadLibrary(NativeLibrary.java:297)
		... 13 more
[10:41:24] [Render thread/INFO] (net.minecraft.server.packs.resources.ReloadableResourceManager) Reloading ResourceManager: vanilla, cloth-config, fabric-advancement-api-v1, fabric-api, fabric-api-base, fabric-api-lookup-api-v1, fabric-biome-api-v1, fabric-block-api-v1, fabric-block-getter-api-v2, fabric-client-gametest-api-v1, fabric-command-api-v2, fabric-content-registries-v0, fabric-convention-tags-v2, fabric-crash-report-info-v1, fabric-creative-tab-api-v1, fabric-data-attachment-api-v1, fabric-data-generation-api-v1, fabric-debug-api-v1, fabric-dimensions-v1, fabric-entity-events-v1, fabric-events-interaction-v0, fabric-game-rule-api-v1, fabric-gametest-api-v1, fabric-item-api-v1, fabric-key-mapping-api-v1, fabric-lifecycle-events-v1, fabric-loot-api-v3, fabric-menu-api-v1, fabric-message-api-v1, fabric-model-loading-api-v1, fabric-networking-api-v1, fabric-object-builder-api-v1, fabric-particles-v1, fabric-permission-api-v1, fabric-recipe-api-v1, fabric-registry-sync-v0, fabric-renderer-api-v1, fabric-renderer-indigo, fabric-rendering-fluids-v1, fabric-rendering-v1, fabric-resource-conditions-api-v1, fabric-resource-loader-v0, fabric-resource-loader-v1, fabric-screen-api-v1, fabric-serialization-api-v1, fabric-sound-api-v1, fabric-tag-api-v1, fabric-transfer-api-v1, fabric-transitive-access-wideners-v1, fabricloader, generated_e7d069e, roughlyenoughitems, stargazer, team_reborn_energy
[10:41:24] [Render thread/DEBUG] (FabricLoader/Mixin) Mixing SimpleReloadInstanceMixin from fabric-resource-loader-v1.mixins.json into net.minecraft.server.packs.resources.SimpleReloadInstance
[10:41:24] [Render thread/DEBUG] (FabricLoader/Mixin) Mixing sprite.SpriteLoaderPreparationsMixin from fabric-renderer-api-v1.mixins.json into net.minecraft.client.renderer.texture.SpriteLoader$Preparations
[10:41:24] [Download-2/INFO] (com.mojang.realmsclient.client.RealmsClient) Could not authorize you against Realms server: java.lang.RuntimeException: Failed to parse into SignedJWT: 0
[10:41:24] [Download-2/ERROR] (com.mojang.realmsclient.client.RealmsClient) Failed to fetch Realms feature flags
com.mojang.realmsclient.exception.RealmsServiceException: Realms authentication error with message 'java.lang.RuntimeException: Failed to parse into SignedJWT: 0'
	at knot//com.mojang.realmsclient.client.RealmsClient.execute(RealmsClient.java:528)
	at knot//com.mojang.realmsclient.client.RealmsClient.fetchFeatureFlags(RealmsClient.java:187)
	at java.base/java.util.concurrent.CompletableFuture$AsyncSupply.run(CompletableFuture.java:1789)
	at java.base/java.util.concurrent.ThreadPoolExecutor.runWorker(ThreadPoolExecutor.java:1090)
	at java.base/java.util.concurrent.ThreadPoolExecutor$Worker.run(ThreadPoolExecutor.java:614)
	at java.base/java.lang.Thread.run(Thread.java:1516)
[10:41:24] [Render thread/DEBUG] (FabricLoader/Mixin) Mixing RegistryAccessImmutableRegistryAccessMixin from fabric-dimensions-v1.mixins.json into net.minecraft.core.RegistryAccess$ImmutableRegistryAccess
[10:41:24] [Render thread/DEBUG] (FabricLoader/Mixin) Mixing modification.RegistryAccessImmutableRegistryAccessMixin from fabric-biome-api-v1.mixins.json into net.minecraft.core.RegistryAccess$ImmutableRegistryAccess
[10:41:24] [Worker-Main-2/WARN] (net.minecraft.client.sounds.SoundManager) File stargazer:sounds/adventure_of_the_moon.ogg does not exist, cannot add it to event stargazer:ost.adventure_of_the_moon
[10:41:24] [Render thread/DEBUG] (FabricLoader/Mixin) Mixing StagedVertexBufferDrawAccessor from fabric-rendering-v1.mixins.json into net.minecraft.client.renderer.StagedVertexBuffer$Draw
[10:41:24] [Render thread/DEBUG] (FabricLoader/Mixin) Mixing GuiRendererDrawAccessor from fabric-rendering-v1.mixins.json into net.minecraft.client.gui.render.GuiRenderer$Draw
[10:41:24] [Worker-Main-2/WARN] (net.minecraft.client.sounds.SoundManager) File stargazer:sounds/adventure_of_the_moon.ogg does not exist, cannot add it to event stargazer:ost.adventure_of_the_moon
[10:41:24] [Render thread/DEBUG] (com.mojang.blaze3d.systems.RenderSystem) Growing IndexBuffer: Old limit 0, new limit 60.
[10:41:25] [Worker-Main-6/DEBUG] (FabricLoader/Mixin) Mixing LayerDefinitionsMixin from fabric-rendering-v1.mixins.json into net.minecraft.client.model.geom.LayerDefinitions
[10:41:25] [Worker-Main-6/DEBUG] (FabricLoader/Mixin) fabric-rendering-v1.mixins.json:LayerDefinitionsMixin from mod fabric-rendering-v1->@Inject::registerExtraModelData(Lorg/spongepowered/asm/mixin/injection/callback/CallbackInfoReturnable;)V doesn't use it's CallbackInfoReturnable
[10:41:25] [Worker-Main-8/DEBUG] (FabricLoader/Mixin) Mixing BuiltInBlockModelsMixin from fabric-rendering-v1.mixins.json into net.minecraft.client.renderer.block.BuiltInBlockModels
[10:41:25] [Worker-Main-8/DEBUG] (FabricLoader/Mixin) fabric-rendering-v1.mixins.json:BuiltInBlockModelsMixin from mod fabric-rendering-v1->@Inject::createBlockModels(Lorg/spongepowered/asm/mixin/injection/callback/CallbackInfoReturnable;)V doesn't use it's CallbackInfoReturnable
[10:41:25] [Worker-Main-6/DEBUG] (FabricLoader/Mixin) Mixing client.HumanoidModelMixin from geckolib.mixins.json into net.minecraft.client.model.HumanoidModel
[10:41:25] [Worker-Main-6/DEBUG] (FabricLoader/Mixin) geckolib.mixins.json:client.HumanoidModelMixin from mod geckolib: Class version 69 required is higher than the class version supported by the current version of Mixin (JAVA_17 supports class version 61)
[10:41:25] [Worker-Main-6/DEBUG] (FabricLoader/Mixin) geckolib.mixins.json:client.HumanoidModelMixin from mod geckolib->@Inject::geckolib$callModelSetupCallbacks(Lnet/minecraft/client/renderer/entity/state/HumanoidRenderState;Lorg/spongepowered/asm/mixin/injection/callback/CallbackInfo;)V doesn't use it's CallbackInfo
[10:41:25] [Worker-Main-6/DEBUG] (FabricLoader/Mixin) geckolib.mixins.json:client.HumanoidModelMixin from mod geckolib->@Inject::geckolib$callModelSetupCallbacks(Lnet/minecraft/client/renderer/entity/state/HumanoidRenderState;Lorg/spongepowered/asm/mixin/injection/callback/CallbackInfo;)V has 0 override(s) in child classes
[10:41:25] [Worker-Main-6/DEBUG] (FabricLoader/Mixin) geckolib.mixins.json:client.HumanoidModelMixin from mod geckolib->@Inject::geckolib$callModelSetupCallbacks(Lnet/minecraft/client/renderer/entity/state/HumanoidRenderState;Lorg/spongepowered/asm/mixin/injection/callback/CallbackInfo;)V won't be passed a CallbackInfo as a result
[10:41:25] [Worker-Main-3/INFO] (net.minecraft.client.gui.font.providers.UnihexProvider) Found unifont_all_no_pua-17.0.01.hex, loading
[10:41:25] [Worker-Main-11/INFO] (net.minecraft.client.gui.font.providers.UnihexProvider) Found unifont_pua-17.0.01.hex, loading
[10:41:25] [Worker-Main-6/DEBUG] (FabricLoader/Mixin) Mixing client.PlayerModelMixin from geckolib.mixins.json into net.minecraft.client.model.player.PlayerModel
[10:41:25] [Worker-Main-6/DEBUG] (FabricLoader/Mixin) geckolib.mixins.json:client.PlayerModelMixin from mod geckolib: Class version 69 required is higher than the class version supported by the current version of Mixin (JAVA_17 supports class version 61)
[10:41:25] [Worker-Main-6/DEBUG] (FabricLoader/Mixin) geckolib.mixins.json:client.PlayerModelMixin from mod geckolib->@Inject::geckolib$callModelSetupCallbacks(Lnet/minecraft/client/renderer/entity/state/AvatarRenderState;Lorg/spongepowered/asm/mixin/injection/callback/CallbackInfo;)V doesn't use it's CallbackInfo
[10:41:25] [Worker-Main-6/DEBUG] (FabricLoader/Mixin) geckolib.mixins.json:client.PlayerModelMixin from mod geckolib->@Inject::geckolib$callModelSetupCallbacks(Lnet/minecraft/client/renderer/entity/state/AvatarRenderState;Lorg/spongepowered/asm/mixin/injection/callback/CallbackInfo;)V has 0 override(s) in child classes
[10:41:25] [Worker-Main-6/DEBUG] (FabricLoader/Mixin) geckolib.mixins.json:client.PlayerModelMixin from mod geckolib->@Inject::geckolib$callModelSetupCallbacks(Lnet/minecraft/client/renderer/entity/state/AvatarRenderState;Lorg/spongepowered/asm/mixin/injection/callback/CallbackInfo;)V won't be passed a CallbackInfo as a result
[10:41:25] [Worker-Main-8/DEBUG] (FabricLoader/Mixin) Mixing ModelLayersAccessor from fabric-rendering-v1.mixins.json into net.minecraft.client.model.geom.ModelLayers
[10:41:25] [Worker-Main-8/DEBUG] (FabricLoader/Mixin) Renaming @Accessor method getLayers()Ljava/util/Set; to getLayers$fabric-rendering-v1_$md$f26aa6$0 in fabric-rendering-v1.mixins.json:ModelLayersAccessor from mod fabric-rendering-v1
[10:41:25] [Worker-Main-10/INFO] (net.minecraft.client.gui.font.providers.UnihexProvider) Found unifont_jp_patch-17.0.01.hex, loading
[10:41:25] [Worker-Main-4/ERROR] (net.fabricmc.fabric.impl.resource.pack.ModNioPackResources) Invalid path in mod resource-pack generated_e7d069e: stargazer:geckolib/models/block/Star_trap.bbmodel, ignoring
[10:41:25] [Worker-Main-4/ERROR] (net.fabricmc.fabric.impl.resource.pack.ModNioPackResources) Invalid path in mod resource-pack stargazer: stargazer:geckolib/models/block/Star_trap.bbmodel, ignoring
[10:41:25] [Worker-Main-1/WARN] (net.minecraft.client.renderer.texture.SpriteLoader) Texture stargazer:block/aurora with size 1x1 limits mip level from 4 to 0
[10:41:25] [Worker-Main-1/WARN] (net.minecraft.client.renderer.texture.SpriteLoader) minecraft:textures/atlas/blocks.png: dropping miplevel from 4 to 0, because of minimum power of two: 1
[10:41:25] [Worker-Main-9/ERROR] (GeckoLib) Error loading resource: stargazer:geckolib/animations/block/eye_jar.animation.json
Geckolib.CompoundException: stargazer:geckolib/animations/block/eye_jar.animation.json: Error building animations from JSON
	at knot//com.geckolib.loading.loader.GeckoLibGsonLoader.deserializeJsonAnimations(GeckoLibGsonLoader.java:109)
	at knot//com.geckolib.loading.loader.GeckoLibGsonLoader.bakeGeckoLibAnimationsFile(GeckoLibGsonLoader.java:66)
	at knot//com.geckolib.loading.loader.GeckoLibGsonLoader.bakeGeckoLibAnimationsFile(GeckoLibGsonLoader.java:21)
	at knot//com.geckolib.cache.GeckoLibResources.lambda$loadAnimations$0(GeckoLibResources.java:101)
	at knot//com.geckolib.cache.GeckoLibResources.lambda$bakeResource$1(GeckoLibResources.java:135)
	at java.base/java.util.concurrent.CompletableFuture$UniApply.tryFire(CompletableFuture.java:667)
	at java.base/java.util.concurrent.CompletableFuture.postComplete(CompletableFuture.java:531)
	at java.base/java.util.concurrent.CompletableFuture$AsyncSupply.run(CompletableFuture.java:1794)
	at knot//net.minecraft.server.packs.resources.SimpleReloadInstance.lambda$prepareTasks$1(SimpleReloadInstance.java:51)
	at java.base/java.util.concurrent.ForkJoinTask$RunnableExecuteAction.compute(ForkJoinTask.java:1753)
	at java.base/java.util.concurrent.ForkJoinTask$RunnableExecuteAction.compute(ForkJoinTask.java:1745)
	at java.base/java.util.concurrent.ForkJoinTask$InterruptibleTask.exec(ForkJoinTask.java:1662)
	at java.base/java.util.concurrent.ForkJoinTask.doExec(ForkJoinTask.java:511)
	at java.base/java.util.concurrent.ForkJoinPool$WorkQueue.topLevelExec(ForkJoinPool.java:1450)
	at java.base/java.util.concurrent.ForkJoinPool.runWorker(ForkJoinPool.java:2019)
	at java.base/java.util.concurrent.ForkJoinWorkerThread.run(ForkJoinWorkerThread.java:187)
Caused by: com.google.gson.JsonParseException: No animation definitions found in animation file!
	at knot//com.geckolib.loading.definition.animation.ActorAnimations.lambda$gsonDeserializer$0(ActorAnimations.java:50)
	at knot//com.google.gson.internal.bind.TreeTypeAdapter.read(TreeTypeAdapter.java:95)
	at knot//com.google.gson.Gson.fromJson(Gson.java:1080)
	at knot//com.google.gson.Gson.fromJson(Gson.java:1193)
	at knot//com.google.gson.Gson.fromJson(Gson.java:1137)
	at knot//com.geckolib.loading.loader.GeckoLibGsonLoader.deserializeJsonAnimations(GeckoLibGsonLoader.java:103)
	... 15 more
[10:41:25] [Worker-Main-5/DEBUG] (FabricLoader/Mixin) Mixing CuboidModelAccessor from fabric-model-loading-api-v1.mixins.json into net.minecraft.client.resources.model.cuboid.CuboidModel
[10:41:25] [Worker-Main-5/DEBUG] (FabricLoader/Mixin) Mixing CuboidModelMixin from fabric-model-loading-api-v1.mixins.json into net.minecraft.client.resources.model.cuboid.CuboidModel
[10:41:25] [Worker-Main-11/DEBUG] (FabricLoader/Mixin) Mixing block.model.MultiPartModelMixin from fabric-renderer-api-v1.mixins.json into net.minecraft.client.renderer.block.dispatch.multipart.MultiPartModel
[10:41:25] [Worker-Main-6/DEBUG] (FabricLoader/Mixin) Mixing block.model.WeightedVariantsMixin from fabric-renderer-api-v1.mixins.json into net.minecraft.client.renderer.block.dispatch.WeightedVariants
[10:41:25] [Worker-Main-6/DEBUG] (FabricLoader/Mixin) Mixing ModelBakeryMixin from fabric-model-loading-api-v1.mixins.json into net.minecraft.client.resources.model.ModelBakery
[10:41:25] [Worker-Main-6/DEBUG] (FabricLoader/Mixin) Renaming synthetic method lambda$withExtraModels$1(Lnet/minecraft/client/resources/model/ModelBakery$BakingResult;Ljava/util/Map;)Lnet/minecraft/client/resources/model/ModelBakery$BakingResult; to mdf26aa6$fabric-model-loading-api-v1$lambda$withExtraModels$1$0 in fabric-model-loading-api-v1.mixins.json:ModelBakeryMixin from mod fabric-model-loading-api-v1
[10:41:25] [Worker-Main-6/DEBUG] (FabricLoader/Mixin) Renaming synthetic method lambda$withExtraModels$0(Lnet/minecraft/client/resources/model/ModelBakery$ModelBakerImpl;Lnet/fabricmc/fabric/api/client/model/loading/v1/ExtraModelKey;Lnet/fabricmc/fabric/api/client/model/loading/v1/UnbakedExtraModel;)Ljava/lang/Object; to mdf26aa6$fabric-model-loading-api-v1$lambda$withExtraModels$0$1 in fabric-model-loading-api-v1.mixins.json:ModelBakeryMixin from mod fabric-model-loading-api-v1
[10:41:25] [Worker-Main-6/DEBUG] (FabricLoader/Mixin) Renaming synthetic method lambda$hookBlockModelBake$0(Ljava/util/function/BiFunction;Lnet/minecraft/world/level/block/state/BlockState;Lnet/minecraft/client/renderer/block/dispatch/BlockStateModel$UnbakedRoot;)Lnet/minecraft/client/renderer/block/dispatch/BlockStateModel; to mdf26aa6$fabric-model-loading-api-v1$lambda$hookBlockModelBake$0$2 in fabric-model-loading-api-v1.mixins.json:ModelBakeryMixin from mod fabric-model-loading-api-v1
[10:41:25] [Worker-Main-6/DEBUG] (FabricLoader/Mixin) fabric-model-loading-api-v1.mixins.json:ModelBakeryMixin from mod fabric-model-loading-api-v1->@Inject::onReturnInit(Lorg/spongepowered/asm/mixin/injection/callback/CallbackInfo;)V doesn't use it's CallbackInfo
[10:41:25] [Worker-Main-6/DEBUG] (FabricLoader/Mixin) fabric-model-loading-api-v1.mixins.json:ModelBakeryMixin from mod fabric-model-loading-api-v1->@Inject::onReturnInit(Lorg/spongepowered/asm/mixin/injection/callback/CallbackInfo;)V has 0 override(s) in child classes
[10:41:25] [Worker-Main-6/DEBUG] (FabricLoader/Mixin) fabric-model-loading-api-v1.mixins.json:ModelBakeryMixin from mod fabric-model-loading-api-v1->@Inject::onReturnInit(Lorg/spongepowered/asm/mixin/injection/callback/CallbackInfo;)V won't be passed a CallbackInfo as a result
[10:41:25] [Worker-Main-6/DEBUG] (FabricLoader/Mixin) Mixing block.model.BlockStateModelPartMixin from fabric-renderer-api-v1.mixins.json into net.minecraft.client.renderer.block.dispatch.BlockStateModelPart
[10:41:26] [Worker-Main-6/DEBUG] (FabricLoader/Mixin) Mixing block.model.SimpleModelWrapperMixin from fabric-renderer-api-v1.mixins.json into net.minecraft.client.resources.model.SimpleModelWrapper
[10:41:26] [Worker-Main-6/DEBUG] (FabricLoader/Mixin) Renaming synthetic method lambda$emitQuads$0(Lnet/fabricmc/fabric/api/client/renderer/v1/mesh/MutableQuadView;)Z to mdf26aa6$fabric-renderer-api-v1$lambda$emitQuads$0$0 in fabric-renderer-api-v1.mixins.json:block.model.SimpleModelWrapperMixin from mod fabric-renderer-api-v1
[10:41:26] [Worker-Main-6/DEBUG] (FabricLoader/Mixin) Renaming synthetic method lambda$analyzeMesh$0(Lcom/llamalad7/mixinextras/sugar/ref/LocalRef;Lnet/minecraft/client/resources/model/ModelBaker;Lnet/fabricmc/fabric/api/client/renderer/v1/mesh/QuadView;)V to mdf26aa6$fabric-renderer-api-v1$lambda$analyzeMesh$0$1 in fabric-renderer-api-v1.mixins.json:block.model.SimpleModelWrapperMixin from mod fabric-renderer-api-v1
[10:41:26] [Worker-Main-6/DEBUG] (FabricLoader/Mixin) Renaming synthetic method lambda$storeModelBakery$0(Lcom/llamalad7/mixinextras/injector/wrapoperation/Operation;Lnet/minecraft/client/resources/model/geometry/QuadCollection;)Lcom/google/common/collect/Multimap; to mdf26aa6$fabric-renderer-api-v1$lambda$storeModelBakery$0$2 in fabric-renderer-api-v1.mixins.json:block.model.SimpleModelWrapperMixin from mod fabric-renderer-api-v1
[10:41:26] [Worker-Main-6/DEBUG] (FabricLoader/Mixin) fabric-renderer-api-v1.mixins.json:block.model.SimpleModelWrapperMixin from mod fabric-renderer-api-v1->@Inject::analyzeMesh(Lnet/minecraft/client/resources/model/geometry/QuadCollection;Lorg/spongepowered/asm/mixin/injection/callback/CallbackInfoReturnable;)V doesn't use it's CallbackInfoReturnable
[10:41:26] [Worker-Main-7/DEBUG] (FabricLoader/Mixin) Mixing block.model.MultiPartModelSharedBakedStateAccessor from fabric-renderer-api-v1.mixins.json into net.minecraft.client.renderer.block.dispatch.multipart.MultiPartModel$SharedBakedState
[10:41:26] [Worker-Main-6/DEBUG] (FabricLoader/Mixin) Mixing ModelBakeryBakingResultMixin from fabric-model-loading-api-v1.mixins.json into net.minecraft.client.resources.model.ModelBakery$BakingResult
[10:41:26] [Worker-Main-4/DEBUG] (FabricLoader/Mixin) Mixing ModelPartAccessor from fabric-rendering-v1.mixins.json into net.minecraft.client.model.geom.ModelPart
[10:41:26] [Worker-Main-8/WARN] (net.minecraft.client.resources.model.ModelBakery) Unable to bake item model: 'stargazer:gravice'
java.lang.IllegalStateException: Multiple atlases used in model, expected minecraft:textures/atlas/items.png, but also got minecraft:textures/atlas/blocks.png
	at knot//net.minecraft.client.renderer.item.CuboidItemModelWrapper.validateAtlasUsage(CuboidItemModelWrapper.java:103)
	at knot//net.minecraft.client.renderer.item.CuboidItemModelWrapper$Unbaked.bake(CuboidItemModelWrapper.java:141)
	at knot//net.minecraft.client.resources.model.ModelBakery.mixinextras$bridge$bake$20(ModelBakery.java)
	at knot//net.fabricmc.fabric.impl.client.model.loading.ModelLoadingEventDispatcher.modifyItemModel(ModelLoadingEventDispatcher.java:161)
	at knot//net.minecraft.client.resources.model.ModelBakery.wrapOperation$bia000$fabric-model-loading-api-v1$wrapItemModelBake(ModelBakery.java:621)
	at knot//net.minecraft.client.resources.model.ModelBakery.wrapOperation$bia000$fabric-model-loading-api-v1$wrapItemModelBake$mixinextras$bridge$18(ModelBakery.java)
	at knot//net.minecraft.client.resources.model.ModelBakery.lambda$bakeModels$1(ModelBakery.java:185)
	at knot//net.minecraft.util.thread.ParallelMapTransform$Container.applyOperation(ParallelMapTransform.java:89)
	at knot//net.minecraft.util.thread.ParallelMapTransform$BatchedTaskSplitter.lambda$createTask$0(ParallelMapTransform.java:213)
	at java.base/java.util.concurrent.CompletableFuture$AsyncRun.run(CompletableFuture.java:1825)
	at knot//net.minecraft.server.packs.resources.SimpleReloadInstance.lambda$prepareTasks$1(SimpleReloadInstance.java:51)
	at java.base/java.util.concurrent.ForkJoinTask$RunnableExecuteAction.compute(ForkJoinTask.java:1753)
	at java.base/java.util.concurrent.ForkJoinTask$RunnableExecuteAction.compute(ForkJoinTask.java:1745)
	at java.base/java.util.concurrent.ForkJoinTask$InterruptibleTask.exec(ForkJoinTask.java:1662)
	at java.base/java.util.concurrent.ForkJoinTask.doExec(ForkJoinTask.java:511)
	at java.base/java.util.concurrent.ForkJoinPool$WorkQueue.topLevelExec(ForkJoinPool.java:1450)
	at java.base/java.util.concurrent.ForkJoinPool.runWorker(ForkJoinPool.java:2019)
	at java.base/java.util.concurrent.ForkJoinWorkerThread.run(ForkJoinWorkerThread.java:187)
[10:41:26] [Worker-Main-6/DEBUG] (FabricLoader/Mixin) Mixing block.render.BlockStateModelWrapperMixin from fabric-renderer-api-v1.mixins.json into net.minecraft.client.renderer.block.model.BlockStateModelWrapper
[10:41:26] [Worker-Main-6/DEBUG] (FabricLoader/Mixin) Renaming synthetic method lambda$update$0(Lnet/minecraft/core/Direction;)Z to mdf26aa6$fabric-renderer-api-v1$lambda$update$0$0 in fabric-renderer-api-v1.mixins.json:block.render.BlockStateModelWrapperMixin from mod fabric-renderer-api-v1
[10:41:26] [Worker-Main-6/DEBUG] (FabricLoader/Mixin) Mixing FluidStateModelSetMixin from fabric-rendering-fluids-v1.mixins.json into net.minecraft.client.renderer.block.FluidStateModelSet
[10:41:26] [Worker-Main-6/DEBUG] (FabricLoader/Mixin) Renaming synthetic method lambda$bake$0(Ljava/util/Map$Entry;)Ljava/lang/String; to mdf26aa6$fabric-rendering-fluids-v1$lambda$bake$0$0 in fabric-rendering-fluids-v1.mixins.json:FluidStateModelSetMixin from mod fabric-rendering-fluids-v1
[10:41:26] [Render thread/INFO] (com.mojang.blaze3d.audio.Library) OpenAL initialized on device Ryzen HD Audio Controller Analog Stereo
[10:41:26] [Render thread/INFO] (net.minecraft.client.sounds.SoundEngine) Sound engine started
[10:41:26] [Render thread/INFO] (net.minecraft.client.renderer.texture.TextureAtlas) Created: 512x256x0 minecraft:textures/atlas/particles.png-atlas
[10:41:26] [Render thread/INFO] (net.minecraft.client.renderer.texture.TextureAtlas) Created: 128x128x0 minecraft:textures/atlas/decorated_pot.png-atlas
[10:41:26] [Render thread/INFO] (net.minecraft.client.renderer.texture.TextureAtlas) Created: 2048x1024x0 minecraft:textures/atlas/armor_trims.png-atlas
[10:41:26] [Render thread/INFO] (net.minecraft.client.renderer.texture.TextureAtlas) Created: 512x256x0 minecraft:textures/atlas/paintings.png-atlas
[10:41:26] [Render thread/INFO] (net.minecraft.client.renderer.texture.TextureAtlas) Created: 1024x512x0 minecraft:textures/atlas/shield_patterns.png-atlas
[10:41:26] [Render thread/INFO] (net.minecraft.client.renderer.texture.TextureAtlas) Created: 1024x1024x0 minecraft:textures/atlas/blocks.png-atlas
[10:41:26] [Render thread/INFO] (net.minecraft.client.renderer.texture.TextureAtlas) Created: 512x512x0 minecraft:textures/atlas/chest.png-atlas
[10:41:26] [Render thread/INFO] (net.minecraft.client.renderer.texture.TextureAtlas) Created: 256x128x0 minecraft:textures/atlas/celestials.png-atlas
[10:41:26] [Render thread/INFO] (net.minecraft.client.renderer.texture.TextureAtlas) Created: 1024x512x0 minecraft:textures/atlas/banner_patterns.png-atlas
[10:41:26] [Render thread/INFO] (net.minecraft.client.renderer.texture.TextureAtlas) Created: 1024x512x0 minecraft:textures/atlas/items.png-atlas
[10:41:26] [Render thread/INFO] (net.minecraft.client.renderer.texture.TextureAtlas) Created: 1024x1024x0 minecraft:textures/atlas/gui.png-atlas
[10:41:26] [Render thread/INFO] (net.minecraft.client.renderer.texture.TextureAtlas) Created: 128x64x0 minecraft:textures/atlas/map_decorations.png-atlas
[10:41:26] [Render thread/INFO] (net.minecraft.client.renderer.texture.TextureAtlas) Created: 512x512x0 minecraft:textures/atlas/shulker_boxes.png-atlas
[10:41:26] [Render thread/DEBUG] (FabricLoader/Mixin) Mixing block.particle.BlockStateModelSetMixin from fabric-renderer-api-v1.mixins.json into net.minecraft.client.renderer.block.BlockStateModelSet
[10:41:26] [Render thread/DEBUG] (FabricLoader/Mixin) Mixing EntityRenderersMixin from fabric-rendering-v1.mixins.json into net.minecraft.client.renderer.entity.EntityRenderers
[10:41:26] [Render thread/DEBUG] (FabricLoader/Mixin) Renaming synthetic method lambda$onRegisterRenderers$0(Lnet/minecraft/world/entity/EntityType;Lnet/minecraft/client/renderer/entity/EntityRendererProvider;)V to mdf26aa6$fabric-rendering-v1$lambda$onRegisterRenderers$0$0 in fabric-rendering-v1.mixins.json:EntityRenderersMixin from mod fabric-rendering-v1
[10:41:26] [Render thread/DEBUG] (FabricLoader/Mixin) fabric-rendering-v1.mixins.json:EntityRenderersMixin from mod fabric-rendering-v1->@Inject::onRegisterRenderers(Lorg/spongepowered/asm/mixin/injection/callback/CallbackInfo;)V doesn't use it's CallbackInfo
[10:41:26] [Render thread/DEBUG] (FabricLoader/Mixin) Mixing HumanoidMobRendererMixin from fabric-rendering-v1.mixins.json into net.minecraft.client.renderer.entity.HumanoidMobRenderer
[10:41:26] [Render thread/DEBUG] (FabricLoader/Mixin) Mixing client.HumanoidArmorLayerMixin from geckolib.mixins.json into net.minecraft.client.renderer.entity.layers.HumanoidArmorLayer
[10:41:26] [Render thread/DEBUG] (FabricLoader/Mixin) geckolib.mixins.json:client.HumanoidArmorLayerMixin from mod geckolib: Class version 69 required is higher than the class version supported by the current version of Mixin (JAVA_17 supports class version 61)
[10:41:26] [Render thread/DEBUG] (FabricLoader/Mixin) Renaming synthetic method lambda$geckolib$wrapArmorPieceRender$0(Lnet/minecraft/client/renderer/entity/layers/HumanoidArmorLayer;Lnet/minecraft/client/renderer/entity/state/HumanoidRenderState;Lnet/minecraft/world/entity/EquipmentSlot;)Lnet/minecraft/client/model/HumanoidModel; to mdf26aa6$geckolib$lambda$geckolib$wrapArmorPieceRender$0$0 in geckolib.mixins.json:client.HumanoidArmorLayerMixin from mod geckolib
[10:41:26] [Render thread/DEBUG] (FabricLoader/Mixin) Mixing HumanoidArmorLayerMixin from fabric-rendering-v1.mixins.json into net.minecraft.client.renderer.entity.layers.HumanoidArmorLayer
[10:41:26] [Render thread/DEBUG] (FabricLoader/Mixin) fabric-rendering-v1.mixins.json:HumanoidArmorLayerMixin from mod fabric-rendering-v1->@Inject::render(Lcom/mojang/blaze3d/vertex/PoseStack;Lnet/minecraft/client/renderer/SubmitNodeCollector;ILnet/minecraft/client/renderer/entity/state/HumanoidRenderState;FFLorg/spongepowered/asm/mixin/injection/callback/CallbackInfo;)V doesn't use it's CallbackInfo
[10:41:26] [Render thread/DEBUG] (FabricLoader/Mixin) fabric-rendering-v1.mixins.json:HumanoidArmorLayerMixin from mod fabric-rendering-v1->@Inject::render(Lcom/mojang/blaze3d/vertex/PoseStack;Lnet/minecraft/client/renderer/SubmitNodeCollector;ILnet/minecraft/client/renderer/entity/state/HumanoidRenderState;FFLorg/spongepowered/asm/mixin/injection/callback/CallbackInfo;)V has 0 override(s) in child classes
[10:41:26] [Render thread/DEBUG] (FabricLoader/Mixin) fabric-rendering-v1.mixins.json:HumanoidArmorLayerMixin from mod fabric-rendering-v1->@Inject::render(Lcom/mojang/blaze3d/vertex/PoseStack;Lnet/minecraft/client/renderer/SubmitNodeCollector;ILnet/minecraft/client/renderer/entity/state/HumanoidRenderState;FFLorg/spongepowered/asm/mixin/injection/callback/CallbackInfo;)V won't be passed a CallbackInfo as a result
[10:41:26] [Render thread/DEBUG] (FabricLoader/Mixin) fabric-rendering-v1.mixins.json:HumanoidArmorLayerMixin from mod fabric-rendering-v1->@Inject::renderArmor(Lcom/mojang/blaze3d/vertex/PoseStack;Lnet/minecraft/client/renderer/SubmitNodeCollector;Lnet/minecraft/world/item/ItemStack;Lnet/minecraft/world/entity/EquipmentSlot;ILnet/minecraft/client/renderer/entity/state/HumanoidRenderState;Lorg/spongepowered/asm/mixin/injection/callback/CallbackInfo;)V does use it's CallbackInfo
[10:41:26] [Render thread/DEBUG] (FabricLoader/Mixin) Mixing renderstate.BlockModelRenderStateMixin from fabric-rendering-v1.mixins.json into net.minecraft.client.renderer.block.BlockModelRenderState
[10:41:26] [Render thread/DEBUG] (FabricLoader/Mixin) Mixing renderstate.RenderStateMixin from fabric-rendering-v1.mixins.json into net.minecraft.client.renderer.block.BlockModelRenderState
[10:41:26] [Render thread/DEBUG] (FabricLoader/Mixin) Mixing block.render.BlockModelRenderStateMixin from fabric-renderer-api-v1.mixins.json into net.minecraft.client.renderer.block.BlockModelRenderState
[10:41:26] [Render thread/DEBUG] (FabricLoader/Mixin) Renaming synthetic method lambda$submitMesh$1(Lnet/minecraft/client/renderer/rendertype/RenderType;Lnet/minecraft/client/renderer/chunk/ChunkSectionLayer;)Lnet/minecraft/client/renderer/rendertype/RenderType; to mdf26aa6$fabric-renderer-api-v1$lambda$submitMesh$1$0 in fabric-renderer-api-v1.mixins.json:block.render.BlockModelRenderStateMixin from mod fabric-renderer-api-v1
[10:41:26] [Render thread/DEBUG] (FabricLoader/Mixin) Renaming synthetic method lambda$submitMesh$0(Lnet/minecraft/client/renderer/rendertype/RenderType;Lnet/minecraft/client/renderer/chunk/ChunkSectionLayer;)Lnet/minecraft/client/renderer/rendertype/RenderType; to mdf26aa6$fabric-renderer-api-v1$lambda$submitMesh$0$1 in fabric-renderer-api-v1.mixins.json:block.render.BlockModelRenderStateMixin from mod fabric-renderer-api-v1
[10:41:26] [Render thread/DEBUG] (FabricLoader/Mixin) fabric-rendering-v1.mixins.json:renderstate.BlockModelRenderStateMixin from mod fabric-rendering-v1->@Inject::clearExtraRenderData(Lorg/spongepowered/asm/mixin/injection/callback/CallbackInfo;)V doesn't use it's CallbackInfo
[10:41:26] [Render thread/DEBUG] (FabricLoader/Mixin) fabric-rendering-v1.mixins.json:renderstate.BlockModelRenderStateMixin from mod fabric-rendering-v1->@Inject::clearExtraRenderData(Lorg/spongepowered/asm/mixin/injection/callback/CallbackInfo;)V has 0 override(s) in child classes
[10:41:26] [Render thread/DEBUG] (FabricLoader/Mixin) fabric-rendering-v1.mixins.json:renderstate.BlockModelRenderStateMixin from mod fabric-rendering-v1->@Inject::clearExtraRenderData(Lorg/spongepowered/asm/mixin/injection/callback/CallbackInfo;)V won't be passed a CallbackInfo as a result
[10:41:26] [Render thread/DEBUG] (FabricLoader/Mixin) fabric-renderer-api-v1.mixins.json:block.render.BlockModelRenderStateMixin from mod fabric-renderer-api-v1->@Inject::onReturnClear(Lorg/spongepowered/asm/mixin/injection/callback/CallbackInfo;)V doesn't use it's CallbackInfo
[10:41:26] [Render thread/DEBUG] (FabricLoader/Mixin) fabric-renderer-api-v1.mixins.json:block.render.BlockModelRenderStateMixin from mod fabric-renderer-api-v1->@Inject::onReturnClear(Lorg/spongepowered/asm/mixin/injection/callback/CallbackInfo;)V has 0 override(s) in child classes
[10:41:26] [Render thread/DEBUG] (FabricLoader/Mixin) fabric-renderer-api-v1.mixins.json:block.render.BlockModelRenderStateMixin from mod fabric-renderer-api-v1->@Inject::onReturnClear(Lorg/spongepowered/asm/mixin/injection/callback/CallbackInfo;)V won't be passed a CallbackInfo as a result
[10:41:26] [Render thread/DEBUG] (FabricLoader/Mixin) fabric-renderer-api-v1.mixins.json:block.render.BlockModelRenderStateMixin from mod fabric-renderer-api-v1->@Inject::onReturnSetupModel(Lorg/spongepowered/asm/mixin/injection/callback/CallbackInfoReturnable;)V doesn't use it's CallbackInfoReturnable
[10:41:26] [Render thread/DEBUG] (FabricLoader/Mixin) fabric-renderer-api-v1.mixins.json:block.render.BlockModelRenderStateMixin from mod fabric-renderer-api-v1->@Inject::onReturnSetupModel(Lorg/spongepowered/asm/mixin/injection/callback/CallbackInfoReturnable;)V has 0 override(s) in child classes
[10:41:26] [Render thread/DEBUG] (FabricLoader/Mixin) fabric-renderer-api-v1.mixins.json:block.render.BlockModelRenderStateMixin from mod fabric-renderer-api-v1->@Inject::onReturnSetupModel(Lorg/spongepowered/asm/mixin/injection/callback/CallbackInfoReturnable;)V won't be passed a CallbackInfoReturnable as a result
[10:41:26] [Render thread/DEBUG] (FabricLoader/Mixin) fabric-renderer-api-v1.mixins.json:block.render.BlockModelRenderStateMixin from mod fabric-renderer-api-v1->@Inject::submitMesh(Lnet/minecraft/client/renderer/rendertype/RenderType;Lcom/mojang/blaze3d/vertex/PoseStack;Lnet/minecraft/client/renderer/SubmitNodeCollector;IIILorg/spongepowered/asm/mixin/injection/callback/CallbackInfo;)V does use it's CallbackInfo
[10:41:26] [Render thread/DEBUG] (FabricLoader/Mixin) Mixing CapeMixin from starlib.mixins.json into net.minecraft.client.renderer.entity.layers.CapeLayer
[10:41:26] [Render thread/DEBUG] (FabricLoader/Mixin) Mixing CapeLayerMixin from fabric-rendering-v1.mixins.json into net.minecraft.client.renderer.entity.layers.CapeLayer
[10:41:26] [Render thread/DEBUG] (FabricLoader/Mixin) starlib.mixins.json:CapeMixin from mod starlib->@Inject::captureAndModify(Lcom/mojang/blaze3d/vertex/PoseStack;Lnet/minecraft/client/renderer/SubmitNodeCollector;ILnet/minecraft/client/renderer/entity/state/AvatarRenderState;FFLorg/spongepowered/asm/mixin/injection/callback/CallbackInfo;)V does use it's CallbackInfo
[10:41:26] [Render thread/DEBUG] (FabricLoader/Mixin) fabric-rendering-v1.mixins.json:CapeLayerMixin from mod fabric-rendering-v1->@Inject::injectCapeRenderCheck(Lcom/mojang/blaze3d/vertex/PoseStack;Lnet/minecraft/client/renderer/SubmitNodeCollector;ILnet/minecraft/client/renderer/entity/state/AvatarRenderState;FFLorg/spongepowered/asm/mixin/injection/callback/CallbackInfo;)V does use it's CallbackInfo
[10:41:26] [Render thread/DEBUG] (FabricLoader/Mixin) Mixing BlockEntityRenderersMixin from fabric-rendering-v1.mixins.json into net.minecraft.client.renderer.blockentity.BlockEntityRenderers
[10:41:26] [Render thread/DEBUG] (FabricLoader/Mixin) Renaming synthetic method lambda$init$0(Lnet/minecraft/world/level/block/entity/BlockEntityType;Lnet/minecraft/client/renderer/blockentity/BlockEntityRendererProvider;)V to mdf26aa6$fabric-rendering-v1$lambda$init$0$0 in fabric-rendering-v1.mixins.json:BlockEntityRenderersMixin from mod fabric-rendering-v1
[10:41:26] [Render thread/DEBUG] (FabricLoader/Mixin) fabric-rendering-v1.mixins.json:BlockEntityRenderersMixin from mod fabric-rendering-v1->@Inject::init(Lorg/spongepowered/asm/mixin/injection/callback/CallbackInfo;)V doesn't use it's CallbackInfo
[10:41:26] [Render thread/INFO] (GeckoLib) Loaded 11 models and 9 animations from resources
[10:41:26] [Render thread/DEBUG] (io.netty.util.internal.ThreadLocalRandom) -Dio.netty.initialSeedUniquifier: 0xa13e372feb1da2b8
[10:41:26] [Render thread/DEBUG] (com.mojang.blaze3d.systems.RenderSystem) Growing IndexBuffer: Old limit 60, new limit 180.
[10:41:27] [Download-2/INFO] (com.mojang.realmsclient.client.RealmsClient) Could not authorize you against Realms server: java.lang.RuntimeException: Failed to parse into SignedJWT: 0
[10:41:27] [Download-2/ERROR] (com.mojang.realmsclient.RealmsAvailability) Couldn't connect to realms
com.mojang.realmsclient.exception.RealmsServiceException: Realms authentication error with message 'java.lang.RuntimeException: Failed to parse into SignedJWT: 0'
	at knot//com.mojang.realmsclient.client.RealmsClient.execute(RealmsClient.java:528)
	at knot//com.mojang.realmsclient.client.RealmsClient.clientCompatible(RealmsClient.java:308)
	at knot//com.mojang.realmsclient.RealmsAvailability.lambda$check$0(RealmsAvailability.java:48)
	at java.base/java.util.concurrent.CompletableFuture$AsyncSupply.run(CompletableFuture.java:1789)
	at java.base/java.util.concurrent.ThreadPoolExecutor.runWorker(ThreadPoolExecutor.java:1090)
	at java.base/java.util.concurrent.ThreadPoolExecutor$Worker.run(ThreadPoolExecutor.java:614)
	at java.base/java.lang.Thread.run(Thread.java:1516)
[10:41:27] [Render thread/DEBUG] (FabricLoader/Mixin) Mixing renderstate.RenderStateMixin from fabric-rendering-v1.mixins.json into net.minecraft.client.renderer.state.gui.PanoramaRenderState
[10:41:29] [Render thread/DEBUG] (com.mojang.blaze3d.systems.RenderSystem) Growing IndexBuffer: Old limit 180, new limit 1320.
[10:41:30] [Render thread/DEBUG] (FabricLoader/Mixin) Mixing CreateWorldScreenMixin from fabric-resource-loader-v1.client.mixins.json into net.minecraft.client.gui.screens.worldselection.CreateWorldScreen
[10:41:30] [Render thread/DEBUG] (FabricLoader/Mixin) fabric-resource-loader-v1.client.mixins.json:CreateWorldScreenMixin from mod fabric-resource-loader-v1->@Inject::onScanPacks(Lorg/spongepowered/asm/mixin/injection/callback/CallbackInfoReturnable;)V doesn't use it's CallbackInfoReturnable
[10:41:30] [Render thread/DEBUG] (FabricLoader/Mixin) fabric-resource-loader-v1.client.mixins.json:CreateWorldScreenMixin from mod fabric-resource-loader-v1->@Inject::onScanPacks(Lorg/spongepowered/asm/mixin/injection/callback/CallbackInfoReturnable;)V has 0 override(s) in child classes
[10:41:30] [Render thread/DEBUG] (FabricLoader/Mixin) fabric-resource-loader-v1.client.mixins.json:CreateWorldScreenMixin from mod fabric-resource-loader-v1->@Inject::onScanPacks(Lorg/spongepowered/asm/mixin/injection/callback/CallbackInfoReturnable;)V won't be passed a CallbackInfoReturnable as a result
[10:41:30] [Render thread/DEBUG] (com.mojang.blaze3d.systems.RenderSystem) Growing IndexBuffer: Old limit 1320, new limit 11664.
[10:41:31] [Render thread/DEBUG] (FabricLoader/Mixin) Mixing ReloadableServerResourcesMixin from fabric-tag-api-v1.mixins.json into net.minecraft.server.ReloadableServerResources
[10:41:31] [Render thread/DEBUG] (FabricLoader/Mixin) Mixing ReloadableServerResourcesMixin from fabric-lifecycle-events-v1.mixins.json into net.minecraft.server.ReloadableServerResources
[10:41:31] [Render thread/DEBUG] (FabricLoader/Mixin) Mixing ReloadableServerResourcesMixin from fabric-resource-conditions-api-v1.mixins.json into net.minecraft.server.ReloadableServerResources
[10:41:31] [Render thread/DEBUG] (FabricLoader/Mixin) Mixing ReloadableServerResourcesMixin from fabric-resource-loader-v1.mixins.json into net.minecraft.server.ReloadableServerResources
[10:41:31] [Render thread/DEBUG] (FabricLoader/Mixin) fabric-tag-api-v1.mixins.json:ReloadableServerResourcesMixin from mod fabric-tag-api-v1->@Inject::storeDynamicRegistries(Lnet/minecraft/core/LayeredRegistryAccess;Lnet/minecraft/core/HolderLookup$Provider;Lnet/minecraft/world/flag/FeatureFlagSet;Lnet/minecraft/commands/Commands$CommandSelection;Ljava/util/List;Lnet/minecraft/server/permissions/PermissionSet;Ljava/util/List;Lorg/spongepowered/asm/mixin/injection/callback/CallbackInfo;)V doesn't use it's CallbackInfo
[10:41:31] [Render thread/DEBUG] (FabricLoader/Mixin) fabric-tag-api-v1.mixins.json:ReloadableServerResourcesMixin from mod fabric-tag-api-v1->@Inject::storeDynamicRegistries(Lnet/minecraft/core/LayeredRegistryAccess;Lnet/minecraft/core/HolderLookup$Provider;Lnet/minecraft/world/flag/FeatureFlagSet;Lnet/minecraft/commands/Commands$CommandSelection;Ljava/util/List;Lnet/minecraft/server/permissions/PermissionSet;Ljava/util/List;Lorg/spongepowered/asm/mixin/injection/callback/CallbackInfo;)V has 0 override(s) in child classes
[10:41:31] [Render thread/DEBUG] (FabricLoader/Mixin) fabric-tag-api-v1.mixins.json:ReloadableServerResourcesMixin from mod fabric-tag-api-v1->@Inject::storeDynamicRegistries(Lnet/minecraft/core/LayeredRegistryAccess;Lnet/minecraft/core/HolderLookup$Provider;Lnet/minecraft/world/flag/FeatureFlagSet;Lnet/minecraft/commands/Commands$CommandSelection;Ljava/util/List;Lnet/minecraft/server/permissions/PermissionSet;Ljava/util/List;Lorg/spongepowered/asm/mixin/injection/callback/CallbackInfo;)V won't be passed a CallbackInfo as a result
[10:41:31] [Render thread/DEBUG] (FabricLoader/Mixin) fabric-tag-api-v1.mixins.json:ReloadableServerResourcesMixin from mod fabric-tag-api-v1->@Inject::applyDynamicTagAliases(Lorg/spongepowered/asm/mixin/injection/callback/CallbackInfo;)V doesn't use it's CallbackInfo
[10:41:31] [Render thread/DEBUG] (FabricLoader/Mixin) fabric-tag-api-v1.mixins.json:ReloadableServerResourcesMixin from mod fabric-tag-api-v1->@Inject::applyDynamicTagAliases(Lorg/spongepowered/asm/mixin/injection/callback/CallbackInfo;)V has 0 override(s) in child classes
[10:41:31] [Render thread/DEBUG] (FabricLoader/Mixin) fabric-tag-api-v1.mixins.json:ReloadableServerResourcesMixin from mod fabric-tag-api-v1->@Inject::applyDynamicTagAliases(Lorg/spongepowered/asm/mixin/injection/callback/CallbackInfo;)V won't be passed a CallbackInfo as a result
[10:41:31] [Render thread/DEBUG] (FabricLoader/Mixin) fabric-lifecycle-events-v1.mixins.json:ReloadableServerResourcesMixin from mod fabric-lifecycle-events-v1->@Inject::init(Lnet/minecraft/core/LayeredRegistryAccess;Lnet/minecraft/core/HolderLookup$Provider;Lnet/minecraft/world/flag/FeatureFlagSet;Lnet/minecraft/commands/Commands$CommandSelection;Ljava/util/List;Lnet/minecraft/server/permissions/PermissionSet;Ljava/util/List;Lorg/spongepowered/asm/mixin/injection/callback/CallbackInfo;)V doesn't use it's CallbackInfo
[10:41:31] [Render thread/DEBUG] (FabricLoader/Mixin) fabric-lifecycle-events-v1.mixins.json:ReloadableServerResourcesMixin from mod fabric-lifecycle-events-v1->@Inject::init(Lnet/minecraft/core/LayeredRegistryAccess;Lnet/minecraft/core/HolderLookup$Provider;Lnet/minecraft/world/flag/FeatureFlagSet;Lnet/minecraft/commands/Commands$CommandSelection;Ljava/util/List;Lnet/minecraft/server/permissions/PermissionSet;Ljava/util/List;Lorg/spongepowered/asm/mixin/injection/callback/CallbackInfo;)V has 0 override(s) in child classes
[10:41:31] [Render thread/DEBUG] (FabricLoader/Mixin) fabric-lifecycle-events-v1.mixins.json:ReloadableServerResourcesMixin from mod fabric-lifecycle-events-v1->@Inject::init(Lnet/minecraft/core/LayeredRegistryAccess;Lnet/minecraft/core/HolderLookup$Provider;Lnet/minecraft/world/flag/FeatureFlagSet;Lnet/minecraft/commands/Commands$CommandSelection;Ljava/util/List;Lnet/minecraft/server/permissions/PermissionSet;Ljava/util/List;Lorg/spongepowered/asm/mixin/injection/callback/CallbackInfo;)V won't be passed a CallbackInfo as a result
[10:41:31] [Render thread/DEBUG] (FabricLoader/Mixin) fabric-lifecycle-events-v1.mixins.json:ReloadableServerResourcesMixin from mod fabric-lifecycle-events-v1->@Inject::hookRefresh(Lorg/spongepowered/asm/mixin/injection/callback/CallbackInfo;)V doesn't use it's CallbackInfo
[10:41:31] [Render thread/DEBUG] (FabricLoader/Mixin) fabric-lifecycle-events-v1.mixins.json:ReloadableServerResourcesMixin from mod fabric-lifecycle-events-v1->@Inject::hookRefresh(Lorg/spongepowered/asm/mixin/injection/callback/CallbackInfo;)V has 0 override(s) in child classes
[10:41:31] [Render thread/DEBUG] (FabricLoader/Mixin) fabric-lifecycle-events-v1.mixins.json:ReloadableServerResourcesMixin from mod fabric-lifecycle-events-v1->@Inject::hookRefresh(Lorg/spongepowered/asm/mixin/injection/callback/CallbackInfo;)V won't be passed a CallbackInfo as a result
[10:41:31] [Render thread/DEBUG] (FabricLoader/Mixin) fabric-resource-conditions-api-v1.mixins.json:ReloadableServerResourcesMixin from mod fabric-resource-conditions-api-v1->@Inject::hookReload(Lnet/minecraft/server/packs/resources/ResourceManager;Lnet/minecraft/core/LayeredRegistryAccess;Ljava/util/List;Lnet/minecraft/world/flag/FeatureFlagSet;Lnet/minecraft/commands/Commands$CommandSelection;Lnet/minecraft/server/permissions/PermissionSet;Ljava/util/concurrent/Executor;Ljava/util/concurrent/Executor;Lorg/spongepowered/asm/mixin/injection/callback/CallbackInfoReturnable;)V doesn't use it's CallbackInfoReturnable
[10:41:31] [Render thread/DEBUG] (FabricLoader/Mixin) Mixing WorldLoaderMixin from fabric-registry-sync-v0.mixins.json into net.minecraft.server.WorldLoader
[10:41:31] [Render thread/DEBUG] (FabricLoader/Mixin) Mixing ServerPlayerGameModeMixin from fabric-events-interaction-v0.mixins.json into net.minecraft.server.level.ServerPlayerGameMode
[10:41:31] [Render thread/DEBUG] (FabricLoader/Mixin) Mixing MixinServerPlayerGameMode from architectury.mixins.json into net.minecraft.server.level.ServerPlayerGameMode
[10:41:31] [Render thread/DEBUG] (FabricLoader/Mixin) fabric-events-interaction-v0.mixins.json:ServerPlayerGameModeMixin from mod fabric-events-interaction-v0->@Inject::startBlockBreak(Lnet/minecraft/core/BlockPos;Lnet/minecraft/network/protocol/game/ServerboundPlayerActionPacket$Action;Lnet/minecraft/core/Direction;IILorg/spongepowered/asm/mixin/injection/callback/CallbackInfo;)V does use it's CallbackInfo
[10:41:31] [Render thread/DEBUG] (FabricLoader/Mixin) fabric-events-interaction-v0.mixins.json:ServerPlayerGameModeMixin from mod fabric-events-interaction-v0->@Inject::interactBlock(Lnet/minecraft/server/level/ServerPlayer;Lnet/minecraft/world/level/Level;Lnet/minecraft/world/item/ItemStack;Lnet/minecraft/world/InteractionHand;Lnet/minecraft/world/phys/BlockHitResult;Lorg/spongepowered/asm/mixin/injection/callback/CallbackInfoReturnable;)V does use it's CallbackInfoReturnable
[10:41:31] [Render thread/DEBUG] (FabricLoader/Mixin) fabric-events-interaction-v0.mixins.json:ServerPlayerGameModeMixin from mod fabric-events-interaction-v0->@Inject::interactItem(Lnet/minecraft/server/level/ServerPlayer;Lnet/minecraft/world/level/Level;Lnet/minecraft/world/item/ItemStack;Lnet/minecraft/world/InteractionHand;Lorg/spongepowered/asm/mixin/injection/callback/CallbackInfoReturnable;)V does use it's CallbackInfoReturnable
[10:41:31] [Render thread/DEBUG] (FabricLoader/Mixin) fabric-events-interaction-v0.mixins.json:ServerPlayerGameModeMixin from mod fabric-events-interaction-v0->@Inject::breakBlock(Lnet/minecraft/core/BlockPos;Lorg/spongepowered/asm/mixin/injection/callback/CallbackInfoReturnable;)V does use it's CallbackInfoReturnable
[10:41:31] [Render thread/DEBUG] (FabricLoader/Mixin) fabric-events-interaction-v0.mixins.json:ServerPlayerGameModeMixin from mod fabric-events-interaction-v0->@Inject::onBlockBroken(Lnet/minecraft/core/BlockPos;Lorg/spongepowered/asm/mixin/injection/callback/CallbackInfoReturnable;)V doesn't use it's CallbackInfoReturnable
[10:41:31] [Render thread/DEBUG] (FabricLoader/Mixin) fabric-events-interaction-v0.mixins.json:ServerPlayerGameModeMixin from mod fabric-events-interaction-v0->@Inject::onBlockBroken(Lnet/minecraft/core/BlockPos;Lorg/spongepowered/asm/mixin/injection/callback/CallbackInfoReturnable;)V has 0 override(s) in child classes
[10:41:31] [Render thread/DEBUG] (FabricLoader/Mixin) fabric-events-interaction-v0.mixins.json:ServerPlayerGameModeMixin from mod fabric-events-interaction-v0->@Inject::onBlockBroken(Lnet/minecraft/core/BlockPos;Lorg/spongepowered/asm/mixin/injection/callback/CallbackInfoReturnable;)V won't be passed a CallbackInfoReturnable as a result
[10:41:31] [Render thread/DEBUG] (FabricLoader/Mixin) architectury.mixins.json:MixinServerPlayerGameMode from mod architectury->@Inject::onBreak(Lnet/minecraft/core/BlockPos;Lorg/spongepowered/asm/mixin/injection/callback/CallbackInfoReturnable;Lnet/minecraft/world/level/block/entity/BlockEntity;Lnet/minecraft/world/level/block/state/BlockState;)V does use it's CallbackInfoReturnable
[10:41:31] [Render thread/DEBUG] (net.fabricmc.fabric.impl.resource.pack.ModPackResourcesUtil) [Fabric] Starting internal pack sorting with: [fabric-convention-tags-v2, fabric-gametest-api-v1, generated_e7d069e, stargazer]
[10:41:31] [Render thread/DEBUG] (net.fabricmc.fabric.impl.resource.pack.ModPackResourcesUtil) [Fabric] Removed all internal packs, result: []
[10:41:31] [Render thread/DEBUG] (net.fabricmc.fabric.impl.resource.pack.ModPackResourcesUtil) [Fabric] Final sorting result: []
[10:41:31] [Render thread/WARN] (net.minecraft.server.MinecraftServer) Missing data pack generated_5bd459c
[10:41:31] [Render thread/INFO] (net.minecraft.server.MinecraftServer) Found new data pack generated_e7d069e, loading it automatically
[10:41:31] [Render thread/DEBUG] (net.fabricmc.fabric.impl.resource.pack.ModPackResourcesUtil) [Fabric] Starting internal pack sorting with: [vanilla, fabric-convention-tags-v2, fabric-gametest-api-v1, stargazer, generated_e7d069e]
[10:41:31] [Render thread/DEBUG] (net.fabricmc.fabric.impl.resource.pack.ModPackResourcesUtil) [Fabric] Removed all internal packs, result: [vanilla]
[10:41:31] [Render thread/DEBUG] (net.fabricmc.fabric.impl.resource.pack.ModPackResourcesUtil) [Fabric] cur @ vanilla, auto-enabled fabric-convention-tags-v2, currently enabled: [vanilla, fabric-convention-tags-v2]
[10:41:31] [Render thread/DEBUG] (net.fabricmc.fabric.impl.resource.pack.ModPackResourcesUtil) [Fabric] cur @ vanilla, auto-enabled fabric-gametest-api-v1, currently enabled: [vanilla, fabric-convention-tags-v2, fabric-gametest-api-v1]
[10:41:31] [Render thread/DEBUG] (net.fabricmc.fabric.impl.resource.pack.ModPackResourcesUtil) [Fabric] cur @ vanilla, auto-enabled generated_e7d069e, currently enabled: [vanilla, fabric-convention-tags-v2, fabric-gametest-api-v1, generated_e7d069e]
[10:41:31] [Render thread/DEBUG] (net.fabricmc.fabric.impl.resource.pack.ModPackResourcesUtil) [Fabric] cur @ vanilla, auto-enabled stargazer, currently enabled: [vanilla, fabric-convention-tags-v2, fabric-gametest-api-v1, generated_e7d069e, stargazer]
[10:41:31] [Render thread/DEBUG] (net.fabricmc.fabric.impl.resource.pack.ModPackResourcesUtil) [Fabric] Final sorting result: [vanilla, fabric-convention-tags-v2, fabric-gametest-api-v1, generated_e7d069e, stargazer]
[10:41:31] [Worker-Main-8/DEBUG] (FabricLoader/Mixin) Mixing TagLoaderMixin from fabric-tag-api-v1.mixins.json into net.minecraft.tags.TagLoader
[10:41:31] [Worker-Main-8/DEBUG] (FabricLoader/Mixin) Renaming synthetic method lambda$scopeIdToTryBuildTag$0(Lcom/llamalad7/mixinextras/injector/wrapoperation/Operation;Lnet/minecraft/tags/TagLoader;Lnet/minecraft/tags/TagEntry$Lookup;Ljava/util/List;)Lcom/mojang/datafixers/util/Either; to mdf26aa6$fabric-tag-api-v1$lambda$scopeIdToTryBuildTag$0$0 in fabric-tag-api-v1.mixins.json:TagLoaderMixin from mod fabric-tag-api-v1
[10:41:31] [Worker-Main-8/DEBUG] (FabricLoader/Mixin) Mixing MixinTagLoader from rei.mixins.json into net.minecraft.tags.TagLoader
[10:41:31] [Worker-Main-8/DEBUG] (FabricLoader/Mixin) fabric-tag-api-v1.mixins.json:TagLoaderMixin from mod fabric-tag-api-v1->@Inject::removeTagRemovalReferenceOnReplace(Lnet/minecraft/server/packs/resources/ResourceManager;Lorg/spongepowered/asm/mixin/injection/callback/CallbackInfoReturnable;)V doesn't use it's CallbackInfoReturnable
[10:41:31] [Worker-Main-8/DEBUG] (FabricLoader/Mixin) fabric-tag-api-v1.mixins.json:TagLoaderMixin from mod fabric-tag-api-v1->@Inject::removeTagRemovalReferenceOnReplace(Lnet/minecraft/server/packs/resources/ResourceManager;Lorg/spongepowered/asm/mixin/injection/callback/CallbackInfoReturnable;)V has 0 override(s) in child classes
[10:41:31] [Worker-Main-8/DEBUG] (FabricLoader/Mixin) fabric-tag-api-v1.mixins.json:TagLoaderMixin from mod fabric-tag-api-v1->@Inject::removeTagRemovalReferenceOnReplace(Lnet/minecraft/server/packs/resources/ResourceManager;Lorg/spongepowered/asm/mixin/injection/callback/CallbackInfoReturnable;)V won't be passed a CallbackInfoReturnable as a result
[10:41:31] [Worker-Main-8/DEBUG] (FabricLoader/Mixin) fabric-tag-api-v1.mixins.json:TagLoaderMixin from mod fabric-tag-api-v1->@Inject::loadRemoveEntries(Lnet/minecraft/server/packs/resources/ResourceManager;Lorg/spongepowered/asm/mixin/injection/callback/CallbackInfoReturnable;)V doesn't use it's CallbackInfoReturnable
[10:41:31] [Worker-Main-8/DEBUG] (FabricLoader/Mixin) fabric-tag-api-v1.mixins.json:TagLoaderMixin from mod fabric-tag-api-v1->@Inject::loadRemoveEntries(Lnet/minecraft/server/packs/resources/ResourceManager;Lorg/spongepowered/asm/mixin/injection/callback/CallbackInfoReturnable;)V has 0 override(s) in child classes
[10:41:31] [Worker-Main-8/DEBUG] (FabricLoader/Mixin) fabric-tag-api-v1.mixins.json:TagLoaderMixin from mod fabric-tag-api-v1->@Inject::loadRemoveEntries(Lnet/minecraft/server/packs/resources/ResourceManager;Lorg/spongepowered/asm/mixin/injection/callback/CallbackInfoReturnable;)V won't be passed a CallbackInfoReturnable as a result
[10:41:31] [Worker-Main-8/DEBUG] (FabricLoader/Mixin) fabric-tag-api-v1.mixins.json:TagLoaderMixin from mod fabric-tag-api-v1->@Inject::removeTagRemovalReferencesWhenFinished(Ljava/util/Map;Lorg/spongepowered/asm/mixin/injection/callback/CallbackInfoReturnable;)V doesn't use it's CallbackInfoReturnable
[10:41:31] [Worker-Main-8/DEBUG] (FabricLoader/Mixin) fabric-tag-api-v1.mixins.json:TagLoaderMixin from mod fabric-tag-api-v1->@Inject::removeTagRemovalReferencesWhenFinished(Ljava/util/Map;Lorg/spongepowered/asm/mixin/injection/callback/CallbackInfoReturnable;)V has 0 override(s) in child classes
[10:41:31] [Worker-Main-8/DEBUG] (FabricLoader/Mixin) fabric-tag-api-v1.mixins.json:TagLoaderMixin from mod fabric-tag-api-v1->@Inject::removeTagRemovalReferencesWhenFinished(Ljava/util/Map;Lorg/spongepowered/asm/mixin/injection/callback/CallbackInfoReturnable;)V won't be passed a CallbackInfoReturnable as a result
[10:41:31] [Worker-Main-8/DEBUG] (FabricLoader/Mixin) rei.mixins.json:MixinTagLoader from mod roughlyenoughitems->@Inject::loadPendingTags(Lnet/minecraft/server/packs/resources/ResourceManager;Lnet/minecraft/core/Registry;Lorg/spongepowered/asm/mixin/injection/callback/CallbackInfoReturnable;)V doesn't use it's CallbackInfoReturnable
[10:41:31] [Worker-Main-8/DEBUG] (FabricLoader/Mixin) rei.mixins.json:MixinTagLoader from mod roughlyenoughitems->@Inject::load(Ljava/util/Map;Lorg/spongepowered/asm/mixin/injection/callback/CallbackInfoReturnable;)V doesn't use it's CallbackInfoReturnable
[10:41:31] [Worker-Main-8/DEBUG] (FabricLoader/Mixin) rei.mixins.json:MixinTagLoader from mod roughlyenoughitems->@Inject::load(Ljava/util/Map;Lorg/spongepowered/asm/mixin/injection/callback/CallbackInfoReturnable;)V has 0 override(s) in child classes
[10:41:31] [Worker-Main-8/DEBUG] (FabricLoader/Mixin) rei.mixins.json:MixinTagLoader from mod roughlyenoughitems->@Inject::load(Ljava/util/Map;Lorg/spongepowered/asm/mixin/injection/callback/CallbackInfoReturnable;)V won't be passed a CallbackInfoReturnable as a result
[10:41:31] [Worker-Main-8/DEBUG] (FabricLoader/Mixin) rei.mixins.json:MixinTagLoader from mod roughlyenoughitems->@Inject::loadPost(Ljava/util/Map;Lorg/spongepowered/asm/mixin/injection/callback/CallbackInfoReturnable;)V does use it's CallbackInfoReturnable
[10:41:31] [Worker-Main-8/DEBUG] (FabricLoader/Mixin) rei.mixins.json:MixinTagLoader from mod roughlyenoughitems->@Inject::load(Lnet/minecraft/tags/TagEntry$Lookup;Ljava/util/List;Lorg/spongepowered/asm/mixin/injection/callback/CallbackInfoReturnable;)V does use it's CallbackInfoReturnable
[10:41:31] [Worker-Main-8/DEBUG] (FabricLoader/Mixin) Mixing TagFileMixin from fabric-tag-api-v1.mixins.json into net.minecraft.tags.TagFile
[10:41:31] [Worker-Main-8/DEBUG] (FabricLoader/Mixin) Mixing TagEntryAccessor from fabric-tag-api-v1.mixins.json into net.minecraft.tags.TagEntry
[10:41:31] [Worker-Main-8/DEBUG] (REI) [REI] Processed 388 tags in 1.378 ms for minecraft:block
[10:41:31] [Worker-Main-8/DEBUG] (FabricLoader/Mixin) Mixing MappedRegistry2Mixin from fabric-tag-api-v1.mixins.json into net.minecraft.core.MappedRegistry$2
[10:41:31] [Worker-Main-8/DEBUG] (FabricLoader/Mixin) Mixing MappedRegistry3Mixin from fabric-tag-api-v1.mixins.json into net.minecraft.core.MappedRegistry$3
[10:41:31] [Worker-Main-8/DEBUG] (FabricLoader/Mixin) fabric-tag-api-v1.mixins.json:MappedRegistry3Mixin from mod fabric-tag-api-v1->@Inject::applyTagAliases(Lorg/spongepowered/asm/mixin/injection/callback/CallbackInfo;)V doesn't use it's CallbackInfo
[10:41:31] [Worker-Main-8/DEBUG] (FabricLoader/Mixin) fabric-tag-api-v1.mixins.json:MappedRegistry3Mixin from mod fabric-tag-api-v1->@Inject::applyTagAliases(Lorg/spongepowered/asm/mixin/injection/callback/CallbackInfo;)V has 0 override(s) in child classes
[10:41:31] [Worker-Main-8/DEBUG] (FabricLoader/Mixin) fabric-tag-api-v1.mixins.json:MappedRegistry3Mixin from mod fabric-tag-api-v1->@Inject::applyTagAliases(Lorg/spongepowered/asm/mixin/injection/callback/CallbackInfo;)V won't be passed a CallbackInfo as a result
[10:41:31] [Worker-Main-8/DEBUG] (REI) [REI] Processed 10 tags in 16.92 μs for minecraft:fluid
[10:41:31] [Worker-Main-8/DEBUG] (REI) [REI] Processed 502 tags in 1.119 ms for minecraft:item
[10:41:31] [Worker-Main-8/DEBUG] (REI) [REI] Processed 5 tags in 30.99 μs for minecraft:game_event
[10:41:31] [Worker-Main-8/DEBUG] (REI) [REI] Processed 53 tags in 93.76 μs for minecraft:entity_type
[10:41:31] [Worker-Main-8/DEBUG] (REI) [REI] Processed 3 tags in 13.66 μs for minecraft:point_of_interest_type
[10:41:31] [Worker-Main-8/DEBUG] (REI) [REI] Processed 2 tags in 14.24 μs for minecraft:potion
[10:41:31] [Worker-Main-8/DEBUG] (FabricLoader/Mixin) Mixing ResourceManagerRegistryLoadTaskMixin from fabric-resource-conditions-api-v1.mixins.json into net.minecraft.resources.ResourceManagerRegistryLoadTask
[10:41:31] [Worker-Main-8/DEBUG] (FabricLoader/Mixin) Mixing ResourceManagerRegistryLoadTaskMixin from fabric-item-api-v1.mixins.json into net.minecraft.resources.ResourceManagerRegistryLoadTask
[10:41:31] [Worker-Main-8/DEBUG] (FabricLoader/Mixin) fabric-item-api-v1.mixins.json:ResourceManagerRegistryLoadTaskMixin from mod fabric-item-api-v1->@Inject::captureRegistries(Lnet/minecraft/resources/RegistryOps$RegistryInfoLookup;Ljava/util/concurrent/Executor;Lorg/spongepowered/asm/mixin/injection/callback/CallbackInfoReturnable;)V doesn't use it's CallbackInfoReturnable
[10:41:31] [Worker-Main-8/DEBUG] (FabricLoader/Mixin) fabric-item-api-v1.mixins.json:ResourceManagerRegistryLoadTaskMixin from mod fabric-item-api-v1->@Inject::captureRegistries(Lnet/minecraft/resources/RegistryOps$RegistryInfoLookup;Ljava/util/concurrent/Executor;Lorg/spongepowered/asm/mixin/injection/callback/CallbackInfoReturnable;)V has 0 override(s) in child classes
[10:41:31] [Worker-Main-8/DEBUG] (FabricLoader/Mixin) fabric-item-api-v1.mixins.json:ResourceManagerRegistryLoadTaskMixin from mod fabric-item-api-v1->@Inject::captureRegistries(Lnet/minecraft/resources/RegistryOps$RegistryInfoLookup;Ljava/util/concurrent/Executor;Lorg/spongepowered/asm/mixin/injection/callback/CallbackInfoReturnable;)V won't be passed a CallbackInfoReturnable as a result
[10:41:31] [Worker-Main-8/DEBUG] (FabricLoader/Mixin) Mixing RegistryLoadTaskPendingRegistrationMixin from fabric-resource-conditions-api-v1.mixins.json into net.minecraft.resources.RegistryLoadTask$PendingRegistration
[10:41:31] [Worker-Main-8/DEBUG] (FabricLoader/Mixin) fabric-resource-conditions-api-v1.mixins.json:RegistryLoadTaskPendingRegistrationMixin from mod fabric-resource-conditions-api-v1->@Inject::loadFromResource(Lcom/mojang/serialization/Decoder;Lnet/minecraft/resources/RegistryOps;Lnet/minecraft/resources/ResourceKey;Lnet/minecraft/server/packs/resources/Resource;Lorg/spongepowered/asm/mixin/injection/callback/CallbackInfoReturnable;)V does use it's CallbackInfoReturnable
[10:41:31] [Worker-Main-7/DEBUG] (FabricLoader/Mixin) Mixing EnchantmentBuilderAccessor from fabric-item-api-v1.mixins.json into net.minecraft.world.item.enchantment.Enchantment$Builder
[10:41:31] [Worker-Main-7/DEBUG] (FabricLoader/Mixin) Mixing EnchantmentBuilderMixin from fabric-item-api-v1.mixins.json into net.minecraft.world.item.enchantment.Enchantment$Builder
[10:41:31] [Worker-Main-7/DEBUG] (FabricLoader/Mixin) fabric-item-api-v1.mixins.json:EnchantmentBuilderMixin from mod fabric-item-api-v1->@Inject::markModified(Lorg/spongepowered/asm/mixin/injection/callback/CallbackInfoReturnable;)V does use it's CallbackInfo
[10:41:31] [Worker-Main-7/DEBUG] (FabricLoader/Mixin) fabric-item-api-v1.mixins.json:EnchantmentBuilderMixin from mod fabric-item-api-v1->@Inject::markModified(Lorg/spongepowered/asm/mixin/injection/callback/CallbackInfoReturnable;)V does use it's CallbackInfoReturnable
[10:41:31] [Worker-Main-7/DEBUG] (FabricLoader/Mixin) fabric-item-api-v1.mixins.json:EnchantmentBuilderMixin from mod fabric-item-api-v1->@Inject::markModified(Lorg/spongepowered/asm/mixin/injection/callback/CallbackInfoReturnable;)V does use it's CallbackInfoReturnable
[10:41:31] [Worker-Main-7/DEBUG] (FabricLoader/Mixin) fabric-item-api-v1.mixins.json:EnchantmentBuilderMixin from mod fabric-item-api-v1->@Inject::markModified(Lorg/spongepowered/asm/mixin/injection/callback/CallbackInfoReturnable;)V does use it's CallbackInfoReturnable
[10:41:31] [Worker-Main-7/DEBUG] (FabricLoader/Mixin) fabric-item-api-v1.mixins.json:EnchantmentBuilderMixin from mod fabric-item-api-v1->@Inject::markModified(Lorg/spongepowered/asm/mixin/injection/callback/CallbackInfoReturnable;)V does use it's CallbackInfoReturnable
[10:41:31] [Worker-Main-7/DEBUG] (FabricLoader/Mixin) fabric-item-api-v1.mixins.json:EnchantmentBuilderMixin from mod fabric-item-api-v1->@Inject::markModified(Lorg/spongepowered/asm/mixin/injection/callback/CallbackInfoReturnable;)V does use it's CallbackInfoReturnable
[10:41:31] [Worker-Main-7/DEBUG] (FabricLoader/Mixin) fabric-item-api-v1.mixins.json:EnchantmentBuilderMixin from mod fabric-item-api-v1->@Inject::markModified(Lorg/spongepowered/asm/mixin/injection/callback/CallbackInfoReturnable;)V does use it's CallbackInfoReturnable
[10:41:31] [Worker-Main-7/DEBUG] (FabricLoader/Mixin) fabric-item-api-v1.mixins.json:EnchantmentBuilderMixin from mod fabric-item-api-v1->@Inject::markModified(Lorg/spongepowered/asm/mixin/injection/callback/CallbackInfoReturnable;)V does use it's CallbackInfoReturnable
[10:41:31] [Worker-Main-7/DEBUG] (FabricLoader/Mixin) fabric-item-api-v1.mixins.json:EnchantmentBuilderMixin from mod fabric-item-api-v1->@Inject::markModified(Lorg/spongepowered/asm/mixin/injection/callback/CallbackInfoReturnable;)V does use it's CallbackInfoReturnable
[10:41:31] [Worker-Main-7/DEBUG] (FabricLoader/Mixin) fabric-item-api-v1.mixins.json:EnchantmentBuilderMixin from mod fabric-item-api-v1->@Inject::markModified(Lorg/spongepowered/asm/mixin/injection/callback/CallbackInfoReturnable;)V does use it's CallbackInfoReturnable
[10:41:31] [Worker-Main-7/DEBUG] (FabricLoader/Mixin) fabric-item-api-v1.mixins.json:EnchantmentBuilderMixin from mod fabric-item-api-v1->@Inject::markModified(Lorg/spongepowered/asm/mixin/injection/callback/CallbackInfoReturnable;)V does use it's CallbackInfoReturnable
[10:41:31] [Worker-Main-7/DEBUG] (FabricLoader/Mixin) fabric-item-api-v1.mixins.json:EnchantmentBuilderMixin from mod fabric-item-api-v1->@Inject::markModified(Lorg/spongepowered/asm/mixin/injection/callback/CallbackInfoReturnable;)V does use it's CallbackInfoReturnable
[10:41:31] [Worker-Main-8/DEBUG] (FabricLoader/Mixin) Mixing WorldDimensionsMixin from fabric-dimensions-v1.mixins.json into net.minecraft.world.level.levelgen.WorldDimensions
[10:41:31] [Worker-Main-8/DEBUG] (FabricLoader/Mixin) Renaming synthetic method lambda$wrapBakeToProvideContext$0(Lcom/llamalad7/mixinextras/injector/wrapoperation/Operation;Lnet/minecraft/core/Registry;)Lnet/minecraft/world/level/levelgen/WorldDimensions$Complete; to mdf26aa6$fabric-dimensions-v1$lambda$wrapBakeToProvideContext$0$0 in fabric-dimensions-v1.mixins.json:WorldDimensionsMixin from mod fabric-dimensions-v1
[10:41:31] [Worker-Main-8/DEBUG] (FabricLoader/Mixin) fabric-dimensions-v1.mixins.json:WorldDimensionsMixin from mod fabric-dimensions-v1->@Inject::betterModdedStabilityCheck(Lnet/minecraft/resources/ResourceKey;Lnet/minecraft/world/level/dimension/LevelStem;Lorg/spongepowered/asm/mixin/injection/callback/CallbackInfoReturnable;)V does use it's CallbackInfoReturnable
[10:41:31] [Worker-Main-8/DEBUG] (FabricLoader/Mixin) Mixing ReloadableServerRegistriesMixin from fabric-loot-api-v3.mixins.json into net.minecraft.server.ReloadableServerRegistries
[10:41:31] [Worker-Main-8/DEBUG] (FabricLoader/Mixin) Renaming synthetic method lambda$onLootTablesLoaded$0(Lnet/minecraft/core/Holder$Reference;)V to mdf26aa6$fabric-loot-api-v3$lambda$onLootTablesLoaded$0$0 in fabric-loot-api-v3.mixins.json:ReloadableServerRegistriesMixin from mod fabric-loot-api-v3
[10:41:31] [Worker-Main-8/DEBUG] (FabricLoader/Mixin) Renaming synthetic method lambda$modifyLootTable$0(Lnet/minecraft/resources/RegistryOps;Lnet/minecraft/resources/Identifier;Lnet/minecraft/world/level/storage/loot/Validatable;)Lnet/minecraft/world/level/storage/loot/Validatable; to mdf26aa6$fabric-loot-api-v3$lambda$modifyLootTable$0$1 in fabric-loot-api-v3.mixins.json:ReloadableServerRegistriesMixin from mod fabric-loot-api-v3
[10:41:31] [Worker-Main-8/DEBUG] (FabricLoader/Mixin) Renaming synthetic method lambda$removeOps$0(Lnet/minecraft/resources/RegistryOps;Ljava/util/List;)Ljava/util/List; to mdf26aa6$fabric-loot-api-v3$lambda$removeOps$0$2 in fabric-loot-api-v3.mixins.json:ReloadableServerRegistriesMixin from mod fabric-loot-api-v3
[10:41:31] [Worker-Main-8/DEBUG] (FabricLoader/Mixin) fabric-loot-api-v3.mixins.json:ReloadableServerRegistriesMixin from mod fabric-loot-api-v3->@Inject::modifyLootTable(Lnet/minecraft/world/level/storage/loot/LootDataType;Lnet/minecraft/server/packs/resources/ResourceManager;Lnet/minecraft/resources/RegistryOps;Lorg/spongepowered/asm/mixin/injection/callback/CallbackInfoReturnable;)V doesn't use it's CallbackInfoReturnable
[10:41:31] [Worker-Main-8/DEBUG] (FabricLoader/Mixin) fabric-loot-api-v3.mixins.json:ReloadableServerRegistriesMixin from mod fabric-loot-api-v3->@Inject::onLootTablesLoaded(Lnet/minecraft/world/level/storage/loot/LootDataType;Lnet/minecraft/server/packs/resources/ResourceManager;Lnet/minecraft/resources/RegistryOps;Lorg/spongepowered/asm/mixin/injection/callback/CallbackInfoReturnable;)V does use it's CallbackInfoReturnable
[10:41:31] [Worker-Main-9/DEBUG] (FabricLoader/Mixin) Mixing LootPoolAccessor from fabric-loot-api-v3.mixins.json into net.minecraft.world.level.storage.loot.LootPool
[10:41:31] [Worker-Main-8/DEBUG] (FabricLoader/Mixin) Mixing DataComponentInitializersPendingComponentsMixin from fabric-item-api-v1.mixins.json into net.minecraft.core.component.DataComponentInitializers$1
[10:41:31] [Worker-Main-8/DEBUG] (FabricLoader/Mixin) fabric-item-api-v1.mixins.json:DataComponentInitializersPendingComponentsMixin from mod fabric-item-api-v1->@Inject::store(Lnet/minecraft/resources/ResourceKey;Ljava/util/List;Lorg/spongepowered/asm/mixin/injection/callback/CallbackInfo;)V doesn't use it's CallbackInfo
[10:41:31] [Worker-Main-8/DEBUG] (FabricLoader/Mixin) fabric-item-api-v1.mixins.json:DataComponentInitializersPendingComponentsMixin from mod fabric-item-api-v1->@Inject::store(Lnet/minecraft/resources/ResourceKey;Ljava/util/List;Lorg/spongepowered/asm/mixin/injection/callback/CallbackInfo;)V has 0 override(s) in child classes
[10:41:31] [Worker-Main-8/DEBUG] (FabricLoader/Mixin) fabric-item-api-v1.mixins.json:DataComponentInitializersPendingComponentsMixin from mod fabric-item-api-v1->@Inject::store(Lnet/minecraft/resources/ResourceKey;Ljava/util/List;Lorg/spongepowered/asm/mixin/injection/callback/CallbackInfo;)V won't be passed a CallbackInfo as a result
[10:41:31] [Worker-Main-8/DEBUG] (FabricLoader/Mixin) fabric-item-api-v1.mixins.json:DataComponentInitializersPendingComponentsMixin from mod fabric-item-api-v1->@Inject::apply(Lorg/spongepowered/asm/mixin/injection/callback/CallbackInfo;)V doesn't use it's CallbackInfo
[10:41:31] [Worker-Main-8/DEBUG] (FabricLoader/Mixin) fabric-item-api-v1.mixins.json:DataComponentInitializersPendingComponentsMixin from mod fabric-item-api-v1->@Inject::apply(Lorg/spongepowered/asm/mixin/injection/callback/CallbackInfo;)V has 0 override(s) in child classes
[10:41:31] [Worker-Main-8/DEBUG] (FabricLoader/Mixin) fabric-item-api-v1.mixins.json:DataComponentInitializersPendingComponentsMixin from mod fabric-item-api-v1->@Inject::apply(Lorg/spongepowered/asm/mixin/injection/callback/CallbackInfo;)V won't be passed a CallbackInfo as a result
[10:41:31] [Worker-Main-8/DEBUG] (FabricLoader/Mixin) Mixing KeyedResourceReloaderMixin from fabric-resource-loader-v1.mixins.json into net.minecraft.world.item.crafting.RecipeManager
[10:41:31] [Worker-Main-8/DEBUG] (FabricLoader/Mixin) Mixing RecipeManagerMixin from fabric-recipe-api-v1.mixins.json into net.minecraft.world.item.crafting.RecipeManager
[10:41:31] [Worker-Main-8/DEBUG] (FabricLoader/Mixin) Mixing sync.RecipeManagerAccessor from fabric-recipe-api-v1.mixins.json into net.minecraft.world.item.crafting.RecipeManager
[10:41:31] [Worker-Main-8/DEBUG] (FabricLoader/Mixin) fabric-recipe-api-v1.mixins.json:RecipeManagerMixin from mod fabric-recipe-api-v1->@Inject::updateSynchronizedRecipes(Lnet/minecraft/world/item/crafting/RecipeMap;Lnet/minecraft/server/packs/resources/ResourceManager;Lnet/minecraft/util/profiling/ProfilerFiller;Lorg/spongepowered/asm/mixin/injection/callback/CallbackInfo;)V doesn't use it's CallbackInfo
[10:41:31] [Worker-Main-8/DEBUG] (FabricLoader/Mixin) fabric-recipe-api-v1.mixins.json:RecipeManagerMixin from mod fabric-recipe-api-v1->@Inject::updateSynchronizedRecipes(Lnet/minecraft/world/item/crafting/RecipeMap;Lnet/minecraft/server/packs/resources/ResourceManager;Lnet/minecraft/util/profiling/ProfilerFiller;Lorg/spongepowered/asm/mixin/injection/callback/CallbackInfo;)V has 0 override(s) in child classes
[10:41:31] [Worker-Main-8/DEBUG] (FabricLoader/Mixin) fabric-recipe-api-v1.mixins.json:RecipeManagerMixin from mod fabric-recipe-api-v1->@Inject::updateSynchronizedRecipes(Lnet/minecraft/world/item/crafting/RecipeMap;Lnet/minecraft/server/packs/resources/ResourceManager;Lnet/minecraft/util/profiling/ProfilerFiller;Lorg/spongepowered/asm/mixin/injection/callback/CallbackInfo;)V won't be passed a CallbackInfo as a result
[10:41:31] [Worker-Main-8/DEBUG] (FabricLoader/Mixin) Mixing sync.RecipeMapMixin from fabric-recipe-api-v1.mixins.json into net.minecraft.world.item.crafting.RecipeMap
[10:41:31] [Worker-Main-8/DEBUG] (FabricLoader/Mixin) fabric-recipe-api-v1.mixins.json:sync.RecipeMapMixin from mod fabric-recipe-api-v1->@Inject::provideSerializerMap(Ljava/lang/Iterable;Lorg/spongepowered/asm/mixin/injection/callback/CallbackInfoReturnable;)V doesn't use it's CallbackInfoReturnable
[10:41:31] [Worker-Main-8/DEBUG] (FabricLoader/Mixin) fabric-recipe-api-v1.mixins.json:sync.RecipeMapMixin from mod fabric-recipe-api-v1->@Inject::fillSerializerMap(Ljava/lang/Iterable;Lorg/spongepowered/asm/mixin/injection/callback/CallbackInfoReturnable;)V doesn't use it's CallbackInfoReturnable
[10:41:31] [Worker-Main-8/DEBUG] (FabricLoader/Mixin) Mixing CommandsMixin from fabric-networking-api-v1.mixins.json into net.minecraft.commands.Commands
[10:41:31] [Worker-Main-8/DEBUG] (FabricLoader/Mixin) Mixing MixinCommands from architectury.mixins.json into net.minecraft.commands.Commands
[10:41:31] [Worker-Main-8/DEBUG] (FabricLoader/Mixin) Mixing CommandsMixin from fabric-command-api-v2.mixins.json into net.minecraft.commands.Commands
[10:41:31] [Worker-Main-8/DEBUG] (FabricLoader/Mixin) fabric-networking-api-v1.mixins.json:CommandsMixin from mod fabric-networking-api-v1->@Inject::init(Lnet/minecraft/commands/Commands$CommandSelection;Lnet/minecraft/commands/CommandBuildContext;Lorg/spongepowered/asm/mixin/injection/callback/CallbackInfo;)V doesn't use it's CallbackInfo
[10:41:31] [Worker-Main-8/DEBUG] (FabricLoader/Mixin) fabric-networking-api-v1.mixins.json:CommandsMixin from mod fabric-networking-api-v1->@Inject::init(Lnet/minecraft/commands/Commands$CommandSelection;Lnet/minecraft/commands/CommandBuildContext;Lorg/spongepowered/asm/mixin/injection/callback/CallbackInfo;)V has 0 override(s) in child classes
[10:41:31] [Worker-Main-8/DEBUG] (FabricLoader/Mixin) fabric-networking-api-v1.mixins.json:CommandsMixin from mod fabric-networking-api-v1->@Inject::init(Lnet/minecraft/commands/Commands$CommandSelection;Lnet/minecraft/commands/CommandBuildContext;Lorg/spongepowered/asm/mixin/injection/callback/CallbackInfo;)V won't be passed a CallbackInfo as a result
[10:41:31] [Worker-Main-8/DEBUG] (FabricLoader/Mixin) architectury.mixins.json:MixinCommands from mod architectury->@Inject::finishParsing(Lcom/mojang/brigadier/ParseResults;Ljava/lang/String;Lnet/minecraft/commands/CommandSourceStack;Lorg/spongepowered/asm/mixin/injection/callback/CallbackInfoReturnable;)V does use it's CallbackInfoReturnable
[10:41:31] [Worker-Main-8/DEBUG] (FabricLoader/Mixin) fabric-command-api-v2.mixins.json:CommandsMixin from mod fabric-command-api-v2->@Inject::fabric_addCommands(Lnet/minecraft/commands/Commands$CommandSelection;Lnet/minecraft/commands/CommandBuildContext;Lorg/spongepowered/asm/mixin/injection/callback/CallbackInfo;)V doesn't use it's CallbackInfo
[10:41:31] [Worker-Main-8/DEBUG] (FabricLoader/Mixin) fabric-command-api-v2.mixins.json:CommandsMixin from mod fabric-command-api-v2->@Inject::fabric_addCommands(Lnet/minecraft/commands/Commands$CommandSelection;Lnet/minecraft/commands/CommandBuildContext;Lorg/spongepowered/asm/mixin/injection/callback/CallbackInfo;)V has 0 override(s) in child classes
[10:41:31] [Worker-Main-8/DEBUG] (FabricLoader/Mixin) fabric-command-api-v2.mixins.json:CommandsMixin from mod fabric-command-api-v2->@Inject::fabric_addCommands(Lnet/minecraft/commands/Commands$CommandSelection;Lnet/minecraft/commands/CommandBuildContext;Lorg/spongepowered/asm/mixin/injection/callback/CallbackInfo;)V won't be passed a CallbackInfo as a result
[10:41:31] [Worker-Main-8/DEBUG] (FabricLoader/Mixin) Mixing EntityDataAccessorMixin from fabric-data-attachment-api-v1.mixins.json into net.minecraft.server.commands.data.EntityDataAccessor
[10:41:31] [Worker-Main-8/DEBUG] (FabricLoader/Mixin) Renaming synthetic method lambda$setData$0(Lcom/llamalad7/mixinextras/injector/wrapoperation/Operation;Lnet/minecraft/world/entity/Entity;Lnet/minecraft/world/level/storage/ValueInput;)V to mdf26aa6$fabric-data-attachment-api-v1$lambda$setData$0$0 in fabric-data-attachment-api-v1.mixins.json:EntityDataAccessorMixin from mod fabric-data-attachment-api-v1
[10:41:31] [Worker-Main-8/DEBUG] (FabricLoader/Mixin) Mixing BlockDataAccessorMixin from fabric-data-attachment-api-v1.mixins.json into net.minecraft.server.commands.data.BlockDataAccessor
[10:41:31] [Worker-Main-8/DEBUG] (FabricLoader/Mixin) Renaming synthetic method lambda$setData$0(Lcom/llamalad7/mixinextras/injector/wrapoperation/Operation;Lnet/minecraft/world/level/block/entity/BlockEntity;Lnet/minecraft/world/level/storage/ValueInput;)V to mdf26aa6$fabric-data-attachment-api-v1$lambda$setData$0$0 in fabric-data-attachment-api-v1.mixins.json:BlockDataAccessorMixin from mod fabric-data-attachment-api-v1
[10:41:31] [Worker-Main-8/DEBUG] (FabricLoader/Mixin) Mixing DataPackCommandMixin from fabric-resource-loader-v1.mixins.json into net.minecraft.server.commands.DataPackCommand
[10:41:31] [Worker-Main-8/DEBUG] (FabricLoader/Mixin) Renaming synthetic method lambda$filterDisabledPackSuggestions$0(Lnet/minecraft/server/packs/repository/Pack;)Z to mdf26aa6$fabric-resource-loader-v1$lambda$filterDisabledPackSuggestions$0$0 in fabric-resource-loader-v1.mixins.json:DataPackCommandMixin from mod fabric-resource-loader-v1
[10:41:31] [Worker-Main-8/DEBUG] (FabricLoader/Mixin) Renaming synthetic method lambda$filterEnabledPackSuggestions$0(Lnet/minecraft/server/packs/repository/Pack;)Z to mdf26aa6$fabric-resource-loader-v1$lambda$filterEnabledPackSuggestions$0$1 in fabric-resource-loader-v1.mixins.json:DataPackCommandMixin from mod fabric-resource-loader-v1
[10:41:31] [Worker-Main-8/DEBUG] (FabricLoader/Mixin) Renaming synthetic method lambda$static$0(Ljava/lang/Object;)Lcom/mojang/brigadier/Message; to mdf26aa6$fabric-resource-loader-v1$lambda$static$0$2 in fabric-resource-loader-v1.mixins.json:DataPackCommandMixin from mod fabric-resource-loader-v1
[10:41:31] [Worker-Main-8/DEBUG] (FabricLoader/Mixin) fabric-resource-loader-v1.mixins.json:DataPackCommandMixin from mod fabric-resource-loader-v1->@Inject::errorOnInternalPack(Lcom/mojang/brigadier/context/CommandContext;Ljava/lang/String;ZLorg/spongepowered/asm/mixin/injection/callback/CallbackInfoReturnable;)V doesn't use it's CallbackInfoReturnable
[10:41:31] [Worker-Main-8/DEBUG] (FabricLoader/Mixin) Mixing EnchantCommandMixin from fabric-item-api-v1.mixins.json into net.minecraft.server.commands.EnchantCommand
[10:41:31] [Worker-Main-8/DEBUG] (FabricLoader/Mixin) Mixing GameRuleCommandAccessor from fabric-game-rule-api-v1.mixins.json into net.minecraft.server.commands.GameRuleCommand
[10:41:31] [Worker-Main-8/DEBUG] (FabricLoader/Mixin) Renaming @Invoker method callQueryRule(Lnet/minecraft/commands/CommandSourceStack;Lnet/minecraft/world/level/gamerules/GameRule;)I to callQueryRule$fabric-game-rule-api-v1_$md$f26aa6$0 in fabric-game-rule-api-v1.mixins.json:GameRuleCommandAccessor from mod fabric-game-rule-api-v1
[10:41:31] [Worker-Main-8/DEBUG] (FabricLoader/Mixin) Mixing GameRuleCommandVisitorMixin from fabric-game-rule-api-v1.mixins.json into net.minecraft.server.commands.GameRuleCommand$1
[10:41:31] [Worker-Main-8/DEBUG] (FabricLoader/Mixin) fabric-game-rule-api-v1.mixins.json:GameRuleCommandVisitorMixin from mod fabric-game-rule-api-v1->@Inject::onRegisterCommand(Lnet/minecraft/world/level/gamerules/GameRule;Lorg/spongepowered/asm/mixin/injection/callback/CallbackInfo;)V does use it's CallbackInfo
[10:41:31] [Worker-Main-8/DEBUG] (FabricLoader/Mixin) Mixing HelpCommandAccessor from fabric-command-api-v2.mixins.json into net.minecraft.server.commands.HelpCommand
[10:41:31] [Worker-Main-8/DEBUG] (FabricLoader/Mixin) Renaming @Accessor method getFailedException()Lcom/mojang/brigadier/exceptions/SimpleCommandExceptionType; to getFailedException$fabric-command-api-v2_$md$f26aa6$0 in fabric-command-api-v2.mixins.json:HelpCommandAccessor from mod fabric-command-api-v2
[10:41:32] [Worker-Main-8/DEBUG] (FabricLoader/Mixin) Mixing KeyedResourceReloaderMixin from fabric-resource-loader-v1.mixins.json into net.minecraft.server.ServerAdvancementManager
[10:41:32] [Worker-Main-8/DEBUG] (FabricLoader/Mixin) Mixing ServerAdvancementManagerMixin from fabric-advancement-api-v1.mixins.json into net.minecraft.server.ServerAdvancementManager
[10:41:32] [Worker-Main-8/DEBUG] (FabricLoader/Mixin) Renaming synthetic method lambda$onApply$0(Ljava/util/Map;Ljava/util/Map;Lnet/minecraft/resources/Identifier;Lnet/minecraft/advancements/Advancement;)V to mdf26aa6$fabric-advancement-api-v1$lambda$onApply$0$0 in fabric-advancement-api-v1.mixins.json:ServerAdvancementManagerMixin from mod fabric-advancement-api-v1
[10:41:32] [Worker-Main-8/DEBUG] (FabricLoader/Mixin) fabric-advancement-api-v1.mixins.json:ServerAdvancementManagerMixin from mod fabric-advancement-api-v1->@Inject::onApply(Ljava/util/Map;Lnet/minecraft/server/packs/resources/ResourceManager;Lnet/minecraft/util/profiling/ProfilerFiller;Lorg/spongepowered/asm/mixin/injection/callback/CallbackInfo;)V doesn't use it's CallbackInfo
[10:41:32] [Worker-Main-8/DEBUG] (FabricLoader/Mixin) fabric-advancement-api-v1.mixins.json:ServerAdvancementManagerMixin from mod fabric-advancement-api-v1->@Inject::onApply(Ljava/util/Map;Lnet/minecraft/server/packs/resources/ResourceManager;Lnet/minecraft/util/profiling/ProfilerFiller;Lorg/spongepowered/asm/mixin/injection/callback/CallbackInfo;)V has 0 override(s) in child classes
[10:41:32] [Worker-Main-8/DEBUG] (FabricLoader/Mixin) fabric-advancement-api-v1.mixins.json:ServerAdvancementManagerMixin from mod fabric-advancement-api-v1->@Inject::onApply(Ljava/util/Map;Lnet/minecraft/server/packs/resources/ResourceManager;Lnet/minecraft/util/profiling/ProfilerFiller;Lorg/spongepowered/asm/mixin/injection/callback/CallbackInfo;)V won't be passed a CallbackInfo as a result
[10:41:32] [Worker-Main-8/DEBUG] (FabricLoader/Mixin) fabric-advancement-api-v1.mixins.json:ServerAdvancementManagerMixin from mod fabric-advancement-api-v1->@Inject::onLoaded(Ljava/util/Map;Lnet/minecraft/server/packs/resources/ResourceManager;Lnet/minecraft/util/profiling/ProfilerFiller;Lorg/spongepowered/asm/mixin/injection/callback/CallbackInfo;)V doesn't use it's CallbackInfo
[10:41:32] [Worker-Main-8/DEBUG] (FabricLoader/Mixin) fabric-advancement-api-v1.mixins.json:ServerAdvancementManagerMixin from mod fabric-advancement-api-v1->@Inject::onLoaded(Ljava/util/Map;Lnet/minecraft/server/packs/resources/ResourceManager;Lnet/minecraft/util/profiling/ProfilerFiller;Lorg/spongepowered/asm/mixin/injection/callback/CallbackInfo;)V has 0 override(s) in child classes
[10:41:32] [Worker-Main-8/DEBUG] (FabricLoader/Mixin) fabric-advancement-api-v1.mixins.json:ServerAdvancementManagerMixin from mod fabric-advancement-api-v1->@Inject::onLoaded(Ljava/util/Map;Lnet/minecraft/server/packs/resources/ResourceManager;Lnet/minecraft/util/profiling/ProfilerFiller;Lorg/spongepowered/asm/mixin/injection/callback/CallbackInfo;)V won't be passed a CallbackInfo as a result
[10:41:32] [Worker-Main-8/DEBUG] (FabricLoader/Mixin) Mixing KeyedResourceReloaderMixin from fabric-resource-loader-v1.mixins.json into net.minecraft.server.ServerFunctionLibrary
[10:41:32] [Render thread/INFO] (net.minecraft.world.item.crafting.RecipeManager) Loaded 1767 recipes
[10:41:32] [Render thread/DEBUG] (FabricLoader/Mixin) Mixing advancement.AdvancementBuilderMixin from fabric-data-generation-api-v1.mixins.json into net.minecraft.advancements.Advancement$Builder
[10:41:32] [Render thread/DEBUG] (FabricLoader/Mixin) Mixing AdvancementBuilderMixin from fabric-advancement-api-v1.mixins.json into net.minecraft.advancements.Advancement$Builder
[10:41:32] [Render thread/DEBUG] (FabricLoader/Mixin) Renaming synthetic method lambda$requireCriteria$0(Ljava/util/List;Lnet/minecraft/advancements/AdvancementRequirements;)V to mdf26aa6$fabric-advancement-api-v1$lambda$requireCriteria$0$0 in fabric-advancement-api-v1.mixins.json:AdvancementBuilderMixin from mod fabric-advancement-api-v1
[10:41:32] [Render thread/DEBUG] (FabricLoader/Mixin) fabric-advancement-api-v1.mixins.json:AdvancementBuilderMixin from mod fabric-advancement-api-v1->@Inject::addModifiedCriterion(Ljava/lang/String;Lnet/minecraft/advancements/triggers/Criterion;Lorg/spongepowered/asm/mixin/injection/callback/CallbackInfoReturnable;)V does use it's CallbackInfoReturnable
[10:41:32] [Render thread/INFO] (net.minecraft.advancements.AdvancementTree) Loaded 1817 advancements
[10:41:32] [Render thread/DEBUG] (REI) [REI] Player quit, clearing reload tasks!
[10:41:32] [Render thread/DEBUG] (REI) [REI] Did not fulfill the request of termination of REI reload tasks because there are no uninterrupted running tasks. This is not an error.
[10:41:32] [Render thread/DEBUG] (FabricLoader/Mixin) Mixing ChunkStatusTasksMixin from fabric-lifecycle-events-v1.mixins.json into net.minecraft.world.level.chunk.status.ChunkStatusTasks
[10:41:32] [Render thread/DEBUG] (FabricLoader/Mixin) fabric-lifecycle-events-v1.mixins.json:ChunkStatusTasksMixin from mod fabric-lifecycle-events-v1->@Inject::onChunkLoad(Lnet/minecraft/world/level/chunk/ChunkAccess;Lnet/minecraft/world/level/chunk/status/WorldGenContext;Lnet/minecraft/server/level/GenerationChunkHolder;Lorg/spongepowered/asm/mixin/injection/callback/CallbackInfoReturnable;)V does use it's CallbackInfoReturnable
[10:41:32] [Render thread/DEBUG] (FabricLoader/Mixin) Mixing PlayerListMixin from fabric-networking-api-v1.mixins.json into net.minecraft.server.players.PlayerList
[10:41:32] [Render thread/DEBUG] (FabricLoader/Mixin) Mixing PlayerListMixin from fabric-lifecycle-events-v1.mixins.json into net.minecraft.server.players.PlayerList
[10:41:32] [Render thread/DEBUG] (FabricLoader/Mixin) Mixing PlayerListMixin from fabric-message-api-v1.mixins.json into net.minecraft.server.players.PlayerList
[10:41:32] [Render thread/DEBUG] (FabricLoader/Mixin) Mixing MixinPlayerList from architectury.mixins.json into net.minecraft.server.players.PlayerList
[10:41:32] [Render thread/DEBUG] (FabricLoader/Mixin) Mixing PlayerListMixin from fabric-entity-events-v1.mixins.json into net.minecraft.server.players.PlayerList
[10:41:32] [Render thread/DEBUG] (FabricLoader/Mixin) fabric-networking-api-v1.mixins.json:PlayerListMixin from mod fabric-networking-api-v1->@Inject::handlePlayerConnection(Lnet/minecraft/network/Connection;Lnet/minecraft/server/level/ServerPlayer;Lnet/minecraft/server/network/CommonListenerCookie;Lorg/spongepowered/asm/mixin/injection/callback/CallbackInfo;)V doesn't use it's CallbackInfo
[10:41:32] [Render thread/DEBUG] (FabricLoader/Mixin) fabric-networking-api-v1.mixins.json:PlayerListMixin from mod fabric-networking-api-v1->@Inject::handlePlayerConnection(Lnet/minecraft/network/Connection;Lnet/minecraft/server/level/ServerPlayer;Lnet/minecraft/server/network/CommonListenerCookie;Lorg/spongepowered/asm/mixin/injection/callback/CallbackInfo;)V has 0 override(s) in child classes
[10:41:32] [Render thread/DEBUG] (FabricLoader/Mixin) fabric-networking-api-v1.mixins.json:PlayerListMixin from mod fabric-networking-api-v1->@Inject::handlePlayerConnection(Lnet/minecraft/network/Connection;Lnet/minecraft/server/level/ServerPlayer;Lnet/minecraft/server/network/CommonListenerCookie;Lorg/spongepowered/asm/mixin/injection/callback/CallbackInfo;)V won't be passed a CallbackInfo as a result
[10:41:32] [Render thread/DEBUG] (FabricLoader/Mixin) fabric-lifecycle-events-v1.mixins.json:PlayerListMixin from mod fabric-lifecycle-events-v1->@Inject::hookOnPlayerConnect(Lnet/minecraft/network/Connection;Lnet/minecraft/server/level/ServerPlayer;Lnet/minecraft/server/network/CommonListenerCookie;Lorg/spongepowered/asm/mixin/injection/callback/CallbackInfo;)V doesn't use it's CallbackInfo
[10:41:32] [Render thread/DEBUG] (FabricLoader/Mixin) fabric-lifecycle-events-v1.mixins.json:PlayerListMixin from mod fabric-lifecycle-events-v1->@Inject::hookOnPlayerConnect(Lnet/minecraft/network/Connection;Lnet/minecraft/server/level/ServerPlayer;Lnet/minecraft/server/network/CommonListenerCookie;Lorg/spongepowered/asm/mixin/injection/callback/CallbackInfo;)V has 0 override(s) in child classes
[10:41:32] [Render thread/DEBUG] (FabricLoader/Mixin) fabric-lifecycle-events-v1.mixins.json:PlayerListMixin from mod fabric-lifecycle-events-v1->@Inject::hookOnPlayerConnect(Lnet/minecraft/network/Connection;Lnet/minecraft/server/level/ServerPlayer;Lnet/minecraft/server/network/CommonListenerCookie;Lorg/spongepowered/asm/mixin/injection/callback/CallbackInfo;)V won't be passed a CallbackInfo as a result
[10:41:32] [Render thread/DEBUG] (FabricLoader/Mixin) fabric-lifecycle-events-v1.mixins.json:PlayerListMixin from mod fabric-lifecycle-events-v1->@Inject::hookOnDataPacksReloaded(Lorg/spongepowered/asm/mixin/injection/callback/CallbackInfo;)V doesn't use it's CallbackInfo
[10:41:32] [Render thread/DEBUG] (FabricLoader/Mixin) fabric-lifecycle-events-v1.mixins.json:PlayerListMixin from mod fabric-lifecycle-events-v1->@Inject::hookOnDataPacksReloaded(Lorg/spongepowered/asm/mixin/injection/callback/CallbackInfo;)V has 0 override(s) in child classes
[10:41:32] [Render thread/DEBUG] (FabricLoader/Mixin) fabric-lifecycle-events-v1.mixins.json:PlayerListMixin from mod fabric-lifecycle-events-v1->@Inject::hookOnDataPacksReloaded(Lorg/spongepowered/asm/mixin/injection/callback/CallbackInfo;)V won't be passed a CallbackInfo as a result
[10:41:32] [Render thread/DEBUG] (FabricLoader/Mixin) fabric-message-api-v1.mixins.json:PlayerListMixin from mod fabric-message-api-v1->@Inject::onSendChatMessage(Lnet/minecraft/network/chat/PlayerChatMessage;Lnet/minecraft/server/level/ServerPlayer;Lnet/minecraft/network/chat/ChatType$Bound;Lorg/spongepowered/asm/mixin/injection/callback/CallbackInfo;)V does use it's CallbackInfo
[10:41:32] [Render thread/DEBUG] (FabricLoader/Mixin) fabric-message-api-v1.mixins.json:PlayerListMixin from mod fabric-message-api-v1->@Inject::onSendGameMessage(Lnet/minecraft/network/chat/Component;Ljava/util/function/Function;ZLorg/spongepowered/asm/mixin/injection/callback/CallbackInfo;)V does use it's CallbackInfo
[10:41:32] [Render thread/DEBUG] (FabricLoader/Mixin) fabric-message-api-v1.mixins.json:PlayerListMixin from mod fabric-message-api-v1->@Inject::onSendCommandMessage(Lnet/minecraft/network/chat/PlayerChatMessage;Lnet/minecraft/commands/CommandSourceStack;Lnet/minecraft/network/chat/ChatType$Bound;Lorg/spongepowered/asm/mixin/injection/callback/CallbackInfo;)V does use it's CallbackInfo
[10:41:32] [Render thread/DEBUG] (FabricLoader/Mixin) architectury.mixins.json:MixinPlayerList from mod architectury->@Inject::placeNewPlayer(Lnet/minecraft/network/Connection;Lnet/minecraft/server/level/ServerPlayer;Lnet/minecraft/server/network/CommonListenerCookie;Lorg/spongepowered/asm/mixin/injection/callback/CallbackInfo;)V doesn't use it's CallbackInfo
[10:41:32] [Render thread/DEBUG] (FabricLoader/Mixin) architectury.mixins.json:MixinPlayerList from mod architectury->@Inject::placeNewPlayer(Lnet/minecraft/network/Connection;Lnet/minecraft/server/level/ServerPlayer;Lnet/minecraft/server/network/CommonListenerCookie;Lorg/spongepowered/asm/mixin/injection/callback/CallbackInfo;)V has 0 override(s) in child classes
[10:41:32] [Render thread/DEBUG] (FabricLoader/Mixin) architectury.mixins.json:MixinPlayerList from mod architectury->@Inject::placeNewPlayer(Lnet/minecraft/network/Connection;Lnet/minecraft/server/level/ServerPlayer;Lnet/minecraft/server/network/CommonListenerCookie;Lorg/spongepowered/asm/mixin/injection/callback/CallbackInfo;)V won't be passed a CallbackInfo as a result
[10:41:32] [Render thread/DEBUG] (FabricLoader/Mixin) architectury.mixins.json:MixinPlayerList from mod architectury->@Inject::remove(Lnet/minecraft/server/level/ServerPlayer;Lorg/spongepowered/asm/mixin/injection/callback/CallbackInfo;)V doesn't use it's CallbackInfo
[10:41:32] [Render thread/DEBUG] (FabricLoader/Mixin) architectury.mixins.json:MixinPlayerList from mod architectury->@Inject::remove(Lnet/minecraft/server/level/ServerPlayer;Lorg/spongepowered/asm/mixin/injection/callback/CallbackInfo;)V has 0 override(s) in child classes
[10:41:32] [Render thread/DEBUG] (FabricLoader/Mixin) architectury.mixins.json:MixinPlayerList from mod architectury->@Inject::remove(Lnet/minecraft/server/level/ServerPlayer;Lorg/spongepowered/asm/mixin/injection/callback/CallbackInfo;)V won't be passed a CallbackInfo as a result
[10:41:32] [Render thread/DEBUG] (FabricLoader/Mixin) architectury.mixins.json:MixinPlayerList from mod architectury->@Inject::respawn(Lnet/minecraft/server/level/ServerPlayer;ZLnet/minecraft/world/entity/Entity$RemovalReason;Lorg/spongepowered/asm/mixin/injection/callback/CallbackInfoReturnable;)V does use it's CallbackInfoReturnable
[10:41:32] [Render thread/DEBUG] (FabricLoader/Mixin) fabric-entity-events-v1.mixins.json:PlayerListMixin from mod fabric-entity-events-v1->@Inject::afterRespawn(Lnet/minecraft/server/level/ServerPlayer;ZLnet/minecraft/world/entity/Entity$RemovalReason;Lorg/spongepowered/asm/mixin/injection/callback/CallbackInfoReturnable;)V does use it's CallbackInfoReturnable
[10:41:32] [Render thread/DEBUG] (FabricLoader/Mixin) fabric-entity-events-v1.mixins.json:PlayerListMixin from mod fabric-entity-events-v1->@Inject::firePlayerJoinEvent(Lnet/minecraft/network/Connection;Lnet/minecraft/server/level/ServerPlayer;Lnet/minecraft/server/network/CommonListenerCookie;Lorg/spongepowered/asm/mixin/injection/callback/CallbackInfo;)V doesn't use it's CallbackInfo
[10:41:32] [Render thread/DEBUG] (FabricLoader/Mixin) fabric-entity-events-v1.mixins.json:PlayerListMixin from mod fabric-entity-events-v1->@Inject::firePlayerJoinEvent(Lnet/minecraft/network/Connection;Lnet/minecraft/server/level/ServerPlayer;Lnet/minecraft/server/network/CommonListenerCookie;Lorg/spongepowered/asm/mixin/injection/callback/CallbackInfo;)V has 0 override(s) in child classes
[10:41:32] [Render thread/DEBUG] (FabricLoader/Mixin) fabric-entity-events-v1.mixins.json:PlayerListMixin from mod fabric-entity-events-v1->@Inject::firePlayerJoinEvent(Lnet/minecraft/network/Connection;Lnet/minecraft/server/level/ServerPlayer;Lnet/minecraft/server/network/CommonListenerCookie;Lorg/spongepowered/asm/mixin/injection/callback/CallbackInfo;)V won't be passed a CallbackInfo as a result
[10:41:32] [Render thread/DEBUG] (FabricLoader/Mixin) fabric-entity-events-v1.mixins.json:PlayerListMixin from mod fabric-entity-events-v1->@Inject::firePlayerLeaveEvent(Lnet/minecraft/server/level/ServerPlayer;Lorg/spongepowered/asm/mixin/injection/callback/CallbackInfo;)V doesn't use it's CallbackInfo
[10:41:32] [Render thread/DEBUG] (FabricLoader/Mixin) fabric-entity-events-v1.mixins.json:PlayerListMixin from mod fabric-entity-events-v1->@Inject::firePlayerLeaveEvent(Lnet/minecraft/server/level/ServerPlayer;Lorg/spongepowered/asm/mixin/injection/callback/CallbackInfo;)V has 0 override(s) in child classes
[10:41:32] [Render thread/DEBUG] (FabricLoader/Mixin) fabric-entity-events-v1.mixins.json:PlayerListMixin from mod fabric-entity-events-v1->@Inject::firePlayerLeaveEvent(Lnet/minecraft/server/level/ServerPlayer;Lorg/spongepowered/asm/mixin/injection/callback/CallbackInfo;)V won't be passed a CallbackInfo as a result
[10:41:32] [Render thread/DEBUG] (FabricLoader/Mixin) Mixing ServerDebugSubscribersMixin from fabric-debug-api-v1.mixins.json into net.minecraft.util.debug.ServerDebugSubscribers
[10:41:32] [Render thread/DEBUG] (FabricLoader/Mixin) Mixing SavedDataStorageMixin from fabric-object-builder-v1.mixins.json into net.minecraft.world.level.storage.SavedDataStorage
[10:41:32] [Render thread/DEBUG] (FabricLoader/Mixin) Generating mapped inner class net/minecraft/world/level/levelgen/structure/templatesystem/StructureTemplateManager$Anonymous$2385a326ce863bc0bf2a11ea898a45b4 (originally net/fabricmc/fabric/mixin/gametest/StructureTemplateManagerMixin$1)
[10:41:32] [Render thread/DEBUG] (FabricLoader/Mixin) Mixing BrewingRecipeRegMixin from stargazer.mixins.json into net.minecraft.world.item.alchemy.PotionBrewing
[10:41:32] [Render thread/DEBUG] (FabricLoader/Mixin) stargazer.mixins.json:BrewingRecipeRegMixin from mod stargazer->@Inject::reg(Lnet/minecraft/world/item/alchemy/PotionBrewing$Builder;Lorg/spongepowered/asm/mixin/injection/callback/CallbackInfo;)V doesn't use it's CallbackInfo
[10:41:32] [Render thread/DEBUG] (FabricLoader/Mixin) Mixing PotionBrewingBuilderMixin from fabric-content-registries-v0.mixins.json into net.minecraft.world.item.alchemy.PotionBrewing$Builder
[10:41:32] [Render thread/DEBUG] (FabricLoader/Mixin) fabric-content-registries-v0.mixins.json:PotionBrewingBuilderMixin from mod fabric-content-registries-v0->@Inject::build(Lorg/spongepowered/asm/mixin/injection/callback/CallbackInfoReturnable;)V doesn't use it's CallbackInfoReturnable
[10:41:32] [Render thread/DEBUG] (FabricLoader/Mixin) fabric-content-registries-v0.mixins.json:PotionBrewingBuilderMixin from mod fabric-content-registries-v0->@Inject::build(Lorg/spongepowered/asm/mixin/injection/callback/CallbackInfoReturnable;)V has 0 override(s) in child classes
[10:41:32] [Render thread/DEBUG] (FabricLoader/Mixin) fabric-content-registries-v0.mixins.json:PotionBrewingBuilderMixin from mod fabric-content-registries-v0->@Inject::build(Lorg/spongepowered/asm/mixin/injection/callback/CallbackInfoReturnable;)V won't be passed a CallbackInfoReturnable as a result
[10:41:32] [Render thread/DEBUG] (FabricLoader/Mixin) Mixing FuelValuesMixin from fabric-content-registries-v0.mixins.json into net.minecraft.world.level.block.entity.FuelValues
[10:41:32] [Render thread/INFO] (net.fabricmc.fabric.impl.biome.modification.BiomeModificationImpl) Applied 27 biome modifications to 9 of 85 new biomes in 4.952 ms
[10:41:32] [Render thread/DEBUG] (FabricLoader/Mixin) Mixing AttachmentTargetsMixin from fabric-data-attachment-api-v1.mixins.json into net.fabricmc.fabric.impl.attachment.GlobalAttachmentsImpl
[10:41:32] [Server thread/INFO] (net.minecraft.client.server.IntegratedServer) Starting integrated minecraft server version 26.2
[10:41:32] [Server thread/INFO] (net.minecraft.server.MinecraftServer) Generating keypair
[10:41:32] [Server thread/DEBUG] (FabricLoader/Mixin) Mixing MixinPhantomSpawner from architectury.mixins.json into net.minecraft.world.level.levelgen.PhantomSpawner
[10:41:32] [Server thread/DEBUG] (FabricLoader/Mixin) architectury.mixins.json:MixinPhantomSpawner from mod architectury->@Inject::checkPhantomSpawn(Lnet/minecraft/server/level/ServerLevel;ZLorg/spongepowered/asm/mixin/injection/callback/CallbackInfo;)V does use it's CallbackInfo
[10:41:32] [Server thread/DEBUG] (FabricLoader/Mixin) Mixing MixinPatrolSpawner from architectury.mixins.json into net.minecraft.world.level.levelgen.PatrolSpawner
[10:41:32] [Server thread/DEBUG] (FabricLoader/Mixin) architectury.mixins.json:MixinPatrolSpawner from mod architectury->@Inject::checkPatrolSpawn(Lnet/minecraft/server/level/ServerLevel;Lnet/minecraft/core/BlockPos;Lnet/minecraft/util/RandomSource;ZLorg/spongepowered/asm/mixin/injection/callback/CallbackInfoReturnable;)V does use it's CallbackInfoReturnable
[10:41:32] [Server thread/DEBUG] (FabricLoader/Mixin) Mixing MixinCatSpawner from architectury.mixins.json into net.minecraft.world.entity.npc.CatSpawner
[10:41:32] [Server thread/DEBUG] (FabricLoader/Mixin) architectury.mixins.json:MixinCatSpawner from mod architectury->@Inject::checkCatSpawn(Lnet/minecraft/core/BlockPos;Lnet/minecraft/server/level/ServerLevel;ZLorg/spongepowered/asm/mixin/injection/callback/CallbackInfo;)V does use it's CallbackInfo
[10:41:32] [Server thread/DEBUG] (FabricLoader/Mixin) Mixing PersistentEntitySectionManagerMixin from fabric-lifecycle-events-v1.mixins.json into net.minecraft.world.level.entity.PersistentEntitySectionManager
[10:41:32] [Server thread/DEBUG] (FabricLoader/Mixin) Mixing MixinPersistentEntitySectionManager from architectury.mixins.json into net.minecraft.world.level.entity.PersistentEntitySectionManager
[10:41:32] [Server thread/DEBUG] (FabricLoader/Mixin) fabric-lifecycle-events-v1.mixins.json:PersistentEntitySectionManagerMixin from mod fabric-lifecycle-events-v1->@Inject::beforeAddEntity(Lnet/minecraft/world/level/entity/EntityAccess;ZLorg/spongepowered/asm/mixin/injection/callback/CallbackInfoReturnable;)V does use it's CallbackInfoReturnable
[10:41:32] [Server thread/DEBUG] (FabricLoader/Mixin) architectury.mixins.json:MixinPersistentEntitySectionManager from mod architectury->@Inject::addEntity(Lnet/minecraft/world/level/entity/EntityAccess;ZLorg/spongepowered/asm/mixin/injection/callback/CallbackInfoReturnable;)V does use it's CallbackInfoReturnable
[10:41:32] [Server thread/DEBUG] (FabricLoader/Mixin) Mixing ServerLevelEntityCallbacksMixin from fabric-lifecycle-events-v1.mixins.json into net.minecraft.server.level.ServerLevel$EntityCallbacks
[10:41:32] [Server thread/DEBUG] (FabricLoader/Mixin) fabric-lifecycle-events-v1.mixins.json:ServerLevelEntityCallbacksMixin from mod fabric-lifecycle-events-v1->@Inject::invokeEntityLoadEvent(Lnet/minecraft/world/entity/Entity;Lorg/spongepowered/asm/mixin/injection/callback/CallbackInfo;)V doesn't use it's CallbackInfo
[10:41:32] [Server thread/DEBUG] (FabricLoader/Mixin) fabric-lifecycle-events-v1.mixins.json:ServerLevelEntityCallbacksMixin from mod fabric-lifecycle-events-v1->@Inject::invokeEntityUnloadEvent(Lnet/minecraft/world/entity/Entity;Lorg/spongepowered/asm/mixin/injection/callback/CallbackInfo;)V doesn't use it's CallbackInfo
[10:41:32] [Server thread/DEBUG] (FabricLoader/Mixin) Mixing accessor.ChunkMapAccessor from fabric-networking-api-v1.mixins.json into net.minecraft.server.level.ChunkMap
[10:41:32] [Server thread/DEBUG] (FabricLoader/Mixin) Mixing ChunkMapMixin from fabric-lifecycle-events-v1.mixins.json into net.minecraft.server.level.ChunkMap
[10:41:32] [Server thread/DEBUG] (FabricLoader/Mixin) Mixing MixinChunkMap from architectury.mixins.json into net.minecraft.server.level.ChunkMap
[10:41:32] [Server thread/DEBUG] (FabricLoader/Mixin) fabric-lifecycle-events-v1.mixins.json:ChunkMapMixin from mod fabric-lifecycle-events-v1->@Inject::onChunkUnload(Lnet/minecraft/server/level/ChunkHolder;Ljava/util/concurrent/CompletableFuture;JLorg/spongepowered/asm/mixin/injection/callback/CallbackInfo;)V doesn't use it's CallbackInfo
[10:41:32] [Server thread/DEBUG] (FabricLoader/Mixin) fabric-lifecycle-events-v1.mixins.json:ChunkMapMixin from mod fabric-lifecycle-events-v1->@Inject::onChunkUnload(Lnet/minecraft/server/level/ChunkHolder;Ljava/util/concurrent/CompletableFuture;JLorg/spongepowered/asm/mixin/injection/callback/CallbackInfo;)V has 0 override(s) in child classes
[10:41:32] [Server thread/DEBUG] (FabricLoader/Mixin) fabric-lifecycle-events-v1.mixins.json:ChunkMapMixin from mod fabric-lifecycle-events-v1->@Inject::onChunkUnload(Lnet/minecraft/server/level/ChunkHolder;Ljava/util/concurrent/CompletableFuture;JLorg/spongepowered/asm/mixin/injection/callback/CallbackInfo;)V won't be passed a CallbackInfo as a result
[10:41:32] [Server thread/DEBUG] (FabricLoader/Mixin) architectury.mixins.json:MixinChunkMap from mod architectury->@Inject::save(Lnet/minecraft/world/level/chunk/ChunkAccess;Lorg/spongepowered/asm/mixin/injection/callback/CallbackInfoReturnable;)V doesn't use it's CallbackInfoReturnable
[10:41:32] [Server thread/DEBUG] (FabricLoader/Mixin) architectury.mixins.json:MixinChunkMap from mod architectury->@Inject::save(Lnet/minecraft/world/level/chunk/ChunkAccess;Lorg/spongepowered/asm/mixin/injection/callback/CallbackInfoReturnable;)V has 0 override(s) in child classes
[10:41:32] [Server thread/DEBUG] (FabricLoader/Mixin) architectury.mixins.json:MixinChunkMap from mod architectury->@Inject::save(Lnet/minecraft/world/level/chunk/ChunkAccess;Lorg/spongepowered/asm/mixin/injection/callback/CallbackInfoReturnable;)V won't be passed a CallbackInfoReturnable as a result
[10:41:32] [Server thread/DEBUG] (FabricLoader/Mixin) Mixing ChunkHolderMixin from fabric-lifecycle-events-v1.mixins.json into net.minecraft.server.level.ChunkHolder
[10:41:32] [Server thread/DEBUG] (FabricLoader/Mixin) Mixing ChunkHolderMixin from fabric-data-attachment-api-v1.mixins.json into net.minecraft.server.level.ChunkHolder
[10:41:32] [Server thread/DEBUG] (FabricLoader/Mixin) fabric-lifecycle-events-v1.mixins.json:ChunkHolderMixin from mod fabric-lifecycle-events-v1->@Inject::updateFutures$inaccessibleToFull(Lnet/minecraft/server/level/ChunkMap;Ljava/util/concurrent/Executor;Lorg/spongepowered/asm/mixin/injection/callback/CallbackInfo;)V doesn't use it's CallbackInfo
[10:41:32] [Server thread/DEBUG] (FabricLoader/Mixin) fabric-lifecycle-events-v1.mixins.json:ChunkHolderMixin from mod fabric-lifecycle-events-v1->@Inject::updateFutures$inaccessibleToFull(Lnet/minecraft/server/level/ChunkMap;Ljava/util/concurrent/Executor;Lorg/spongepowered/asm/mixin/injection/callback/CallbackInfo;)V has 0 override(s) in child classes
[10:41:32] [Server thread/DEBUG] (FabricLoader/Mixin) fabric-lifecycle-events-v1.mixins.json:ChunkHolderMixin from mod fabric-lifecycle-events-v1->@Inject::updateFutures$inaccessibleToFull(Lnet/minecraft/server/level/ChunkMap;Ljava/util/concurrent/Executor;Lorg/spongepowered/asm/mixin/injection/callback/CallbackInfo;)V won't be passed a CallbackInfo as a result
[10:41:32] [Server thread/DEBUG] (FabricLoader/Mixin) fabric-lifecycle-events-v1.mixins.json:ChunkHolderMixin from mod fabric-lifecycle-events-v1->@Inject::updateFutures$fullToBlockTicking(Lnet/minecraft/server/level/ChunkMap;Ljava/util/concurrent/Executor;Lorg/spongepowered/asm/mixin/injection/callback/CallbackInfo;)V doesn't use it's CallbackInfo
[10:41:32] [Server thread/DEBUG] (FabricLoader/Mixin) fabric-lifecycle-events-v1.mixins.json:ChunkHolderMixin from mod fabric-lifecycle-events-v1->@Inject::updateFutures$fullToBlockTicking(Lnet/minecraft/server/level/ChunkMap;Ljava/util/concurrent/Executor;Lorg/spongepowered/asm/mixin/injection/callback/CallbackInfo;)V has 0 override(s) in child classes
[10:41:32] [Server thread/DEBUG] (FabricLoader/Mixin) fabric-lifecycle-events-v1.mixins.json:ChunkHolderMixin from mod fabric-lifecycle-events-v1->@Inject::updateFutures$fullToBlockTicking(Lnet/minecraft/server/level/ChunkMap;Ljava/util/concurrent/Executor;Lorg/spongepowered/asm/mixin/injection/callback/CallbackInfo;)V won't be passed a CallbackInfo as a result
[10:41:32] [Server thread/DEBUG] (FabricLoader/Mixin) fabric-lifecycle-events-v1.mixins.json:ChunkHolderMixin from mod fabric-lifecycle-events-v1->@Inject::updateFutures$blockTickingToEntityTicking(Lnet/minecraft/server/level/ChunkMap;Ljava/util/concurrent/Executor;Lorg/spongepowered/asm/mixin/injection/callback/CallbackInfo;)V doesn't use it's CallbackInfo
[10:41:32] [Server thread/DEBUG] (FabricLoader/Mixin) fabric-lifecycle-events-v1.mixins.json:ChunkHolderMixin from mod fabric-lifecycle-events-v1->@Inject::updateFutures$blockTickingToEntityTicking(Lnet/minecraft/server/level/ChunkMap;Ljava/util/concurrent/Executor;Lorg/spongepowered/asm/mixin/injection/callback/CallbackInfo;)V has 0 override(s) in child classes
[10:41:32] [Server thread/DEBUG] (FabricLoader/Mixin) fabric-lifecycle-events-v1.mixins.json:ChunkHolderMixin from mod fabric-lifecycle-events-v1->@Inject::updateFutures$blockTickingToEntityTicking(Lnet/minecraft/server/level/ChunkMap;Ljava/util/concurrent/Executor;Lorg/spongepowered/asm/mixin/injection/callback/CallbackInfo;)V won't be passed a CallbackInfo as a result
[10:41:32] [Server thread/DEBUG] (FabricLoader/Mixin) fabric-lifecycle-events-v1.mixins.json:ChunkHolderMixin from mod fabric-lifecycle-events-v1->@Inject::decreaseLevel(Lnet/minecraft/server/level/ChunkMap;Lnet/minecraft/server/level/FullChunkStatus;Lorg/spongepowered/asm/mixin/injection/callback/CallbackInfo;)V doesn't use it's CallbackInfo
[10:41:32] [Server thread/DEBUG] (FabricLoader/Mixin) fabric-lifecycle-events-v1.mixins.json:ChunkHolderMixin from mod fabric-lifecycle-events-v1->@Inject::decreaseLevel(Lnet/minecraft/server/level/ChunkMap;Lnet/minecraft/server/level/FullChunkStatus;Lorg/spongepowered/asm/mixin/injection/callback/CallbackInfo;)V has 0 override(s) in child classes
[10:41:32] [Server thread/DEBUG] (FabricLoader/Mixin) fabric-lifecycle-events-v1.mixins.json:ChunkHolderMixin from mod fabric-lifecycle-events-v1->@Inject::decreaseLevel(Lnet/minecraft/server/level/ChunkMap;Lnet/minecraft/server/level/FullChunkStatus;Lorg/spongepowered/asm/mixin/injection/callback/CallbackInfo;)V won't be passed a CallbackInfo as a result
[10:41:32] [Server thread/DEBUG] (FabricLoader/Mixin) fabric-data-attachment-api-v1.mixins.json:ChunkHolderMixin from mod fabric-data-attachment-api-v1->@Inject::broadcastBlockEntity(Ljava/util/List;Lnet/minecraft/world/level/Level;Lnet/minecraft/core/BlockPos;Lorg/spongepowered/asm/mixin/injection/callback/CallbackInfo;)V doesn't use it's CallbackInfo
[10:41:32] [Server thread/DEBUG] (FabricLoader/Mixin) fabric-data-attachment-api-v1.mixins.json:ChunkHolderMixin from mod fabric-data-attachment-api-v1->@Inject::broadcastBlockEntity(Ljava/util/List;Lnet/minecraft/world/level/Level;Lnet/minecraft/core/BlockPos;Lorg/spongepowered/asm/mixin/injection/callback/CallbackInfo;)V has 0 override(s) in child classes
[10:41:32] [Server thread/DEBUG] (FabricLoader/Mixin) fabric-data-attachment-api-v1.mixins.json:ChunkHolderMixin from mod fabric-data-attachment-api-v1->@Inject::broadcastBlockEntity(Ljava/util/List;Lnet/minecraft/world/level/Level;Lnet/minecraft/core/BlockPos;Lorg/spongepowered/asm/mixin/injection/callback/CallbackInfo;)V won't be passed a CallbackInfo as a result
[10:41:32] [Server thread/DEBUG] (FabricLoader/Mixin) Mixing RandomStateMixin from fabric-biome-api-v1.mixins.json into net.minecraft.world.level.levelgen.RandomState
[10:41:32] [Server thread/DEBUG] (FabricLoader/Mixin) fabric-biome-api-v1.mixins.json:RandomStateMixin from mod fabric-biome-api-v1->@Inject::init(Lnet/minecraft/world/level/levelgen/NoiseGeneratorSettings;Lnet/minecraft/core/HolderGetter;JLorg/spongepowered/asm/mixin/injection/callback/CallbackInfo;)V doesn't use it's CallbackInfo
[10:41:32] [Server thread/DEBUG] (FabricLoader/Mixin) Mixing ClimateSamplerMixin from fabric-biome-api-v1.mixins.json into net.minecraft.world.level.biome.Climate$Sampler
[10:41:32] [Server thread/DEBUG] (FabricLoader/Mixin) Mixing TagValueInputMixin from fabric-serialization-api-v1.mixins.json into net.minecraft.world.level.storage.TagValueInput
[10:41:32] [Server thread/DEBUG] (FabricLoader/Mixin) Mixing ValueInputMixin from fabric-serialization-api-v1.mixins.json into net.minecraft.world.level.storage.ValueInput
[10:41:32] [Server thread/INFO] (net.minecraft.server.level.progress.LoggingLevelLoadListener) Loading 0 persistent chunks...
[10:41:32] [Server thread/INFO] (net.minecraft.server.MinecraftServer) Saving chunks for level 'ServerLevel[New World]'/minecraft:overworld
[10:41:32] [Server thread/INFO] (net.minecraft.server.MinecraftServer) Saving chunks for level 'ServerLevel[New World]'/minecraft:the_end
[10:41:32] [Server thread/INFO] (net.minecraft.server.MinecraftServer) Saving chunks for level 'ServerLevel[New World]'/stargazer:chess
[10:41:32] [Server thread/INFO] (net.minecraft.server.MinecraftServer) Saving chunks for level 'ServerLevel[New World]'/stargazer:red_orb
[10:41:32] [Server thread/INFO] (net.minecraft.server.MinecraftServer) Saving chunks for level 'ServerLevel[New World]'/stargazer:wander
[10:41:32] [Server thread/INFO] (net.minecraft.server.MinecraftServer) Saving chunks for level 'ServerLevel[New World]'/minecraft:the_nether
[10:41:32] [Server thread/INFO] (net.minecraft.server.MinecraftServer) Saving chunks for level 'ServerLevel[New World]'/stargazer:cosmic
[10:41:32] [Server thread/INFO] (net.minecraft.server.MinecraftServer) ThreadedAnvilChunkStorage (world): All chunks are saved
[10:41:32] [Server thread/INFO] (net.minecraft.server.MinecraftServer) ThreadedAnvilChunkStorage (DIM1): All chunks are saved
[10:41:32] [Server thread/INFO] (net.minecraft.server.MinecraftServer) ThreadedAnvilChunkStorage (chess): All chunks are saved
[10:41:32] [Server thread/INFO] (net.minecraft.server.MinecraftServer) ThreadedAnvilChunkStorage (red_orb): All chunks are saved
[10:41:32] [Server thread/INFO] (net.minecraft.server.MinecraftServer) ThreadedAnvilChunkStorage (wander): All chunks are saved
[10:41:32] [Server thread/INFO] (net.minecraft.server.MinecraftServer) ThreadedAnvilChunkStorage (DIM-1): All chunks are saved
[10:41:32] [Server thread/INFO] (net.minecraft.server.MinecraftServer) ThreadedAnvilChunkStorage (cosmic): All chunks are saved
[10:41:32] [Server thread/INFO] (net.minecraft.server.MinecraftServer) ThreadedAnvilChunkStorage: All dimensions are saved
[10:41:32] [Server thread/WARN] (net.fabricmc.fabric.impl.tag.convention.v2.TranslationConventionLogWarnings) 
	Dev warning - Untranslated Item Tags detected. Please translate your item tags so other mods such as recipe viewers can properly display your tag's name.
	The format desired is tag.item.<namespace>.<path> for the translation key with slashes in path turned into periods.
	To disable this message, set this system property in your runs: `-Dfabric-tag-conventions-v2.missingTagTranslationWarning=SILENCED`.
	To see individual untranslated item tags found, set the system property to `-Dfabric-tag-conventions-v2.missingTagTranslationWarning=VERBOSE`.
	Default is `SHORT`.

[10:41:32] [Server thread/INFO] (starlib) Loaded: 8 Cobble Gens
[10:41:32] [Server thread/INFO] (starlib) Loaded: 11 Falling Objects
[10:41:32] [Server thread/INFO] (starlib) Loaded: 5 Falling Objects Lists
[10:41:32] [Server thread/INFO] (stargazer) Loaded: 13 Star Patterns
[10:41:32] [Render thread/DEBUG] (io.netty.channel.MultithreadEventLoopGroup) -Dio.netty.eventLoopThreads: 24
[10:41:32] [Render thread/DEBUG] (io.netty.util.concurrent.GlobalEventExecutor) -Dio.netty.globalEventExecutor.quietPeriodSeconds: 1
[10:41:32] [Render thread/DEBUG] (io.netty.util.internal.PlatformDependent) org.jctools-core.MpscChunkedArrayQueue: available
[10:41:32] [Render thread/DEBUG] (io.netty.channel.DefaultChannelId) -Dio.netty.processId: 5179 (auto-detected)
[10:41:32] [Render thread/DEBUG] (io.netty.util.NetUtil) -Djava.net.preferIPv4Stack: false
[10:41:32] [Render thread/DEBUG] (io.netty.util.NetUtil) -Djava.net.preferIPv6Addresses: false
[10:41:32] [Render thread/DEBUG] (io.netty.util.NetUtilInitializations) Loopback interface: lo (lo, 0:0:0:0:0:0:0:1%lo)
[10:41:32] [Render thread/DEBUG] (io.netty.util.NetUtil) /proc/sys/net/core/somaxconn: 4096
[10:41:32] [Render thread/DEBUG] (io.netty.channel.DefaultChannelId) -Dio.netty.machineId: a6:7f:66:ff:fe:19:65:5c (auto-detected)
[10:41:32] [Render thread/DEBUG] (io.netty.bootstrap.ChannelInitializerExtensions) -Dio.netty.bootstrap.extensions: null
[10:41:32] [Render thread/DEBUG] (FabricLoader/Mixin) Mixing PacketDecoderMixin from fabric-networking-api-v1.mixins.json into net.minecraft.network.PacketDecoder
[10:41:32] [Render thread/DEBUG] (FabricLoader/Mixin) Renaming synthetic method lambda$wrapWithContext$0(Lcom/llamalad7/mixinextras/injector/wrapoperation/Operation;Lio/netty/channel/ChannelHandlerContext;Lio/netty/buffer/ByteBuf;Ljava/util/List;)V to mdf26aa6$fabric-networking-api-v1$lambda$wrapWithContext$0$0 in fabric-networking-api-v1.mixins.json:PacketDecoderMixin from mod fabric-networking-api-v1
[10:41:32] [Render thread/DEBUG] (FabricLoader/Mixin) Mixing accessor.PacketDecoderAccessor from fabric-networking-api-v1.mixins.json into net.minecraft.network.PacketDecoder
[10:41:32] [Render thread/DEBUG] (FabricLoader/Mixin) Mixing PacketEncoderMixin from fabric-networking-api-v1.mixins.json into net.minecraft.network.PacketEncoder
[10:41:32] [Render thread/DEBUG] (FabricLoader/Mixin) Renaming synthetic method lambda$wrapWithContext$0(Lcom/llamalad7/mixinextras/injector/wrapoperation/Operation;Lio/netty/channel/ChannelHandlerContext;Lnet/minecraft/network/protocol/Packet;Lio/netty/buffer/ByteBuf;)V to mdf26aa6$fabric-networking-api-v1$lambda$wrapWithContext$0$0 in fabric-networking-api-v1.mixins.json:PacketEncoderMixin from mod fabric-networking-api-v1
[10:41:32] [Render thread/DEBUG] (FabricLoader/Mixin) Mixing accessor.PacketEncoderAccessor from fabric-networking-api-v1.mixins.json into net.minecraft.network.PacketEncoder
[10:41:32] [Render thread/DEBUG] (FabricLoader/Mixin) Mixing MixinPacketEncoder from rei.mixins.json into net.minecraft.network.PacketEncoder
[10:41:32] [Render thread/DEBUG] (FabricLoader/Mixin) Renaming synthetic method lambda$failedToEncode$0(Lnet/minecraft/server/MinecraftServer;Ljava/lang/String;)V to mdf26aa6$roughlyenoughitems$lambda$failedToEncode$0$1 in rei.mixins.json:MixinPacketEncoder from mod roughlyenoughitems
[10:41:32] [Render thread/DEBUG] (FabricLoader/Mixin) fabric-networking-api-v1.mixins.json:PacketEncoderMixin from mod fabric-networking-api-v1->@Inject::handlePassthroughPacket(Lio/netty/channel/ChannelHandlerContext;Lnet/minecraft/network/protocol/Packet;Lio/netty/buffer/ByteBuf;Lorg/spongepowered/asm/mixin/injection/callback/CallbackInfo;)V does use it's CallbackInfo
[10:41:32] [Render thread/DEBUG] (FabricLoader/Mixin) rei.mixins.json:MixinPacketEncoder from mod roughlyenoughitems->@Inject::failedToEncode(Lio/netty/channel/ChannelHandlerContext;Lnet/minecraft/network/protocol/Packet;Lio/netty/buffer/ByteBuf;Lorg/spongepowered/asm/mixin/injection/callback/CallbackInfo;)V doesn't use it's CallbackInfo
[10:41:32] [Render thread/DEBUG] (FabricLoader/Mixin) rei.mixins.json:MixinPacketEncoder from mod roughlyenoughitems->@Inject::failedToEncode(Lio/netty/channel/ChannelHandlerContext;Lnet/minecraft/network/protocol/Packet;Lio/netty/buffer/ByteBuf;Lorg/spongepowered/asm/mixin/injection/callback/CallbackInfo;)V has 0 override(s) in child classes
[10:41:32] [Render thread/DEBUG] (FabricLoader/Mixin) rei.mixins.json:MixinPacketEncoder from mod roughlyenoughitems->@Inject::failedToEncode(Lio/netty/channel/ChannelHandlerContext;Lnet/minecraft/network/protocol/Packet;Lio/netty/buffer/ByteBuf;Lorg/spongepowered/asm/mixin/injection/callback/CallbackInfo;)V won't be passed a CallbackInfo as a result
[10:41:32] [Render thread/DEBUG] (FabricLoader/Mixin) Mixing IdDispatchCodecMixin from fabric-networking-api-v1.mixins.json into net.minecraft.network.codec.IdDispatchCodec
[10:41:32] [Render thread/DEBUG] (FabricLoader/Mixin) fabric-networking-api-v1.mixins.json:IdDispatchCodecMixin from mod fabric-networking-api-v1->@Inject::encode(Lio/netty/buffer/ByteBuf;Ljava/lang/Object;Lorg/spongepowered/asm/mixin/injection/callback/CallbackInfo;)V doesn't use it's CallbackInfo
[10:41:32] [Render thread/DEBUG] (FabricLoader/Mixin) fabric-networking-api-v1.mixins.json:IdDispatchCodecMixin from mod fabric-networking-api-v1->@Inject::encode(Lio/netty/buffer/ByteBuf;Ljava/lang/Object;Lorg/spongepowered/asm/mixin/injection/callback/CallbackInfo;)V has 0 override(s) in child classes
[10:41:32] [Render thread/DEBUG] (FabricLoader/Mixin) fabric-networking-api-v1.mixins.json:IdDispatchCodecMixin from mod fabric-networking-api-v1->@Inject::encode(Lio/netty/buffer/ByteBuf;Ljava/lang/Object;Lorg/spongepowered/asm/mixin/injection/callback/CallbackInfo;)V won't be passed a CallbackInfo as a result
[10:41:32] [Render thread/DEBUG] (FabricLoader/Mixin) fabric-networking-api-v1.mixins.json:IdDispatchCodecMixin from mod fabric-networking-api-v1->@Inject::decode(Lio/netty/buffer/ByteBuf;Lorg/spongepowered/asm/mixin/injection/callback/CallbackInfoReturnable;)V doesn't use it's CallbackInfoReturnable
[10:41:32] [Render thread/DEBUG] (FabricLoader/Mixin) fabric-networking-api-v1.mixins.json:IdDispatchCodecMixin from mod fabric-networking-api-v1->@Inject::decode(Lio/netty/buffer/ByteBuf;Lorg/spongepowered/asm/mixin/injection/callback/CallbackInfoReturnable;)V has 0 override(s) in child classes
[10:41:32] [Render thread/DEBUG] (FabricLoader/Mixin) fabric-networking-api-v1.mixins.json:IdDispatchCodecMixin from mod fabric-networking-api-v1->@Inject::decode(Lio/netty/buffer/ByteBuf;Lorg/spongepowered/asm/mixin/injection/callback/CallbackInfoReturnable;)V won't be passed a CallbackInfoReturnable as a result
[10:41:32] [Render thread/DEBUG] (FabricLoader/Mixin) fabric-networking-api-v1.mixins.json:IdDispatchCodecMixin from mod fabric-networking-api-v1->@Inject::decode(Lio/netty/buffer/ByteBuf;Lorg/spongepowered/asm/mixin/injection/callback/CallbackInfoReturnable;)V doesn't use it's CallbackInfoReturnable
[10:41:32] [Render thread/DEBUG] (FabricLoader/Mixin) fabric-networking-api-v1.mixins.json:IdDispatchCodecMixin from mod fabric-networking-api-v1->@Inject::decode(Lio/netty/buffer/ByteBuf;Lorg/spongepowered/asm/mixin/injection/callback/CallbackInfoReturnable;)V has 0 override(s) in child classes
[10:41:32] [Render thread/DEBUG] (FabricLoader/Mixin) fabric-networking-api-v1.mixins.json:IdDispatchCodecMixin from mod fabric-networking-api-v1->@Inject::decode(Lio/netty/buffer/ByteBuf;Lorg/spongepowered/asm/mixin/injection/callback/CallbackInfoReturnable;)V won't be passed a CallbackInfoReturnable as a result
[10:41:33] [Render thread/DEBUG] (FabricLoader/Mixin) Mixing ServerboundCustomQueryAnswerPacketMixin from fabric-networking-api-v1.mixins.json into net.minecraft.network.protocol.login.ServerboundCustomQueryAnswerPacket
[10:41:33] [Render thread/DEBUG] (FabricLoader/Mixin) fabric-networking-api-v1.mixins.json:ServerboundCustomQueryAnswerPacketMixin from mod fabric-networking-api-v1->@Inject::readResponse(ILnet/minecraft/network/FriendlyByteBuf;Lorg/spongepowered/asm/mixin/injection/callback/CallbackInfoReturnable;)V does use it's CallbackInfoReturnable
[10:41:33] [Render thread/DEBUG] (FabricLoader/Mixin) Mixing ClientboundCustomQueryPacketMixin from fabric-networking-api-v1.mixins.json into net.minecraft.network.protocol.login.ClientboundCustomQueryPacket
[10:41:33] [Render thread/DEBUG] (FabricLoader/Mixin) fabric-networking-api-v1.mixins.json:ClientboundCustomQueryPacketMixin from mod fabric-networking-api-v1->@Inject::readPayload(Lnet/minecraft/resources/Identifier;Lnet/minecraft/network/FriendlyByteBuf;Lorg/spongepowered/asm/mixin/injection/callback/CallbackInfoReturnable;)V does use it's CallbackInfoReturnable
[10:41:33] [Netty Local IO #1/DEBUG] (io.netty.buffer.AbstractByteBuf) -Dio.netty.buffer.checkAccessible: true
[10:41:33] [Netty Local IO #1/DEBUG] (io.netty.buffer.AbstractByteBuf) -Dio.netty.buffer.checkBounds: true
[10:41:33] [Netty Local IO #1/DEBUG] (io.netty.util.ResourceLeakDetectorFactory) Loaded default ResourceLeakDetector: io.netty.util.ResourceLeakDetector@1fc2260d
[10:41:33] [Netty Local IO #2/DEBUG] (FabricLoader/Mixin) Mixing ServerLoginPacketListenerImplMixin from fabric-networking-api-v1.mixins.json into net.minecraft.server.network.ServerLoginPacketListenerImpl
[10:41:33] [Netty Local IO #2/DEBUG] (FabricLoader/Mixin) Mixing accessor.ServerLoginPacketListenerImplAccessor from fabric-networking-api-v1.mixins.json into net.minecraft.server.network.ServerLoginPacketListenerImpl
[10:41:33] [Netty Local IO #2/DEBUG] (FabricLoader/Mixin) fabric-networking-api-v1.mixins.json:ServerLoginPacketListenerImplMixin from mod fabric-networking-api-v1->@Inject::initAddon(Lnet/minecraft/server/MinecraftServer;Lnet/minecraft/network/Connection;ZLorg/spongepowered/asm/mixin/injection/callback/CallbackInfo;)V doesn't use it's CallbackInfo
[10:41:33] [Netty Local IO #2/DEBUG] (FabricLoader/Mixin) fabric-networking-api-v1.mixins.json:ServerLoginPacketListenerImplMixin from mod fabric-networking-api-v1->@Inject::initAddon(Lnet/minecraft/server/MinecraftServer;Lnet/minecraft/network/Connection;ZLorg/spongepowered/asm/mixin/injection/callback/CallbackInfo;)V has 0 override(s) in child classes
[10:41:33] [Netty Local IO #2/DEBUG] (FabricLoader/Mixin) fabric-networking-api-v1.mixins.json:ServerLoginPacketListenerImplMixin from mod fabric-networking-api-v1->@Inject::initAddon(Lnet/minecraft/server/MinecraftServer;Lnet/minecraft/network/Connection;ZLorg/spongepowered/asm/mixin/injection/callback/CallbackInfo;)V won't be passed a CallbackInfo as a result
[10:41:33] [Netty Local IO #2/DEBUG] (FabricLoader/Mixin) fabric-networking-api-v1.mixins.json:ServerLoginPacketListenerImplMixin from mod fabric-networking-api-v1->@Inject::handleCustomPayloadReceivedAsync(Lnet/minecraft/network/protocol/login/ServerboundCustomQueryAnswerPacket;Lorg/spongepowered/asm/mixin/injection/callback/CallbackInfo;)V does use it's CallbackInfo
[10:41:33] [Netty Local IO #2/DEBUG] (FabricLoader/Mixin) fabric-networking-api-v1.mixins.json:ServerLoginPacketListenerImplMixin from mod fabric-networking-api-v1->@Inject::storeGameProfileContext(Lcom/mojang/authlib/GameProfile;Lorg/spongepowered/asm/mixin/injection/callback/CallbackInfo;)V doesn't use it's CallbackInfo
[10:41:33] [Netty Local IO #2/DEBUG] (FabricLoader/Mixin) fabric-networking-api-v1.mixins.json:ServerLoginPacketListenerImplMixin from mod fabric-networking-api-v1->@Inject::storeGameProfileContext(Lcom/mojang/authlib/GameProfile;Lorg/spongepowered/asm/mixin/injection/callback/CallbackInfo;)V has 0 override(s) in child classes
[10:41:33] [Netty Local IO #2/DEBUG] (FabricLoader/Mixin) fabric-networking-api-v1.mixins.json:ServerLoginPacketListenerImplMixin from mod fabric-networking-api-v1->@Inject::storeGameProfileContext(Lcom/mojang/authlib/GameProfile;Lorg/spongepowered/asm/mixin/injection/callback/CallbackInfo;)V won't be passed a CallbackInfo as a result
[10:41:33] [Netty Local IO #1/DEBUG] (FabricLoader/Mixin) Mixing ServerboundCustomPayloadPacketMixin from fabric-networking-api-v1.mixins.json into net.minecraft.network.protocol.common.ServerboundCustomPayloadPacket
[10:41:33] [Netty Local IO #1/DEBUG] (FabricLoader/Mixin) Renaming synthetic method lambda$wrapCodec$0(Lnet/minecraft/network/FriendlyByteBuf;Lnet/minecraft/resources/Identifier;)Lnet/minecraft/network/protocol/common/custom/CustomPacketPayload$TypeAndCodec; to mdf26aa6$fabric-networking-api-v1$lambda$wrapCodec$0$0 in fabric-networking-api-v1.mixins.json:ServerboundCustomPayloadPacketMixin from mod fabric-networking-api-v1
[10:41:33] [Netty Local IO #1/DEBUG] (FabricLoader/Mixin) Mixing ServerboundSelectKnownPacksMixin from fabric-resource-loader-v1.mixins.json into net.minecraft.network.protocol.configuration.ServerboundSelectKnownPacks
[10:41:33] [Netty Local IO #1/DEBUG] (FabricLoader/Mixin) Mixing RegistrySynchronizationMixin from fabric-registry-sync-v0.mixins.json into net.minecraft.core.RegistrySynchronization
[10:41:33] [Netty Local IO #1/DEBUG] (FabricLoader/Mixin) fabric-registry-sync-v0.mixins.json:RegistrySynchronizationMixin from mod fabric-registry-sync-v0->@Inject::filterNonSyncedEntries(Lnet/minecraft/core/RegistryAccess$RegistryEntry;Lorg/spongepowered/asm/mixin/injection/callback/CallbackInfoReturnable;)V does use it's CallbackInfoReturnable
[10:41:33] [Netty Local IO #1/DEBUG] (FabricLoader/Mixin) fabric-registry-sync-v0.mixins.json:RegistrySynchronizationMixin from mod fabric-registry-sync-v0->@Inject::filterNonSyncedEntriesAgain(Ljava/util/Set;Lnet/minecraft/resources/RegistryDataLoader$RegistryData;Lcom/mojang/serialization/DynamicOps;Ljava/util/function/BiConsumer;Lnet/minecraft/core/Registry;Lorg/spongepowered/asm/mixin/injection/callback/CallbackInfo;)V does use it's CallbackInfo
[10:41:33] [Netty Local IO #1/DEBUG] (FabricLoader/Mixin) Mixing RegistryDataCollectorMixin from fabric-registry-sync-v0.client.mixins.json into net.minecraft.client.multiplayer.RegistryDataCollector
[10:41:33] [Netty Local IO #1/DEBUG] (FabricLoader/Mixin) Renaming synthetic method lambda$skipEmptyRegistries$0(Ljava/util/Map;Lnet/minecraft/resources/RegistryDataLoader$RegistryData;)Z to mdf26aa6$fabric-registry-sync-v0$lambda$skipEmptyRegistries$0$0 in fabric-registry-sync-v0.client.mixins.json:RegistryDataCollectorMixin from mod fabric-registry-sync-v0
[10:41:33] [Netty Local IO #1/DEBUG] (FabricLoader/Mixin) Mixing common.HashedStackMixin from geckolib.mixins.json into net.minecraft.network.HashedStack$ActualItem
[10:41:33] [Netty Local IO #1/DEBUG] (FabricLoader/Mixin) geckolib.mixins.json:common.HashedStackMixin from mod geckolib: Class version 69 required is higher than the class version supported by the current version of Mixin (JAVA_17 supports class version 61)
[10:41:33] [Netty Local IO #1/DEBUG] (FabricLoader/Mixin) Renaming synthetic method lambda$geckolib$allowLazyStackIdParity$0(Lnet/minecraft/network/HashedPatchMap$HashGenerator;Lnet/minecraft/core/component/DataComponentType;Ljava/lang/Long;)Ljava/lang/Integer; to mdf26aa6$geckolib$lambda$geckolib$allowLazyStackIdParity$0$0 in geckolib.mixins.json:common.HashedStackMixin from mod geckolib
[10:41:33] [Netty Local IO #1/DEBUG] (FabricLoader/Mixin) Mixing BundlePacketMixin from fabric-networking-api-v1.mixins.json into net.minecraft.network.protocol.BundlePacket
[10:41:33] [Netty Local IO #1/DEBUG] (ClientPlayNetworkAddon for star_catcher_) Handling inbound packet from channel with name "minecraft:register"
[10:41:33] [Netty Local IO #2/DEBUG] (ServerConfigurationNetworkAddon for star_catcher_) Handling inbound packet from channel with name "minecraft:register"
[10:41:33] [Netty Local IO #1/DEBUG] (ClientPlayNetworkAddon for star_catcher_) Handling inbound packet from channel with name "minecraft:brand"
[10:41:33] [Netty Local IO #2/DEBUG] (FabricLoader/Mixin) Mixing SynchronizeRegistriesTaskMixin from fabric-resource-loader-v1.mixins.json into net.minecraft.server.network.config.SynchronizeRegistriesTask
[10:41:33] [Netty Local IO #2/DEBUG] (FabricLoader/Mixin) fabric-resource-loader-v1.mixins.json:SynchronizeRegistriesTaskMixin from mod fabric-resource-loader-v1->@Inject::onSelectKnownPacks(Ljava/util/List;Ljava/util/function/Consumer;Lorg/spongepowered/asm/mixin/injection/callback/CallbackInfo;)V does use it's CallbackInfo
[10:41:33] [Netty Local IO #2/DEBUG] (FabricLoader/Mixin) fabric-resource-loader-v1.mixins.json:SynchronizeRegistriesTaskMixin from mod fabric-resource-loader-v1->@Inject::syncRegistryAndTags(Ljava/util/function/Consumer;Ljava/util/Set;Lorg/spongepowered/asm/mixin/injection/callback/CallbackInfo;)V doesn't use it's CallbackInfo
[10:41:33] [Netty Local IO #2/DEBUG] (FabricLoader/Mixin) fabric-resource-loader-v1.mixins.json:SynchronizeRegistriesTaskMixin from mod fabric-resource-loader-v1->@Inject::syncRegistryAndTags(Ljava/util/function/Consumer;Ljava/util/Set;Lorg/spongepowered/asm/mixin/injection/callback/CallbackInfo;)V has 0 override(s) in child classes
[10:41:33] [Netty Local IO #2/DEBUG] (FabricLoader/Mixin) fabric-resource-loader-v1.mixins.json:SynchronizeRegistriesTaskMixin from mod fabric-resource-loader-v1->@Inject::syncRegistryAndTags(Ljava/util/function/Consumer;Ljava/util/Set;Lorg/spongepowered/asm/mixin/injection/callback/CallbackInfo;)V won't be passed a CallbackInfo as a result
[10:41:33] [Netty Local IO #2/DEBUG] (FabricLoader/Mixin) fabric-resource-loader-v1.mixins.json:SynchronizeRegistriesTaskMixin from mod fabric-resource-loader-v1->@Inject::sendPacket(Ljava/util/function/Consumer;Lorg/spongepowered/asm/mixin/injection/callback/CallbackInfo;)V does use it's CallbackInfo
[10:41:33] [Netty Local IO #1/DEBUG] (ClientPlayNetworkAddon for star_catcher_) Handling inbound packet from channel with name "c:version"
[10:41:33] [Netty Local IO #1/DEBUG] (ClientPlayNetworkAddon for star_catcher_) Negotiated common packet version 1
[10:41:33] [Netty Local IO #2/DEBUG] (ServerConfigurationNetworkAddon for star_catcher_) Handling inbound packet from channel with name "c:version"
[10:41:33] [Netty Local IO #2/DEBUG] (ServerConfigurationNetworkAddon for star_catcher_) Negotiated common packet version 1
[10:41:33] [Netty Local IO #1/DEBUG] (ClientPlayNetworkAddon for star_catcher_) Handling inbound packet from channel with name "c:register"
[10:41:33] [Netty Local IO #1/DEBUG] (fabric-networking-api-v1) Received accepted channels from the server
[10:41:33] [Netty Local IO #2/DEBUG] (ServerConfigurationNetworkAddon for star_catcher_) Handling inbound packet from channel with name "c:register"
[10:41:33] [Netty Local IO #2/DEBUG] (fabric-networking-api-v1) Received accepted channels from the client for play phase
[10:41:33] [Netty Local IO #1/DEBUG] (ClientPlayNetworkAddon for star_catcher_) Handling inbound packet from channel with name "fabric:accepted_attachments_v1"
[10:41:33] [Netty Local IO #2/DEBUG] (ServerConfigurationNetworkAddon for star_catcher_) Handling inbound packet from channel with name "fabric:accepted_attachments_v1"
[10:41:33] [Netty Local IO #1/DEBUG] (ClientPlayNetworkAddon for star_catcher_) Handling inbound packet from channel with name "fabric:custom_ingredient_sync"
[10:41:33] [Netty Local IO #2/DEBUG] (ServerConfigurationNetworkAddon for star_catcher_) Handling inbound packet from channel with name "fabric:custom_ingredient_sync"
[10:41:33] [Render thread/DEBUG] (ClientPlayNetworkAddon for star_catcher_) Handling inbound packet from channel with name "minecraft:brand"
[10:41:33] [Render thread/DEBUG] (FabricLoader/Mixin) Mixing KnownPacksManagerMixin from fabric-resource-loader-v1.client.mixins.json into net.minecraft.client.multiplayer.KnownPacksManager
[10:41:33] [Render thread/DEBUG] (net.fabricmc.fabric.impl.resource.pack.ModPackResourcesUtil) [Fabric] Starting internal pack sorting with: []
[10:41:33] [Render thread/DEBUG] (net.fabricmc.fabric.impl.resource.pack.ModPackResourcesUtil) [Fabric] Removed all internal packs, result: []
[10:41:33] [Render thread/DEBUG] (net.fabricmc.fabric.impl.resource.pack.ModPackResourcesUtil) [Fabric] Final sorting result: []
[10:41:33] [Render thread/DEBUG] (net.fabricmc.fabric.impl.resource.pack.ModPackResourcesUtil) [Fabric] Starting internal pack sorting with: [vanilla, fabric-convention-tags-v2, fabric-gametest-api-v1, generated_e7d069e, stargazer]
[10:41:33] [Render thread/DEBUG] (net.fabricmc.fabric.impl.resource.pack.ModPackResourcesUtil) [Fabric] Removed all internal packs, result: [vanilla, fabric-convention-tags-v2, fabric-gametest-api-v1, generated_e7d069e, stargazer]
[10:41:33] [Render thread/DEBUG] (net.fabricmc.fabric.impl.resource.pack.ModPackResourcesUtil) [Fabric] Final sorting result: [vanilla, fabric-convention-tags-v2, fabric-gametest-api-v1, generated_e7d069e, stargazer]
[10:41:33] [Server thread/DEBUG] (SynchronizeRegistriesTaskMixin) Synchronizing registries with common known packs: [vanilla:fabric-convention-tags-v2:4.7.1+1f023a9e9e, vanilla:fabric-gametest-api-v1:4.0.22+4a7fa0819e, vanilla:generated_e7d069e:1.0.0, minecraft:core:26.2, vanilla:stargazer:0.0.8.1]
[10:41:33] [Render thread/DEBUG] (FabricLoader/Mixin) Mixing RegistryDataCollectorContentsCollectorAccessor from fabric-registry-sync-v0.client.mixins.json into net.minecraft.client.multiplayer.RegistryDataCollector$ContentsCollector
[10:41:33] [Server thread/INFO] (net.minecraft.server.level.progress.LoggingLevelLoadListener) Loading 49 chunks for player spawn...
[10:41:33] [Server thread/INFO] (net.minecraft.server.level.progress.LoggingLevelLoadListener) Preparing spawn area: 16%
[10:41:33] [Worker-Main-7/DEBUG] (FabricLoader/Mixin) Mixing MixinSerializableChunkData from architectury.mixins.json into net.minecraft.world.level.chunk.storage.SerializableChunkData
[10:41:33] [Worker-Main-7/DEBUG] (FabricLoader/Mixin) Mixing SerializableChunkDataMixin from fabric-registry-sync-v0.mixins.json into net.minecraft.world.level.chunk.storage.SerializableChunkData
[10:41:33] [Worker-Main-7/DEBUG] (FabricLoader/Mixin) Mixing SerializableChunkDataMixin from fabric-data-attachment-api-v1.mixins.json into net.minecraft.world.level.chunk.storage.SerializableChunkData
[10:41:33] [Worker-Main-7/DEBUG] (FabricLoader/Mixin) Renaming @Unique field LOGGERLorg/slf4j/Logger; to fdf26aa6$fabric-data-attachment-api-v1$LOGGER$0 in fabric-data-attachment-api-v1.mixins.json:SerializableChunkDataMixin from mod fabric-data-attachment-api-v1
[10:41:33] [Worker-Main-7/DEBUG] (FabricLoader/Mixin) architectury.mixins.json:MixinSerializableChunkData from mod architectury->@Inject::load(Lnet/minecraft/server/level/ServerLevel;Lnet/minecraft/world/entity/ai/village/poi/PoiManager;Lnet/minecraft/world/level/chunk/storage/RegionStorageInfo;Lnet/minecraft/world/level/ChunkPos;Lorg/spongepowered/asm/mixin/injection/callback/CallbackInfoReturnable;)V doesn't use it's CallbackInfoReturnable
[10:41:33] [Worker-Main-7/DEBUG] (FabricLoader/Mixin) architectury.mixins.json:MixinSerializableChunkData from mod architectury->@Inject::load(Lnet/minecraft/server/level/ServerLevel;Lnet/minecraft/world/entity/ai/village/poi/PoiManager;Lnet/minecraft/world/level/chunk/storage/RegionStorageInfo;Lnet/minecraft/world/level/ChunkPos;Lorg/spongepowered/asm/mixin/injection/callback/CallbackInfoReturnable;)V doesn't use it's CallbackInfoReturnable
[10:41:33] [Worker-Main-7/DEBUG] (FabricLoader/Mixin) fabric-data-attachment-api-v1.mixins.json:SerializableChunkDataMixin from mod fabric-data-attachment-api-v1->@Inject::storeAttachmentNbtData(Lnet/minecraft/world/level/LevelHeightAccessor;Lnet/minecraft/world/level/chunk/PalettedContainerFactory;Lnet/minecraft/nbt/CompoundTag;Lorg/spongepowered/asm/mixin/injection/callback/CallbackInfoReturnable;)V does use it's CallbackInfoReturnable
[10:41:33] [Worker-Main-7/DEBUG] (FabricLoader/Mixin) fabric-data-attachment-api-v1.mixins.json:SerializableChunkDataMixin from mod fabric-data-attachment-api-v1->@Inject::storeAttachmentNbtData(Lnet/minecraft/world/level/LevelHeightAccessor;Lnet/minecraft/world/level/chunk/PalettedContainerFactory;Lnet/minecraft/nbt/CompoundTag;Lorg/spongepowered/asm/mixin/injection/callback/CallbackInfoReturnable;)V does use it's CallbackInfoReturnable
[10:41:33] [Worker-Main-7/DEBUG] (FabricLoader/Mixin) fabric-data-attachment-api-v1.mixins.json:SerializableChunkDataMixin from mod fabric-data-attachment-api-v1->@Inject::setAttachmentDataInChunk(Lnet/minecraft/server/level/ServerLevel;Lnet/minecraft/world/entity/ai/village/poi/PoiManager;Lnet/minecraft/world/level/chunk/storage/RegionStorageInfo;Lnet/minecraft/world/level/ChunkPos;Lorg/spongepowered/asm/mixin/injection/callback/CallbackInfoReturnable;)V does use it's CallbackInfoReturnable
[10:41:33] [Worker-Main-7/DEBUG] (FabricLoader/Mixin) fabric-data-attachment-api-v1.mixins.json:SerializableChunkDataMixin from mod fabric-data-attachment-api-v1->@Inject::setAttachmentDataInChunk(Lnet/minecraft/server/level/ServerLevel;Lnet/minecraft/world/entity/ai/village/poi/PoiManager;Lnet/minecraft/world/level/chunk/storage/RegionStorageInfo;Lnet/minecraft/world/level/ChunkPos;Lorg/spongepowered/asm/mixin/injection/callback/CallbackInfoReturnable;)V does use it's CallbackInfoReturnable
[10:41:33] [Worker-Main-7/DEBUG] (FabricLoader/Mixin) fabric-data-attachment-api-v1.mixins.json:SerializableChunkDataMixin from mod fabric-data-attachment-api-v1->@Inject::storeAttachmentNbtData(Lnet/minecraft/server/level/ServerLevel;Lnet/minecraft/world/level/chunk/ChunkAccess;Lorg/spongepowered/asm/mixin/injection/callback/CallbackInfoReturnable;)V does use it's CallbackInfoReturnable
[10:41:33] [Worker-Main-7/DEBUG] (FabricLoader/Mixin) fabric-data-attachment-api-v1.mixins.json:SerializableChunkDataMixin from mod fabric-data-attachment-api-v1->@Inject::writeChunkAttachments(Lorg/spongepowered/asm/mixin/injection/callback/CallbackInfoReturnable;)V does use it's CallbackInfoReturnable
[10:41:33] [Worker-Main-2/DEBUG] (FabricLoader/Mixin) Mixing ImposterProtoChunkMixin from fabric-data-attachment-api-v1.mixins.json into net.minecraft.world.level.chunk.ImposterProtoChunk
[10:41:33] [Worker-Main-9/DEBUG] (FabricLoader/Mixin) Mixing LevelChunkSectionMixin from fabric-block-api-v1.mixins.json into net.minecraft.world.level.chunk.LevelChunkSection
[10:41:33] [Worker-Main-9/DEBUG] (FabricLoader/Mixin) Mixing ChunkSectionBlockStateCounterMixin from fabric-block-api-v1.mixins.json into net.minecraft.world.level.chunk.LevelChunkSection$1BlockCounter
[10:41:33] [Server thread/INFO] (net.minecraft.server.level.progress.LoggingLevelLoadListener) Preparing spawn area: 16%
[10:41:33] [Server thread/DEBUG] (FabricLoader/Mixin) Mixing WalkNodeEvaluatorMixin from fabric-content-registries-v0.mixins.json into net.minecraft.world.level.pathfinder.WalkNodeEvaluator
[10:41:33] [Server thread/DEBUG] (FabricLoader/Mixin) fabric-content-registries-v0.mixins.json:WalkNodeEvaluatorMixin from mod fabric-content-registries-v0->@Inject::getCommonNodeType(Lnet/minecraft/world/level/BlockGetter;Lnet/minecraft/core/BlockPos;Lorg/spongepowered/asm/mixin/injection/callback/CallbackInfoReturnable;)V does use it's CallbackInfoReturnable
[10:41:33] [Server thread/INFO] (net.minecraft.server.level.progress.LoggingLevelLoadListener) Time elapsed: 763 ms
[10:41:33] [Render thread/DEBUG] (FabricLoader/Mixin) Mixing client.ClientPlayerAttackInvoker from architectury.mixins.json into net.minecraft.client.player.RemotePlayer
[10:41:33] [Render thread/DEBUG] (FabricLoader/Mixin) architectury.mixins.json:client.ClientPlayerAttackInvoker from mod architectury->@Inject::hurt(Lnet/minecraft/world/damagesource/DamageSource;Lorg/spongepowered/asm/mixin/injection/callback/CallbackInfoReturnable;)V does use it's CallbackInfoReturnable
[10:41:33] [Render thread/DEBUG] (FabricLoader/Mixin) Mixing sync.ClientRecipeContainerMixin from fabric-recipe-api-v1.client.mixins.json into net.minecraft.client.multiplayer.ClientRecipeContainer
[10:41:33] [Render thread/DEBUG] (FabricLoader/Mixin) Mixing advancement.ClientAdvancementsAccessor from fabric-rendering-v1.mixins.json into net.minecraft.client.multiplayer.ClientAdvancements
[10:41:33] [Render thread/DEBUG] (FabricLoader/Mixin) Mixing ClientSuggestionProviderMixin from fabric-command-api-v2.client.mixins.json into net.minecraft.client.multiplayer.ClientSuggestionProvider
[10:41:33] [Render thread/DEBUG] (FabricLoader/Mixin) Mixing client.MixinFabricClientCommandSource from architectury.mixins.json into net.fabricmc.fabric.api.client.command.v2.FabricClientCommandSource
[10:41:33] [Render thread/DEBUG] (FabricLoader/Mixin) Mixing ClientDebugSubscriberMixin from fabric-debug-api-v1.client.mixins.json into net.minecraft.client.multiplayer.ClientDebugSubscriber
[10:41:33] [Render thread/DEBUG] (FabricLoader/Mixin) fabric-debug-api-v1.client.mixins.json:ClientDebugSubscriberMixin from mod fabric-debug-api-v1->@Inject::addSubscribers(Lorg/spongepowered/asm/mixin/injection/callback/CallbackInfoReturnable;)V doesn't use it's CallbackInfoReturnable
[10:41:33] [Render thread/DEBUG] (FabricLoader/Mixin) fabric-debug-api-v1.client.mixins.json:ClientDebugSubscriberMixin from mod fabric-debug-api-v1->@Inject::addSubscribers(Lorg/spongepowered/asm/mixin/injection/callback/CallbackInfoReturnable;)V has 0 override(s) in child classes
[10:41:33] [Render thread/DEBUG] (FabricLoader/Mixin) fabric-debug-api-v1.client.mixins.json:ClientDebugSubscriberMixin from mod fabric-debug-api-v1->@Inject::addSubscribers(Lorg/spongepowered/asm/mixin/injection/callback/CallbackInfoReturnable;)V won't be passed a CallbackInfoReturnable as a result
[10:41:33] [Server thread/DEBUG] (FabricLoader/Mixin) Mixing accessor.EntityTrackerAccessor from fabric-networking-api-v1.mixins.json into net.minecraft.server.level.ChunkMap$TrackedEntity
[10:41:33] [Server thread/DEBUG] (FabricLoader/Mixin) Mixing PlayerAdvancementsMixin from fabric-events-interaction-v0.mixins.json into net.minecraft.server.PlayerAdvancements
[10:41:33] [Server thread/DEBUG] (FabricLoader/Mixin) Mixing MixinPlayerAdvancements from architectury.mixins.json into net.minecraft.server.PlayerAdvancements
[10:41:33] [Server thread/DEBUG] (FabricLoader/Mixin) fabric-events-interaction-v0.mixins.json:PlayerAdvancementsMixin from mod fabric-events-interaction-v0->@Inject::preventOwnerOverride(Lnet/minecraft/server/level/ServerPlayer;Lorg/spongepowered/asm/mixin/injection/callback/CallbackInfo;)V does use it's CallbackInfo
[10:41:33] [Server thread/DEBUG] (FabricLoader/Mixin) fabric-events-interaction-v0.mixins.json:PlayerAdvancementsMixin from mod fabric-events-interaction-v0->@Inject::preventGrantCriterion(Lnet/minecraft/advancements/AdvancementHolder;Ljava/lang/String;Lorg/spongepowered/asm/mixin/injection/callback/CallbackInfoReturnable;)V does use it's CallbackInfoReturnable
[10:41:33] [Server thread/DEBUG] (FabricLoader/Mixin) architectury.mixins.json:MixinPlayerAdvancements from mod architectury->@Inject::award(Lnet/minecraft/advancements/AdvancementHolder;Ljava/lang/String;Lorg/spongepowered/asm/mixin/injection/callback/CallbackInfoReturnable;)V doesn't use it's CallbackInfoReturnable
[10:41:33] [Server thread/DEBUG] (FabricLoader/Mixin) architectury.mixins.json:MixinPlayerAdvancements from mod architectury->@Inject::award(Lnet/minecraft/advancements/AdvancementHolder;Ljava/lang/String;Lorg/spongepowered/asm/mixin/injection/callback/CallbackInfoReturnable;)V has 0 override(s) in child classes
[10:41:33] [Server thread/DEBUG] (FabricLoader/Mixin) architectury.mixins.json:MixinPlayerAdvancements from mod architectury->@Inject::award(Lnet/minecraft/advancements/AdvancementHolder;Ljava/lang/String;Lorg/spongepowered/asm/mixin/injection/callback/CallbackInfoReturnable;)V won't be passed a CallbackInfoReturnable as a result
[10:41:33] [Server thread/INFO] (net.minecraft.server.players.PlayerList) star_catcher_[local:E:850bac9f] logged in with entity id 166 at (-42.47796180194539, 127.23965122490866, -12.364699869960939)
[10:41:33] [Server thread/DEBUG] (FabricLoader/Mixin) Mixing ServerGamePacketListenerImplMixin from fabric-networking-api-v1.mixins.json into net.minecraft.server.network.ServerGamePacketListenerImpl
[10:41:33] [Server thread/DEBUG] (FabricLoader/Mixin) Mixing ServerGamePacketListenerImplMixin from fabric-events-interaction-v0.mixins.json into net.minecraft.server.network.ServerGamePacketListenerImpl
[10:41:33] [Server thread/DEBUG] (FabricLoader/Mixin) fabric-networking-api-v1.mixins.json:ServerGamePacketListenerImplMixin from mod fabric-networking-api-v1->@Inject::initAddon(Lorg/spongepowered/asm/mixin/injection/callback/CallbackInfo;)V doesn't use it's CallbackInfo
[10:41:33] [Server thread/DEBUG] (FabricLoader/Mixin) fabric-networking-api-v1.mixins.json:ServerGamePacketListenerImplMixin from mod fabric-networking-api-v1->@Inject::initAddon(Lorg/spongepowered/asm/mixin/injection/callback/CallbackInfo;)V has 0 override(s) in child classes
[10:41:33] [Server thread/DEBUG] (FabricLoader/Mixin) fabric-networking-api-v1.mixins.json:ServerGamePacketListenerImplMixin from mod fabric-networking-api-v1->@Inject::initAddon(Lorg/spongepowered/asm/mixin/injection/callback/CallbackInfo;)V won't be passed a CallbackInfo as a result
[10:41:33] [Server thread/DEBUG] (FabricLoader/Mixin) fabric-networking-api-v1.mixins.json:ServerGamePacketListenerImplMixin from mod fabric-networking-api-v1->@Inject::handleCustomPayloadReceivedAsync(Lnet/minecraft/network/protocol/common/ServerboundCustomPayloadPacket;Lorg/spongepowered/asm/mixin/injection/callback/CallbackInfo;)V does use it's CallbackInfo
[10:41:33] [Server thread/DEBUG] (FabricLoader/Mixin) fabric-events-interaction-v0.mixins.json:ServerGamePacketListenerImplMixin from mod fabric-events-interaction-v0->@Inject::handleInteract(Lnet/minecraft/network/protocol/game/ServerboundInteractPacket;Lorg/spongepowered/asm/mixin/injection/callback/CallbackInfo;)V does use it's CallbackInfo
[10:41:33] [Server thread/DEBUG] (FabricLoader/Mixin) Mixing PlayerChunkSenderMixin from fabric-data-attachment-api-v1.mixins.json into net.minecraft.server.network.PlayerChunkSender
[10:41:33] [Netty Local IO #1/DEBUG] (ClientPlayNetworkAddon for star_catcher_) Handling inbound packet from channel with name "minecraft:register"
[10:41:33] [Render thread/DEBUG] (FabricLoader/Mixin) Mixing MultiPlayerGameModeMixin from fabric-events-interaction-v0.client.mixins.json into net.minecraft.client.multiplayer.MultiPlayerGameMode
[10:41:33] [Render thread/DEBUG] (FabricLoader/Mixin) Renaming synthetic method lambda$interactItem$0(Lnet/minecraft/world/InteractionHand;Lnet/minecraft/world/entity/player/Player;I)Lnet/minecraft/network/protocol/Packet; to mdf26aa6$fabric-events-interaction-v0$lambda$interactItem$0$0 in fabric-events-interaction-v0.client.mixins.json:MultiPlayerGameModeMixin from mod fabric-events-interaction-v0
[10:41:33] [Render thread/DEBUG] (FabricLoader/Mixin) Renaming synthetic method lambda$interactBlock$0(Lnet/minecraft/world/InteractionHand;Lnet/minecraft/world/phys/BlockHitResult;I)Lnet/minecraft/network/protocol/Packet; to mdf26aa6$fabric-events-interaction-v0$lambda$interactBlock$0$1 in fabric-events-interaction-v0.client.mixins.json:MultiPlayerGameModeMixin from mod fabric-events-interaction-v0
[10:41:33] [Render thread/DEBUG] (FabricLoader/Mixin) Renaming synthetic method lambda$fabric_fireAttackBlockCallback$0(Lnet/minecraft/core/BlockPos;Lnet/minecraft/core/Direction;I)Lnet/minecraft/network/protocol/Packet; to mdf26aa6$fabric-events-interaction-v0$lambda$fabric_fireAttackBlockCallback$0$2 in fabric-events-interaction-v0.client.mixins.json:MultiPlayerGameModeMixin from mod fabric-events-interaction-v0
[10:41:33] [Render thread/DEBUG] (FabricLoader/Mixin) Mixing MultiPlayerGameModeMixin from fabric-item-api-v1.client.mixins.json into net.minecraft.client.multiplayer.MultiPlayerGameMode
[10:41:33] [Render thread/DEBUG] (FabricLoader/Mixin) Mixing client.MixinMultiPlayerGameMode from architectury.mixins.json into net.minecraft.client.multiplayer.MultiPlayerGameMode
[10:41:33] [Render thread/DEBUG] (FabricLoader/Mixin) fabric-events-interaction-v0.client.mixins.json:MultiPlayerGameModeMixin from mod fabric-events-interaction-v0->@Inject::attackBlock(Lnet/minecraft/core/BlockPos;Lnet/minecraft/core/Direction;Lorg/spongepowered/asm/mixin/injection/callback/CallbackInfoReturnable;)V does use it's CallbackInfoReturnable
[10:41:33] [Render thread/DEBUG] (FabricLoader/Mixin) fabric-events-interaction-v0.client.mixins.json:MultiPlayerGameModeMixin from mod fabric-events-interaction-v0->@Inject::method_2902(Lnet/minecraft/core/BlockPos;Lnet/minecraft/core/Direction;Lorg/spongepowered/asm/mixin/injection/callback/CallbackInfoReturnable;)V does use it's CallbackInfoReturnable
[10:41:33] [Render thread/DEBUG] (FabricLoader/Mixin) fabric-events-interaction-v0.client.mixins.json:MultiPlayerGameModeMixin from mod fabric-events-interaction-v0->@Inject::fabric$onBlockBroken(Lnet/minecraft/core/BlockPos;Lorg/spongepowered/asm/mixin/injection/callback/CallbackInfoReturnable;)V doesn't use it's CallbackInfoReturnable
[10:41:33] [Render thread/DEBUG] (FabricLoader/Mixin) fabric-events-interaction-v0.client.mixins.json:MultiPlayerGameModeMixin from mod fabric-events-interaction-v0->@Inject::fabric$onBlockBroken(Lnet/minecraft/core/BlockPos;Lorg/spongepowered/asm/mixin/injection/callback/CallbackInfoReturnable;)V has 0 override(s) in child classes
[10:41:33] [Render thread/DEBUG] (FabricLoader/Mixin) fabric-events-interaction-v0.client.mixins.json:MultiPlayerGameModeMixin from mod fabric-events-interaction-v0->@Inject::fabric$onBlockBroken(Lnet/minecraft/core/BlockPos;Lorg/spongepowered/asm/mixin/injection/callback/CallbackInfoReturnable;)V won't be passed a CallbackInfoReturnable as a result
[10:41:33] [Render thread/DEBUG] (FabricLoader/Mixin) fabric-events-interaction-v0.client.mixins.json:MultiPlayerGameModeMixin from mod fabric-events-interaction-v0->@Inject::interactBlock(Lnet/minecraft/client/player/LocalPlayer;Lnet/minecraft/world/InteractionHand;Lnet/minecraft/world/phys/BlockHitResult;Lorg/spongepowered/asm/mixin/injection/callback/CallbackInfoReturnable;)V does use it's CallbackInfoReturnable
[10:41:33] [Render thread/DEBUG] (FabricLoader/Mixin) fabric-events-interaction-v0.client.mixins.json:MultiPlayerGameModeMixin from mod fabric-events-interaction-v0->@Inject::interactItem(Lnet/minecraft/world/entity/player/Player;Lnet/minecraft/world/InteractionHand;Lorg/spongepowered/asm/mixin/injection/callback/CallbackInfoReturnable;)V does use it's CallbackInfoReturnable
[10:41:33] [Render thread/DEBUG] (FabricLoader/Mixin) fabric-events-interaction-v0.client.mixins.json:MultiPlayerGameModeMixin from mod fabric-events-interaction-v0->@Inject::attackEntity(Lnet/minecraft/world/entity/player/Player;Lnet/minecraft/world/entity/Entity;Lorg/spongepowered/asm/mixin/injection/callback/CallbackInfo;)V does use it's CallbackInfo
[10:41:33] [Render thread/DEBUG] (FabricLoader/Mixin) architectury.mixins.json:client.MixinMultiPlayerGameMode from mod architectury->@Inject::entityInteract(Lnet/minecraft/world/entity/player/Player;Lnet/minecraft/world/entity/Entity;Lnet/minecraft/world/phys/EntityHitResult;Lnet/minecraft/world/InteractionHand;Lorg/spongepowered/asm/mixin/injection/callback/CallbackInfoReturnable;)V does use it's CallbackInfoReturnable
[10:41:33] [Render thread/DEBUG] (FabricLoader/Mixin) Mixing ClientChunkCacheMixin from fabric-lifecycle-events-v1.client.mixins.json into net.minecraft.client.multiplayer.ClientChunkCache
[10:41:33] [Render thread/DEBUG] (FabricLoader/Mixin) fabric-lifecycle-events-v1.client.mixins.json:ClientChunkCacheMixin from mod fabric-lifecycle-events-v1->@Inject::onChunkLoad(IILnet/minecraft/network/FriendlyByteBuf;Ljava/util/Map;Ljava/util/function/Consumer;Lorg/spongepowered/asm/mixin/injection/callback/CallbackInfoReturnable;)V does use it's CallbackInfoReturnable
[10:41:33] [Render thread/DEBUG] (FabricLoader/Mixin) fabric-lifecycle-events-v1.client.mixins.json:ClientChunkCacheMixin from mod fabric-lifecycle-events-v1->@Inject::onChunkUnload(IILnet/minecraft/network/FriendlyByteBuf;Ljava/util/Map;Ljava/util/function/Consumer;Lorg/spongepowered/asm/mixin/injection/callback/CallbackInfoReturnable;)V doesn't use it's CallbackInfoReturnable
[10:41:33] [Render thread/DEBUG] (FabricLoader/Mixin) fabric-lifecycle-events-v1.client.mixins.json:ClientChunkCacheMixin from mod fabric-lifecycle-events-v1->@Inject::onChunkUnload(IILnet/minecraft/network/FriendlyByteBuf;Ljava/util/Map;Ljava/util/function/Consumer;Lorg/spongepowered/asm/mixin/injection/callback/CallbackInfoReturnable;)V has 0 override(s) in child classes
[10:41:33] [Render thread/DEBUG] (FabricLoader/Mixin) fabric-lifecycle-events-v1.client.mixins.json:ClientChunkCacheMixin from mod fabric-lifecycle-events-v1->@Inject::onChunkUnload(IILnet/minecraft/network/FriendlyByteBuf;Ljava/util/Map;Ljava/util/function/Consumer;Lorg/spongepowered/asm/mixin/injection/callback/CallbackInfoReturnable;)V won't be passed a CallbackInfoReturnable as a result
[10:41:33] [Render thread/DEBUG] (FabricLoader/Mixin) fabric-lifecycle-events-v1.client.mixins.json:ClientChunkCacheMixin from mod fabric-lifecycle-events-v1->@Inject::onChunkUnload(Lnet/minecraft/world/level/ChunkPos;Lorg/spongepowered/asm/mixin/injection/callback/CallbackInfo;)V doesn't use it's CallbackInfo
[10:41:33] [Render thread/DEBUG] (FabricLoader/Mixin) fabric-lifecycle-events-v1.client.mixins.json:ClientChunkCacheMixin from mod fabric-lifecycle-events-v1->@Inject::onChunkUnload(Lnet/minecraft/world/level/ChunkPos;Lorg/spongepowered/asm/mixin/injection/callback/CallbackInfo;)V has 0 override(s) in child classes
[10:41:33] [Render thread/DEBUG] (FabricLoader/Mixin) fabric-lifecycle-events-v1.client.mixins.json:ClientChunkCacheMixin from mod fabric-lifecycle-events-v1->@Inject::onChunkUnload(Lnet/minecraft/world/level/ChunkPos;Lorg/spongepowered/asm/mixin/injection/callback/CallbackInfo;)V won't be passed a CallbackInfo as a result
[10:41:33] [Render thread/DEBUG] (FabricLoader/Mixin) fabric-lifecycle-events-v1.client.mixins.json:ClientChunkCacheMixin from mod fabric-lifecycle-events-v1->@Inject::onUpdateLoadDistance(ILorg/spongepowered/asm/mixin/injection/callback/CallbackInfo;)V doesn't use it's CallbackInfo
[10:41:33] [Render thread/DEBUG] (FabricLoader/Mixin) fabric-lifecycle-events-v1.client.mixins.json:ClientChunkCacheMixin from mod fabric-lifecycle-events-v1->@Inject::onUpdateLoadDistance(ILorg/spongepowered/asm/mixin/injection/callback/CallbackInfo;)V has 0 override(s) in child classes
[10:41:33] [Render thread/DEBUG] (FabricLoader/Mixin) fabric-lifecycle-events-v1.client.mixins.json:ClientChunkCacheMixin from mod fabric-lifecycle-events-v1->@Inject::onUpdateLoadDistance(ILorg/spongepowered/asm/mixin/injection/callback/CallbackInfo;)V won't be passed a CallbackInfo as a result
[10:41:33] [Server thread/INFO] (net.minecraft.server.MinecraftServer) star_catcher_ joined the game
[10:41:33] [Render thread/DEBUG] (FabricLoader/Mixin) Mixing ClientLevelEntityCallbacksMixin from fabric-lifecycle-events-v1.client.mixins.json into net.minecraft.client.multiplayer.ClientLevel$EntityCallbacks
[10:41:33] [Render thread/DEBUG] (FabricLoader/Mixin) fabric-lifecycle-events-v1.client.mixins.json:ClientLevelEntityCallbacksMixin from mod fabric-lifecycle-events-v1->@Inject::invokeLoadEntity(Lnet/minecraft/world/entity/Entity;Lorg/spongepowered/asm/mixin/injection/callback/CallbackInfo;)V doesn't use it's CallbackInfo
[10:41:33] [Render thread/DEBUG] (FabricLoader/Mixin) fabric-lifecycle-events-v1.client.mixins.json:ClientLevelEntityCallbacksMixin from mod fabric-lifecycle-events-v1->@Inject::invokeUnloadEntity(Lnet/minecraft/world/entity/Entity;Lorg/spongepowered/asm/mixin/injection/callback/CallbackInfo;)V doesn't use it's CallbackInfo
[10:41:33] [Server thread/DEBUG] (FabricLoader/Mixin) Mixing common.SynchronizedRemoteSlotMixin from geckolib.mixins.json into net.minecraft.world.inventory.RemoteSlot$Synchronized
[10:41:33] [Server thread/DEBUG] (FabricLoader/Mixin) geckolib.mixins.json:common.SynchronizedRemoteSlotMixin from mod geckolib: Class version 69 required is higher than the class version supported by the current version of Mixin (JAVA_17 supports class version 61)
[10:41:33] [Render thread/DEBUG] (FabricLoader/Mixin) Mixing HangingSignEditScreenMixin from fabric-object-builder-v1.client.mixins.json into net.minecraft.client.gui.screens.inventory.HangingSignEditScreen
[10:41:33] [Render thread/DEBUG] (FabricLoader/Mixin) Renaming synthetic method lambda$init$0(Ljava/lang/String;)Ljava/lang/String; to mdf26aa6$fabric-object-builder-api-v1$lambda$init$0$0 in fabric-object-builder-v1.client.mixins.json:HangingSignEditScreenMixin from mod fabric-object-builder-api-v1
[10:41:33] [Render thread/DEBUG] (FabricLoader/Mixin) Mixing SignEditScreenMixin from fabric-object-builder-v1.client.mixins.json into net.minecraft.client.gui.screens.inventory.SignEditScreen
[10:41:33] [Render thread/DEBUG] (FabricLoader/Mixin) Renaming synthetic method lambda$init$0(Ljava/lang/String;)Ljava/lang/String; to mdf26aa6$fabric-object-builder-api-v1$lambda$init$0$0 in fabric-object-builder-v1.client.mixins.json:SignEditScreenMixin from mod fabric-object-builder-api-v1
[10:41:33] [Server thread/DEBUG] (FabricLoader/Mixin) Mixing MixinNaturalSpawner from architectury.mixins.json into net.minecraft.world.level.NaturalSpawner
[10:41:33] [Netty Local IO #1/DEBUG] (REI) [REI] Starting Reload Plugins of stage START
java.lang.Throwable
	at knot//me.shedaniel.rei.impl.common.plugins.ReloadManagerImpl.reloadPlugins(ReloadManagerImpl.java:110)
	at knot//me.shedaniel.rei.RoughlyEnoughItemsCoreClient.reloadPlugins(RoughlyEnoughItemsCoreClient.java:532)
	at knot//me.shedaniel.rei.RoughlyEnoughItemsCoreClient.lambda$registerEvents$0(RoughlyEnoughItemsCoreClient.java:342)
	at knot//net.minecraft.client.multiplayer.ClientPacketListener.handler$bem001$roughlyenoughitems$handleUpdateRecipes(ClientPacketListener.java:6975)
	at knot//net.minecraft.client.multiplayer.ClientPacketListener.handleUpdateRecipes(ClientPacketListener.java)
	at knot//net.minecraft.network.protocol.game.ClientboundUpdateRecipesPacket.handle(ClientboundUpdateRecipesPacket.java:34)
	at knot//net.minecraft.network.protocol.game.ClientboundUpdateRecipesPacket.handle(ClientboundUpdateRecipesPacket.java:17)
	at knot//net.minecraft.network.Connection.genericsFtw(Connection.java:182)
	at knot//net.minecraft.network.Connection.channelRead0(Connection.java:167)
	at knot//net.minecraft.network.Connection.channelRead0(Connection.java:59)
	at knot//io.netty.channel.SimpleChannelInboundHandler.channelRead(SimpleChannelInboundHandler.java:99)
	at knot//io.netty.channel.AbstractChannelHandlerContext.fireChannelRead(AbstractChannelHandlerContext.java:357)
	at knot//io.netty.handler.codec.MessageToMessageDecoder.channelRead(MessageToMessageDecoder.java:107)
	at knot//io.netty.channel.AbstractChannelHandlerContext.fireChannelRead(AbstractChannelHandlerContext.java:357)
	at knot//io.netty.handler.codec.MessageToMessageDecoder.channelRead(MessageToMessageDecoder.java:107)
	at knot//io.netty.channel.AbstractChannelHandlerContext.fireChannelRead(AbstractChannelHandlerContext.java:357)
	at knot//io.netty.handler.codec.ByteToMessageDecoder.fireChannelRead(ByteToMessageDecoder.java:361)
	at knot//io.netty.handler.codec.ByteToMessageDecoder.channelRead(ByteToMessageDecoder.java:325)
	at knot//io.netty.channel.AbstractChannelHandlerContext.fireChannelRead(AbstractChannelHandlerContext.java:357)
	at knot//io.netty.handler.flow.FlowControlHandler.dequeue(FlowControlHandler.java:235)
	at knot//io.netty.handler.flow.FlowControlHandler.dequeueAll(FlowControlHandler.java:212)
	at knot//io.netty.handler.flow.FlowControlHandler.channelRead(FlowControlHandler.java:187)
	at knot//io.netty.channel.AbstractChannelHandlerContext.fireChannelRead(AbstractChannelHandlerContext.java:355)
	at knot//net.minecraft.network.LocalFrameDecoder.channelRead(LocalFrameDecoder.java:9)
	at knot//io.netty.channel.AbstractChannelHandlerContext.fireChannelRead(AbstractChannelHandlerContext.java:357)
	at knot//io.netty.channel.DefaultChannelPipeline$HeadContext.channelRead(DefaultChannelPipeline.java:1429)
	at knot//io.netty.channel.DefaultChannelPipeline.fireChannelRead(DefaultChannelPipeline.java:918)
	at knot//io.netty.channel.local.LocalChannel.readInbound(LocalChannel.java:324)
	at knot//io.netty.channel.local.LocalChannel.doBeginRead(LocalChannel.java:347)
	at knot//io.netty.channel.AbstractChannel$AbstractUnsafe.beginRead(AbstractChannel.java:697)
	at knot//io.netty.channel.DefaultChannelPipeline$HeadContext.read(DefaultChannelPipeline.java:1381)
	at knot//io.netty.channel.AbstractChannelHandlerContext.read(AbstractChannelHandlerContext.java:708)
	at knot//io.netty.handler.flow.FlowControlHandler.read(FlowControlHandler.java:161)
	at knot//io.netty.channel.AbstractChannelHandlerContext.read(AbstractChannelHandlerContext.java:710)
	at knot//io.netty.channel.DefaultChannelPipeline.read(DefaultChannelPipeline.java:1025)
	at knot//io.netty.channel.DefaultChannelPipeline.read(DefaultChannelPipeline.java:45)
	at knot//io.netty.channel.Channel.read(Channel.java:245)
	at knot//io.netty.channel.DefaultChannelPipeline$HeadContext.readIfIsAutoRead(DefaultChannelPipeline.java:1441)
	at knot//io.netty.channel.DefaultChannelPipeline$HeadContext.channelReadComplete(DefaultChannelPipeline.java:1436)
	at knot//io.netty.channel.DefaultChannelPipeline.fireChannelReadComplete(DefaultChannelPipeline.java:932)
	at knot//io.netty.channel.local.LocalChannel.readInbound(LocalChannel.java:327)
	at knot//io.netty.channel.local.LocalChannel.doBeginRead(LocalChannel.java:347)
	at knot//io.netty.channel.AbstractChannel$AbstractUnsafe.beginRead(AbstractChannel.java:697)
	at knot//io.netty.channel.DefaultChannelPipeline$HeadContext.read(DefaultChannelPipeline.java:1381)
	at knot//io.netty.channel.AbstractChannelHandlerContext.read(AbstractChannelHandlerContext.java:708)
	at knot//io.netty.handler.flow.FlowControlHandler.read(FlowControlHandler.java:161)
	at knot//io.netty.channel.AbstractChannelHandlerContext.read(AbstractChannelHandlerContext.java:710)
	at knot//io.netty.channel.DefaultChannelPipeline.read(DefaultChannelPipeline.java:1025)
	at knot//io.netty.channel.DefaultChannelPipeline.read(DefaultChannelPipeline.java:45)
	at knot//io.netty.channel.Channel.read(Channel.java:245)
	at knot//io.netty.channel.DefaultChannelPipeline$HeadContext.readIfIsAutoRead(DefaultChannelPipeline.java:1441)
	at knot//io.netty.channel.DefaultChannelPipeline$HeadContext.channelReadComplete(DefaultChannelPipeline.java:1436)
	at knot//io.netty.channel.DefaultChannelPipeline.fireChannelReadComplete(DefaultChannelPipeline.java:932)
	at knot//io.netty.channel.local.LocalChannel.readInbound(LocalChannel.java:327)
	at knot//io.netty.channel.local.LocalChannel.finishPeerRead0(LocalChannel.java:468)
	at knot//io.netty.channel.local.LocalChannel.access$100(LocalChannel.java:54)
	at knot//io.netty.channel.local.LocalChannel$2.run(LocalChannel.java:80)
	at knot//io.netty.util.concurrent.AbstractEventExecutor.runTask(AbstractEventExecutor.java:148)
	at knot//io.netty.util.concurrent.AbstractEventExecutor.safeExecute(AbstractEventExecutor.java:141)
	at knot//io.netty.util.concurrent.SingleThreadEventExecutor.runAllTasks(SingleThreadEventExecutor.java:535)
	at knot//io.netty.channel.SingleThreadIoEventLoop.run(SingleThreadIoEventLoop.java:201)
	at knot//io.netty.util.concurrent.SingleThreadEventExecutor$5.run(SingleThreadEventExecutor.java:1195)
	at knot//io.netty.util.internal.ThreadExecutorMap$2.run(ThreadExecutorMap.java:74)
	at java.base/java.lang.Thread.run(Thread.java:1516)
[10:41:33] [REI-ReloadPlugins/DEBUG] (REI) [REI] ========================================
[10:41:33] [REI-ReloadPlugins/DEBUG] (REI) [REI] REICommonPlugin starting pre-reload for START.
[10:41:33] [REI-ReloadPlugins/DEBUG] (REI) [REI] Reloadables (9):
[10:41:33] [REI-ReloadPlugins/DEBUG] (REI) [REI]  - SlotAccessorRegistryImpl
[10:41:33] [REI-ReloadPlugins/DEBUG] (REI) [REI]  - EntryTypeRegistryImpl
[10:41:33] [REI-ReloadPlugins/DEBUG] (REI) [REI]  - EntrySettingsAdapterRegistryImpl
[10:41:33] [REI-ReloadPlugins/DEBUG] (REI) [REI]  - ItemComparatorRegistryImpl
[10:41:33] [REI-ReloadPlugins/DEBUG] (REI) [REI]  - FluidComparatorRegistryImpl
[10:41:33] [Download-2/DEBUG] (com.mojang.authlib.minecraft.client.MinecraftClient) Connecting to https://api.minecraftservices.com/player/certificates
[10:41:33] [REI-ReloadPlugins/DEBUG] (REI) [REI]  - DisplaySerializerRegistryImpl
[10:41:33] [REI-ReloadPlugins/DEBUG] (REI) [REI]  - ServerDisplayRegistryImpl
[10:41:33] [REI-ReloadPlugins/DEBUG] (REI) [REI]  - FluidSupportProviderImpl
[10:41:33] [REI-ReloadPlugins/DEBUG] (REI) [REI]  - me.shedaniel.rei.plugin.client.runtime.PluginStageExecutionWatcher$1
[10:41:33] [REI-ReloadPlugins/DEBUG] (REI) [REI] Plugins (4):
[10:41:33] [REI-ReloadPlugins/DEBUG] (REI) [REI]  - (-100.00) DefaultPlugin of DefaultPlugin [roughlyenoughitems]
[10:41:33] [REI-ReloadPlugins/DEBUG] (REI) [REI]  - (0.00) FabricFluidAPISupportPlugin
[10:41:33] [REI-ReloadPlugins/DEBUG] (REI) [REI]  - (0.00) DefaultRuntimePlugin of DefaultRuntimePlugin [roughlyenoughitems]
[10:41:33] [REI-ReloadPlugins/DEBUG] (REI) [REI]  - (0.00) StargazerREICommon of StargazerREICommon [stargazer]
[10:41:33] [REI-ReloadPlugins/DEBUG] (REI) [REI] ========================================
[10:41:33] [Render thread/DEBUG] (REI) [REI] Starting Reload Plugins of stage START
java.lang.Throwable
	at knot//me.shedaniel.rei.impl.common.plugins.ReloadManagerImpl.reloadPlugins(ReloadManagerImpl.java:110)
	at knot//me.shedaniel.rei.RoughlyEnoughItemsCoreClient.reloadPlugins(RoughlyEnoughItemsCoreClient.java:532)
	at knot//me.shedaniel.rei.RoughlyEnoughItemsCoreClient.lambda$registerEvents$0(RoughlyEnoughItemsCoreClient.java:342)
	at knot//net.minecraft.client.multiplayer.ClientPacketListener.handler$bem001$roughlyenoughitems$handleUpdateRecipes(ClientPacketListener.java:6975)
	at knot//net.minecraft.client.multiplayer.ClientPacketListener.handleUpdateRecipes(ClientPacketListener.java)
	at knot//net.minecraft.network.protocol.game.ClientboundUpdateRecipesPacket.handle(ClientboundUpdateRecipesPacket.java:34)
	at knot//net.minecraft.network.protocol.game.ClientboundUpdateRecipesPacket.handle(ClientboundUpdateRecipesPacket.java:17)
	at knot//net.minecraft.network.PacketProcessor$ListenerAndPacket.handle(PacketProcessor.java:55)
	at knot//net.minecraft.network.PacketProcessor.processQueuedPackets(PacketProcessor.java:38)
	at knot//net.minecraft.client.Minecraft.runTick(Minecraft.java:1233)
	at knot//net.minecraft.client.Minecraft.run(Minecraft.java:959)
	at knot//net.minecraft.client.main.Main.main(Main.java:292)
	at net.fabricmc.loader.impl.game.minecraft.MinecraftGameProvider.launch(MinecraftGameProvider.java:517)
	at net.fabricmc.loader.impl.launch.knot.Knot.launch(Knot.java:72)
	at net.fabricmc.loader.impl.launch.knot.KnotClient.main(KnotClient.java:23)
	at net.fabricmc.devlaunchinjector.Main.main(Main.java:86)
	at dev.architectury.transformer.TransformerRuntime.main(TransformerRuntime.java:220)
[10:41:33] [Render thread/WARN] (REI) [REI] Trying to start reload plugins of stage START but found 1 existing reload task(s)!
[10:41:33] [Render thread/DEBUG] (REI) [REI] Requested the termination of REI reload tasks.
[10:41:33] [REI-ReloadPlugins/DEBUG] (REI) [REI] Plugin reload interrupted!
[10:41:33] [REI-ReloadPlugins/DEBUG] (REI) [REI] Plugin reload interrupted!
[10:41:33] [REI-ReloadPlugins/DEBUG] (REI) [REI] Interrupted while reloading plugins, could be caused by a new request to reload plugins!
java.lang.InterruptedException
	at knot//me.shedaniel.rei.impl.common.plugins.ReloadInterruptionContext.checkInterrupted(ReloadInterruptionContext.java:37)
	at knot//me.shedaniel.rei.impl.common.plugins.ReloadInterruptionContext$1.checkInterrupted(ReloadInterruptionContext.java:51)
	at knot//me.shedaniel.rei.impl.common.plugins.PluginManagerImpl$SectionClosable.close(PluginManagerImpl.java:169)
	at knot//me.shedaniel.rei.impl.common.plugins.PluginManagerImpl.pluginSection(PluginManagerImpl.java:206)
	at knot//me.shedaniel.rei.impl.common.plugins.PluginManagerImpl.pre(PluginManagerImpl.java:250)
	at knot//me.shedaniel.rei.impl.common.plugins.ReloadManagerImpl.reloadPlugins0(ReloadManagerImpl.java:152)
	at knot//me.shedaniel.rei.impl.common.plugins.ReloadManagerImpl.reloadPlugins0(ReloadManagerImpl.java:144)
	at knot//me.shedaniel.rei.impl.common.plugins.ReloadManagerImpl.lambda$reloadPlugins$0(ReloadManagerImpl.java:122)
	at java.base/java.util.concurrent.CompletableFuture$AsyncRun.run(CompletableFuture.java:1825)
	at java.base/java.util.concurrent.Executors$RunnableAdapter.call(Executors.java:545)
	at java.base/java.util.concurrent.FutureTask.run(FutureTask.java:330)
	at java.base/java.util.concurrent.ScheduledThreadPoolExecutor$ScheduledFutureTask.run(ScheduledThreadPoolExecutor.java:309)
	at java.base/java.util.concurrent.ThreadPoolExecutor.runWorker(ThreadPoolExecutor.java:1090)
	at java.base/java.util.concurrent.ThreadPoolExecutor$Worker.run(ThreadPoolExecutor.java:614)
	at java.base/java.lang.Thread.run(Thread.java:1516)
	Suppressed: java.lang.InterruptedException
		at knot//me.shedaniel.rei.impl.common.plugins.ReloadInterruptionContext.checkInterrupted(ReloadInterruptionContext.java:37)
		at knot//me.shedaniel.rei.impl.common.plugins.ReloadInterruptionContext$1.checkInterrupted(ReloadInterruptionContext.java:51)
		at knot//me.shedaniel.rei.impl.common.plugins.PluginManagerImpl$SectionClosable.close(PluginManagerImpl.java:169)
		at knot//me.shedaniel.rei.impl.common.plugins.PluginManagerImpl.pre(PluginManagerImpl.java:248)
		... 10 more
[10:41:33] [Netty Local IO #2/DEBUG] (ServerPlayNetworkAddon for literal{star_catcher_}[style={clickEvent=SuggestCommand[command=/tell star_catcher_ ],hoverEvent=ShowEntity[entity=net.minecraft.network.chat.HoverEvent$EntityTooltipInfo@da5c7464],insertion=star_catcher_}]) Handling inbound packet from channel with name "minecraft:register"
[10:41:33] [Server thread/DEBUG] (FabricLoader/Mixin) Mixing EnchantmentHelperMixin from fabric-item-api-v1.mixins.json into net.minecraft.world.item.enchantment.EnchantmentHelper
[10:41:33] [Server thread/DEBUG] (REI) [REI] Player star_catcher_ has outdated displays version 0 [latest version: E28CBCA300000000]
[10:41:33] [Server thread/DEBUG] (REI) [REI] Player star_catcher_ has outdated displays version 0 [latest version: E28CBCA300000000], sending reset packet request.
[10:41:33] [Server thread/INFO] (net.minecraft.client.server.IntegratedServer) Changing view distance to 6, from 10
[10:41:33] [Server thread/INFO] (net.minecraft.client.server.IntegratedServer) Changing simulation distance to 6, from 0
[10:41:33] [Render thread/DEBUG] (REI) [REI] Successfully terminated reload tasks in 50.09 ms
[10:41:33] [REI-ReloadPlugins/DEBUG] (REI) [REI] ========================================
[10:41:33] [REI-ReloadPlugins/DEBUG] (REI) [REI] REICommonPlugin starting pre-reload for START.
[10:41:33] [REI-ReloadPlugins/DEBUG] (REI) [REI] Reloadables (9):
[10:41:33] [REI-ReloadPlugins/DEBUG] (REI) [REI]  - SlotAccessorRegistryImpl
[10:41:33] [REI-ReloadPlugins/DEBUG] (REI) [REI]  - EntryTypeRegistryImpl
[10:41:33] [REI-ReloadPlugins/DEBUG] (REI) [REI]  - EntrySettingsAdapterRegistryImpl
[10:41:33] [Render thread/DEBUG] (REI) [REI] Starting Reload Plugins of stage END
java.lang.Throwable
	at knot//me.shedaniel.rei.impl.common.plugins.ReloadManagerImpl.reloadPlugins(ReloadManagerImpl.java:110)
	at knot//me.shedaniel.rei.RoughlyEnoughItemsCoreClient.reloadPlugins(RoughlyEnoughItemsCoreClient.java:532)
	at knot//me.shedaniel.rei.RoughlyEnoughItemsCoreClient.reloadPlugins(RoughlyEnoughItemsCoreClient.java:519)
	at knot//me.shedaniel.rei.RoughlyEnoughItemsCoreClient.lambda$registerEvents$1(RoughlyEnoughItemsCoreClient.java:345)
	at knot//net.minecraft.client.multiplayer.ClientPacketListener.handler$zmm000$architectury$handleUpdateRecipes(ClientPacketListener.java:4502)
	at knot//net.minecraft.client.multiplayer.ClientPacketListener.handleUpdateRecipes(ClientPacketListener.java:1699)
	at knot//net.minecraft.network.protocol.game.ClientboundUpdateRecipesPacket.handle(ClientboundUpdateRecipesPacket.java:34)
	at knot//net.minecraft.network.protocol.game.ClientboundUpdateRecipesPacket.handle(ClientboundUpdateRecipesPacket.java:17)
	at knot//net.minecraft.network.PacketProcessor$ListenerAndPacket.handle(PacketProcessor.java:55)
	at knot//net.minecraft.network.PacketProcessor.processQueuedPackets(PacketProcessor.java:38)
	at knot//net.minecraft.client.Minecraft.runTick(Minecraft.java:1233)
	at knot//net.minecraft.client.Minecraft.run(Minecraft.java:959)
	at knot//net.minecraft.client.main.Main.main(Main.java:292)
	at net.fabricmc.loader.impl.game.minecraft.MinecraftGameProvider.launch(MinecraftGameProvider.java:517)
	at net.fabricmc.loader.impl.launch.knot.Knot.launch(Knot.java:72)
	at net.fabricmc.loader.impl.launch.knot.KnotClient.main(KnotClient.java:23)
	at net.fabricmc.devlaunchinjector.Main.main(Main.java:86)
	at dev.architectury.transformer.TransformerRuntime.main(TransformerRuntime.java:220)
[10:41:33] [REI-ReloadPlugins/DEBUG] (REI) [REI]  - ItemComparatorRegistryImpl
[10:41:33] [REI-ReloadPlugins/DEBUG] (REI) [REI]  - FluidComparatorRegistryImpl
[10:41:33] [Render thread/WARN] (REI) [REI] Found 1 existing reload task(s) after trying to terminate them!
[10:41:33] [REI-ReloadPlugins/DEBUG] (REI) [REI]  - DisplaySerializerRegistryImpl
[10:41:33] [REI-ReloadPlugins/DEBUG] (REI) [REI]  - ServerDisplayRegistryImpl
[10:41:33] [REI-ReloadPlugins/DEBUG] (REI) [REI]  - FluidSupportProviderImpl
[10:41:33] [REI-ReloadPlugins/DEBUG] (REI) [REI]  - me.shedaniel.rei.plugin.client.runtime.PluginStageExecutionWatcher$1
[10:41:33] [REI-ReloadPlugins/DEBUG] (REI) [REI] Plugins (4):
[10:41:33] [REI-ReloadPlugins/DEBUG] (REI) [REI]  - (-100.00) DefaultPlugin of DefaultPlugin [roughlyenoughitems]
[10:41:33] [REI-ReloadPlugins/DEBUG] (REI) [REI]  - (0.00) FabricFluidAPISupportPlugin
[10:41:33] [REI-ReloadPlugins/DEBUG] (REI) [REI]  - (0.00) DefaultRuntimePlugin of DefaultRuntimePlugin [roughlyenoughitems]
[10:41:33] [REI-ReloadPlugins/DEBUG] (REI) [REI]  - (0.00) StargazerREICommon of StargazerREICommon [stargazer]
[10:41:33] [REI-ReloadPlugins/DEBUG] (REI) [REI] ========================================
[10:41:33] [REI-ReloadPlugins/DEBUG] (REI) [REI] ========================================
[10:41:33] [REI-ReloadPlugins/DEBUG] (REI) [REI] REICommonPlugin finished pre-reload for START in 1.936 ms.
[10:41:33] [REI-ReloadPlugins/DEBUG] (REI) [REI] ========================================
[10:41:33] [REI-ReloadPlugins/DEBUG] (REI) [REI] ========================================
[10:41:33] [REI-ReloadPlugins/DEBUG] (REI) [REI] REIClientPlugin starting pre-reload for START.
[10:41:33] [REI-ReloadPlugins/DEBUG] (REI) [REI] Reloadables (18):
[10:41:33] [REI-ReloadPlugins/DEBUG] (REI) [REI]  - EntryRendererRegistryImpl
[10:41:33] [REI-ReloadPlugins/DEBUG] (REI) [REI]  - ViewsImpl
[10:41:33] [REI-ReloadPlugins/DEBUG] (REI) [REI]  - InputMethodRegistryImpl
[10:41:33] [REI-ReloadPlugins/DEBUG] (REI) [REI]  - SearchProviderImpl
[10:41:33] [REI-ReloadPlugins/DEBUG] (REI) [REI]  - ConfigManagerImpl
[10:41:33] [REI-ReloadPlugins/DEBUG] (REI) [REI]  - EntryRegistryImpl
[10:41:33] [REI-ReloadPlugins/DEBUG] (REI) [REI]  - CollapsibleEntryRegistryImpl
[10:41:33] [REI-ReloadPlugins/DEBUG] (REI) [REI]  - BasicFilteringRuleImpl
[10:41:33] [REI-ReloadPlugins/DEBUG] (REI) [REI]  - CategoryRegistryImpl
[10:41:33] [REI-ReloadPlugins/DEBUG] (REI) [REI]  - DisplayRegistryImpl
[10:41:33] [REI-ReloadPlugins/DEBUG] (REI) [REI]  - ScreenRegistryImpl
[10:41:33] [REI-ReloadPlugins/DEBUG] (REI) [REI]  - FavoriteEntryTypeRegistryImpl
[10:41:33] [REI-ReloadPlugins/DEBUG] (REI) [REI]  - SubsetsRegistryImpl
[10:41:33] [REI-ReloadPlugins/DEBUG] (REI) [REI]  - TransferHandlerRegistryImpl
[10:41:33] [REI-ReloadPlugins/DEBUG] (REI) [REI]  - SearchRuntime
[10:41:33] [REI-ReloadPlugins/DEBUG] (REI) [REI]  - REIRuntimeImpl
[10:41:33] [REI-ReloadPlugins/DEBUG] (REI) [REI]  - ConfigAddonRegistryImpl
[10:41:33] [REI-ReloadPlugins/DEBUG] (REI) [REI]  - me.shedaniel.rei.plugin.client.runtime.PluginStageExecutionWatcher$1
[10:41:33] [REI-ReloadPlugins/DEBUG] (REI) [REI] Plugins (4):
[10:41:33] [REI-ReloadPlugins/DEBUG] (REI) [REI]  - (-100.00) DefaultClientPlugin of DefaultClientPlugin [roughlyenoughitems]
[10:41:33] [REI-ReloadPlugins/DEBUG] (REI) [REI]  - (0.00) HideIngredientsFromTagsPlugin of HideIngredientsFromTagsPlugin [roughlyenoughitems]
[10:41:33] [REI-ReloadPlugins/DEBUG] (REI) [REI]  - (0.00) DefaultClientRuntimePlugin of DefaultClientRuntimePlugin [roughlyenoughitems]
[10:41:33] [REI-ReloadPlugins/DEBUG] (REI) [REI]  - (0.00) StargazerREIClient of StargazerREIClient [stargazer]
[10:41:33] [REI-ReloadPlugins/DEBUG] (REI) [REI] ========================================
[10:41:33] [REI-ReloadPlugins/DEBUG] (REI) [REI] ========================================
[10:41:33] [REI-ReloadPlugins/DEBUG] (REI) [REI] REIClientPlugin finished pre-reload for START in 1.520 ms.
[10:41:33] [REI-ReloadPlugins/DEBUG] (REI) [REI] ========================================
[10:41:33] [REI-ReloadPlugins/INFO] (REI) [REI] ----------------------------------------
[10:41:33] [REI-ReloadPlugins/INFO] (REI) [REI] REICommonPlugin starting main-reload for START.
[10:41:33] [REI-ReloadPlugins/DEBUG] (REI) [REI] Reloadables (9):
[10:41:33] [REI-ReloadPlugins/DEBUG] (REI) [REI]  - SlotAccessorRegistryImpl
[10:41:33] [REI-ReloadPlugins/DEBUG] (REI) [REI]  - EntryTypeRegistryImpl
[10:41:33] [REI-ReloadPlugins/DEBUG] (REI) [REI]  - EntrySettingsAdapterRegistryImpl
[10:41:33] [REI-ReloadPlugins/DEBUG] (REI) [REI]  - ItemComparatorRegistryImpl
[10:41:33] [REI-ReloadPlugins/DEBUG] (REI) [REI]  - FluidComparatorRegistryImpl
[10:41:33] [REI-ReloadPlugins/DEBUG] (REI) [REI]  - DisplaySerializerRegistryImpl
[10:41:33] [REI-ReloadPlugins/DEBUG] (REI) [REI]  - ServerDisplayRegistryImpl
[10:41:33] [REI-ReloadPlugins/DEBUG] (REI) [REI]  - FluidSupportProviderImpl
[10:41:33] [REI-ReloadPlugins/DEBUG] (REI) [REI]  - me.shedaniel.rei.plugin.client.runtime.PluginStageExecutionWatcher$1
[10:41:33] [REI-ReloadPlugins/INFO] (REI) [REI] Plugins (4):
[10:41:33] [REI-ReloadPlugins/INFO] (REI) [REI]  - (-100.00) DefaultPlugin of DefaultPlugin [roughlyenoughitems]
[10:41:33] [REI-ReloadPlugins/INFO] (REI) [REI]  - (0.00) FabricFluidAPISupportPlugin
[10:41:33] [REI-ReloadPlugins/INFO] (REI) [REI]  - (0.00) DefaultRuntimePlugin of DefaultRuntimePlugin [roughlyenoughitems]
[10:41:33] [REI-ReloadPlugins/INFO] (REI) [REI]  - (0.00) StargazerREICommon of StargazerREICommon [stargazer]
[10:41:33] [REI-ReloadPlugins/INFO] (REI) [REI] ----------------------------------------
[10:41:33] [REI-ReloadPlugins/DEBUG] (REI) [REI] ========================================
[10:41:33] [REI-ReloadPlugins/DEBUG] (REI) [REI] REICommonPlugin started main-reload for START.
[10:41:33] [REI-ReloadPlugins/DEBUG] (REI) [REI] ========================================
[10:41:33] [REI-ReloadPlugins/DEBUG] (REI) [REI] Added display serializer [minecraft:client/crafting/shaped] me.shedaniel.rei.api.common.display.DisplaySerializer$1@22c31d1c
[10:41:33] [REI-ReloadPlugins/DEBUG] (REI) [REI] Added display serializer [minecraft:client/crafting/shapeless] me.shedaniel.rei.api.common.display.DisplaySerializer$1@2237eec
[10:41:33] [REI-ReloadPlugins/DEBUG] (REI) [REI] Added display serializer [minecraft:client/smelting] me.shedaniel.rei.api.common.display.DisplaySerializer$1@87be830
[10:41:33] [REI-ReloadPlugins/DEBUG] (REI) [REI] Added display serializer [minecraft:client/smoking] me.shedaniel.rei.api.common.display.DisplaySerializer$1@3b39bb2f
[10:41:33] [REI-ReloadPlugins/DEBUG] (REI) [REI] Added display serializer [minecraft:client/blasting] me.shedaniel.rei.api.common.display.DisplaySerializer$1@7b8a14e7
[10:41:33] [REI-ReloadPlugins/DEBUG] (REI) [REI] Added display serializer [minecraft:client/stone_cutting] me.shedaniel.rei.api.common.display.DisplaySerializer$1@539e1377
[10:41:33] [Render thread/INFO] (net.minecraft.advancements.AdvancementTree) Loaded 7 advancements
[10:41:33] [REI-ReloadPlugins/DEBUG] (REI) [REI] Added display serializer [minecraft:client/smithing] me.shedaniel.rei.api.common.display.DisplaySerializer$1@45fc2977
[10:41:33] [REI-ReloadPlugins/DEBUG] (REI) [REI] Added display serializer [minecraft:default/crafting/shaped] me.shedaniel.rei.api.common.display.DisplaySerializer$1@70471ea7
[10:41:33] [REI-ReloadPlugins/DEBUG] (REI) [REI] Added display serializer [minecraft:default/crafting/shapeless] me.shedaniel.rei.api.common.display.DisplaySerializer$1@20215c1f
[10:41:33] [REI-ReloadPlugins/DEBUG] (REI) [REI] Added display serializer [minecraft:default/crafting/custom] me.shedaniel.rei.api.common.display.DisplaySerializer$1@1846378b
[10:41:33] [REI-ReloadPlugins/DEBUG] (REI) [REI] Added display serializer [minecraft:default/crafting/custom_shaped] me.shedaniel.rei.api.common.display.DisplaySerializer$1@5a269d15
[10:41:33] [REI-ReloadPlugins/DEBUG] (REI) [REI] Added display serializer [minecraft:default/crafting/custom_shapeless] me.shedaniel.rei.api.common.display.DisplaySerializer$1@38a19487
[10:41:33] [REI-ReloadPlugins/DEBUG] (REI) [REI] Added display serializer [minecraft:extension/crafting/map_extending] me.shedaniel.rei.api.common.display.DisplaySerializer$1@36fb79b6
[10:41:33] [REI-ReloadPlugins/DEBUG] (REI) [REI] Added display serializer [minecraft:default/smelting] me.shedaniel.rei.api.common.display.DisplaySerializer$1@625f73f3
[10:41:33] [REI-ReloadPlugins/DEBUG] (REI) [REI] Added display serializer [minecraft:default/smoking] me.shedaniel.rei.api.common.display.DisplaySerializer$1@9e8e1ec
[10:41:33] [REI-ReloadPlugins/DEBUG] (REI) [REI] Added display serializer [minecraft:default/blasting] me.shedaniel.rei.api.common.display.DisplaySerializer$1@56ccfc93
[10:41:33] [REI-ReloadPlugins/DEBUG] (REI) [REI] Added display serializer [minecraft:default/campfire] me.shedaniel.rei.api.common.display.DisplaySerializer$1@4130db5d
[10:41:33] [REI-ReloadPlugins/DEBUG] (REI) [REI] Added display serializer [minecraft:default/stone_cutting] me.shedaniel.rei.api.common.display.DisplaySerializer$1@4d1ffa7b
[10:41:33] [REI-ReloadPlugins/DEBUG] (REI) [REI] Added display serializer [minecraft:default/stripping] me.shedaniel.rei.api.common.display.DisplaySerializer$1@3568d135
[10:41:33] [REI-ReloadPlugins/DEBUG] (REI) [REI] Added display serializer [minecraft:default/brewing] me.shedaniel.rei.api.common.display.DisplaySerializer$1@1ad71094
[10:41:33] [REI-ReloadPlugins/DEBUG] (REI) [REI] Added display serializer [minecraft:default/composting] me.shedaniel.rei.api.common.display.DisplaySerializer$1@2071ba3a
[10:41:33] [REI-ReloadPlugins/DEBUG] (REI) [REI] Added display serializer [minecraft:default/fuel] me.shedaniel.rei.api.common.display.DisplaySerializer$1@7bea588a
[10:41:33] [REI-ReloadPlugins/DEBUG] (REI) [REI] Added display serializer [minecraft:default/smithing] me.shedaniel.rei.api.common.display.DisplaySerializer$1@28d3bb37
[10:41:33] [REI-ReloadPlugins/DEBUG] (REI) [REI] Added display serializer [minecraft:default/smithing/trimming] me.shedaniel.rei.api.common.display.DisplaySerializer$1@730399e7
[10:41:33] [REI-ReloadPlugins/DEBUG] (REI) [REI] Added display serializer [minecraft:default/anvil] me.shedaniel.rei.api.common.display.DisplaySerializer$1@621f1b01
[10:41:33] [REI-ReloadPlugins/DEBUG] (REI) [REI] Added display serializer [minecraft:default/beacon_base] me.shedaniel.rei.api.common.display.DisplaySerializer$1@355c51e2
[10:41:33] [REI-ReloadPlugins/DEBUG] (REI) [REI] Added display serializer [minecraft:default/beacon_payment] me.shedaniel.rei.api.common.display.DisplaySerializer$1@6aa23a79
[10:41:33] [REI-ReloadPlugins/DEBUG] (REI) [REI] Added display serializer [minecraft:default/tilling] me.shedaniel.rei.api.common.display.DisplaySerializer$1@c5f1d61
[10:41:33] [REI-ReloadPlugins/DEBUG] (REI) [REI] Added display serializer [minecraft:default/pathing] me.shedaniel.rei.api.common.display.DisplaySerializer$1@2a4b858f
[10:41:33] [REI-ReloadPlugins/DEBUG] (REI) [REI] Added display serializer [minecraft:default/waxing] me.shedaniel.rei.api.common.display.DisplaySerializer$1@93e223a
[10:41:33] [REI-ReloadPlugins/DEBUG] (REI) [REI] Added display serializer [minecraft:default/waxing_scraping] me.shedaniel.rei.api.common.display.DisplaySerializer$1@3047e8a1
[10:41:33] [REI-ReloadPlugins/DEBUG] (REI) [REI] Added display serializer [minecraft:default/oxidizing] me.shedaniel.rei.api.common.display.DisplaySerializer$1@5cd4af5c
[10:41:33] [REI-ReloadPlugins/DEBUG] (REI) [REI] Added display serializer [minecraft:default/oxidizing_scraping] me.shedaniel.rei.api.common.display.DisplaySerializer$1@4649ac91
[10:41:33] [Server thread/DEBUG] (FabricLoader/Mixin) Mixing PathfindingContextMixin from fabric-content-registries-v0.mixins.json into net.minecraft.world.level.pathfinder.PathfindingContext
[10:41:33] [REI-ReloadPlugins/DEBUG] (REI) [REI] Added display serializer [roughlyenoughitems:default/information] me.shedaniel.rei.api.common.display.DisplaySerializer$1@15beecf
[10:41:33] [Server thread/DEBUG] (FabricLoader/Mixin) fabric-content-registries-v0.mixins.json:PathfindingContextMixin from mod fabric-content-registries-v0->@Inject::onGetNodeType(IIILorg/spongepowered/asm/mixin/injection/callback/CallbackInfoReturnable;)V does use it's CallbackInfoReturnable
[10:41:33] [REI-ReloadPlugins/DEBUG] (REI) [REI] Added display serializer [stargazer:starforge_display_serializer] com.github.starcatcher21.stargazer.compat.StarforgeDisplaySerializer@1cfd64dc
[10:41:33] [REI-ReloadPlugins/DEBUG] (REI) [REI] Added display serializer [stargazer:moon_welder_display_serializer] com.github.starcatcher21.stargazer.compat.MoonWelderDisplaySerializer@8421c07
[10:41:33] [REI-ReloadPlugins/DEBUG] (REI) [REI] Added display serializer [stargazer:stargazing_display_serializer] com.github.starcatcher21.stargazer.compat.StargazingDisplaySerializer@218e3dc3
[10:41:33] [REI-ReloadPlugins/DEBUG] (REI) [REI] Added display serializer [stargazer:star_crusher_display_serializer] com.github.starcatcher21.stargazer.compat.StarCrusherDisplaySerializer@7ffd92ab
[10:41:33] [REI-ReloadPlugins/DEBUG] (REI) [REI] ========================================
[10:41:33] [REI-ReloadPlugins/DEBUG] (REI) [REI] REICommonPlugin ending main-reload for START.
[10:41:33] [REI-ReloadPlugins/DEBUG] (REI) [REI] ========================================
[10:41:33] [REI-ReloadPlugins/DEBUG] (REI) [REI] ========================================
[10:41:33] [REI-ReloadPlugins/DEBUG] (REI) [REI] REICommonPlugin ended main-reload for START in 61.69 ms.
[10:41:33] [REI-ReloadPlugins/DEBUG] (REI) [REI] ========================================
[10:41:33] [REI-ReloadPlugins/INFO] (REI) [REI] ========================================
[10:41:33] [REI-ReloadPlugins/INFO] (REI) [REI] REIClientPlugin starting main-reload for START.
[10:41:33] [REI-ReloadPlugins/DEBUG] (REI) [REI] Reloadables (18):
[10:41:33] [REI-ReloadPlugins/DEBUG] (REI) [REI]  - EntryRendererRegistryImpl
[10:41:33] [REI-ReloadPlugins/DEBUG] (REI) [REI]  - ViewsImpl
[10:41:33] [REI-ReloadPlugins/DEBUG] (REI) [REI]  - InputMethodRegistryImpl
[10:41:33] [REI-ReloadPlugins/DEBUG] (REI) [REI]  - SearchProviderImpl
[10:41:33] [REI-ReloadPlugins/DEBUG] (REI) [REI]  - ConfigManagerImpl
[10:41:33] [REI-ReloadPlugins/DEBUG] (REI) [REI]  - EntryRegistryImpl
[10:41:33] [REI-ReloadPlugins/DEBUG] (REI) [REI]  - CollapsibleEntryRegistryImpl
[10:41:33] [REI-ReloadPlugins/DEBUG] (REI) [REI]  - BasicFilteringRuleImpl
[10:41:33] [REI-ReloadPlugins/DEBUG] (REI) [REI]  - CategoryRegistryImpl
[10:41:33] [REI-ReloadPlugins/DEBUG] (REI) [REI]  - DisplayRegistryImpl
[10:41:33] [REI-ReloadPlugins/DEBUG] (REI) [REI]  - ScreenRegistryImpl
[10:41:33] [REI-ReloadPlugins/DEBUG] (REI) [REI]  - FavoriteEntryTypeRegistryImpl
[10:41:33] [REI-ReloadPlugins/DEBUG] (REI) [REI]  - SubsetsRegistryImpl
[10:41:33] [REI-ReloadPlugins/DEBUG] (REI) [REI]  - TransferHandlerRegistryImpl
[10:41:33] [REI-ReloadPlugins/DEBUG] (REI) [REI]  - SearchRuntime
[10:41:33] [REI-ReloadPlugins/DEBUG] (REI) [REI]  - REIRuntimeImpl
[10:41:33] [REI-ReloadPlugins/DEBUG] (REI) [REI]  - ConfigAddonRegistryImpl
[10:41:33] [REI-ReloadPlugins/DEBUG] (REI) [REI]  - me.shedaniel.rei.plugin.client.runtime.PluginStageExecutionWatcher$1
[10:41:33] [REI-ReloadPlugins/INFO] (REI) [REI] Plugins (4):
[10:41:33] [REI-ReloadPlugins/INFO] (REI) [REI]  - (-100.00) DefaultClientPlugin of DefaultClientPlugin [roughlyenoughitems]
[10:41:33] [REI-ReloadPlugins/INFO] (REI) [REI]  - (0.00) HideIngredientsFromTagsPlugin of HideIngredientsFromTagsPlugin [roughlyenoughitems]
[10:41:33] [REI-ReloadPlugins/INFO] (REI) [REI]  - (0.00) DefaultClientRuntimePlugin of DefaultClientRuntimePlugin [roughlyenoughitems]
[10:41:33] [REI-ReloadPlugins/INFO] (REI) [REI]  - (0.00) StargazerREIClient of StargazerREIClient [stargazer]
[10:41:33] [REI-ReloadPlugins/INFO] (REI) [REI] ========================================
[10:41:33] [REI-ReloadPlugins/DEBUG] (REI) [REI] Added overlay decider: me.shedaniel.rei.impl.client.registry.screen.ExclusionZonesImpl@1f6ff40a [-5.00 priority]
[10:41:33] [REI-ReloadPlugins/DEBUG] (REI) [REI] Added overlay decider: me.shedaniel.rei.impl.client.registry.screen.ScreenRegistryImpl$1@7ec1e5c0 [-10.00 priority]
[10:41:33] [REI-ReloadPlugins/DEBUG] (REI) [REI] Added overlay decider: me.shedaniel.rei.impl.client.registry.screen.ScreenRegistryImpl$2@d3f375a [-10.00 priority]
[10:41:33] [REI-ReloadPlugins/DEBUG] (REI) [REI] Added overlay decider: me.shedaniel.rei.impl.client.registry.screen.ScreenRegistryImpl$3@31a29d64 [-20.00 priority]
[10:41:33] [REI-ReloadPlugins/DEBUG] (REI) [REI] Added focused stack provider: me.shedaniel.rei.impl.client.registry.screen.ScreenRegistryImpl$4@71d857e9 [-10.00 priority]
[10:41:33] [REI-ReloadPlugins/DEBUG] (REI) [REI] Added draggable component provider: me.shedaniel.rei.api.client.gui.drag.component.DraggableComponentProviderWidget$1@45550a67 [0.00 priority]
[10:41:33] [REI-ReloadPlugins/DEBUG] (REI) [REI] Added draggable component visitor: me.shedaniel.rei.api.client.gui.drag.component.DraggableComponentVisitorWidget$2@35f81631 [0.00 priority]
[10:41:33] [REI-ReloadPlugins/DEBUG] (REI) [REI] Preparing collapsed entry groups cache with 0 entries and 0 stacks
[10:41:33] [REI-ReloadPlugins/DEBUG] (REI) [REI] Prepared collapsed entry groups cache with 0 entries and 0 stacks
[10:41:33] [REI-ReloadPlugins/DEBUG] (REI) [REI] ========================================
[10:41:33] [REI-ReloadPlugins/DEBUG] (REI) [REI] REIClientPlugin started main-reload for START.
[10:41:33] [REI-ReloadPlugins/DEBUG] (REI) [REI] ========================================
[10:41:33] [Download-2/ERROR] (net.minecraft.client.multiplayer.AccountProfileKeyPairManager) Failed to retrieve profile key pair
MinecraftClientHttpException[type=HTTP_ERROR, status=401, response=ErrorResponse[path=/player/certificates, error=null, errorMessage=null, details=null]]
	at knot//com.mojang.authlib.minecraft.client.MinecraftClient.buildHttpException(MinecraftClient.java:170)
	at knot//com.mojang.authlib.minecraft.client.MinecraftClient.readServiceResponse(MinecraftClient.java:147)
	at knot//com.mojang.authlib.minecraft.client.MinecraftClient.post(MinecraftClient.java:89)
	at knot//com.mojang.authlib.yggdrasil.YggdrasilUserApiService.getKeyPair(YggdrasilUserApiService.java:62)
	at knot//net.minecraft.client.multiplayer.AccountProfileKeyPairManager.fetchProfileKeyPair(AccountProfileKeyPairManager.java:128)
	at knot//net.minecraft.client.multiplayer.AccountProfileKeyPairManager.lambda$readOrFetchProfileKeyPair$0(AccountProfileKeyPairManager.java:77)
	at java.base/java.util.concurrent.CompletableFuture$AsyncSupply.run(CompletableFuture.java:1789)
	at java.base/java.util.concurrent.ThreadPoolExecutor.runWorker(ThreadPoolExecutor.java:1090)
	at java.base/java.util.concurrent.ThreadPoolExecutor$Worker.run(ThreadPoolExecutor.java:614)
	at java.base/java.lang.Thread.run(Thread.java:1516)
[10:41:33] [Render thread/DEBUG] (FabricLoader/Mixin) Mixing block.render.SectionCompilerMixin from fabric-renderer-api-v1.mixins.json into net.minecraft.client.renderer.chunk.SectionCompiler
[10:41:33] [Render thread/DEBUG] (FabricLoader/Mixin) Renaming synthetic method lambda$beforeLoopCompile$0(Ljava/util/Map;Lnet/minecraft/client/renderer/SectionBufferBuilderPack;Lnet/fabricmc/fabric/api/client/renderer/v1/mesh/MutableQuadView;)V to mdf26aa6$fabric-renderer-api-v1$lambda$beforeLoopCompile$0$0 in fabric-renderer-api-v1.mixins.json:block.render.SectionCompilerMixin from mod fabric-renderer-api-v1
[10:41:33] [Render thread/DEBUG] (FabricLoader/Mixin) fabric-renderer-api-v1.mixins.json:block.render.SectionCompilerMixin from mod fabric-renderer-api-v1->@Inject::beforeLoopCompile(Lnet/minecraft/core/SectionPos;Lnet/minecraft/client/renderer/chunk/RenderSectionRegion;Lcom/mojang/blaze3d/vertex/VertexSorting;Lnet/minecraft/client/renderer/SectionBufferBuilderPack;Lorg/spongepowered/asm/mixin/injection/callback/CallbackInfoReturnable;)V doesn't use it's CallbackInfoReturnable
[10:41:33] [Render thread/DEBUG] (FabricLoader/Mixin) fabric-renderer-api-v1.mixins.json:block.render.SectionCompilerMixin from mod fabric-renderer-api-v1->@Inject::beforeLoopCompile(Lnet/minecraft/core/SectionPos;Lnet/minecraft/client/renderer/chunk/RenderSectionRegion;Lcom/mojang/blaze3d/vertex/VertexSorting;Lnet/minecraft/client/renderer/SectionBufferBuilderPack;Lorg/spongepowered/asm/mixin/injection/callback/CallbackInfoReturnable;)V has 0 override(s) in child classes
[10:41:33] [Render thread/DEBUG] (FabricLoader/Mixin) fabric-renderer-api-v1.mixins.json:block.render.SectionCompilerMixin from mod fabric-renderer-api-v1->@Inject::beforeLoopCompile(Lnet/minecraft/core/SectionPos;Lnet/minecraft/client/renderer/chunk/RenderSectionRegion;Lcom/mojang/blaze3d/vertex/VertexSorting;Lnet/minecraft/client/renderer/SectionBufferBuilderPack;Lorg/spongepowered/asm/mixin/injection/callback/CallbackInfoReturnable;)V won't be passed a CallbackInfoReturnable as a result
[10:41:33] [Render thread/DEBUG] (FabricLoader/Mixin) Mixing RenderRegionCacheMixin from fabric-block-getter-api-v2.client.mixins.json into net.minecraft.client.renderer.chunk.RenderRegionCache
[10:41:33] [Render thread/DEBUG] (FabricLoader/Mixin) fabric-block-getter-api-v2.client.mixins.json:RenderRegionCacheMixin from mod fabric-block-getter-api-v2->@Inject::copyDataForChunk(Lnet/minecraft/client/multiplayer/ClientLevel;JLorg/spongepowered/asm/mixin/injection/callback/CallbackInfoReturnable;)V doesn't use it's CallbackInfoReturnable
[10:41:33] [Render thread/DEBUG] (FabricLoader/Mixin) fabric-block-getter-api-v2.client.mixins.json:RenderRegionCacheMixin from mod fabric-block-getter-api-v2->@Inject::copyDataForChunk(Lnet/minecraft/client/multiplayer/ClientLevel;JLorg/spongepowered/asm/mixin/injection/callback/CallbackInfoReturnable;)V has 0 override(s) in child classes
[10:41:33] [Render thread/DEBUG] (FabricLoader/Mixin) fabric-block-getter-api-v2.client.mixins.json:RenderRegionCacheMixin from mod fabric-block-getter-api-v2->@Inject::copyDataForChunk(Lnet/minecraft/client/multiplayer/ClientLevel;JLorg/spongepowered/asm/mixin/injection/callback/CallbackInfoReturnable;)V won't be passed a CallbackInfoReturnable as a result
[10:41:33] [Render thread/DEBUG] (FabricLoader/Mixin) fabric-block-getter-api-v2.client.mixins.json:RenderRegionCacheMixin from mod fabric-block-getter-api-v2->@Inject::createDataMap(Lnet/minecraft/client/multiplayer/ClientLevel;JLorg/spongepowered/asm/mixin/injection/callback/CallbackInfoReturnable;)V does use it's CallbackInfoReturnable
[10:41:34] [Render thread/DEBUG] (FabricLoader/Mixin) Mixing SubmitNodeCollectionMixin from fabric-rendering-v1.mixins.json into net.minecraft.client.renderer.SubmitNodeCollection
[10:41:34] [Render thread/DEBUG] (FabricLoader/Mixin) Mixing submit.SubmitNodeCollectionMixin from fabric-renderer-api-v1.mixins.json into net.minecraft.client.renderer.SubmitNodeCollection
[10:41:34] [Render thread/DEBUG] (FabricLoader/Mixin) Renaming synthetic method lambda$submitBreakingBlockModel$0(Lnet/minecraft/client/renderer/rendertype/RenderType;Lnet/minecraft/client/renderer/chunk/ChunkSectionLayer;)Lnet/minecraft/client/renderer/rendertype/RenderType; to mdf26aa6$fabric-renderer-api-v1$lambda$submitBreakingBlockModel$0$0 in fabric-renderer-api-v1.mixins.json:submit.SubmitNodeCollectionMixin from mod fabric-renderer-api-v1
[10:41:34] [Render thread/DEBUG] (FabricLoader/Mixin) Renaming synthetic method lambda$submitBlockModel$1(Ljava/util/function/Function;Lnet/minecraft/client/renderer/chunk/ChunkSectionLayer;)Lnet/minecraft/client/renderer/rendertype/RenderType; to mdf26aa6$fabric-renderer-api-v1$lambda$submitBlockModel$1$1 in fabric-renderer-api-v1.mixins.json:submit.SubmitNodeCollectionMixin from mod fabric-renderer-api-v1
[10:41:34] [Render thread/DEBUG] (FabricLoader/Mixin) Renaming synthetic method lambda$submitBlockModel$0(Ljava/util/function/Function;Lnet/minecraft/client/renderer/chunk/ChunkSectionLayer;)Lnet/minecraft/client/renderer/rendertype/RenderType; to mdf26aa6$fabric-renderer-api-v1$lambda$submitBlockModel$0$2 in fabric-renderer-api-v1.mixins.json:submit.SubmitNodeCollectionMixin from mod fabric-renderer-api-v1
[10:41:34] [Render thread/DEBUG] (FabricLoader/Mixin) Mixing SkyRenderingMixin from stargazer.mixins.json into net.minecraft.client.renderer.SkyRenderer
[10:41:34] [Render thread/DEBUG] (FabricLoader/Mixin) Renaming synthetic method lambda$uploadSkyQuad$0()Ljava/lang/String; to mdf26aa6$stargazer$lambda$uploadSkyQuad$0$0 in stargazer.mixins.json:SkyRenderingMixin from mod stargazer
[10:41:34] [Render thread/DEBUG] (FabricLoader/Mixin) Renaming synthetic method lambda$renderScreenSpaceSky$0()Ljava/lang/String; to mdf26aa6$stargazer$lambda$renderScreenSpaceSky$0$1 in stargazer.mixins.json:SkyRenderingMixin from mod stargazer
[10:41:34] [Render thread/DEBUG] (FabricLoader/Mixin) stargazer.mixins.json:SkyRenderingMixin from mod stargazer->@Inject::renderStargazerSoftSky(Lorg/spongepowered/asm/mixin/injection/callback/CallbackInfo;)V does use it's CallbackInfo
[10:41:34] [Render thread/DEBUG] (FabricLoader/Mixin) stargazer.mixins.json:SkyRenderingMixin from mod stargazer->@Inject::renderStargazerSun(Lorg/spongepowered/asm/mixin/injection/callback/CallbackInfo;)V does use it's CallbackInfo
[10:41:34] [REI-ReloadPlugins/DEBUG] (REI) [REI] Added click area provider for net.minecraft.client.gui.screens.inventory.CraftingScreen: me.shedaniel.rei.api.client.registry.screen.SimpleClickArea$$Lambda/0x000000005baa68b8@7ee33341
[10:41:34] [REI-ReloadPlugins/DEBUG] (REI) [REI] Added click area provider for net.minecraft.client.gui.screens.inventory.InventoryScreen: me.shedaniel.rei.api.client.registry.screen.SimpleClickArea$$Lambda/0x000000005baa68b8@1bac4a86
[10:41:34] [REI-ReloadPlugins/DEBUG] (REI) [REI] Added click area provider for net.minecraft.client.gui.screens.inventory.BrewingStandScreen: me.shedaniel.rei.api.client.registry.screen.SimpleClickArea$$Lambda/0x000000005baa68b8@8c75661
[10:41:34] [REI-ReloadPlugins/DEBUG] (REI) [REI] Added click area provider for net.minecraft.client.gui.screens.inventory.FurnaceScreen: me.shedaniel.rei.api.client.registry.screen.SimpleClickArea$$Lambda/0x000000005baa68b8@6f591503
[10:41:34] [REI-ReloadPlugins/DEBUG] (REI) [REI] Added click area provider for net.minecraft.client.gui.screens.inventory.SmokerScreen: me.shedaniel.rei.api.client.registry.screen.SimpleClickArea$$Lambda/0x000000005baa68b8@14d18766
[10:41:34] [REI-ReloadPlugins/DEBUG] (REI) [REI] Added click area provider for net.minecraft.client.gui.screens.inventory.BlastFurnaceScreen: me.shedaniel.rei.api.client.registry.screen.SimpleClickArea$$Lambda/0x000000005baa68b8@6dd00700
[10:41:34] [REI-ReloadPlugins/DEBUG] (REI) [REI] Added exclusion zones provider: me.shedaniel.rei.plugin.client.exclusionzones.DefaultPotionEffectExclusionZones@69a58c19 for net.minecraft.client.gui.screens.inventory.InventoryScreen
[10:41:34] [REI-ReloadPlugins/DEBUG] (FabricLoader/Mixin) Mixing CreativeModeInventoryScreenMixin from fabric-creative-tab-api-v1.client.mixins.json into net.minecraft.client.gui.screens.inventory.CreativeModeInventoryScreen
[10:41:34] [REI-ReloadPlugins/DEBUG] (FabricLoader/Mixin) Renaming synthetic method lambda$getTabsOnPage$1(Lnet/minecraft/world/item/CreativeModeTab;Lnet/minecraft/world/item/CreativeModeTab;)I to mdf26aa6$fabric-creative-tab-api-v1$lambda$getTabsOnPage$1$0 in fabric-creative-tab-api-v1.client.mixins.json:CreativeModeInventoryScreenMixin from mod fabric-creative-tab-api-v1
[10:41:34] [REI-ReloadPlugins/DEBUG] (FabricLoader/Mixin) Renaming synthetic method lambda$getTabsOnPage$0(ILnet/minecraft/world/item/CreativeModeTab;)Z to mdf26aa6$fabric-creative-tab-api-v1$lambda$getTabsOnPage$0$1 in fabric-creative-tab-api-v1.client.mixins.json:CreativeModeInventoryScreenMixin from mod fabric-creative-tab-api-v1
[10:41:34] [REI-ReloadPlugins/DEBUG] (FabricLoader/Mixin) Renaming synthetic method lambda$hasGroupForPage$0(ILnet/minecraft/world/item/CreativeModeTab;)Z to mdf26aa6$fabric-creative-tab-api-v1$lambda$hasGroupForPage$0$2 in fabric-creative-tab-api-v1.client.mixins.json:CreativeModeInventoryScreenMixin from mod fabric-creative-tab-api-v1
[10:41:34] [REI-ReloadPlugins/DEBUG] (FabricLoader/Mixin) Renaming synthetic method lambda$updateSelection$0(Lnet/minecraft/world/item/CreativeModeTab;Lnet/minecraft/world/item/CreativeModeTab;)I to mdf26aa6$fabric-creative-tab-api-v1$lambda$updateSelection$0$3 in fabric-creative-tab-api-v1.client.mixins.json:CreativeModeInventoryScreenMixin from mod fabric-creative-tab-api-v1
[10:41:34] [REI-ReloadPlugins/DEBUG] (FabricLoader/Mixin) fabric-creative-tab-api-v1.client.mixins.json:CreativeModeInventoryScreenMixin from mod fabric-creative-tab-api-v1->@Inject::init(Lorg/spongepowered/asm/mixin/injection/callback/CallbackInfo;)V doesn't use it's CallbackInfo
[10:41:34] [REI-ReloadPlugins/DEBUG] (FabricLoader/Mixin) fabric-creative-tab-api-v1.client.mixins.json:CreativeModeInventoryScreenMixin from mod fabric-creative-tab-api-v1->@Inject::init(Lorg/spongepowered/asm/mixin/injection/callback/CallbackInfo;)V has 0 override(s) in child classes
[10:41:34] [REI-ReloadPlugins/DEBUG] (FabricLoader/Mixin) fabric-creative-tab-api-v1.client.mixins.json:CreativeModeInventoryScreenMixin from mod fabric-creative-tab-api-v1->@Inject::init(Lorg/spongepowered/asm/mixin/injection/callback/CallbackInfo;)V won't be passed a CallbackInfo as a result
[10:41:34] [REI-ReloadPlugins/DEBUG] (FabricLoader/Mixin) fabric-creative-tab-api-v1.client.mixins.json:CreativeModeInventoryScreenMixin from mod fabric-creative-tab-api-v1->@Inject::setSelectedTab(Lnet/minecraft/world/item/CreativeModeTab;Lorg/spongepowered/asm/mixin/injection/callback/CallbackInfo;)V does use it's CallbackInfo
[10:41:34] [REI-ReloadPlugins/DEBUG] (FabricLoader/Mixin) fabric-creative-tab-api-v1.client.mixins.json:CreativeModeInventoryScreenMixin from mod fabric-creative-tab-api-v1->@Inject::renderTabTooltipIfHovered(Lnet/minecraft/client/gui/GuiGraphicsExtractor;Lnet/minecraft/world/item/CreativeModeTab;IILorg/spongepowered/asm/mixin/injection/callback/CallbackInfoReturnable;)V does use it's CallbackInfoReturnable
[10:41:34] [REI-ReloadPlugins/DEBUG] (FabricLoader/Mixin) fabric-creative-tab-api-v1.client.mixins.json:CreativeModeInventoryScreenMixin from mod fabric-creative-tab-api-v1->@Inject::isClickInTab(Lnet/minecraft/world/item/CreativeModeTab;DDLorg/spongepowered/asm/mixin/injection/callback/CallbackInfoReturnable;)V does use it's CallbackInfoReturnable
[10:41:34] [REI-ReloadPlugins/DEBUG] (FabricLoader/Mixin) fabric-creative-tab-api-v1.client.mixins.json:CreativeModeInventoryScreenMixin from mod fabric-creative-tab-api-v1->@Inject::extractTabButton(Lnet/minecraft/client/gui/GuiGraphicsExtractor;IILnet/minecraft/world/item/CreativeModeTab;Lorg/spongepowered/asm/mixin/injection/callback/CallbackInfo;)V does use it's CallbackInfo
[10:41:34] [REI-ReloadPlugins/DEBUG] (FabricLoader/Mixin) fabric-creative-tab-api-v1.client.mixins.json:CreativeModeInventoryScreenMixin from mod fabric-creative-tab-api-v1->@Inject::keyPressed(Lnet/minecraft/client/input/KeyEvent;Lorg/spongepowered/asm/mixin/injection/callback/CallbackInfoReturnable;)V does use it's CallbackInfoReturnable
[10:41:34] [REI-ReloadPlugins/DEBUG] (REI) [REI] Added exclusion zones provider: me.shedaniel.rei.plugin.client.exclusionzones.DefaultPotionEffectExclusionZones@1863fa8 for net.minecraft.client.gui.screens.inventory.CreativeModeInventoryScreen
[10:41:34] [REI-ReloadPlugins/DEBUG] (REI) [REI] Added exclusion zones provider: me.shedaniel.rei.plugin.client.exclusionzones.DefaultRecipeBookExclusionZones@15972472 for net.minecraft.client.gui.screens.recipebook.RecipeUpdateListener
[10:41:34] [REI-ReloadPlugins/DEBUG] (REI) [REI] Added exclusion zones provider: me.shedaniel.rei.plugin.client.runtime.DefaultClientRuntimePlugin$$Lambda/0x000000005baa5db8@4f13ead for me.shedaniel.rei.impl.client.gui.screen.DefaultDisplayViewingScreen
[10:41:34] [REI-ReloadPlugins/DEBUG] (REI) [REI] Added exclusion zones provider: me.shedaniel.rei.plugin.client.runtime.DefaultClientRuntimePlugin$$Lambda/0x000000005baa4800@698c4e0b for net.minecraft.client.gui.screens.Screen
[10:41:34] [REI-ReloadPlugins/DEBUG] (REI) [REI] Added draggable component provider: me.shedaniel.rei.api.client.gui.drag.component.DraggableComponentProviderWidget$1@236258df [0.00 priority]
[10:41:34] [REI-ReloadPlugins/DEBUG] (REI) [REI] Added draggable component visitor: me.shedaniel.rei.api.client.gui.drag.component.DraggableComponentVisitorWidget$2@5b0ace52 [0.00 priority]
[10:41:34] [REI-ReloadPlugins/DEBUG] (REI) [REI] Added click area provider for com.github.starcatcher21.stargazer.screens.handled.StarforgeHandled: me.shedaniel.rei.api.client.registry.screen.SimpleClickArea$$Lambda/0x000000005baa68b8@41d78cdb
[10:41:34] [REI-ReloadPlugins/DEBUG] (REI) [REI] Added click area provider for com.github.starcatcher21.stargazer.screens.handled.MoonWelderHandled: me.shedaniel.rei.api.client.registry.screen.SimpleClickArea$$Lambda/0x000000005baa68b8@639844d
[10:41:34] [REI-ReloadPlugins/DEBUG] (REI) [REI] Added click area provider for com.github.starcatcher21.stargazer.screens.handled.StarCrusherHandled: me.shedaniel.rei.api.client.registry.screen.SimpleClickArea$$Lambda/0x000000005baa68b8@2e5e198b
[10:41:34] [REI-ReloadPlugins/DEBUG] (REI) [REI] Added favorite entry type [roughlyenoughitems:gamemode]: INSTANCE
[10:41:34] [REI-ReloadPlugins/DEBUG] (REI) [REI] Added favorite entry type [roughlyenoughitems:weather]: INSTANCE
[10:41:34] [REI-ReloadPlugins/DEBUG] (REI) [REI] Added favorite entry type [roughlyenoughitems:time]: INSTANCE
[10:41:34] [REI-ReloadPlugins/DEBUG] (REI) [REI] Added favorite entry type [roughlyenoughitems:entry_stack]: INSTANCE
[10:41:34] [REI-ReloadPlugins/DEBUG] (REI) [REI] Added favorite entry type [roughlyenoughitems:display]: INSTANCE
[10:41:34] [REI-ReloadPlugins/DEBUG] (REI) [REI] ========================================
[10:41:34] [REI-ReloadPlugins/DEBUG] (REI) [REI] REIClientPlugin ending main-reload for START.
[10:41:34] [REI-ReloadPlugins/DEBUG] (REI) [REI] ========================================
[10:41:34] [REI-ReloadPlugins/DEBUG] (REI) [REI] Config saved
[10:41:34] [Render thread/INFO] (net.minecraft.client.renderer.DynamicUniformStorage) Resizing Dynamic Transforms UBO, capacity limit of 2 reached during a single frame. New capacity will be 4.
[10:41:34] [REI-ReloadPlugins/DEBUG] (REI) [REI] Refiltered rule [INSTANCE] in 7.967 ms.
[10:41:34] [REI-ReloadPlugins/DEBUG] (REI) [REI] Refiltered rule [INSTANCE] in 2.474 ms.
[10:41:34] [REI-ReloadPlugins/DEBUG] (REI) [REI] Refiltered rule [INSTANCE] in 5.043 ms.
[10:41:34] [REI-ReloadPlugins/DEBUG] (REI) [REI] Refiltered 2182 entries with 3 rules in 48.71 ms.
[10:41:34] [REI-ReloadPlugins/DEBUG] (REI) [REI] Computed existing filtered displays with 3 rules in 1.983 ms
[10:41:34] [REI-ReloadPlugins/DEBUG] (REI) [REI] Reloaded entry registry with 2182 entries and 2181 filtered entries
[10:41:34] [REI-ReloadPlugins/DEBUG] (REI) [REI] Registered 4 overlay deciders and 5 exclusion zones
[10:41:34] [REI-ReloadPlugins/DEBUG] (REI) [REI] Config saved
[10:41:34] [REI-ReloadPlugins/DEBUG] (REI) [REI] Registered 5 favorite entry types
[10:41:34] [Render thread/DEBUG] (FabricLoader/Mixin) Mixing RenderSectionRegionMixin from fabric-block-getter-api-v2.client.mixins.json into net.minecraft.client.renderer.chunk.RenderSectionRegion
[10:41:34] [Render thread/WARN] (com.mojang.blaze3d.opengl.GlProgram) Found unknown and unsupported uniform DynamicTransforms in minecraft:pipeline/soft_sky
[10:41:34] [Worker-Main-11/DEBUG] (FabricLoader/Mixin) Mixing BlockModelLighterAccessor from fabric-renderer-indigo.mixins.json into net.minecraft.client.renderer.block.BlockModelLighter
[10:41:34] [Worker-Main-11/DEBUG] (FabricLoader/Mixin) Renaming @Accessor method fabric_getCACHE()Ljava/lang/ThreadLocal; to fabric_getCACHE$fabric-renderer-indigo_$md$f26aa6$0 in fabric-renderer-indigo.mixins.json:BlockModelLighterAccessor from mod fabric-renderer-indigo
[10:41:34] [Worker-Main-3/DEBUG] (FabricLoader/Mixin) Mixing ModelBlockRendererMixin from fabric-rendering-v1.mixins.json into net.minecraft.client.renderer.block.ModelBlockRenderer
[10:41:34] [REI-ReloadPlugins/DEBUG] (REI) [REI] Preparing collapsed entry groups cache with 0 entries and 2182 stacks
[10:41:34] [REI-ReloadPlugins/DEBUG] (REI) [REI] Prepared collapsed entry groups cache with 0 entries and 2182 stacks
[10:41:34] [Worker-Main-3/DEBUG] (FabricLoader/Mixin) fabric-rendering-v1.mixins.json:ModelBlockRendererMixin from mod fabric-rendering-v1->@Inject::injectFactoryTintCacheLoading(Lnet/minecraft/client/renderer/block/BlockAndTintGetter;Lnet/minecraft/world/level/block/state/BlockState;Lnet/minecraft/core/BlockPos;ILorg/spongepowered/asm/mixin/injection/callback/CallbackInfoReturnable;)V doesn't use it's CallbackInfoReturnable
[10:41:34] [Worker-Main-3/DEBUG] (FabricLoader/Mixin) fabric-rendering-v1.mixins.json:ModelBlockRendererMixin from mod fabric-rendering-v1->@Inject::injectFactoryTintCacheLoading(Lnet/minecraft/client/renderer/block/BlockAndTintGetter;Lnet/minecraft/world/level/block/state/BlockState;Lnet/minecraft/core/BlockPos;ILorg/spongepowered/asm/mixin/injection/callback/CallbackInfoReturnable;)V has 0 override(s) in child classes
[10:41:34] [REI-ReloadPlugins/DEBUG] (REI) [REI] ========================================
[10:41:34] [Worker-Main-3/DEBUG] (FabricLoader/Mixin) fabric-rendering-v1.mixins.json:ModelBlockRendererMixin from mod fabric-rendering-v1->@Inject::injectFactoryTintCacheLoading(Lnet/minecraft/client/renderer/block/BlockAndTintGetter;Lnet/minecraft/world/level/block/state/BlockState;Lnet/minecraft/core/BlockPos;ILorg/spongepowered/asm/mixin/injection/callback/CallbackInfoReturnable;)V won't be passed a CallbackInfoReturnable as a result
[10:41:34] [REI-ReloadPlugins/DEBUG] (REI) [REI] REIClientPlugin ended main-reload for START in 357.7 ms.
[10:41:34] [REI-ReloadPlugins/DEBUG] (REI) [REI] ========================================
[10:41:34] [REI-ReloadPlugins/DEBUG] (REI) [REI] ========================================
[10:41:34] [REI-ReloadPlugins/DEBUG] (REI) [REI] REICommonPlugin starting post-reload for START.
[10:41:34] [REI-ReloadPlugins/DEBUG] (REI) [REI] Reloadables (9):
[10:41:34] [REI-ReloadPlugins/DEBUG] (REI) [REI]  - SlotAccessorRegistryImpl
[10:41:34] [REI-ReloadPlugins/DEBUG] (REI) [REI]  - EntryTypeRegistryImpl
[10:41:34] [REI-ReloadPlugins/DEBUG] (REI) [REI]  - EntrySettingsAdapterRegistryImpl
[10:41:34] [REI-ReloadPlugins/DEBUG] (REI) [REI]  - ItemComparatorRegistryImpl
[10:41:34] [REI-ReloadPlugins/DEBUG] (REI) [REI]  - FluidComparatorRegistryImpl
[10:41:34] [REI-ReloadPlugins/DEBUG] (REI) [REI]  - DisplaySerializerRegistryImpl
[10:41:34] [REI-ReloadPlugins/DEBUG] (REI) [REI]  - ServerDisplayRegistryImpl
[10:41:34] [REI-ReloadPlugins/DEBUG] (REI) [REI]  - FluidSupportProviderImpl
[10:41:34] [REI-ReloadPlugins/DEBUG] (REI) [REI]  - me.shedaniel.rei.plugin.client.runtime.PluginStageExecutionWatcher$1
[10:41:34] [REI-ReloadPlugins/DEBUG] (REI) [REI] Plugins (4):
[10:41:34] [REI-ReloadPlugins/DEBUG] (REI) [REI]  - (-100.00) DefaultPlugin of DefaultPlugin [roughlyenoughitems]
[10:41:34] [REI-ReloadPlugins/DEBUG] (REI) [REI]  - (0.00) FabricFluidAPISupportPlugin
[10:41:34] [REI-ReloadPlugins/DEBUG] (REI) [REI]  - (0.00) DefaultRuntimePlugin of DefaultRuntimePlugin [roughlyenoughitems]
[10:41:34] [REI-ReloadPlugins/DEBUG] (REI) [REI]  - (0.00) StargazerREICommon of StargazerREICommon [stargazer]
[10:41:34] [REI-ReloadPlugins/DEBUG] (REI) [REI] ========================================
[10:41:34] [REI-ReloadPlugins/DEBUG] (REI) [REI] ========================================
[10:41:34] [Worker-Main-11/DEBUG] (FabricLoader/Mixin) Mixing FluidRendererMixin from fabric-rendering-fluids-v1.mixins.json into net.minecraft.client.renderer.block.FluidRenderer
[10:41:34] [REI-ReloadPlugins/INFO] (REI) [REI] REICommonPlugin finished post-reload for START in 2.510 ms, totaling 66.10 ms.
[10:41:34] [REI-ReloadPlugins/DEBUG] (REI) [REI] ========================================
[10:41:34] [REI-ReloadPlugins/DEBUG] (REI) [REI] ========================================
[10:41:34] [REI-ReloadPlugins/DEBUG] (REI) [REI] REIClientPlugin starting post-reload for START.
[10:41:34] [REI-ReloadPlugins/DEBUG] (REI) [REI] Reloadables (18):
[10:41:34] [REI-ReloadPlugins/DEBUG] (REI) [REI]  - EntryRendererRegistryImpl
[10:41:34] [REI-ReloadPlugins/DEBUG] (REI) [REI]  - ViewsImpl
[10:41:34] [REI-ReloadPlugins/DEBUG] (REI) [REI]  - InputMethodRegistryImpl
[10:41:34] [REI-ReloadPlugins/DEBUG] (REI) [REI]  - SearchProviderImpl
[10:41:34] [REI-ReloadPlugins/DEBUG] (REI) [REI]  - ConfigManagerImpl
[10:41:34] [REI-ReloadPlugins/DEBUG] (REI) [REI]  - EntryRegistryImpl
[10:41:34] [REI-ReloadPlugins/DEBUG] (REI) [REI]  - CollapsibleEntryRegistryImpl
[10:41:34] [REI-ReloadPlugins/DEBUG] (REI) [REI]  - BasicFilteringRuleImpl
[10:41:34] [REI-ReloadPlugins/DEBUG] (REI) [REI]  - CategoryRegistryImpl
[10:41:34] [REI-ReloadPlugins/DEBUG] (REI) [REI]  - DisplayRegistryImpl
[10:41:34] [REI-ReloadPlugins/DEBUG] (REI) [REI]  - ScreenRegistryImpl
[10:41:34] [REI-ReloadPlugins/DEBUG] (REI) [REI]  - FavoriteEntryTypeRegistryImpl
[10:41:34] [REI-ReloadPlugins/DEBUG] (REI) [REI]  - SubsetsRegistryImpl
[10:41:34] [REI-ReloadPlugins/DEBUG] (REI) [REI]  - TransferHandlerRegistryImpl
[10:41:34] [REI-ReloadPlugins/DEBUG] (REI) [REI]  - SearchRuntime
[10:41:34] [REI-ReloadPlugins/DEBUG] (REI) [REI]  - REIRuntimeImpl
[10:41:34] [REI-ReloadPlugins/DEBUG] (REI) [REI]  - ConfigAddonRegistryImpl
[10:41:34] [REI-ReloadPlugins/DEBUG] (REI) [REI]  - me.shedaniel.rei.plugin.client.runtime.PluginStageExecutionWatcher$1
[10:41:34] [REI-ReloadPlugins/DEBUG] (REI) [REI] Plugins (4):
[10:41:34] [REI-ReloadPlugins/DEBUG] (REI) [REI]  - (-100.00) DefaultClientPlugin of DefaultClientPlugin [roughlyenoughitems]
[10:41:34] [REI-ReloadPlugins/DEBUG] (REI) [REI]  - (0.00) HideIngredientsFromTagsPlugin of HideIngredientsFromTagsPlugin [roughlyenoughitems]
[10:41:34] [REI-ReloadPlugins/DEBUG] (REI) [REI]  - (0.00) DefaultClientRuntimePlugin of DefaultClientRuntimePlugin [roughlyenoughitems]
[10:41:34] [REI-ReloadPlugins/DEBUG] (REI) [REI]  - (0.00) StargazerREIClient of StargazerREIClient [stargazer]
[10:41:34] [REI-ReloadPlugins/DEBUG] (REI) [REI] ========================================
[10:41:34] [REI-ReloadPlugins/DEBUG] (REI) [REI] ========================================
[10:41:34] [REI-ReloadPlugins/INFO] (REI) [REI] REIClientPlugin finished post-reload for START in 1.115 ms, totaling 360.3 ms.
[10:41:34] [REI-ReloadPlugins/DEBUG] (REI) [REI] ========================================
[10:41:34] [REI-ReloadPlugins/DEBUG] (REI) [REI] ========================================
[10:41:34] [REI-ReloadPlugins/DEBUG] (REI) [REI] REICommonPlugin starting pre-reload for END.
[10:41:34] [REI-ReloadPlugins/DEBUG] (REI) [REI] Reloadables (9):
[10:41:34] [REI-ReloadPlugins/DEBUG] (REI) [REI]  - SlotAccessorRegistryImpl
[10:41:34] [REI-ReloadPlugins/DEBUG] (REI) [REI]  - EntryTypeRegistryImpl
[10:41:34] [REI-ReloadPlugins/DEBUG] (REI) [REI]  - EntrySettingsAdapterRegistryImpl
[10:41:34] [REI-ReloadPlugins/DEBUG] (REI) [REI]  - ItemComparatorRegistryImpl
[10:41:34] [REI-ReloadPlugins/DEBUG] (REI) [REI]  - FluidComparatorRegistryImpl
[10:41:34] [REI-ReloadPlugins/DEBUG] (REI) [REI]  - DisplaySerializerRegistryImpl
[10:41:34] [REI-ReloadPlugins/DEBUG] (REI) [REI]  - ServerDisplayRegistryImpl
[10:41:34] [REI-ReloadPlugins/DEBUG] (REI) [REI]  - FluidSupportProviderImpl
[10:41:34] [REI-ReloadPlugins/DEBUG] (REI) [REI]  - me.shedaniel.rei.plugin.client.runtime.PluginStageExecutionWatcher$1
[10:41:34] [REI-ReloadPlugins/DEBUG] (REI) [REI] Plugins (4):
[10:41:34] [REI-ReloadPlugins/DEBUG] (REI) [REI]  - (-100.00) DefaultPlugin of DefaultPlugin [roughlyenoughitems]
[10:41:34] [REI-ReloadPlugins/DEBUG] (REI) [REI]  - (0.00) FabricFluidAPISupportPlugin
[10:41:34] [REI-ReloadPlugins/DEBUG] (REI) [REI]  - (0.00) DefaultRuntimePlugin of DefaultRuntimePlugin [roughlyenoughitems]
[10:41:34] [REI-ReloadPlugins/DEBUG] (REI) [REI]  - (0.00) StargazerREICommon of StargazerREICommon [stargazer]
[10:41:34] [REI-ReloadPlugins/DEBUG] (REI) [REI] ========================================
[10:41:34] [REI-ReloadPlugins/DEBUG] (REI) [REI] ========================================
[10:41:34] [REI-ReloadPlugins/DEBUG] (REI) [REI] REICommonPlugin finished pre-reload for END in 851.2 μs.
[10:41:34] [REI-ReloadPlugins/DEBUG] (REI) [REI] ========================================
[10:41:34] [REI-ReloadPlugins/DEBUG] (REI) [REI] ========================================
[10:41:34] [REI-ReloadPlugins/DEBUG] (REI) [REI] REIClientPlugin starting pre-reload for END.
[10:41:34] [REI-ReloadPlugins/DEBUG] (REI) [REI] Reloadables (18):
[10:41:34] [REI-ReloadPlugins/DEBUG] (REI) [REI]  - EntryRendererRegistryImpl
[10:41:34] [REI-ReloadPlugins/DEBUG] (REI) [REI]  - ViewsImpl
[10:41:34] [REI-ReloadPlugins/DEBUG] (REI) [REI]  - InputMethodRegistryImpl
[10:41:34] [REI-ReloadPlugins/DEBUG] (REI) [REI]  - SearchProviderImpl
[10:41:34] [REI-ReloadPlugins/DEBUG] (REI) [REI]  - ConfigManagerImpl
[10:41:34] [REI-ReloadPlugins/DEBUG] (REI) [REI]  - EntryRegistryImpl
[10:41:34] [REI-ReloadPlugins/DEBUG] (REI) [REI]  - CollapsibleEntryRegistryImpl
[10:41:34] [REI-ReloadPlugins/DEBUG] (REI) [REI]  - BasicFilteringRuleImpl
[10:41:34] [REI-ReloadPlugins/DEBUG] (REI) [REI]  - CategoryRegistryImpl
[10:41:34] [REI-ReloadPlugins/DEBUG] (REI) [REI]  - DisplayRegistryImpl
[10:41:34] [REI-ReloadPlugins/DEBUG] (REI) [REI]  - ScreenRegistryImpl
[10:41:34] [REI-ReloadPlugins/DEBUG] (REI) [REI]  - FavoriteEntryTypeRegistryImpl
[10:41:34] [REI-ReloadPlugins/DEBUG] (REI) [REI]  - SubsetsRegistryImpl
[10:41:34] [REI-ReloadPlugins/DEBUG] (REI) [REI]  - TransferHandlerRegistryImpl
[10:41:34] [REI-ReloadPlugins/DEBUG] (REI) [REI]  - SearchRuntime
[10:41:34] [REI-ReloadPlugins/DEBUG] (REI) [REI]  - REIRuntimeImpl
[10:41:34] [REI-ReloadPlugins/DEBUG] (REI) [REI]  - ConfigAddonRegistryImpl
[10:41:34] [REI-ReloadPlugins/DEBUG] (REI) [REI]  - me.shedaniel.rei.plugin.client.runtime.PluginStageExecutionWatcher$1
[10:41:34] [REI-ReloadPlugins/DEBUG] (REI) [REI] Plugins (4):
[10:41:34] [REI-ReloadPlugins/DEBUG] (REI) [REI]  - (-100.00) DefaultClientPlugin of DefaultClientPlugin [roughlyenoughitems]
[10:41:34] [REI-ReloadPlugins/DEBUG] (REI) [REI]  - (0.00) HideIngredientsFromTagsPlugin of HideIngredientsFromTagsPlugin [roughlyenoughitems]
[10:41:34] [REI-ReloadPlugins/DEBUG] (REI) [REI]  - (0.00) DefaultClientRuntimePlugin of DefaultClientRuntimePlugin [roughlyenoughitems]
[10:41:34] [REI-ReloadPlugins/DEBUG] (REI) [REI]  - (0.00) StargazerREIClient of StargazerREIClient [stargazer]
[10:41:34] [REI-ReloadPlugins/DEBUG] (REI) [REI] ========================================
[10:41:34] [REI-ReloadPlugins/DEBUG] (REI) [REI] ========================================
[10:41:34] [REI-ReloadPlugins/DEBUG] (REI) [REI] REIClientPlugin finished pre-reload for END in 1.058 ms.
[10:41:34] [REI-ReloadPlugins/DEBUG] (REI) [REI] ========================================
[10:41:34] [REI-ReloadPlugins/INFO] (REI) [REI] ########################################
[10:41:34] [REI-ReloadPlugins/INFO] (REI) [REI] REICommonPlugin starting main-reload for END.
[10:41:34] [REI-ReloadPlugins/DEBUG] (REI) [REI] Reloadables (9):
[10:41:34] [REI-ReloadPlugins/DEBUG] (REI) [REI]  - SlotAccessorRegistryImpl
[10:41:34] [REI-ReloadPlugins/DEBUG] (REI) [REI]  - EntryTypeRegistryImpl
[10:41:34] [REI-ReloadPlugins/DEBUG] (REI) [REI]  - EntrySettingsAdapterRegistryImpl
[10:41:34] [REI-ReloadPlugins/DEBUG] (REI) [REI]  - ItemComparatorRegistryImpl
[10:41:34] [REI-ReloadPlugins/DEBUG] (REI) [REI]  - FluidComparatorRegistryImpl
[10:41:34] [REI-ReloadPlugins/DEBUG] (REI) [REI]  - DisplaySerializerRegistryImpl
[10:41:34] [REI-ReloadPlugins/DEBUG] (REI) [REI]  - ServerDisplayRegistryImpl
[10:41:34] [REI-ReloadPlugins/DEBUG] (REI) [REI]  - FluidSupportProviderImpl
[10:41:34] [REI-ReloadPlugins/DEBUG] (REI) [REI]  - me.shedaniel.rei.plugin.client.runtime.PluginStageExecutionWatcher$1
[10:41:34] [REI-ReloadPlugins/INFO] (REI) [REI] Plugins (4):
[10:41:34] [REI-ReloadPlugins/INFO] (REI) [REI]  - (-100.00) DefaultPlugin of DefaultPlugin [roughlyenoughitems]
[10:41:34] [REI-ReloadPlugins/INFO] (REI) [REI]  - (0.00) FabricFluidAPISupportPlugin
[10:41:34] [REI-ReloadPlugins/INFO] (REI) [REI]  - (0.00) DefaultRuntimePlugin of DefaultRuntimePlugin [roughlyenoughitems]
[10:41:34] [REI-ReloadPlugins/INFO] (REI) [REI]  - (0.00) StargazerREICommon of StargazerREICommon [stargazer]
[10:41:34] [REI-ReloadPlugins/INFO] (REI) [REI] ########################################
[10:41:34] [REI-ReloadPlugins/DEBUG] (REI) [REI] ========================================
[10:41:34] [REI-ReloadPlugins/DEBUG] (REI) [REI] REICommonPlugin started main-reload for END.
[10:41:34] [REI-ReloadPlugins/DEBUG] (REI) [REI] ========================================
[10:41:34] [Worker-Main-11/DEBUG] (FabricLoader/Mixin) fabric-rendering-fluids-v1.mixins.json:FluidRendererMixin from mod fabric-rendering-fluids-v1->@Inject::onHeadRender(Lnet/minecraft/client/renderer/block/BlockAndTintGetter;Lnet/minecraft/core/BlockPos;Lnet/minecraft/client/renderer/block/FluidRenderer$Output;Lnet/minecraft/world/level/block/state/BlockState;Lnet/minecraft/world/level/material/FluidState;Lorg/spongepowered/asm/mixin/injection/callback/CallbackInfo;)V does use it's CallbackInfo
[10:41:34] [REI-ReloadPlugins/DEBUG] (REI) [REI] Added slot accessor serializer: me.shedaniel.rei.plugin.common.runtime.DefaultRuntimePlugin$1@6e2c1734 [roughlyenoughitems:vanilla]
[10:41:34] [REI-ReloadPlugins/DEBUG] (REI) [REI] Added slot accessor serializer: me.shedaniel.rei.plugin.common.runtime.DefaultRuntimePlugin$2@154ea246 [roughlyenoughitems:player]
[10:41:34] [REI-ReloadPlugins/DEBUG] (REI) [REI] Added display filter: me.shedaniel.rei.api.common.registry.display.DisplayConsumer$RecipeManagerConsumer$RecipeFillerBuilder$$Lambda/0x000000005bb3cca8@7337e108
[10:41:34] [REI-ReloadPlugins/DEBUG] (REI) [REI] Added display filter: me.shedaniel.rei.api.common.registry.display.DisplayConsumer$RecipeManagerConsumer$RecipeFillerBuilder$$Lambda/0x000000005bb3cca8@151887c
[10:41:34] [REI-ReloadPlugins/DEBUG] (REI) [REI] Added display filter: me.shedaniel.rei.api.common.registry.display.DisplayConsumer$RecipeManagerConsumer$RecipeFillerBuilder$$Lambda/0x000000005bb3cca8@6f618137
[10:41:34] [REI-ReloadPlugins/DEBUG] (REI) [REI] Added display filter: me.shedaniel.rei.api.common.registry.display.DisplayConsumer$RecipeManagerConsumer$RecipeFillerBuilder$$Lambda/0x000000005bb3cca8@45d197c2
[10:41:34] [REI-ReloadPlugins/DEBUG] (REI) [REI] Added display filter: me.shedaniel.rei.api.common.registry.display.DisplayConsumer$RecipeManagerConsumer$RecipeFillerBuilder$$Lambda/0x000000005bb3cca8@15a4e624
[10:41:34] [REI-ReloadPlugins/DEBUG] (REI) [REI] Added display filter: me.shedaniel.rei.api.common.registry.display.DisplayConsumer$RecipeManagerConsumer$RecipeFillerBuilder$$Lambda/0x000000005bb3cca8@6355fdd8
[10:41:34] [REI-ReloadPlugins/DEBUG] (REI) [REI] Added display filter: me.shedaniel.rei.api.common.registry.display.DisplayConsumer$RecipeManagerConsumer$RecipeFillerBuilder$$Lambda/0x000000005bb3cca8@5a998e69
[10:41:34] [REI-ReloadPlugins/DEBUG] (REI) [REI] Added display filter: me.shedaniel.rei.api.common.registry.display.DisplayConsumer$RecipeManagerConsumer$RecipeFillerBuilder$$Lambda/0x000000005bb404a8@2cf15648
[10:41:34] [REI-ReloadPlugins/DEBUG] (REI) [REI] Added display filter: me.shedaniel.rei.api.common.registry.display.DisplayConsumer$RecipeManagerConsumer$RecipeFillerBuilder$$Lambda/0x000000005bb404a8@33f32e57
[10:41:34] [REI-ReloadPlugins/DEBUG] (REI) [REI] Added display filter: me.shedaniel.rei.api.common.registry.display.DisplayConsumer$RecipeManagerConsumer$RecipeFillerBuilder$$Lambda/0x000000005bb404a8@5ca9162d
[10:41:34] [REI-ReloadPlugins/DEBUG] (REI) [REI] Added display filter: me.shedaniel.rei.api.common.registry.display.DisplayConsumer$RecipeManagerConsumer$RecipeFillerBuilder$$Lambda/0x000000005bb404a8@d18b053
[10:41:34] [REI-ReloadPlugins/DEBUG] (REI) [REI] Added display filter: me.shedaniel.rei.api.common.registry.display.DisplayConsumer$RecipeManagerConsumer$RecipeFillerBuilder$$Lambda/0x000000005bb404a8@2bfde4ae
[10:41:34] [REI-ReloadPlugins/DEBUG] (REI) [REI] Added display filter: me.shedaniel.rei.api.common.registry.display.DisplayConsumer$RecipeManagerConsumer$RecipeFillerBuilder$$Lambda/0x000000005bb404a8@156e610
[10:41:34] [REI-ReloadPlugins/DEBUG] (REI) [REI] Added display filter: me.shedaniel.rei.api.common.registry.display.DisplayConsumer$RecipeManagerConsumer$RecipeFillerBuilder$$Lambda/0x000000005bb3cca8@5d0830b9
[10:41:34] [REI-ReloadPlugins/DEBUG] (REI) [REI] Added display filter: me.shedaniel.rei.api.common.registry.display.DisplayConsumer$FillerBuilder$$Lambda/0x000000005bb429a8@49d6abdb
[10:41:34] [REI-ReloadPlugins/DEBUG] (REI) [REI] Added display filter: me.shedaniel.rei.api.common.registry.display.DisplayConsumer$RecipeManagerConsumer$RecipeFillerBuilder$$Lambda/0x000000005bb3cca8@42e05a46
[10:41:34] [REI-ReloadPlugins/DEBUG] (REI) [REI] Added display filter: me.shedaniel.rei.api.common.registry.display.DisplayConsumer$RecipeManagerConsumer$RecipeFillerBuilder$$Lambda/0x000000005bb3cca8@757845d1
[10:41:34] [REI-ReloadPlugins/DEBUG] (REI) [REI] ========================================
[10:41:34] [REI-ReloadPlugins/DEBUG] (REI) [REI] REICommonPlugin ending main-reload for END.
[10:41:34] [REI-ReloadPlugins/DEBUG] (REI) [REI] ========================================
[10:41:34] [REI-ReloadPlugins/DEBUG] (REI) [REI] Registered 2 slot accessor serializers
[10:41:34] [REI-ReloadPlugins/DEBUG] (REI) [REI] Found preliminary 0 displays
[10:41:34] [REI-ReloadPlugins/DEBUG] (REI) [REI] Filled 2193 displays from recipe manager in 117.6 ms
[10:41:34] [REI-ReloadPlugins/DEBUG] (REI) [REI] ========================================
[10:41:34] [REI-ReloadPlugins/DEBUG] (REI) [REI] REICommonPlugin ended main-reload for END in 147.3 ms.
[10:41:34] [REI-ReloadPlugins/DEBUG] (REI) [REI] ========================================
[10:41:34] [REI-ReloadPlugins/INFO] (REI) [REI] @@@@@@@@@@@@@@@@@@@@@@@@@@@@@@@@@@@@@@@@
[10:41:34] [REI-ReloadPlugins/INFO] (REI) [REI] REIClientPlugin starting main-reload for END.
[10:41:34] [REI-ReloadPlugins/DEBUG] (REI) [REI] Reloadables (18):
[10:41:34] [REI-ReloadPlugins/DEBUG] (REI) [REI]  - EntryRendererRegistryImpl
[10:41:34] [REI-ReloadPlugins/DEBUG] (REI) [REI]  - ViewsImpl
[10:41:34] [REI-ReloadPlugins/DEBUG] (REI) [REI]  - InputMethodRegistryImpl
[10:41:34] [REI-ReloadPlugins/DEBUG] (REI) [REI]  - SearchProviderImpl
[10:41:34] [REI-ReloadPlugins/DEBUG] (REI) [REI]  - ConfigManagerImpl
[10:41:34] [REI-ReloadPlugins/DEBUG] (REI) [REI]  - EntryRegistryImpl
[10:41:34] [REI-ReloadPlugins/DEBUG] (REI) [REI]  - CollapsibleEntryRegistryImpl
[10:41:34] [REI-ReloadPlugins/DEBUG] (REI) [REI]  - BasicFilteringRuleImpl
[10:41:34] [REI-ReloadPlugins/DEBUG] (REI) [REI]  - CategoryRegistryImpl
[10:41:34] [REI-ReloadPlugins/DEBUG] (REI) [REI]  - DisplayRegistryImpl
[10:41:34] [REI-ReloadPlugins/DEBUG] (REI) [REI]  - ScreenRegistryImpl
[10:41:34] [REI-ReloadPlugins/DEBUG] (REI) [REI]  - FavoriteEntryTypeRegistryImpl
[10:41:34] [REI-ReloadPlugins/DEBUG] (REI) [REI]  - SubsetsRegistryImpl
[10:41:34] [REI-ReloadPlugins/DEBUG] (REI) [REI]  - TransferHandlerRegistryImpl
[10:41:34] [REI-ReloadPlugins/DEBUG] (REI) [REI]  - SearchRuntime
[10:41:34] [REI-ReloadPlugins/DEBUG] (REI) [REI]  - REIRuntimeImpl
[10:41:34] [REI-ReloadPlugins/DEBUG] (REI) [REI]  - ConfigAddonRegistryImpl
[10:41:34] [REI-ReloadPlugins/DEBUG] (REI) [REI]  - me.shedaniel.rei.plugin.client.runtime.PluginStageExecutionWatcher$1
[10:41:34] [REI-ReloadPlugins/INFO] (REI) [REI] Plugins (4):
[10:41:34] [REI-ReloadPlugins/INFO] (REI) [REI]  - (-100.00) DefaultClientPlugin of DefaultClientPlugin [roughlyenoughitems]
[10:41:34] [REI-ReloadPlugins/INFO] (REI) [REI]  - (0.00) HideIngredientsFromTagsPlugin of HideIngredientsFromTagsPlugin [roughlyenoughitems]
[10:41:34] [REI-ReloadPlugins/INFO] (REI) [REI]  - (0.00) DefaultClientRuntimePlugin of DefaultClientRuntimePlugin [roughlyenoughitems]
[10:41:34] [REI-ReloadPlugins/INFO] (REI) [REI]  - (0.00) StargazerREIClient of StargazerREIClient [stargazer]
[10:41:34] [REI-ReloadPlugins/INFO] (REI) [REI] @@@@@@@@@@@@@@@@@@@@@@@@@@@@@@@@@@@@@@@@
[10:41:34] [REI-ReloadPlugins/DEBUG] (REI) [REI] Added category visibility predicate: me.shedaniel.rei.impl.client.registry.category.CategoryRegistryImpl$$Lambda/0x000000005bb5d930@b6cdd26 [0.00 priority]
[10:41:34] [REI-ReloadPlugins/DEBUG] (REI) [REI] Preparing collapsed entry groups cache with 0 entries and 2182 stacks
[10:41:34] [REI-ReloadPlugins/DEBUG] (REI) [REI] Prepared collapsed entry groups cache with 0 entries and 2182 stacks
[10:41:34] [REI-ReloadPlugins/DEBUG] (REI) [REI] ========================================
[10:41:34] [REI-ReloadPlugins/DEBUG] (REI) [REI] REIClientPlugin started main-reload for END.
[10:41:34] [REI-ReloadPlugins/DEBUG] (REI) [REI] ========================================
[10:41:34] [REI-ReloadPlugins/DEBUG] (REI) [REI] Added input method [rei:default]: Default
[10:41:34] [REI-ReloadPlugins/DEBUG] (REI) [REI] Added input method [rei:pinyin]: Pinyin (Mandarin)
[10:41:34] [REI-ReloadPlugins/DEBUG] (REI) [REI] Added input method [rei:jyutping]: Jyutping (Cantonese)
[10:41:34] [REI-ReloadPlugins/DEBUG] (REI) [REI] Added input method [rei:bomopofo]: Bopomofo (Mandarin)
[10:41:34] [REI-ReloadPlugins/DEBUG] (REI) [REI] Added input method [rei:double_pinyin]: Double Pinyin (Mandarin)
[10:41:34] [REI-ReloadPlugins/DEBUG] (REI) [REI] Added collapsible entry group [roughlyenoughitems:enchanted_book] Enchanted Book with dynamic predicate
[10:41:34] [REI-ReloadPlugins/DEBUG] (REI) [REI] Added collapsible entry group [roughlyenoughitems:potion] Potion with dynamic predicate
[10:41:34] [REI-ReloadPlugins/DEBUG] (REI) [REI] Added collapsible entry group [roughlyenoughitems:splash_potion] Splash Potion with dynamic predicate
[10:41:34] [REI-ReloadPlugins/DEBUG] (REI) [REI] Added collapsible entry group [roughlyenoughitems:lingering_potion] Lingering Potion with dynamic predicate
[10:41:34] [REI-ReloadPlugins/DEBUG] (REI) [REI] Added collapsible entry group [roughlyenoughitems:spawn_egg] Spawn Egg with dynamic predicate
[10:41:34] [REI-ReloadPlugins/DEBUG] (REI) [REI] Added collapsible entry group [roughlyenoughitems:tipped_arrow] Tipped Arrow with dynamic predicate
[10:41:34] [REI-ReloadPlugins/DEBUG] (REI) [REI] Added collapsible entry group [roughlyenoughitems:music_disc] Music Disc with dynamic predicate
[10:41:34] [REI-ReloadPlugins/DEBUG] (REI) [REI] Added category [minecraft:plugins/crafting]: Crafting
[10:41:34] [REI-ReloadPlugins/DEBUG] (REI) [REI] Added category [minecraft:plugins/smelting]: Smelting
[10:41:34] [REI-ReloadPlugins/DEBUG] (REI) [REI] Added category [minecraft:plugins/smoking]: Smoking
[10:41:34] [REI-ReloadPlugins/DEBUG] (REI) [REI] Added category [minecraft:plugins/blasting]: Blasting
[10:41:34] [REI-ReloadPlugins/DEBUG] (REI) [REI] Added category [minecraft:plugins/campfire]: Campfire
[10:41:34] [REI-ReloadPlugins/DEBUG] (REI) [REI] Added category [minecraft:plugins/stone_cutting]: Stone Cutting
[10:41:34] [REI-ReloadPlugins/DEBUG] (REI) [REI] Added category [minecraft:plugins/fuel]: Fuel
[10:41:34] [REI-ReloadPlugins/DEBUG] (REI) [REI] Added category [minecraft:plugins/brewing]: Brewing
[10:41:34] [REI-ReloadPlugins/DEBUG] (REI) [REI] Added category [minecraft:plugins/composting]: Composting
[10:41:34] [REI-ReloadPlugins/DEBUG] (REI) [REI] Added category [minecraft:plugins/stripping]: Stripping
[10:41:34] [REI-ReloadPlugins/DEBUG] (REI) [REI] Added category [minecraft:plugins/smithing]: Smithing
[10:41:34] [REI-ReloadPlugins/DEBUG] (REI) [REI] Added category [minecraft:plugins/anvil]: Anvil
[10:41:34] [REI-ReloadPlugins/DEBUG] (REI) [REI] Added category [minecraft:plugins/beacon_base]: Beacon Base
[10:41:34] [REI-ReloadPlugins/DEBUG] (REI) [REI] Added category [minecraft:plugins/beacon_payment]: Beacon Payment
[10:41:34] [REI-ReloadPlugins/DEBUG] (REI) [REI] Added category [minecraft:plugins/tilling]: Tilling
[10:41:34] [REI-ReloadPlugins/DEBUG] (REI) [REI] Added category [minecraft:plugins/pathing]: Pathing
[10:41:34] [REI-ReloadPlugins/DEBUG] (REI) [REI] Added category [minecraft:plugins/waxing]: Waxing
[10:41:34] [REI-ReloadPlugins/DEBUG] (REI) [REI] Added category [minecraft:plugins/wax_scraping]: Wax Scraping
[10:41:34] [REI-ReloadPlugins/DEBUG] (REI) [REI] Added category [minecraft:plugins/oxidizing]: Oxidizing
[10:41:34] [REI-ReloadPlugins/DEBUG] (REI) [REI] Added category [minecraft:plugins/oxidation_scraping]: Oxidation Scraping
[10:41:34] [REI-ReloadPlugins/DEBUG] (REI) [REI] Added category visibility predicate: me.shedaniel.rei.plugin.client.DefaultClientPlugin$$Lambda/0x000000005bb65530@61bb7bd [0.00 priority]
[10:41:34] [REI-ReloadPlugins/DEBUG] (REI) [REI] Added category [stargazer:starforge]: Starforge
[10:41:34] [REI-ReloadPlugins/DEBUG] (REI) [REI] Added category [stargazer:moon_welder]: Moon Welder
[10:41:34] [REI-ReloadPlugins/DEBUG] (REI) [REI] Added category [stargazer:stargazing]: Stargazing
[10:41:34] [REI-ReloadPlugins/DEBUG] (REI) [REI] Added category [stargazer:star_crusher]: Star Crusher
[10:41:34] [REI-ReloadPlugins/DEBUG] (REI) [REI] Added category [roughlyenoughitems:plugins/information]: Information
[10:41:34] [REI-ReloadPlugins/DEBUG] (REI) [REI] Added category [minecraft:plugins/tag]: Tag
[10:41:34] [REI-ReloadPlugins/DEBUG] (REI) [REI] Added display filter: me.shedaniel.rei.api.common.registry.display.DisplayConsumer$RecipeDisplayConsumer$RecipeFillerBuilder$$Lambda/0x000000005bb67c88@216e666
[10:41:34] [REI-ReloadPlugins/DEBUG] (REI) [REI] Added display filter: me.shedaniel.rei.api.common.registry.display.DisplayConsumer$RecipeDisplayConsumer$RecipeFillerBuilder$$Lambda/0x000000005bb67c88@bf58e49
[10:41:34] [REI-ReloadPlugins/DEBUG] (REI) [REI] Added display filter: me.shedaniel.rei.api.common.registry.display.DisplayConsumer$RecipeDisplayConsumer$RecipeFillerBuilder$$Lambda/0x000000005bb67c88@51c0a74b
[10:41:34] [REI-ReloadPlugins/DEBUG] (REI) [REI] Added display filter: me.shedaniel.rei.api.common.registry.display.DisplayConsumer$RecipeDisplayConsumer$RecipeFillerBuilder$$Lambda/0x000000005bb67c88@635331ee
[10:41:34] [REI-ReloadPlugins/DEBUG] (REI) [REI] Added display filter: me.shedaniel.rei.api.common.registry.display.DisplayConsumer$RecipeDisplayConsumer$RecipeFillerBuilder$$Lambda/0x000000005bb67c88@46acb2d0
[10:41:34] [REI-ReloadPlugins/DEBUG] (REI) [REI] Added display filter: me.shedaniel.rei.api.common.registry.display.DisplayConsumer$FillerBuilder$$Lambda/0x000000005bb429a8@775f10c6
[10:41:34] [REI-ReloadPlugins/DEBUG] (REI) [REI] Added display filter: me.shedaniel.rei.api.common.registry.display.DisplayConsumer$FillerBuilder$$Lambda/0x000000005bb429a8@3af7608c
[10:41:34] [REI-ReloadPlugins/DEBUG] (REI) [REI] Added display filter: me.shedaniel.rei.api.common.registry.display.DisplayConsumer$FillerBuilder$$Lambda/0x000000005bb429a8@56c0dd5b
[10:41:34] [Server thread/DEBUG] (FabricLoader/Mixin) Mixing TagValueOutputMixin from fabric-serialization-api-v1.mixins.json into net.minecraft.world.level.storage.TagValueOutput
[10:41:34] [Render thread/INFO] (net.minecraft.client.renderer.DynamicUniformStorage) Resizing Chunk Sections UBO, capacity limit of 2 reached during a single frame. New capacity will be 8.
[10:41:34] [Render thread/DEBUG] (GeckoLib) Loaded com.geckolib.event.GeckoLibEventsFabric@3a55861e for service interface com.geckolib.service.GeckoLibEvents
[10:41:34] [Render thread/DEBUG] (GeckoLib) Loaded com.geckolib.platform.GeckoLibClientFabric@6f1f2753 for service interface com.geckolib.service.GeckoLibClient
[10:41:34] [Render thread/INFO] (net.minecraft.client.renderer.DynamicUniformStorage) Resizing Chunk Sections UBO, capacity limit of 8 reached during a single frame. New capacity will be 32.
[10:41:34] [Render thread/DEBUG] (com.mojang.blaze3d.systems.RenderSystem) Growing IndexBuffer: Old limit 0, new limit 144.
[10:41:34] [Render thread/INFO] (net.minecraft.client.renderer.DynamicUniformStorage) Resizing Chunk Sections UBO, capacity limit of 32 reached during a single frame. New capacity will be 64.
[10:41:34] [Render thread/INFO] (net.minecraft.client.renderer.DynamicUniformStorage) Resizing Chunk Sections UBO, capacity limit of 64 reached during a single frame. New capacity will be 128.
[10:41:35] [Render thread/INFO] (net.minecraft.client.renderer.DynamicUniformStorage) Resizing Chunk Sections UBO, capacity limit of 128 reached during a single frame. New capacity will be 256.
[10:41:35] [REI-ReloadPlugins/DEBUG] (REI) [REI] Computed existing filtered displays with 3 rules in 364.1 ms
[10:41:35] [REI-ReloadPlugins/DEBUG] (REI) [REI] Added display visibility predicate: me.shedaniel.rei.plugin.client.runtime.FilteredStacksVisibilityHandler@7cc7a444 [0.00 priority]
[10:41:35] [REI-ReloadPlugins/DEBUG] (REI) [REI] Added display filter: me.shedaniel.rei.api.common.registry.display.DisplayConsumer$RecipeDisplayConsumer$RecipeFillerBuilder$$Lambda/0x000000005bb67c88@58d314e4
[10:41:35] [REI-ReloadPlugins/DEBUG] (REI) [REI] Added display filter: me.shedaniel.rei.api.common.registry.display.DisplayConsumer$RecipeDisplayConsumer$RecipeFillerBuilder$$Lambda/0x000000005bb67c88@2765cce9
[10:41:35] [REI-ReloadPlugins/DEBUG] (REI) [REI] Added display filter: me.shedaniel.rei.api.common.registry.display.DisplayConsumer$RecipeDisplayConsumer$RecipeFillerBuilder$$Lambda/0x000000005bb67c88@a2f53a2
[10:41:35] [REI-ReloadPlugins/DEBUG] (REI) [REI] Added transfer handler: me.shedaniel.rei.api.client.registry.transfer.simple.SimpleTransferHandler$1@15d3a674 [0.00 priority]
[10:41:35] [REI-ReloadPlugins/DEBUG] (REI) [REI] Added transfer handler: me.shedaniel.rei.plugin.autocrafting.InventoryCraftingTransferHandler@1bf06d03 [0.00 priority]
[10:41:35] [REI-ReloadPlugins/DEBUG] (REI) [REI] Added transfer handler: me.shedaniel.rei.api.client.registry.transfer.simple.SimpleTransferHandler$1@79568d41 [0.00 priority]
[10:41:35] [REI-ReloadPlugins/DEBUG] (REI) [REI] Added transfer handler: me.shedaniel.rei.api.client.registry.transfer.simple.SimpleTransferHandler$1@2d41b31b [0.00 priority]
[10:41:35] [REI-ReloadPlugins/DEBUG] (REI) [REI] Added transfer handler: me.shedaniel.rei.api.client.registry.transfer.simple.SimpleTransferHandler$1@7a46ff28 [0.00 priority]
[10:41:35] [REI-ReloadPlugins/DEBUG] (REI) [REI] Added transfer handler: me.shedaniel.rei.plugin.autocrafting.recipebook.DefaultRecipeBookHandler@423c1e72 [-20.00 priority]
[10:41:35] [REI-ReloadPlugins/DEBUG] (REI) [REI] ========================================
[10:41:35] [REI-ReloadPlugins/DEBUG] (REI) [REI] REIClientPlugin ending main-reload for END.
[10:41:35] [REI-ReloadPlugins/DEBUG] (REI) [REI] ========================================
[10:41:35] [REI-ReloadPlugins/DEBUG] (REI) [REI] Registered 5 input methods: Default, Jyutping (Cantonese), Pinyin (Mandarin), Bopomofo (Mandarin), Double Pinyin (Mandarin)
[10:41:35] [REI-ReloadPlugins/DEBUG] (REI) [REI] Recollecting custom collapsible entry groups
[10:41:35] [REI-ReloadPlugins/DEBUG] (REI) [REI] Registered 0 custom collapsible entry groups: 
[10:41:35] [REI-ReloadPlugins/DEBUG] (REI) [REI] Registered 7 collapsible entry groups: Enchanted Book, Potion, Splash Potion, Lingering Potion, Spawn Egg, Tipped Arrow, Music Disc
[10:41:35] [REI-ReloadPlugins/DEBUG] (REI) [REI] Registered 26 categories: Crafting, Smelting, Smoking, Blasting, Campfire, Stone Cutting, Fuel, Brewing, Composting, Stripping, Smithing, Anvil, Beacon Base, Beacon Payment, Tilling, Pathing, Waxing, Wax Scraping, Oxidizing, Oxidation Scraping, Starforge, Moon Welder, Stargazing, Star Crusher, Information, Tag
[10:41:35] [REI-ReloadPlugins/DEBUG] (REI) [REI] Found 3915 displays
[10:41:35] [REI-ReloadPlugins/DEBUG] (REI) [REI] Removing 0 failed displays
[10:41:35] [REI-ReloadPlugins/DEBUG] (REI) [REI] 3915 displays registration have completed
[10:41:35] [REI-ReloadPlugins/DEBUG] (REI) [REI] Registered 6 transfer handlers
[10:41:35] [Render thread/INFO] (net.minecraft.client.renderer.DynamicUniformStorage) Resizing Chunk Sections UBO, capacity limit of 256 reached during a single frame. New capacity will be 512.
[10:41:35] [REI-ReloadPlugins/DEBUG] (REI) [REI] Preparing collapsed entry groups cache with 7 entries and 2182 stacks
[10:41:35] [REI-ReloadPlugins/DEBUG] (REI) [REI] Prepared collapsed entry groups cache with 7 entries and 2182 stacks
[10:41:35] [REI-ReloadPlugins/DEBUG] (REI) [REI] Registered 0 config addons
[10:41:35] [REI-ReloadPlugins/DEBUG] (REI) [REI] ========================================
[10:41:35] [REI-ReloadPlugins/DEBUG] (REI) [REI] REIClientPlugin ended main-reload for END in 808.9 ms.
[10:41:35] [REI-ReloadPlugins/DEBUG] (REI) [REI] ========================================
[10:41:35] [REI-ReloadPlugins/DEBUG] (REI) [REI] ========================================
[10:41:35] [REI-ReloadPlugins/DEBUG] (REI) [REI] REICommonPlugin starting post-reload for END.
[10:41:35] [REI-ReloadPlugins/DEBUG] (REI) [REI] Reloadables (9):
[10:41:35] [REI-ReloadPlugins/DEBUG] (REI) [REI]  - SlotAccessorRegistryImpl
[10:41:35] [REI-ReloadPlugins/DEBUG] (REI) [REI]  - EntryTypeRegistryImpl
[10:41:35] [REI-ReloadPlugins/DEBUG] (REI) [REI]  - EntrySettingsAdapterRegistryImpl
[10:41:35] [REI-ReloadPlugins/DEBUG] (REI) [REI]  - ItemComparatorRegistryImpl
[10:41:35] [REI-ReloadPlugins/DEBUG] (REI) [REI]  - FluidComparatorRegistryImpl
[10:41:35] [REI-ReloadPlugins/DEBUG] (REI) [REI]  - DisplaySerializerRegistryImpl
[10:41:35] [REI-ReloadPlugins/DEBUG] (REI) [REI]  - ServerDisplayRegistryImpl
[10:41:35] [REI-ReloadPlugins/DEBUG] (REI) [REI]  - FluidSupportProviderImpl
[10:41:35] [REI-ReloadPlugins/DEBUG] (REI) [REI]  - me.shedaniel.rei.plugin.client.runtime.PluginStageExecutionWatcher$1
[10:41:35] [REI-ReloadPlugins/DEBUG] (REI) [REI] Plugins (4):
[10:41:35] [REI-ReloadPlugins/DEBUG] (REI) [REI]  - (-100.00) DefaultPlugin of DefaultPlugin [roughlyenoughitems]
[10:41:35] [REI-ReloadPlugins/DEBUG] (REI) [REI]  - (0.00) FabricFluidAPISupportPlugin
[10:41:35] [REI-ReloadPlugins/DEBUG] (REI) [REI]  - (0.00) DefaultRuntimePlugin of DefaultRuntimePlugin [roughlyenoughitems]
[10:41:35] [REI-ReloadPlugins/DEBUG] (REI) [REI]  - (0.00) StargazerREICommon of StargazerREICommon [stargazer]
[10:41:35] [REI-ReloadPlugins/DEBUG] (REI) [REI] ========================================
[10:41:35] [REI-ReloadPlugins/DEBUG] (REI) [REI] ========================================
[10:41:35] [REI-ReloadPlugins/INFO] (REI) [REI] REICommonPlugin finished post-reload for END in 896.2 μs, totaling 149.1 ms.
[10:41:35] [REI-ReloadPlugins/DEBUG] (REI) [REI] ========================================
[10:41:35] [REI-ReloadPlugins/DEBUG] (REI) [REI] ========================================
[10:41:35] [REI-ReloadPlugins/DEBUG] (REI) [REI] REIClientPlugin starting post-reload for END.
[10:41:35] [REI-ReloadPlugins/DEBUG] (REI) [REI] Reloadables (18):
[10:41:35] [REI-ReloadPlugins/DEBUG] (REI) [REI]  - EntryRendererRegistryImpl
[10:41:35] [REI-ReloadPlugins/DEBUG] (REI) [REI]  - ViewsImpl
[10:41:35] [REI-ReloadPlugins/DEBUG] (REI) [REI]  - InputMethodRegistryImpl
[10:41:35] [REI-ReloadPlugins/DEBUG] (REI) [REI]  - SearchProviderImpl
[10:41:35] [REI-ReloadPlugins/DEBUG] (REI) [REI]  - ConfigManagerImpl
[10:41:35] [REI-ReloadPlugins/DEBUG] (REI) [REI]  - EntryRegistryImpl
[10:41:35] [REI-ReloadPlugins/DEBUG] (REI) [REI]  - CollapsibleEntryRegistryImpl
[10:41:35] [REI-ReloadPlugins/DEBUG] (REI) [REI]  - BasicFilteringRuleImpl
[10:41:35] [REI-ReloadPlugins/DEBUG] (REI) [REI]  - CategoryRegistryImpl
[10:41:35] [REI-ReloadPlugins/DEBUG] (REI) [REI]  - DisplayRegistryImpl
[10:41:35] [REI-ReloadPlugins/DEBUG] (REI) [REI]  - ScreenRegistryImpl
[10:41:35] [REI-ReloadPlugins/DEBUG] (REI) [REI]  - FavoriteEntryTypeRegistryImpl
[10:41:35] [REI-ReloadPlugins/DEBUG] (REI) [REI]  - SubsetsRegistryImpl
[10:41:35] [REI-ReloadPlugins/DEBUG] (REI) [REI]  - TransferHandlerRegistryImpl
[10:41:35] [REI-ReloadPlugins/DEBUG] (REI) [REI]  - SearchRuntime
[10:41:35] [REI-ReloadPlugins/DEBUG] (REI) [REI]  - REIRuntimeImpl
[10:41:35] [REI-ReloadPlugins/DEBUG] (REI) [REI]  - ConfigAddonRegistryImpl
[10:41:35] [REI-ReloadPlugins/DEBUG] (REI) [REI]  - me.shedaniel.rei.plugin.client.runtime.PluginStageExecutionWatcher$1
[10:41:35] [REI-ReloadPlugins/DEBUG] (REI) [REI] Plugins (4):
[10:41:35] [REI-ReloadPlugins/DEBUG] (REI) [REI]  - (-100.00) DefaultClientPlugin of DefaultClientPlugin [roughlyenoughitems]
[10:41:35] [REI-ReloadPlugins/DEBUG] (REI) [REI]  - (0.00) HideIngredientsFromTagsPlugin of HideIngredientsFromTagsPlugin [roughlyenoughitems]
[10:41:35] [REI-ReloadPlugins/DEBUG] (REI) [REI]  - (0.00) DefaultClientRuntimePlugin of DefaultClientRuntimePlugin [roughlyenoughitems]
[10:41:35] [REI-ReloadPlugins/DEBUG] (REI) [REI]  - (0.00) StargazerREIClient of StargazerREIClient [stargazer]
[10:41:35] [REI-ReloadPlugins/DEBUG] (REI) [REI] ========================================
[10:41:35] [REI-ReloadPlugins/DEBUG] (REI) [REI] Registered displays report (3915 displays, 0 cached / 3915 not cached):
[10:41:35] [REI-ReloadPlugins/DEBUG] (REI) [REI] - minecraft:plugins/anvil: 2441 displays
[10:41:35] [REI-ReloadPlugins/DEBUG] (REI) [REI] - minecraft:plugins/beacon_base: 1 display
[10:41:35] [REI-ReloadPlugins/DEBUG] (REI) [REI] - minecraft:plugins/beacon_payment: 1 display
[10:41:35] [REI-ReloadPlugins/DEBUG] (REI) [REI] - minecraft:plugins/brewing: 303 displays
[10:41:35] [REI-ReloadPlugins/DEBUG] (REI) [REI] - minecraft:plugins/composting: 4 displays
[10:41:35] [REI-ReloadPlugins/DEBUG] (REI) [REI] - minecraft:plugins/oxidation_scraping: 45 displays
[10:41:35] [REI-ReloadPlugins/DEBUG] (REI) [REI] - minecraft:plugins/oxidizing: 45 displays
[10:41:35] [REI-ReloadPlugins/DEBUG] (REI) [REI] - minecraft:plugins/pathing: 6 displays
[10:41:35] [REI-ReloadPlugins/DEBUG] (REI) [REI] - minecraft:plugins/stripping: 23 displays
[10:41:35] [REI-ReloadPlugins/DEBUG] (REI) [REI] - minecraft:plugins/tag: 921 displays
[10:41:35] [REI-ReloadPlugins/DEBUG] (REI) [REI] - minecraft:plugins/wax_scraping: 60 displays
[10:41:35] [REI-ReloadPlugins/DEBUG] (REI) [REI] - minecraft:plugins/waxing: 60 displays
[10:41:35] [REI-ReloadPlugins/DEBUG] (REI) [REI] - stargazer:stargazing: 5 displays
[10:41:35] [REI-ReloadPlugins/DEBUG] (REI) [REI] ========================================
[10:41:35] [REI-ReloadPlugins/INFO] (REI) [REI] REIClientPlugin finished post-reload for END in 2.311 ms, totaling 812.3 ms.
[10:41:35] [REI-ReloadPlugins/DEBUG] (REI) [REI] ========================================
[10:41:35] [Server thread/DEBUG] (REI) [REI] Player star_catcher_ has outdated displays version E28CBCA300000000 [latest version: 842A6FFD00000000]
[10:41:35] [Server thread/DEBUG] (REI) [REI] Player star_catcher_ has outdated displays version E28CBCA300000000 [latest version: 842A6FFD00000000], sending reset packet request.
[10:41:36] [Server thread/DEBUG] (REI) [REI] Updating players with new displays version 842A6FFD00000001 [from 842A6FFD00000000]
[10:41:36] [Server thread/DEBUG] (REI) [REI] Player star_catcher_ has outdated displays version 842A6FFD00000000 [latest version: 842A6FFD00000001], sending reset packet request.
[10:41:36] [Render thread/DEBUG] (com.mojang.blaze3d.systems.RenderSystem) Growing IndexBuffer: Old limit 11664, new limit 24840.
[10:41:36] [Render thread/INFO] (net.minecraft.client.renderer.DynamicUniformStorage) Resizing Chunk Sections UBO, capacity limit of 512 reached during a single frame. New capacity will be 1024.
[10:41:36] [Netty Local IO #1/DEBUG] (ClientPlayNetworkAddon for star_catcher_) Handling inbound packet from channel with name "roughlyenoughitems:sync_displays"
[10:41:36] [Render thread/DEBUG] (ClientPlayNetworkAddon for star_catcher_) Handling inbound packet from channel with name "roughlyenoughitems:sync_displays"
[10:41:36] [Render thread/INFO] (REI) [REI] [REI Server Display Sync] Received server's request to set 2192 recipes.
[10:41:36] [Render thread/WARN] (REI) [REI] Detected runtime DisplayRegistry modification, this can be extremely dangerous!
[10:41:36] [Render thread/DEBUG] (REI) [REI] Detected runtime DisplayRegistry modification, this can be extremely dangerous!
java.lang.Throwable
	at knot//me.shedaniel.rei.impl.client.registry.display.DisplayRegistryImpl.add(DisplayRegistryImpl.java:105)
	at knot//me.shedaniel.rei.impl.common.networking.DisplaySyncPacket.lambda$handle$0(DisplaySyncPacket.java:111)
	at knot//me.shedaniel.rei.impl.client.registry.display.DisplayRegistryImpl.lambda$new$0(DisplayRegistryImpl.java:80)
	at java.base/java.lang.invoke.MethodHandle.invokeWithArguments(MethodHandle.java:737)
	at knot//dev.architectury.event.EventFactory.invokeMethod(EventFactory.java:55)
	at knot//dev.architectury.event.EventFactory$1.handleInvocation(EventFactory.java:64)
	at knot//com.google.common.reflect.AbstractInvocationHandler.invoke(AbstractInvocationHandler.java:86)
	at knot/jdk.proxy2/jdk.proxy2.$Proxy38.tick(Unknown Source)
	at knot//dev.architectury.event.fabric.EventHandlerImpl.lambda$registerClient$3(EventHandlerImpl.java:56)
	at knot//net.fabricmc.fabric.api.client.event.lifecycle.v1.ClientTickEvents.lambda$static$3(ClientTickEvents.java:43)
	at knot//net.minecraft.client.Minecraft.handler$zhc000$fabric-lifecycle-events-v1$onEndTick(Minecraft.java:4662)
	at knot//net.minecraft.client.Minecraft.tick(Minecraft.java:1956)
	at knot//net.minecraft.client.Minecraft.runTick(Minecraft.java:1250)
	at knot//net.minecraft.client.Minecraft.run(Minecraft.java:959)
	at knot//net.minecraft.client.main.Main.main(Main.java:292)
	at net.fabricmc.loader.impl.game.minecraft.MinecraftGameProvider.launch(MinecraftGameProvider.java:517)
	at net.fabricmc.loader.impl.launch.knot.Knot.launch(Knot.java:72)
	at net.fabricmc.loader.impl.launch.knot.KnotClient.main(KnotClient.java:23)
	at net.fabricmc.devlaunchinjector.Main.main(Main.java:86)
	at dev.architectury.transformer.TransformerRuntime.main(TransformerRuntime.java:220)
[10:41:37] [Render thread/DEBUG] (com.mojang.blaze3d.systems.RenderSystem) Growing IndexBuffer: Old limit 144, new limit 720.
[10:41:37] [Render thread/INFO] (net.minecraft.client.renderer.DynamicUniformStorage) Resizing Dynamic Transforms UBO, capacity limit of 4 reached during a single frame. New capacity will be 8.
[10:41:37] [Render thread/DEBUG] (com.mojang.blaze3d.systems.RenderSystem) Growing IndexBuffer: Old limit 24840, new limit 444084.
[10:41:37] [Render thread/INFO] (net.minecraft.client.renderer.DynamicUniformStorage) Resizing Dynamic Transforms UBO, capacity limit of 8 reached during a single frame. New capacity will be 16.
[10:41:38] [Server thread/DEBUG] (FabricLoader/Mixin) Mixing WorkAtComposterAccessor from fabric-content-registries-v0.mixins.json into net.minecraft.world.entity.ai.behavior.WorkAtComposter
[10:41:38] [Server thread/DEBUG] (FabricLoader/Mixin) Renaming @Accessor method fabric_setCompostables(Ljava/util/List;)V to fabric_setCompostables$fabric-content-registries-v0_$md$f26aa6$0 in fabric-content-registries-v0.mixins.json:WorkAtComposterAccessor from mod fabric-content-registries-v0
[10:41:38] [Server thread/DEBUG] (FabricLoader/Mixin) Renaming @Accessor method fabric_getCompostable()Ljava/util/List; to fabric_getCompostable$fabric-content-registries-v0_$md$f26aa6$1 in fabric-content-registries-v0.mixins.json:WorkAtComposterAccessor from mod fabric-content-registries-v0
[10:41:38] [Server thread/DEBUG] (FabricLoader/Mixin) Mixing GiveGiftToHeroAccessor from fabric-content-registries-v0.mixins.json into net.minecraft.world.entity.ai.behavior.GiveGiftToHero
[10:41:38] [Server thread/DEBUG] (FabricLoader/Mixin) Renaming @Accessor method fabric_getGifts()Ljava/util/Map; to fabric_getGifts$fabric-content-registries-v0_$md$f26aa6$0 in fabric-content-registries-v0.mixins.json:GiveGiftToHeroAccessor from mod fabric-content-registries-v0
[10:41:38] [Server thread/DEBUG] (FabricLoader/Mixin) Mixing GiveGiftToHeroMixin from fabric-content-registries-v0.mixins.json into net.minecraft.world.entity.ai.behavior.GiveGiftToHero
[10:41:38] [Server thread/DEBUG] (FabricLoader/Mixin) fabric-content-registries-v0.mixins.json:GiveGiftToHeroMixin from mod fabric-content-registries-v0->@Inject::makeMutable(Lorg/spongepowered/asm/mixin/injection/callback/CallbackInfo;)V doesn't use it's CallbackInfo
[10:41:38] [Server thread/DEBUG] (FabricLoader/Mixin) Mixing fluid.SwimMixin from fabric-content-registries-v0.mixins.json into net.minecraft.world.entity.ai.behavior.Swim
[10:41:38] [Render thread/WARN] (com.mojang.blaze3d.opengl.GlProgram) minecraft:pipeline/star_barrier shader program does not use sampler Sampler0 defined in the pipeline. This might be a bug.
[10:41:38] [Render thread/WARN] (com.mojang.blaze3d.opengl.GlProgram) minecraft:pipeline/star_barrier shader program does not use sampler Sampler1 defined in the pipeline. This might be a bug.
[10:41:38] [Render thread/WARN] (com.mojang.blaze3d.opengl.GlProgram) minecraft:pipeline/star_leaves shader program does not use sampler Sampler1 defined in the pipeline. This might be a bug.
[10:41:38] [Render thread/DEBUG] (FabricLoader/Mixin) Mixing renderstate.RenderStateMixin from fabric-rendering-v1.mixins.json into net.minecraft.client.renderer.state.MapRenderState$MapDecorationRenderState
[10:41:40] [Render thread/WARN] (com.mojang.blaze3d.opengl.GlProgram) minecraft:pipeline/no_blue shader program does not use sampler Sampler1 defined in the pipeline. This might be a bug.
[10:41:43] [Render thread/DEBUG] (com.mojang.blaze3d.systems.RenderSystem) Growing IndexBuffer: Old limit 720, new limit 1536.
[10:41:50] [Render thread/DEBUG] (com.mojang.blaze3d.systems.RenderSystem) Growing IndexBuffer: Old limit 1536, new limit 3168.
[10:41:52] [Render thread/DEBUG] (FabricLoader/Mixin) Mixing ParticleUtilsMixin from fabric-particles-v1.mixins.json into net.minecraft.util.ParticleUtils
[10:41:56] [Render thread/DEBUG] (REI) [REI] Created search filter with "" using Default
[10:41:56] [Render thread/DEBUG] (REI) [REI] Starting Search: "" with 2181 stacks, shouldAsync: true on Render thread
[10:41:56] [Render thread/DEBUG] (REI) [REI] Async Search: 6 partitions for ""
[10:42:04] [Server thread/ERROR] (stargazer) grow
[10:42:04] [Server thread/ERROR] (stargazer) Optional[Reference{ResourceKey[minecraft:worldgen/configured_feature / stargazer:full_moon_trees]=Configured: com.github.starcatcher21.stargazer.worldgen.features.trees.fullmoon.FullMoonTrees@269bd141: com.github.starcatcher21.starlib.worldgen.features.trees.TreeConfig@525ec21b}]
[10:42:33] [Server thread/INFO] (net.minecraft.client.server.IntegratedServer) Saving and pausing game...
[10:42:33] [Server thread/INFO] (net.minecraft.server.MinecraftServer) Saving chunks for level 'ServerLevel[New World]'/minecraft:overworld
[10:42:33] [Server thread/INFO] (net.minecraft.server.MinecraftServer) Saving chunks for level 'ServerLevel[New World]'/minecraft:the_end
[10:42:33] [Server thread/INFO] (net.minecraft.server.MinecraftServer) Saving chunks for level 'ServerLevel[New World]'/stargazer:chess
[10:42:33] [Server thread/INFO] (net.minecraft.server.MinecraftServer) Saving chunks for level 'ServerLevel[New World]'/stargazer:red_orb
[10:42:33] [Server thread/INFO] (net.minecraft.server.MinecraftServer) Saving chunks for level 'ServerLevel[New World]'/stargazer:wander
[10:42:33] [Server thread/INFO] (net.minecraft.server.MinecraftServer) Saving chunks for level 'ServerLevel[New World]'/minecraft:the_nether
[10:42:33] [Server thread/INFO] (net.minecraft.server.MinecraftServer) Saving chunks for level 'ServerLevel[New World]'/stargazer:cosmic
[10:42:33] [Render thread/DEBUG] (REI) [REI] Player quit, clearing reload tasks!
[10:42:33] [Render thread/DEBUG] (REI) [REI] Did not fulfill the request of termination of REI reload tasks because there are no uninterrupted running tasks. This is not an error.
[10:42:33] [Server thread/INFO] (net.minecraft.server.MinecraftServer) Stopping server
[10:42:33] [Server thread/INFO] (net.minecraft.server.MinecraftServer) Saving players
[10:42:33] [Server thread/INFO] (net.minecraft.server.network.ServerGamePacketListenerImpl) star_catcher_ lost connection: Disconnected
[10:42:33] [Server thread/INFO] (net.minecraft.server.MinecraftServer) star_catcher_ left the game
[10:42:33] [Server thread/INFO] (net.minecraft.server.network.ServerCommonPacketListenerImpl) Stopping singleplayer server as player logged out
[10:42:33] [Server thread/INFO] (net.minecraft.server.MinecraftServer) Saving worlds
[10:42:33] [Server thread/INFO] (net.minecraft.server.MinecraftServer) Saving chunks for level 'ServerLevel[New World]'/minecraft:overworld
[10:42:33] [Server thread/INFO] (net.minecraft.server.MinecraftServer) Saving chunks for level 'ServerLevel[New World]'/minecraft:the_end
[10:42:33] [Server thread/INFO] (net.minecraft.server.MinecraftServer) Saving chunks for level 'ServerLevel[New World]'/stargazer:chess
[10:42:33] [Server thread/INFO] (net.minecraft.server.MinecraftServer) Saving chunks for level 'ServerLevel[New World]'/stargazer:red_orb
[10:42:33] [Server thread/INFO] (net.minecraft.server.MinecraftServer) Saving chunks for level 'ServerLevel[New World]'/stargazer:wander
[10:42:33] [Server thread/INFO] (net.minecraft.server.MinecraftServer) Saving chunks for level 'ServerLevel[New World]'/minecraft:the_nether
[10:42:33] [Server thread/INFO] (net.minecraft.server.MinecraftServer) Saving chunks for level 'ServerLevel[New World]'/stargazer:cosmic
[10:42:33] [Server thread/INFO] (net.minecraft.server.MinecraftServer) ThreadedAnvilChunkStorage (world): All chunks are saved
[10:42:33] [Server thread/INFO] (net.minecraft.server.MinecraftServer) ThreadedAnvilChunkStorage (DIM1): All chunks are saved
[10:42:33] [Server thread/INFO] (net.minecraft.server.MinecraftServer) ThreadedAnvilChunkStorage (chess): All chunks are saved
[10:42:33] [Server thread/INFO] (net.minecraft.server.MinecraftServer) ThreadedAnvilChunkStorage (red_orb): All chunks are saved
[10:42:33] [Server thread/INFO] (net.minecraft.server.MinecraftServer) ThreadedAnvilChunkStorage (wander): All chunks are saved
[10:42:33] [Server thread/INFO] (net.minecraft.server.MinecraftServer) ThreadedAnvilChunkStorage (DIM-1): All chunks are saved
[10:42:33] [Server thread/INFO] (net.minecraft.server.MinecraftServer) ThreadedAnvilChunkStorage (cosmic): All chunks are saved
[10:42:33] [Server thread/INFO] (net.minecraft.server.MinecraftServer) ThreadedAnvilChunkStorage: All dimensions are saved
[10:42:34] [Render thread/INFO] (net.minecraft.client.Minecraft) Stopping!
[10:42:34] [Render thread/DEBUG] (REI) [REI] Player quit, clearing reload tasks!
[10:42:34] [Render thread/DEBUG] (REI) [REI] Did not fulfill the request of termination of REI reload tasks because there are no uninterrupted running tasks. This is not an error.
