[10:41:23] [Render thread/INFO] ========================================
[10:41:23] [Render thread/INFO] Minecraft: 26.2
[10:41:23] [Render thread/INFO] Side: client
[10:41:23] [Render thread/INFO] Development: true
[10:41:23] [Render thread/INFO] Version: 26.2.820
[10:41:23] [Render thread/INFO] Loader:
[10:41:23] [Render thread/INFO] - Fabric: 0.19.5
[10:41:23] [Render thread/INFO] - Fabric API: 0.161.0+26.2
[10:41:23] [Render thread/INFO] Dependencies:
[10:41:23] [Render thread/INFO] - Cloth Config: 26.2.155
[10:41:23] [Render thread/INFO] - Architectury: 21.0.7
[10:41:23] [Render thread/INFO] Mixin: 0.8.7
[10:41:23] [Render thread/INFO] OS: Linux 7.2.6-zen2-1-zen (amd64)
[10:41:23] [Render thread/INFO] Java: 26.0.2.1 (Arch Linux)
[10:41:23] [Render thread/INFO] ========================================
[10:41:23] [Render thread/INFO] Mods:
[10:41:23] [Render thread/INFO] - architectury: 21.0.7
[10:41:23] [Render thread/INFO] - cloth-basic-math: 0.6.1
[10:41:23] [Render thread/INFO] - cloth-config: 26.2.155
[10:41:23] [Render thread/INFO] - fabric-advancement-api-v1: 1.0.0+58719a3b9e
[10:41:23] [Render thread/INFO] - fabric-api: 0.161.0+26.2
[10:41:23] [Render thread/INFO] - fabric-api-base: 2.0.4+ece063239e
[10:41:23] [Render thread/INFO] - fabric-api-lookup-api-v1: 2.0.18+11e1c9a39e
[10:41:23] [Render thread/INFO] - fabric-biome-api-v1: 18.0.6+c7bd5b8e9e
[10:41:23] [Render thread/INFO] - fabric-block-api-v1: 3.1.0+53515aab9e
[10:41:23] [Render thread/INFO] - fabric-block-getter-api-v2: 2.0.7+ec56b6019e
[10:41:23] [Render thread/INFO] - fabric-client-gametest-api-v1: 6.0.2+0f4f1dca9e
[10:41:23] [Render thread/INFO] - fabric-command-api-v2: 3.1.0+00cb03469e
[10:41:23] [Render thread/INFO] - fabric-content-registries-v0: 11.3.2+37b1aa249e
[10:41:23] [Render thread/INFO] - fabric-convention-tags-v2: 4.7.1+1f023a9e9e
[10:41:23] [Render thread/INFO] - fabric-crash-report-info-v1: 1.0.5+086d547a9e
[10:41:23] [Render thread/INFO] - fabric-creative-tab-api-v1: 5.0.15+6468574f9e
[10:41:23] [Render thread/INFO] - fabric-data-attachment-api-v1: 2.2.19+515ac5339e
[10:41:23] [Render thread/INFO] - fabric-data-generation-api-v1: 25.6.0+c0da0b829e
[10:41:23] [Render thread/INFO] - fabric-debug-api-v1: 1.0.2+c792624d9e
[10:41:23] [Render thread/INFO] - fabric-dimensions-v1: 5.1.12+515ac5339e
[10:41:23] [Render thread/INFO] - fabric-entity-events-v1: 5.0.5+06488ac19e
[10:41:23] [Render thread/INFO] - fabric-events-interaction-v0: 5.2.8+515ac5339e
[10:41:23] [Render thread/INFO] - fabric-game-rule-api-v1: 4.0.8+46a6d00c9e
[10:41:23] [Render thread/INFO] - fabric-gametest-api-v1: 4.0.22+4a7fa0819e
[10:41:23] [Render thread/INFO] - fabric-item-api-v1: 14.5.0+c68f6cbe9e
[10:41:23] [Render thread/INFO] - fabric-key-mapping-api-v1: 2.0.5+e2bdee789e
[10:41:23] [Render thread/INFO] - fabric-lifecycle-events-v1: 4.1.4+29b6eb019e
[10:41:23] [Render thread/INFO] - fabric-loot-api-v3: 3.0.17+06488ac19e
[10:41:23] [Render thread/INFO] - fabric-menu-api-v1: 2.0.17+086d547a9e
[10:41:23] [Render thread/INFO] - fabric-message-api-v1: 7.0.8+bb2ed3f79e
[10:41:23] [Render thread/INFO] - fabric-model-loading-api-v1: 8.0.17+c80601bb9e
[10:41:23] [Render thread/INFO] - fabric-networking-api-v1: 6.3.4+2989c6a09e
[10:41:23] [Render thread/INFO] - fabric-object-builder-api-v1: 24.1.1+6fcd5f039e
[10:41:23] [Render thread/INFO] - fabric-particles-v1: 5.0.19+d1756aa99e
[10:41:23] [Render thread/INFO] - fabric-permission-api-v1: 1.0.5+e442d8d09e
[10:41:23] [Render thread/INFO] - fabric-recipe-api-v1: 9.0.22+11e1c9a39e
[10:41:23] [Render thread/INFO] - fabric-registry-sync-v0: 7.1.1+c7bd5b8e9e
[10:41:23] [Render thread/INFO] - fabric-renderer-api-v1: 14.1.4+2b0d8a229e
[10:41:23] [Render thread/INFO] - fabric-renderer-indigo: 9.1.4+2b0d8a229e
[10:41:23] [Render thread/INFO] - fabric-rendering-fluids-v1: 6.0.4+06488ac19e
[10:41:23] [Render thread/INFO] - fabric-rendering-v1: 25.3.3+515ac5339e
[10:41:23] [Render thread/INFO] - fabric-resource-conditions-api-v1: 6.1.0+10e9a28b9e
[10:41:23] [Render thread/INFO] - fabric-resource-loader-v0: 3.3.20+4fc5413f9e
[10:41:23] [Render thread/INFO] - fabric-resource-loader-v1: 2.0.13+9edec1269e
[10:41:23] [Render thread/INFO] - fabric-screen-api-v1: 5.2.1+5087f8249e
[10:41:23] [Render thread/INFO] - fabric-serialization-api-v1: 2.0.4+11a26f319e
[10:41:23] [Render thread/INFO] - fabric-sound-api-v1: 2.0.5+11a26f319e
[10:41:23] [Render thread/INFO] - fabric-tag-api-v1: 2.1.4+515ac5339e
[10:41:23] [Render thread/INFO] - fabric-transfer-api-v1: 8.0.13+11dbb7d79e
[10:41:23] [Render thread/INFO] - fabric-transitive-access-wideners-v1: 8.1.4+67c847259e
[10:41:23] [Render thread/INFO] - fabricloader: 0.19.5
[10:41:23] [Render thread/INFO] - geckolib: 5.5.3
[10:41:23] [Render thread/INFO] - generated_e7d069e: 1.0.0
[10:41:23] [Render thread/INFO] - java: 26
[10:41:23] [Render thread/INFO] - minecraft: 26.2
[10:41:23] [Render thread/INFO] - mixinextras: 0.5.5
[10:41:23] [Render thread/INFO] - roughlyenoughitems: 26.2.820
[10:41:23] [Render thread/INFO] - stargazer: 0.0.8.1
[10:41:23] [Render thread/INFO] - starlib: 1.0.3
[10:41:23] [Render thread/INFO] - team_reborn_energy: 5.0.0
[10:41:23] [Render thread/INFO] ========================================
[10:41:23] [Render thread/DEBUG] [REI] Added filtering rule [roughlyenoughitems:search]: INSTANCE
[10:41:23] [Render thread/DEBUG] [REI] Added filtering rule [roughlyenoughitems:manual]: INSTANCE
[10:41:23] [Render thread/DEBUG] [REI] Added filtering rule [roughlyenoughitems:basic]: INSTANCE
[10:41:23] [Render thread/INFO] [REI] Config loaded
[10:41:23] [Render thread/DEBUG] [REI] Config saved
[10:41:23] [Render thread/DEBUG] [REI] Config saved
[10:41:23] [Render thread/DEBUG] [REI] Config saved
[10:41:23] [Render thread/INFO] [REI] Registered plugin provider StargazerREICommon [stargazer] for REICommonPlugin
[10:41:23] [Render thread/INFO] [REI] Registered plugin provider DefaultPlugin [roughlyenoughitems] for REICommonPlugin
[10:41:23] [Render thread/INFO] [REI] Registered plugin provider DefaultRuntimePlugin [roughlyenoughitems] for REICommonPlugin
[10:41:23] [Render thread/DEBUG] [REI] Added filtering rule [roughlyenoughitems:hidden_from_recipe_viewers]: INSTANCE
[10:41:23] [Render thread/INFO] [REI] Registered plugin provider FabricFluidAPISupportPlugin for REICommonPlugin
[10:41:23] [Render thread/INFO] [REI] Registered plugin provider StargazerREIClient [stargazer] for REIClientPlugin
[10:41:23] [Render thread/INFO] [REI] Registered plugin provider DefaultClientPlugin [roughlyenoughitems] for REIClientPlugin
[10:41:23] [Render thread/INFO] [REI] Registered plugin provider DefaultClientRuntimePlugin [roughlyenoughitems] for REIClientPlugin
[10:41:23] [Render thread/INFO] [REI] Registered plugin provider HideIngredientsFromTagsPlugin [roughlyenoughitems] for REIClientPlugin
[10:41:31] [Worker-Main-8/DEBUG] [REI] Processed 388 tags in 1.378 ms for minecraft:block
[10:41:31] [Worker-Main-8/DEBUG] [REI] Processed 10 tags in 16.92 μs for minecraft:fluid
[10:41:31] [Worker-Main-8/DEBUG] [REI] Processed 502 tags in 1.119 ms for minecraft:item
[10:41:31] [Worker-Main-8/DEBUG] [REI] Processed 5 tags in 30.99 μs for minecraft:game_event
[10:41:31] [Worker-Main-8/DEBUG] [REI] Processed 53 tags in 93.76 μs for minecraft:entity_type
[10:41:31] [Worker-Main-8/DEBUG] [REI] Processed 3 tags in 13.66 μs for minecraft:point_of_interest_type
[10:41:31] [Worker-Main-8/DEBUG] [REI] Processed 2 tags in 14.24 μs for minecraft:potion
[10:41:32] [Render thread/DEBUG] [REI] Player quit, clearing reload tasks!
[10:41:32] [Render thread/DEBUG] [REI] Did not fulfill the request of termination of REI reload tasks because there are no uninterrupted running tasks. This is not an error.
[10:41:33] [Netty Local IO #1/DEBUG] [REI] Starting Reload Plugins of stage START
java.lang.Throwable
	at knot//me.shedaniel.rei.impl.common.plugins.ReloadManagerImpl.reloadPlugins(ReloadManagerImpl.java:110)
	at knot//me.shedaniel.rei.RoughlyEnoughItemsCoreClient.reloadPlugins(RoughlyEnoughItemsCoreClient.java:532)
	at knot//me.shedaniel.rei.RoughlyEnoughItemsCoreClient.lambda$registerEvents$0(RoughlyEnoughItemsCoreClient.java:342)
	at knot//net.minecraft.client.multiplayer.ClientPacketListener.handler$bem001$roughlyenoughitems$handleUpdateRecipes(ClientPacketListener.java:6975)
	at knot//net.minecraft.client.multiplayer.ClientPacketListener.handleUpdateRecipes(ClientPacketListener.java)
	at knot//net.minecraft.network.protocol.game.ClientboundUpdateRecipesPacket.handle(ClientboundUpdateRecipesPacket.java:34)
	at knot//net.minecraft.network.protocol.game.ClientboundUpdateRecipesPacket.handle(ClientboundUpdateRecipesPacket.java:17)
	at knot//net.minecraft.network.Connection.genericsFtw(Connection.java:182)
	at knot//net.minecraft.network.Connection.channelRead0(Connection.java:167)
	at knot//net.minecraft.network.Connection.channelRead0(Connection.java:59)
	at knot//io.netty.channel.SimpleChannelInboundHandler.channelRead(SimpleChannelInboundHandler.java:99)
	at knot//io.netty.channel.AbstractChannelHandlerContext.fireChannelRead(AbstractChannelHandlerContext.java:357)
	at knot//io.netty.handler.codec.MessageToMessageDecoder.channelRead(MessageToMessageDecoder.java:107)
	at knot//io.netty.channel.AbstractChannelHandlerContext.fireChannelRead(AbstractChannelHandlerContext.java:357)
	at knot//io.netty.handler.codec.MessageToMessageDecoder.channelRead(MessageToMessageDecoder.java:107)
	at knot//io.netty.channel.AbstractChannelHandlerContext.fireChannelRead(AbstractChannelHandlerContext.java:357)
	at knot//io.netty.handler.codec.ByteToMessageDecoder.fireChannelRead(ByteToMessageDecoder.java:361)
	at knot//io.netty.handler.codec.ByteToMessageDecoder.channelRead(ByteToMessageDecoder.java:325)
	at knot//io.netty.channel.AbstractChannelHandlerContext.fireChannelRead(AbstractChannelHandlerContext.java:357)
	at knot//io.netty.handler.flow.FlowControlHandler.dequeue(FlowControlHandler.java:235)
	at knot//io.netty.handler.flow.FlowControlHandler.dequeueAll(FlowControlHandler.java:212)
	at knot//io.netty.handler.flow.FlowControlHandler.channelRead(FlowControlHandler.java:187)
	at knot//io.netty.channel.AbstractChannelHandlerContext.fireChannelRead(AbstractChannelHandlerContext.java:355)
	at knot//net.minecraft.network.LocalFrameDecoder.channelRead(LocalFrameDecoder.java:9)
	at knot//io.netty.channel.AbstractChannelHandlerContext.fireChannelRead(AbstractChannelHandlerContext.java:357)
	at knot//io.netty.channel.DefaultChannelPipeline$HeadContext.channelRead(DefaultChannelPipeline.java:1429)
	at knot//io.netty.channel.DefaultChannelPipeline.fireChannelRead(DefaultChannelPipeline.java:918)
	at knot//io.netty.channel.local.LocalChannel.readInbound(LocalChannel.java:324)
	at knot//io.netty.channel.local.LocalChannel.doBeginRead(LocalChannel.java:347)
	at knot//io.netty.channel.AbstractChannel$AbstractUnsafe.beginRead(AbstractChannel.java:697)
	at knot//io.netty.channel.DefaultChannelPipeline$HeadContext.read(DefaultChannelPipeline.java:1381)
	at knot//io.netty.channel.AbstractChannelHandlerContext.read(AbstractChannelHandlerContext.java:708)
	at knot//io.netty.handler.flow.FlowControlHandler.read(FlowControlHandler.java:161)
	at knot//io.netty.channel.AbstractChannelHandlerContext.read(AbstractChannelHandlerContext.java:710)
	at knot//io.netty.channel.DefaultChannelPipeline.read(DefaultChannelPipeline.java:1025)
	at knot//io.netty.channel.DefaultChannelPipeline.read(DefaultChannelPipeline.java:45)
	at knot//io.netty.channel.Channel.read(Channel.java:245)
	at knot//io.netty.channel.DefaultChannelPipeline$HeadContext.readIfIsAutoRead(DefaultChannelPipeline.java:1441)
	at knot//io.netty.channel.DefaultChannelPipeline$HeadContext.channelReadComplete(DefaultChannelPipeline.java:1436)
	at knot//io.netty.channel.DefaultChannelPipeline.fireChannelReadComplete(DefaultChannelPipeline.java:932)
	at knot//io.netty.channel.local.LocalChannel.readInbound(LocalChannel.java:327)
	at knot//io.netty.channel.local.LocalChannel.doBeginRead(LocalChannel.java:347)
	at knot//io.netty.channel.AbstractChannel$AbstractUnsafe.beginRead(AbstractChannel.java:697)
	at knot//io.netty.channel.DefaultChannelPipeline$HeadContext.read(DefaultChannelPipeline.java:1381)
	at knot//io.netty.channel.AbstractChannelHandlerContext.read(AbstractChannelHandlerContext.java:708)
	at knot//io.netty.handler.flow.FlowControlHandler.read(FlowControlHandler.java:161)
	at knot//io.netty.channel.AbstractChannelHandlerContext.read(AbstractChannelHandlerContext.java:710)
	at knot//io.netty.channel.DefaultChannelPipeline.read(DefaultChannelPipeline.java:1025)
	at knot//io.netty.channel.DefaultChannelPipeline.read(DefaultChannelPipeline.java:45)
	at knot//io.netty.channel.Channel.read(Channel.java:245)
	at knot//io.netty.channel.DefaultChannelPipeline$HeadContext.readIfIsAutoRead(DefaultChannelPipeline.java:1441)
	at knot//io.netty.channel.DefaultChannelPipeline$HeadContext.channelReadComplete(DefaultChannelPipeline.java:1436)
	at knot//io.netty.channel.DefaultChannelPipeline.fireChannelReadComplete(DefaultChannelPipeline.java:932)
	at knot//io.netty.channel.local.LocalChannel.readInbound(LocalChannel.java:327)
	at knot//io.netty.channel.local.LocalChannel.finishPeerRead0(LocalChannel.java:468)
	at knot//io.netty.channel.local.LocalChannel.access$100(LocalChannel.java:54)
	at knot//io.netty.channel.local.LocalChannel$2.run(LocalChannel.java:80)
	at knot//io.netty.util.concurrent.AbstractEventExecutor.runTask(AbstractEventExecutor.java:148)
	at knot//io.netty.util.concurrent.AbstractEventExecutor.safeExecute(AbstractEventExecutor.java:141)
	at knot//io.netty.util.concurrent.SingleThreadEventExecutor.runAllTasks(SingleThreadEventExecutor.java:535)
	at knot//io.netty.channel.SingleThreadIoEventLoop.run(SingleThreadIoEventLoop.java:201)
	at knot//io.netty.util.concurrent.SingleThreadEventExecutor$5.run(SingleThreadEventExecutor.java:1195)
	at knot//io.netty.util.internal.ThreadExecutorMap$2.run(ThreadExecutorMap.java:74)
	at java.base/java.lang.Thread.run(Thread.java:1516)
[10:41:33] [REI-ReloadPlugins/DEBUG] [REI] ========================================
[10:41:33] [REI-ReloadPlugins/DEBUG] [REI] REICommonPlugin starting pre-reload for START.
[10:41:33] [REI-ReloadPlugins/DEBUG] [REI] Reloadables (9):
[10:41:33] [REI-ReloadPlugins/DEBUG] [REI]  - SlotAccessorRegistryImpl
[10:41:33] [REI-ReloadPlugins/DEBUG] [REI]  - EntryTypeRegistryImpl
[10:41:33] [REI-ReloadPlugins/DEBUG] [REI]  - EntrySettingsAdapterRegistryImpl
[10:41:33] [REI-ReloadPlugins/DEBUG] [REI]  - ItemComparatorRegistryImpl
[10:41:33] [REI-ReloadPlugins/DEBUG] [REI]  - FluidComparatorRegistryImpl
[10:41:33] [REI-ReloadPlugins/DEBUG] [REI]  - DisplaySerializerRegistryImpl
[10:41:33] [REI-ReloadPlugins/DEBUG] [REI]  - ServerDisplayRegistryImpl
[10:41:33] [REI-ReloadPlugins/DEBUG] [REI]  - FluidSupportProviderImpl
[10:41:33] [REI-ReloadPlugins/DEBUG] [REI]  - me.shedaniel.rei.plugin.client.runtime.PluginStageExecutionWatcher$1
[10:41:33] [REI-ReloadPlugins/DEBUG] [REI] Plugins (4):
[10:41:33] [REI-ReloadPlugins/DEBUG] [REI]  - (-100.00) DefaultPlugin of DefaultPlugin [roughlyenoughitems]
[10:41:33] [REI-ReloadPlugins/DEBUG] [REI]  - (0.00) FabricFluidAPISupportPlugin
[10:41:33] [REI-ReloadPlugins/DEBUG] [REI]  - (0.00) DefaultRuntimePlugin of DefaultRuntimePlugin [roughlyenoughitems]
[10:41:33] [REI-ReloadPlugins/DEBUG] [REI]  - (0.00) StargazerREICommon of StargazerREICommon [stargazer]
[10:41:33] [REI-ReloadPlugins/DEBUG] [REI] ========================================
[10:41:33] [REI-ReloadPlugins/TRACE] [REI] [REICommonPlugin START] Reloading Section: "pre-register/"
[10:41:33] [Render thread/DEBUG] [REI] Starting Reload Plugins of stage START
java.lang.Throwable
	at knot//me.shedaniel.rei.impl.common.plugins.ReloadManagerImpl.reloadPlugins(ReloadManagerImpl.java:110)
	at knot//me.shedaniel.rei.RoughlyEnoughItemsCoreClient.reloadPlugins(RoughlyEnoughItemsCoreClient.java:532)
	at knot//me.shedaniel.rei.RoughlyEnoughItemsCoreClient.lambda$registerEvents$0(RoughlyEnoughItemsCoreClient.java:342)
	at knot//net.minecraft.client.multiplayer.ClientPacketListener.handler$bem001$roughlyenoughitems$handleUpdateRecipes(ClientPacketListener.java:6975)
	at knot//net.minecraft.client.multiplayer.ClientPacketListener.handleUpdateRecipes(ClientPacketListener.java)
	at knot//net.minecraft.network.protocol.game.ClientboundUpdateRecipesPacket.handle(ClientboundUpdateRecipesPacket.java:34)
	at knot//net.minecraft.network.protocol.game.ClientboundUpdateRecipesPacket.handle(ClientboundUpdateRecipesPacket.java:17)
	at knot//net.minecraft.network.PacketProcessor$ListenerAndPacket.handle(PacketProcessor.java:55)
	at knot//net.minecraft.network.PacketProcessor.processQueuedPackets(PacketProcessor.java:38)
	at knot//net.minecraft.client.Minecraft.runTick(Minecraft.java:1233)
	at knot//net.minecraft.client.Minecraft.run(Minecraft.java:959)
	at knot//net.minecraft.client.main.Main.main(Main.java:292)
	at net.fabricmc.loader.impl.game.minecraft.MinecraftGameProvider.launch(MinecraftGameProvider.java:517)
	at net.fabricmc.loader.impl.launch.knot.Knot.launch(Knot.java:72)
	at net.fabricmc.loader.impl.launch.knot.KnotClient.main(KnotClient.java:23)
	at net.fabricmc.devlaunchinjector.Main.main(Main.java:86)
	at dev.architectury.transformer.TransformerRuntime.main(TransformerRuntime.java:220)
[10:41:33] [Render thread/WARN] [REI] Trying to start reload plugins of stage START but found 1 existing reload task(s)!
[10:41:33] [Render thread/DEBUG] [REI] Requested the termination of REI reload tasks.
[10:41:33] [REI-ReloadPlugins/TRACE] [REI] [REICommonPlugin START] Reloading Section: "pre-register/DefaultPlugin of DefaultPlugin [roughlyenoughitems]/"
[10:41:33] [REI-ReloadPlugins/TRACE] [REI] [REICommonPlugin START] Reloading Section: "pre-register/DefaultPlugin of DefaultPlugin [roughlyenoughitems]/" done in 818.9 μs
[10:41:33] [REI-ReloadPlugins/DEBUG] [REI] Plugin reload interrupted!
[10:41:33] [REI-ReloadPlugins/TRACE] [REI] [REICommonPlugin START] Reloading Section: "pre-register/" done in 8.991 ms
[10:41:33] [REI-ReloadPlugins/DEBUG] [REI] Plugin reload interrupted!
[10:41:33] [REI-ReloadPlugins/DEBUG] [REI] Interrupted while reloading plugins, could be caused by a new request to reload plugins!
java.lang.InterruptedException
	at knot//me.shedaniel.rei.impl.common.plugins.ReloadInterruptionContext.checkInterrupted(ReloadInterruptionContext.java:37)
	at knot//me.shedaniel.rei.impl.common.plugins.ReloadInterruptionContext$1.checkInterrupted(ReloadInterruptionContext.java:51)
	at knot//me.shedaniel.rei.impl.common.plugins.PluginManagerImpl$SectionClosable.close(PluginManagerImpl.java:169)
	at knot//me.shedaniel.rei.impl.common.plugins.PluginManagerImpl.pluginSection(PluginManagerImpl.java:206)
	at knot//me.shedaniel.rei.impl.common.plugins.PluginManagerImpl.pre(PluginManagerImpl.java:250)
	at knot//me.shedaniel.rei.impl.common.plugins.ReloadManagerImpl.reloadPlugins0(ReloadManagerImpl.java:152)
	at knot//me.shedaniel.rei.impl.common.plugins.ReloadManagerImpl.reloadPlugins0(ReloadManagerImpl.java:144)
	at knot//me.shedaniel.rei.impl.common.plugins.ReloadManagerImpl.lambda$reloadPlugins$0(ReloadManagerImpl.java:122)
	at java.base/java.util.concurrent.CompletableFuture$AsyncRun.run(CompletableFuture.java:1825)
	at java.base/java.util.concurrent.Executors$RunnableAdapter.call(Executors.java:545)
	at java.base/java.util.concurrent.FutureTask.run(FutureTask.java:330)
	at java.base/java.util.concurrent.ScheduledThreadPoolExecutor$ScheduledFutureTask.run(ScheduledThreadPoolExecutor.java:309)
	at java.base/java.util.concurrent.ThreadPoolExecutor.runWorker(ThreadPoolExecutor.java:1090)
	at java.base/java.util.concurrent.ThreadPoolExecutor$Worker.run(ThreadPoolExecutor.java:614)
	at java.base/java.lang.Thread.run(Thread.java:1516)
	Suppressed: java.lang.InterruptedException
		at knot//me.shedaniel.rei.impl.common.plugins.ReloadInterruptionContext.checkInterrupted(ReloadInterruptionContext.java:37)
		at knot//me.shedaniel.rei.impl.common.plugins.ReloadInterruptionContext$1.checkInterrupted(ReloadInterruptionContext.java:51)
		at knot//me.shedaniel.rei.impl.common.plugins.PluginManagerImpl$SectionClosable.close(PluginManagerImpl.java:169)
		at knot//me.shedaniel.rei.impl.common.plugins.PluginManagerImpl.pre(PluginManagerImpl.java:248)
		... 10 more
[10:41:33] [Server thread/DEBUG] [REI] Player star_catcher_ has outdated displays version 0 [latest version: E28CBCA300000000]
[10:41:33] [Server thread/DEBUG] [REI] Player star_catcher_ has outdated displays version 0 [latest version: E28CBCA300000000], sending reset packet request.
[10:41:33] [Render thread/DEBUG] [REI] Successfully terminated reload tasks in 50.09 ms
[10:41:33] [REI-ReloadPlugins/DEBUG] [REI] ========================================
[10:41:33] [REI-ReloadPlugins/DEBUG] [REI] REICommonPlugin starting pre-reload for START.
[10:41:33] [Render thread/DEBUG] [REI] Starting Reload Plugins of stage END
java.lang.Throwable
[10:41:33] [REI-ReloadPlugins/DEBUG] [REI] Reloadables (9):
	at knot//me.shedaniel.rei.impl.common.plugins.ReloadManagerImpl.reloadPlugins(ReloadManagerImpl.java:110)
	at knot//me.shedaniel.rei.RoughlyEnoughItemsCoreClient.reloadPlugins(RoughlyEnoughItemsCoreClient.java:532)
[10:41:33] [REI-ReloadPlugins/DEBUG] [REI]  - SlotAccessorRegistryImpl	at knot//me.shedaniel.rei.RoughlyEnoughItemsCoreClient.reloadPlugins(RoughlyEnoughItemsCoreClient.java:519)

	at knot//me.shedaniel.rei.RoughlyEnoughItemsCoreClient.lambda$registerEvents$1(RoughlyEnoughItemsCoreClient.java:345)
	at knot//net.minecraft.client.multiplayer.ClientPacketListener.handler$zmm000$architectury$handleUpdateRecipes(ClientPacketListener.java:4502)
	at knot//net.minecraft.client.multiplayer.ClientPacketListener.handleUpdateRecipes(ClientPacketListener.java:1699)
	at knot//net.minecraft.network.protocol.game.ClientboundUpdateRecipesPacket.handle(ClientboundUpdateRecipesPacket.java:34)
	at knot//net.minecraft.network.protocol.game.ClientboundUpdateRecipesPacket.handle(ClientboundUpdateRecipesPacket.java:17)
	at knot//net.minecraft.network.PacketProcessor$ListenerAndPacket.handle(PacketProcessor.java:55)
[10:41:33] [REI-ReloadPlugins/DEBUG] [REI]  - EntryTypeRegistryImpl
	at knot//net.minecraft.network.PacketProcessor.processQueuedPackets(PacketProcessor.java:38)
	at knot//net.minecraft.client.Minecraft.runTick(Minecraft.java:1233)
	at knot//net.minecraft.client.Minecraft.run(Minecraft.java:959)
	at knot//net.minecraft.client.main.Main.main(Main.java:292)
	at net.fabricmc.loader.impl.game.minecraft.MinecraftGameProvider.launch(MinecraftGameProvider.java:517)
	at net.fabricmc.loader.impl.launch.knot.Knot.launch(Knot.java:72)
	at net.fabricmc.loader.impl.launch.knot.KnotClient.main(KnotClient.java:23)
	at net.fabricmc.devlaunchinjector.Main.main(Main.java:86)
	at dev.architectury.transformer.TransformerRuntime.main(TransformerRuntime.java:220)
[10:41:33] [REI-ReloadPlugins/DEBUG] [REI]  - EntrySettingsAdapterRegistryImpl
[10:41:33] [REI-ReloadPlugins/DEBUG] [REI]  - ItemComparatorRegistryImpl
[10:41:33] [REI-ReloadPlugins/DEBUG] [REI]  - FluidComparatorRegistryImpl
[10:41:33] [Render thread/WARN] [REI] Found 1 existing reload task(s) after trying to terminate them!
[10:41:33] [REI-ReloadPlugins/DEBUG] [REI]  - DisplaySerializerRegistryImpl
[10:41:33] [REI-ReloadPlugins/DEBUG] [REI]  - ServerDisplayRegistryImpl
[10:41:33] [REI-ReloadPlugins/DEBUG] [REI]  - FluidSupportProviderImpl
[10:41:33] [REI-ReloadPlugins/DEBUG] [REI]  - me.shedaniel.rei.plugin.client.runtime.PluginStageExecutionWatcher$1
[10:41:33] [REI-ReloadPlugins/DEBUG] [REI] Plugins (4):
[10:41:33] [REI-ReloadPlugins/DEBUG] [REI]  - (-100.00) DefaultPlugin of DefaultPlugin [roughlyenoughitems]
[10:41:33] [REI-ReloadPlugins/DEBUG] [REI]  - (0.00) FabricFluidAPISupportPlugin
[10:41:33] [REI-ReloadPlugins/DEBUG] [REI]  - (0.00) DefaultRuntimePlugin of DefaultRuntimePlugin [roughlyenoughitems]
[10:41:33] [REI-ReloadPlugins/DEBUG] [REI]  - (0.00) StargazerREICommon of StargazerREICommon [stargazer]
[10:41:33] [REI-ReloadPlugins/DEBUG] [REI] ========================================
[10:41:33] [REI-ReloadPlugins/TRACE] [REI] [REICommonPlugin START] Reloading Section: "pre-register/"
[10:41:33] [REI-ReloadPlugins/TRACE] [REI] [REICommonPlugin START] Reloading Section: "pre-register/DefaultPlugin of DefaultPlugin [roughlyenoughitems]/"
[10:41:33] [REI-ReloadPlugins/TRACE] [REI] [REICommonPlugin START] Reloading Section: "pre-register/DefaultPlugin of DefaultPlugin [roughlyenoughitems]/" done in 44.25 μs
[10:41:33] [REI-ReloadPlugins/TRACE] [REI] [REICommonPlugin START] Reloading Section: "pre-register/FabricFluidAPISupportPlugin/"
[10:41:33] [REI-ReloadPlugins/TRACE] [REI] [REICommonPlugin START] Reloading Section: "pre-register/FabricFluidAPISupportPlugin/" done in 36.62 μs
[10:41:33] [REI-ReloadPlugins/TRACE] [REI] [REICommonPlugin START] Reloading Section: "pre-register/DefaultRuntimePlugin of DefaultRuntimePlugin [roughlyenoughitems]/"
[10:41:33] [REI-ReloadPlugins/TRACE] [REI] [REICommonPlugin START] Reloading Section: "pre-register/DefaultRuntimePlugin of DefaultRuntimePlugin [roughlyenoughitems]/" done in 25.85 μs
[10:41:33] [REI-ReloadPlugins/TRACE] [REI] [REICommonPlugin START] Reloading Section: "pre-register/StargazerREICommon of StargazerREICommon [stargazer]/"
[10:41:33] [REI-ReloadPlugins/TRACE] [REI] [REICommonPlugin START] Reloading Section: "pre-register/StargazerREICommon of StargazerREICommon [stargazer]/" done in 48.62 μs
[10:41:33] [REI-ReloadPlugins/TRACE] [REI] [REICommonPlugin START] Reloading Section: "pre-register/" done in 439.2 μs
[10:41:33] [REI-ReloadPlugins/TRACE] [REI] [REICommonPlugin START] Reloading Section: "pre-stage/"
[10:41:33] [REI-ReloadPlugins/TRACE] [REI] [REICommonPlugin START] Reloading Section: "pre-stage/SlotAccessorRegistryImpl/"
[10:41:33] [REI-ReloadPlugins/TRACE] [REI] [REICommonPlugin START] Reloading Section: "pre-stage/SlotAccessorRegistryImpl/" done in 187.4 μs
[10:41:33] [REI-ReloadPlugins/TRACE] [REI] [REICommonPlugin START] Reloading Section: "pre-stage/EntryTypeRegistryImpl/"
[10:41:33] [REI-ReloadPlugins/TRACE] [REI] [REICommonPlugin START] Reloading Section: "pre-stage/EntryTypeRegistryImpl/" done in 27.89 μs
[10:41:33] [REI-ReloadPlugins/TRACE] [REI] [REICommonPlugin START] Reloading Section: "pre-stage/EntrySettingsAdapterRegistryImpl/"
[10:41:33] [REI-ReloadPlugins/TRACE] [REI] [REICommonPlugin START] Reloading Section: "pre-stage/EntrySettingsAdapterRegistryImpl/" done in 25.29 μs
[10:41:33] [REI-ReloadPlugins/TRACE] [REI] [REICommonPlugin START] Reloading Section: "pre-stage/ItemComparatorRegistryImpl/"
[10:41:33] [REI-ReloadPlugins/TRACE] [REI] [REICommonPlugin START] Reloading Section: "pre-stage/ItemComparatorRegistryImpl/" done in 24.45 μs
[10:41:33] [REI-ReloadPlugins/TRACE] [REI] [REICommonPlugin START] Reloading Section: "pre-stage/FluidComparatorRegistryImpl/"
[10:41:33] [REI-ReloadPlugins/TRACE] [REI] [REICommonPlugin START] Reloading Section: "pre-stage/FluidComparatorRegistryImpl/" done in 27.06 μs
[10:41:33] [REI-ReloadPlugins/TRACE] [REI] [REICommonPlugin START] Reloading Section: "pre-stage/DisplaySerializerRegistryImpl/"
[10:41:33] [REI-ReloadPlugins/TRACE] [REI] [REICommonPlugin START] Reloading Section: "pre-stage/DisplaySerializerRegistryImpl/" done in 23.15 μs
[10:41:33] [REI-ReloadPlugins/TRACE] [REI] [REICommonPlugin START] Reloading Section: "pre-stage/ServerDisplayRegistryImpl/"
[10:41:33] [REI-ReloadPlugins/TRACE] [REI] [REICommonPlugin START] Reloading Section: "pre-stage/ServerDisplayRegistryImpl/" done in 35.05 μs
[10:41:33] [REI-ReloadPlugins/TRACE] [REI] [REICommonPlugin START] Reloading Section: "pre-stage/FluidSupportProviderImpl/"
[10:41:33] [REI-ReloadPlugins/TRACE] [REI] [REICommonPlugin START] Reloading Section: "pre-stage/FluidSupportProviderImpl/" done in 26.10 μs
[10:41:33] [REI-ReloadPlugins/TRACE] [REI] [REICommonPlugin START] Reloading Section: "pre-stage/me.shedaniel.rei.plugin.client.runtime.PluginStageExecutionWatcher$1/"
[10:41:33] [REI-ReloadPlugins/TRACE] [REI] [REICommonPlugin START] Reloading Section: "pre-stage/me.shedaniel.rei.plugin.client.runtime.PluginStageExecutionWatcher$1/" done in 514.9 μs
[10:41:33] [REI-ReloadPlugins/TRACE] [REI] [REICommonPlugin START] Reloading Section: "pre-stage/" done in 1.414 ms
[10:41:33] [REI-ReloadPlugins/DEBUG] [REI] ========================================
[10:41:33] [REI-ReloadPlugins/DEBUG] [REI] REICommonPlugin finished pre-reload for START in 1.936 ms.
[10:41:33] [REI-ReloadPlugins/DEBUG] [REI] ========================================
[10:41:33] [REI-ReloadPlugins/DEBUG] [REI] ========================================
[10:41:33] [REI-ReloadPlugins/DEBUG] [REI] REIClientPlugin starting pre-reload for START.
[10:41:33] [REI-ReloadPlugins/DEBUG] [REI] Reloadables (18):
[10:41:33] [REI-ReloadPlugins/DEBUG] [REI]  - EntryRendererRegistryImpl
[10:41:33] [REI-ReloadPlugins/DEBUG] [REI]  - ViewsImpl
[10:41:33] [REI-ReloadPlugins/DEBUG] [REI]  - InputMethodRegistryImpl
[10:41:33] [REI-ReloadPlugins/DEBUG] [REI]  - SearchProviderImpl
[10:41:33] [REI-ReloadPlugins/DEBUG] [REI]  - ConfigManagerImpl
[10:41:33] [REI-ReloadPlugins/DEBUG] [REI]  - EntryRegistryImpl
[10:41:33] [REI-ReloadPlugins/DEBUG] [REI]  - CollapsibleEntryRegistryImpl
[10:41:33] [REI-ReloadPlugins/DEBUG] [REI]  - BasicFilteringRuleImpl
[10:41:33] [REI-ReloadPlugins/DEBUG] [REI]  - CategoryRegistryImpl
[10:41:33] [REI-ReloadPlugins/DEBUG] [REI]  - DisplayRegistryImpl
[10:41:33] [REI-ReloadPlugins/DEBUG] [REI]  - ScreenRegistryImpl
[10:41:33] [REI-ReloadPlugins/DEBUG] [REI]  - FavoriteEntryTypeRegistryImpl
[10:41:33] [REI-ReloadPlugins/DEBUG] [REI]  - SubsetsRegistryImpl
[10:41:33] [REI-ReloadPlugins/DEBUG] [REI]  - TransferHandlerRegistryImpl
[10:41:33] [REI-ReloadPlugins/DEBUG] [REI]  - SearchRuntime
[10:41:33] [REI-ReloadPlugins/DEBUG] [REI]  - REIRuntimeImpl
[10:41:33] [REI-ReloadPlugins/DEBUG] [REI]  - ConfigAddonRegistryImpl
[10:41:33] [REI-ReloadPlugins/DEBUG] [REI]  - me.shedaniel.rei.plugin.client.runtime.PluginStageExecutionWatcher$1
[10:41:33] [REI-ReloadPlugins/DEBUG] [REI] Plugins (4):
[10:41:33] [REI-ReloadPlugins/DEBUG] [REI]  - (-100.00) DefaultClientPlugin of DefaultClientPlugin [roughlyenoughitems]
[10:41:33] [REI-ReloadPlugins/DEBUG] [REI]  - (0.00) HideIngredientsFromTagsPlugin of HideIngredientsFromTagsPlugin [roughlyenoughitems]
[10:41:33] [REI-ReloadPlugins/DEBUG] [REI]  - (0.00) DefaultClientRuntimePlugin of DefaultClientRuntimePlugin [roughlyenoughitems]
[10:41:33] [REI-ReloadPlugins/DEBUG] [REI]  - (0.00) StargazerREIClient of StargazerREIClient [stargazer]
[10:41:33] [REI-ReloadPlugins/DEBUG] [REI] ========================================
[10:41:33] [REI-ReloadPlugins/TRACE] [REI] [REIClientPlugin START] Reloading Section: "pre-register/"
[10:41:33] [REI-ReloadPlugins/TRACE] [REI] [REIClientPlugin START] Reloading Section: "pre-register/DefaultClientPlugin of DefaultClientPlugin [roughlyenoughitems]/"
[10:41:33] [REI-ReloadPlugins/TRACE] [REI] [REIClientPlugin START] Reloading Section: "pre-register/DefaultClientPlugin of DefaultClientPlugin [roughlyenoughitems]/" done in 30.40 μs
[10:41:33] [REI-ReloadPlugins/TRACE] [REI] [REIClientPlugin START] Reloading Section: "pre-register/HideIngredientsFromTagsPlugin of HideIngredientsFromTagsPlugin [roughlyenoughitems]/"
[10:41:33] [REI-ReloadPlugins/TRACE] [REI] [REIClientPlugin START] Reloading Section: "pre-register/HideIngredientsFromTagsPlugin of HideIngredientsFromTagsPlugin [roughlyenoughitems]/" done in 23.56 μs
[10:41:33] [REI-ReloadPlugins/TRACE] [REI] [REIClientPlugin START] Reloading Section: "pre-register/DefaultClientRuntimePlugin of DefaultClientRuntimePlugin [roughlyenoughitems]/"
[10:41:33] [REI-ReloadPlugins/TRACE] [REI] [REIClientPlugin START] Reloading Section: "pre-register/DefaultClientRuntimePlugin of DefaultClientRuntimePlugin [roughlyenoughitems]/" done in 27.38 μs
[10:41:33] [REI-ReloadPlugins/TRACE] [REI] [REIClientPlugin START] Reloading Section: "pre-register/StargazerREIClient of StargazerREIClient [stargazer]/"
[10:41:33] [REI-ReloadPlugins/TRACE] [REI] [REIClientPlugin START] Reloading Section: "pre-register/StargazerREIClient of StargazerREIClient [stargazer]/" done in 26.51 μs
[10:41:33] [REI-ReloadPlugins/TRACE] [REI] [REIClientPlugin START] Reloading Section: "pre-register/" done in 358.5 μs
[10:41:33] [REI-ReloadPlugins/TRACE] [REI] [REIClientPlugin START] Reloading Section: "pre-stage/"
[10:41:33] [REI-ReloadPlugins/TRACE] [REI] [REIClientPlugin START] Reloading Section: "pre-stage/EntryRendererRegistryImpl/"
[10:41:33] [REI-ReloadPlugins/TRACE] [REI] [REIClientPlugin START] Reloading Section: "pre-stage/EntryRendererRegistryImpl/" done in 21.70 μs
[10:41:33] [REI-ReloadPlugins/TRACE] [REI] [REIClientPlugin START] Reloading Section: "pre-stage/ViewsImpl/"
[10:41:33] [REI-ReloadPlugins/TRACE] [REI] [REIClientPlugin START] Reloading Section: "pre-stage/ViewsImpl/" done in 20.40 μs
[10:41:33] [REI-ReloadPlugins/TRACE] [REI] [REIClientPlugin START] Reloading Section: "pre-stage/InputMethodRegistryImpl/"
[10:41:33] [REI-ReloadPlugins/TRACE] [REI] [REIClientPlugin START] Reloading Section: "pre-stage/InputMethodRegistryImpl/" done in 19.19 μs
[10:41:33] [REI-ReloadPlugins/TRACE] [REI] [REIClientPlugin START] Reloading Section: "pre-stage/SearchProviderImpl/"
[10:41:33] [REI-ReloadPlugins/TRACE] [REI] [REIClientPlugin START] Reloading Section: "pre-stage/SearchProviderImpl/" done in 18.54 μs
[10:41:33] [REI-ReloadPlugins/TRACE] [REI] [REIClientPlugin START] Reloading Section: "pre-stage/ConfigManagerImpl/"
[10:41:33] [REI-ReloadPlugins/TRACE] [REI] [REIClientPlugin START] Reloading Section: "pre-stage/ConfigManagerImpl/" done in 19.55 μs
[10:41:33] [REI-ReloadPlugins/TRACE] [REI] [REIClientPlugin START] Reloading Section: "pre-stage/EntryRegistryImpl/"
[10:41:33] [REI-ReloadPlugins/TRACE] [REI] [REIClientPlugin START] Reloading Section: "pre-stage/EntryRegistryImpl/" done in 17.82 μs
[10:41:33] [REI-ReloadPlugins/TRACE] [REI] [REIClientPlugin START] Reloading Section: "pre-stage/CollapsibleEntryRegistryImpl/"
[10:41:33] [REI-ReloadPlugins/TRACE] [REI] [REIClientPlugin START] Reloading Section: "pre-stage/CollapsibleEntryRegistryImpl/" done in 20.06 μs
[10:41:33] [REI-ReloadPlugins/TRACE] [REI] [REIClientPlugin START] Reloading Section: "pre-stage/BasicFilteringRuleImpl/"
[10:41:33] [REI-ReloadPlugins/TRACE] [REI] [REIClientPlugin START] Reloading Section: "pre-stage/BasicFilteringRuleImpl/" done in 18.56 μs
[10:41:33] [REI-ReloadPlugins/TRACE] [REI] [REIClientPlugin START] Reloading Section: "pre-stage/CategoryRegistryImpl/"
[10:41:33] [REI-ReloadPlugins/TRACE] [REI] [REIClientPlugin START] Reloading Section: "pre-stage/CategoryRegistryImpl/" done in 20.14 μs
[10:41:33] [REI-ReloadPlugins/TRACE] [REI] [REIClientPlugin START] Reloading Section: "pre-stage/DisplayRegistryImpl/"
[10:41:33] [REI-ReloadPlugins/TRACE] [REI] [REIClientPlugin START] Reloading Section: "pre-stage/DisplayRegistryImpl/" done in 22.24 μs
[10:41:33] [REI-ReloadPlugins/TRACE] [REI] [REIClientPlugin START] Reloading Section: "pre-stage/ScreenRegistryImpl/"
[10:41:33] [REI-ReloadPlugins/TRACE] [REI] [REIClientPlugin START] Reloading Section: "pre-stage/ScreenRegistryImpl/" done in 24.67 μs
[10:41:33] [REI-ReloadPlugins/TRACE] [REI] [REIClientPlugin START] Reloading Section: "pre-stage/FavoriteEntryTypeRegistryImpl/"
[10:41:33] [REI-ReloadPlugins/TRACE] [REI] [REIClientPlugin START] Reloading Section: "pre-stage/FavoriteEntryTypeRegistryImpl/" done in 24.63 μs
[10:41:33] [REI-ReloadPlugins/TRACE] [REI] [REIClientPlugin START] Reloading Section: "pre-stage/SubsetsRegistryImpl/"
[10:41:33] [REI-ReloadPlugins/TRACE] [REI] [REIClientPlugin START] Reloading Section: "pre-stage/SubsetsRegistryImpl/" done in 25.86 μs
[10:41:33] [REI-ReloadPlugins/TRACE] [REI] [REIClientPlugin START] Reloading Section: "pre-stage/TransferHandlerRegistryImpl/"
[10:41:33] [REI-ReloadPlugins/TRACE] [REI] [REIClientPlugin START] Reloading Section: "pre-stage/TransferHandlerRegistryImpl/" done in 24.78 μs
[10:41:33] [REI-ReloadPlugins/TRACE] [REI] [REIClientPlugin START] Reloading Section: "pre-stage/SearchRuntime/"
[10:41:33] [REI-ReloadPlugins/TRACE] [REI] [REIClientPlugin START] Reloading Section: "pre-stage/SearchRuntime/" done in 26.89 μs
[10:41:33] [REI-ReloadPlugins/TRACE] [REI] [REIClientPlugin START] Reloading Section: "pre-stage/REIRuntimeImpl/"
[10:41:33] [REI-ReloadPlugins/TRACE] [REI] [REIClientPlugin START] Reloading Section: "pre-stage/REIRuntimeImpl/" done in 34.33 μs
[10:41:33] [REI-ReloadPlugins/TRACE] [REI] [REIClientPlugin START] Reloading Section: "pre-stage/ConfigAddonRegistryImpl/"
[10:41:33] [REI-ReloadPlugins/TRACE] [REI] [REIClientPlugin START] Reloading Section: "pre-stage/ConfigAddonRegistryImpl/" done in 23.12 μs
[10:41:33] [REI-ReloadPlugins/TRACE] [REI] [REIClientPlugin START] Reloading Section: "pre-stage/me.shedaniel.rei.plugin.client.runtime.PluginStageExecutionWatcher$1/"
[10:41:33] [REI-ReloadPlugins/TRACE] [REI] [REIClientPlugin START] Reloading Section: "pre-stage/me.shedaniel.rei.plugin.client.runtime.PluginStageExecutionWatcher$1/" done in 35.21 μs
[10:41:33] [REI-ReloadPlugins/TRACE] [REI] [REIClientPlugin START] Reloading Section: "pre-stage/" done in 1.102 ms
[10:41:33] [REI-ReloadPlugins/DEBUG] [REI] ========================================
[10:41:33] [REI-ReloadPlugins/DEBUG] [REI] REIClientPlugin finished pre-reload for START in 1.520 ms.
[10:41:33] [REI-ReloadPlugins/DEBUG] [REI] ========================================
[10:41:33] [REI-ReloadPlugins/INFO] [REI] ----------------------------------------
[10:41:33] [REI-ReloadPlugins/INFO] [REI] REICommonPlugin starting main-reload for START.
[10:41:33] [REI-ReloadPlugins/DEBUG] [REI] Reloadables (9):
[10:41:33] [REI-ReloadPlugins/DEBUG] [REI]  - SlotAccessorRegistryImpl
[10:41:33] [REI-ReloadPlugins/DEBUG] [REI]  - EntryTypeRegistryImpl
[10:41:33] [REI-ReloadPlugins/DEBUG] [REI]  - EntrySettingsAdapterRegistryImpl
[10:41:33] [REI-ReloadPlugins/DEBUG] [REI]  - ItemComparatorRegistryImpl
[10:41:33] [REI-ReloadPlugins/DEBUG] [REI]  - FluidComparatorRegistryImpl
[10:41:33] [REI-ReloadPlugins/DEBUG] [REI]  - DisplaySerializerRegistryImpl
[10:41:33] [REI-ReloadPlugins/DEBUG] [REI]  - ServerDisplayRegistryImpl
[10:41:33] [REI-ReloadPlugins/DEBUG] [REI]  - FluidSupportProviderImpl
[10:41:33] [REI-ReloadPlugins/DEBUG] [REI]  - me.shedaniel.rei.plugin.client.runtime.PluginStageExecutionWatcher$1
[10:41:33] [REI-ReloadPlugins/INFO] [REI] Plugins (4):
[10:41:33] [REI-ReloadPlugins/INFO] [REI]  - (-100.00) DefaultPlugin of DefaultPlugin [roughlyenoughitems]
[10:41:33] [REI-ReloadPlugins/INFO] [REI]  - (0.00) FabricFluidAPISupportPlugin
[10:41:33] [REI-ReloadPlugins/INFO] [REI]  - (0.00) DefaultRuntimePlugin of DefaultRuntimePlugin [roughlyenoughitems]
[10:41:33] [REI-ReloadPlugins/INFO] [REI]  - (0.00) StargazerREICommon of StargazerREICommon [stargazer]
[10:41:33] [REI-ReloadPlugins/INFO] [REI] ----------------------------------------
[10:41:33] [REI-ReloadPlugins/TRACE] [REI] [REICommonPlugin START] Reloading Section: "start-reload/"
[10:41:33] [REI-ReloadPlugins/TRACE] [REI] [REICommonPlugin START] Reloading Section: "start-reload/SlotAccessorRegistryImpl/"
[10:41:33] [REI-ReloadPlugins/TRACE] [REI] [REICommonPlugin START] Reloading Section: "start-reload/SlotAccessorRegistryImpl/" done in 45.06 μs
[10:41:33] [REI-ReloadPlugins/TRACE] [REI] [REICommonPlugin START] Reloading Section: "start-reload/EntryTypeRegistryImpl/"
[10:41:33] [REI-ReloadPlugins/TRACE] [REI] [REICommonPlugin START] Reloading Section: "start-reload/EntryTypeRegistryImpl/" done in 46.10 μs
[10:41:33] [REI-ReloadPlugins/TRACE] [REI] [REICommonPlugin START] Reloading Section: "start-reload/EntrySettingsAdapterRegistryImpl/"
[10:41:33] [REI-ReloadPlugins/TRACE] [REI] [REICommonPlugin START] Reloading Section: "start-reload/EntrySettingsAdapterRegistryImpl/" done in 21.55 μs
[10:41:33] [REI-ReloadPlugins/TRACE] [REI] [REICommonPlugin START] Reloading Section: "start-reload/ItemComparatorRegistryImpl/"
[10:41:33] [REI-ReloadPlugins/TRACE] [REI] [REICommonPlugin START] Reloading Section: "start-reload/ItemComparatorRegistryImpl/" done in 29.42 μs
[10:41:33] [REI-ReloadPlugins/TRACE] [REI] [REICommonPlugin START] Reloading Section: "start-reload/FluidComparatorRegistryImpl/"
[10:41:33] [REI-ReloadPlugins/TRACE] [REI] [REICommonPlugin START] Reloading Section: "start-reload/FluidComparatorRegistryImpl/" done in 18.56 μs
[10:41:33] [REI-ReloadPlugins/TRACE] [REI] [REICommonPlugin START] Reloading Section: "start-reload/DisplaySerializerRegistryImpl/"
[10:41:33] [REI-ReloadPlugins/TRACE] [REI] [REICommonPlugin START] Reloading Section: "start-reload/DisplaySerializerRegistryImpl/" done in 20.92 μs
[10:41:33] [REI-ReloadPlugins/TRACE] [REI] [REICommonPlugin START] Reloading Section: "start-reload/ServerDisplayRegistryImpl/"
[10:41:33] [REI-ReloadPlugins/TRACE] [REI] [REICommonPlugin START] Reloading Section: "start-reload/ServerDisplayRegistryImpl/" done in 24.04 μs
[10:41:33] [REI-ReloadPlugins/TRACE] [REI] [REICommonPlugin START] Reloading Section: "start-reload/FluidSupportProviderImpl/"
[10:41:33] [REI-ReloadPlugins/TRACE] [REI] [REICommonPlugin START] Reloading Section: "start-reload/FluidSupportProviderImpl/" done in 30.80 μs
[10:41:33] [REI-ReloadPlugins/TRACE] [REI] [REICommonPlugin START] Reloading Section: "start-reload/me.shedaniel.rei.plugin.client.runtime.PluginStageExecutionWatcher$1/"
[10:41:33] [REI-ReloadPlugins/TRACE] [REI] [REICommonPlugin START] Reloading Section: "start-reload/me.shedaniel.rei.plugin.client.runtime.PluginStageExecutionWatcher$1/" done in 18.91 μs
[10:41:33] [REI-ReloadPlugins/TRACE] [REI] [REICommonPlugin START] Reloading Section: "start-reload/" done in 677.7 μs
[10:41:33] [REI-ReloadPlugins/DEBUG] [REI] ========================================
[10:41:33] [REI-ReloadPlugins/DEBUG] [REI] REICommonPlugin started main-reload for START.
[10:41:33] [REI-ReloadPlugins/DEBUG] [REI] ========================================
[10:41:33] [REI-ReloadPlugins/TRACE] [REI] [REICommonPlugin START] Reloading Section: "reloadable-plugin/SlotAccessorRegistryImpl/"
[10:41:33] [REI-ReloadPlugins/TRACE] [REI] [REICommonPlugin START] Reloading Section: "reloadable-plugin/SlotAccessorRegistryImpl/DefaultPlugin of DefaultPlugin [roughlyenoughitems]/"
[10:41:33] [REI-ReloadPlugins/TRACE] [REI] [REICommonPlugin START] Reloading Section: "reloadable-plugin/SlotAccessorRegistryImpl/DefaultPlugin of DefaultPlugin [roughlyenoughitems]/" done in 187.4 μs
[10:41:33] [REI-ReloadPlugins/TRACE] [REI] [REICommonPlugin START] Reloading Section: "reloadable-plugin/SlotAccessorRegistryImpl/FabricFluidAPISupportPlugin/"
[10:41:33] [REI-ReloadPlugins/TRACE] [REI] [REICommonPlugin START] Reloading Section: "reloadable-plugin/SlotAccessorRegistryImpl/FabricFluidAPISupportPlugin/" done in 31.06 μs
[10:41:33] [REI-ReloadPlugins/TRACE] [REI] [REICommonPlugin START] Reloading Section: "reloadable-plugin/SlotAccessorRegistryImpl/DefaultRuntimePlugin of DefaultRuntimePlugin [roughlyenoughitems]/"
[10:41:33] [REI-ReloadPlugins/TRACE] [REI] [REICommonPlugin START] Reloading Section: "reloadable-plugin/SlotAccessorRegistryImpl/DefaultRuntimePlugin of DefaultRuntimePlugin [roughlyenoughitems]/" done in 27.29 μs
[10:41:33] [REI-ReloadPlugins/TRACE] [REI] [REICommonPlugin START] Reloading Section: "reloadable-plugin/SlotAccessorRegistryImpl/StargazerREICommon of StargazerREICommon [stargazer]/"
[10:41:33] [REI-ReloadPlugins/TRACE] [REI] [REICommonPlugin START] Reloading Section: "reloadable-plugin/SlotAccessorRegistryImpl/StargazerREICommon of StargazerREICommon [stargazer]/" done in 26.63 μs
[10:41:33] [REI-ReloadPlugins/TRACE] [REI] [REICommonPlugin START] Reloading Section: "reloadable-plugin/SlotAccessorRegistryImpl/" done in 825.9 μs
[10:41:33] [REI-ReloadPlugins/TRACE] [REI] [REICommonPlugin START] Reloading Section: "reloadable-plugin/EntryTypeRegistryImpl/"
[10:41:33] [REI-ReloadPlugins/TRACE] [REI] [REICommonPlugin START] Reloading Section: "reloadable-plugin/EntryTypeRegistryImpl/DefaultPlugin of DefaultPlugin [roughlyenoughitems]/"
[10:41:33] [REI-ReloadPlugins/TRACE] [REI] [REICommonPlugin START] Reloading Section: "reloadable-plugin/EntryTypeRegistryImpl/DefaultPlugin of DefaultPlugin [roughlyenoughitems]/" done in 31.05 μs
[10:41:33] [REI-ReloadPlugins/TRACE] [REI] [REICommonPlugin START] Reloading Section: "reloadable-plugin/EntryTypeRegistryImpl/FabricFluidAPISupportPlugin/"
[10:41:33] [REI-ReloadPlugins/TRACE] [REI] [REICommonPlugin START] Reloading Section: "reloadable-plugin/EntryTypeRegistryImpl/FabricFluidAPISupportPlugin/" done in 22.96 μs
[10:41:33] [REI-ReloadPlugins/TRACE] [REI] [REICommonPlugin START] Reloading Section: "reloadable-plugin/EntryTypeRegistryImpl/DefaultRuntimePlugin of DefaultRuntimePlugin [roughlyenoughitems]/"
[10:41:33] [REI-ReloadPlugins/TRACE] [REI] [REICommonPlugin START] Reloading Section: "reloadable-plugin/EntryTypeRegistryImpl/DefaultRuntimePlugin of DefaultRuntimePlugin [roughlyenoughitems]/" done in 5.210 ms
[10:41:33] [REI-ReloadPlugins/TRACE] [REI] [REICommonPlugin START] Reloading Section: "reloadable-plugin/EntryTypeRegistryImpl/StargazerREICommon of StargazerREICommon [stargazer]/"
[10:41:33] [REI-ReloadPlugins/TRACE] [REI] [REICommonPlugin START] Reloading Section: "reloadable-plugin/EntryTypeRegistryImpl/StargazerREICommon of StargazerREICommon [stargazer]/" done in 62.26 μs
[10:41:33] [REI-ReloadPlugins/TRACE] [REI] [REICommonPlugin START] Reloading Section: "reloadable-plugin/EntryTypeRegistryImpl/" done in 5.680 ms
[10:41:33] [REI-ReloadPlugins/TRACE] [REI] [REICommonPlugin START] Reloading Section: "reloadable-plugin/EntrySettingsAdapterRegistryImpl/"
[10:41:33] [REI-ReloadPlugins/TRACE] [REI] [REICommonPlugin START] Reloading Section: "reloadable-plugin/EntrySettingsAdapterRegistryImpl/DefaultPlugin of DefaultPlugin [roughlyenoughitems]/"
[10:41:33] [REI-ReloadPlugins/TRACE] [REI] [REICommonPlugin START] Reloading Section: "reloadable-plugin/EntrySettingsAdapterRegistryImpl/DefaultPlugin of DefaultPlugin [roughlyenoughitems]/" done in 32.16 μs
[10:41:33] [REI-ReloadPlugins/TRACE] [REI] [REICommonPlugin START] Reloading Section: "reloadable-plugin/EntrySettingsAdapterRegistryImpl/FabricFluidAPISupportPlugin/"
[10:41:33] [REI-ReloadPlugins/TRACE] [REI] [REICommonPlugin START] Reloading Section: "reloadable-plugin/EntrySettingsAdapterRegistryImpl/FabricFluidAPISupportPlugin/" done in 28.43 μs
[10:41:33] [REI-ReloadPlugins/TRACE] [REI] [REICommonPlugin START] Reloading Section: "reloadable-plugin/EntrySettingsAdapterRegistryImpl/DefaultRuntimePlugin of DefaultRuntimePlugin [roughlyenoughitems]/"
[10:41:33] [REI-ReloadPlugins/TRACE] [REI] [REICommonPlugin START] Reloading Section: "reloadable-plugin/EntrySettingsAdapterRegistryImpl/DefaultRuntimePlugin of DefaultRuntimePlugin [roughlyenoughitems]/" done in 33.14 μs
[10:41:33] [REI-ReloadPlugins/TRACE] [REI] [REICommonPlugin START] Reloading Section: "reloadable-plugin/EntrySettingsAdapterRegistryImpl/StargazerREICommon of StargazerREICommon [stargazer]/"
[10:41:33] [REI-ReloadPlugins/TRACE] [REI] [REICommonPlugin START] Reloading Section: "reloadable-plugin/EntrySettingsAdapterRegistryImpl/StargazerREICommon of StargazerREICommon [stargazer]/" done in 26.61 μs
[10:41:33] [REI-ReloadPlugins/TRACE] [REI] [REICommonPlugin START] Reloading Section: "reloadable-plugin/EntrySettingsAdapterRegistryImpl/" done in 419.7 μs
[10:41:33] [REI-ReloadPlugins/TRACE] [REI] [REICommonPlugin START] Reloading Section: "reloadable-plugin/ItemComparatorRegistryImpl/"
[10:41:33] [REI-ReloadPlugins/TRACE] [REI] [REICommonPlugin START] Reloading Section: "reloadable-plugin/ItemComparatorRegistryImpl/DefaultPlugin of DefaultPlugin [roughlyenoughitems]/"
[10:41:33] [REI-ReloadPlugins/TRACE] [REI] [REICommonPlugin START] Reloading Section: "reloadable-plugin/ItemComparatorRegistryImpl/DefaultPlugin of DefaultPlugin [roughlyenoughitems]/" done in 425.1 μs
[10:41:33] [REI-ReloadPlugins/TRACE] [REI] [REICommonPlugin START] Reloading Section: "reloadable-plugin/ItemComparatorRegistryImpl/FabricFluidAPISupportPlugin/"
[10:41:33] [REI-ReloadPlugins/TRACE] [REI] [REICommonPlugin START] Reloading Section: "reloadable-plugin/ItemComparatorRegistryImpl/FabricFluidAPISupportPlugin/" done in 31.17 μs
[10:41:33] [REI-ReloadPlugins/TRACE] [REI] [REICommonPlugin START] Reloading Section: "reloadable-plugin/ItemComparatorRegistryImpl/DefaultRuntimePlugin of DefaultRuntimePlugin [roughlyenoughitems]/"
[10:41:33] [REI-ReloadPlugins/TRACE] [REI] [REICommonPlugin START] Reloading Section: "reloadable-plugin/ItemComparatorRegistryImpl/DefaultRuntimePlugin of DefaultRuntimePlugin [roughlyenoughitems]/" done in 33.79 μs
[10:41:33] [REI-ReloadPlugins/TRACE] [REI] [REICommonPlugin START] Reloading Section: "reloadable-plugin/ItemComparatorRegistryImpl/StargazerREICommon of StargazerREICommon [stargazer]/"
[10:41:33] [REI-ReloadPlugins/TRACE] [REI] [REICommonPlugin START] Reloading Section: "reloadable-plugin/ItemComparatorRegistryImpl/StargazerREICommon of StargazerREICommon [stargazer]/" done in 35.93 μs
[10:41:33] [REI-ReloadPlugins/TRACE] [REI] [REICommonPlugin START] Reloading Section: "reloadable-plugin/ItemComparatorRegistryImpl/" done in 776.5 μs
[10:41:33] [REI-ReloadPlugins/TRACE] [REI] [REICommonPlugin START] Reloading Section: "reloadable-plugin/FluidComparatorRegistryImpl/"
[10:41:33] [REI-ReloadPlugins/TRACE] [REI] [REICommonPlugin START] Reloading Section: "reloadable-plugin/FluidComparatorRegistryImpl/DefaultPlugin of DefaultPlugin [roughlyenoughitems]/"
[10:41:33] [REI-ReloadPlugins/TRACE] [REI] [REICommonPlugin START] Reloading Section: "reloadable-plugin/FluidComparatorRegistryImpl/DefaultPlugin of DefaultPlugin [roughlyenoughitems]/" done in 31.12 μs
[10:41:33] [REI-ReloadPlugins/TRACE] [REI] [REICommonPlugin START] Reloading Section: "reloadable-plugin/FluidComparatorRegistryImpl/FabricFluidAPISupportPlugin/"
[10:41:33] [REI-ReloadPlugins/TRACE] [REI] [REICommonPlugin START] Reloading Section: "reloadable-plugin/FluidComparatorRegistryImpl/FabricFluidAPISupportPlugin/" done in 23.53 μs
[10:41:33] [REI-ReloadPlugins/TRACE] [REI] [REICommonPlugin START] Reloading Section: "reloadable-plugin/FluidComparatorRegistryImpl/DefaultRuntimePlugin of DefaultRuntimePlugin [roughlyenoughitems]/"
[10:41:33] [REI-ReloadPlugins/TRACE] [REI] [REICommonPlugin START] Reloading Section: "reloadable-plugin/FluidComparatorRegistryImpl/DefaultRuntimePlugin of DefaultRuntimePlugin [roughlyenoughitems]/" done in 26.32 μs
[10:41:33] [REI-ReloadPlugins/TRACE] [REI] [REICommonPlugin START] Reloading Section: "reloadable-plugin/FluidComparatorRegistryImpl/StargazerREICommon of StargazerREICommon [stargazer]/"
[10:41:33] [REI-ReloadPlugins/TRACE] [REI] [REICommonPlugin START] Reloading Section: "reloadable-plugin/FluidComparatorRegistryImpl/StargazerREICommon of StargazerREICommon [stargazer]/" done in 24.81 μs
[10:41:33] [REI-ReloadPlugins/TRACE] [REI] [REICommonPlugin START] Reloading Section: "reloadable-plugin/FluidComparatorRegistryImpl/" done in 286.6 μs
[10:41:33] [REI-ReloadPlugins/TRACE] [REI] [REICommonPlugin START] Reloading Section: "reloadable-plugin/DisplaySerializerRegistryImpl/"
[10:41:33] [REI-ReloadPlugins/TRACE] [REI] [REICommonPlugin START] Reloading Section: "reloadable-plugin/DisplaySerializerRegistryImpl/DefaultPlugin of DefaultPlugin [roughlyenoughitems]/"
[10:41:33] [REI-ReloadPlugins/DEBUG] [REI] Added display serializer [minecraft:client/crafting/shaped] me.shedaniel.rei.api.common.display.DisplaySerializer$1@22c31d1c
[10:41:33] [REI-ReloadPlugins/DEBUG] [REI] Added display serializer [minecraft:client/crafting/shapeless] me.shedaniel.rei.api.common.display.DisplaySerializer$1@2237eec
[10:41:33] [REI-ReloadPlugins/DEBUG] [REI] Added display serializer [minecraft:client/smelting] me.shedaniel.rei.api.common.display.DisplaySerializer$1@87be830
[10:41:33] [REI-ReloadPlugins/DEBUG] [REI] Added display serializer [minecraft:client/smoking] me.shedaniel.rei.api.common.display.DisplaySerializer$1@3b39bb2f
[10:41:33] [REI-ReloadPlugins/DEBUG] [REI] Added display serializer [minecraft:client/blasting] me.shedaniel.rei.api.common.display.DisplaySerializer$1@7b8a14e7
[10:41:33] [REI-ReloadPlugins/DEBUG] [REI] Added display serializer [minecraft:client/stone_cutting] me.shedaniel.rei.api.common.display.DisplaySerializer$1@539e1377
[10:41:33] [REI-ReloadPlugins/DEBUG] [REI] Added display serializer [minecraft:client/smithing] me.shedaniel.rei.api.common.display.DisplaySerializer$1@45fc2977
[10:41:33] [REI-ReloadPlugins/DEBUG] [REI] Added display serializer [minecraft:default/crafting/shaped] me.shedaniel.rei.api.common.display.DisplaySerializer$1@70471ea7
[10:41:33] [REI-ReloadPlugins/DEBUG] [REI] Added display serializer [minecraft:default/crafting/shapeless] me.shedaniel.rei.api.common.display.DisplaySerializer$1@20215c1f
[10:41:33] [REI-ReloadPlugins/DEBUG] [REI] Added display serializer [minecraft:default/crafting/custom] me.shedaniel.rei.api.common.display.DisplaySerializer$1@1846378b
[10:41:33] [REI-ReloadPlugins/DEBUG] [REI] Added display serializer [minecraft:default/crafting/custom_shaped] me.shedaniel.rei.api.common.display.DisplaySerializer$1@5a269d15
[10:41:33] [REI-ReloadPlugins/DEBUG] [REI] Added display serializer [minecraft:default/crafting/custom_shapeless] me.shedaniel.rei.api.common.display.DisplaySerializer$1@38a19487
[10:41:33] [REI-ReloadPlugins/DEBUG] [REI] Added display serializer [minecraft:extension/crafting/map_extending] me.shedaniel.rei.api.common.display.DisplaySerializer$1@36fb79b6
[10:41:33] [REI-ReloadPlugins/DEBUG] [REI] Added display serializer [minecraft:default/smelting] me.shedaniel.rei.api.common.display.DisplaySerializer$1@625f73f3
[10:41:33] [REI-ReloadPlugins/DEBUG] [REI] Added display serializer [minecraft:default/smoking] me.shedaniel.rei.api.common.display.DisplaySerializer$1@9e8e1ec
[10:41:33] [REI-ReloadPlugins/DEBUG] [REI] Added display serializer [minecraft:default/blasting] me.shedaniel.rei.api.common.display.DisplaySerializer$1@56ccfc93
[10:41:33] [REI-ReloadPlugins/DEBUG] [REI] Added display serializer [minecraft:default/campfire] me.shedaniel.rei.api.common.display.DisplaySerializer$1@4130db5d
[10:41:33] [REI-ReloadPlugins/DEBUG] [REI] Added display serializer [minecraft:default/stone_cutting] me.shedaniel.rei.api.common.display.DisplaySerializer$1@4d1ffa7b
[10:41:33] [REI-ReloadPlugins/DEBUG] [REI] Added display serializer [minecraft:default/stripping] me.shedaniel.rei.api.common.display.DisplaySerializer$1@3568d135
[10:41:33] [REI-ReloadPlugins/DEBUG] [REI] Added display serializer [minecraft:default/brewing] me.shedaniel.rei.api.common.display.DisplaySerializer$1@1ad71094
[10:41:33] [REI-ReloadPlugins/DEBUG] [REI] Added display serializer [minecraft:default/composting] me.shedaniel.rei.api.common.display.DisplaySerializer$1@2071ba3a
[10:41:33] [REI-ReloadPlugins/DEBUG] [REI] Added display serializer [minecraft:default/fuel] me.shedaniel.rei.api.common.display.DisplaySerializer$1@7bea588a
[10:41:33] [REI-ReloadPlugins/DEBUG] [REI] Added display serializer [minecraft:default/smithing] me.shedaniel.rei.api.common.display.DisplaySerializer$1@28d3bb37
[10:41:33] [REI-ReloadPlugins/DEBUG] [REI] Added display serializer [minecraft:default/smithing/trimming] me.shedaniel.rei.api.common.display.DisplaySerializer$1@730399e7
[10:41:33] [REI-ReloadPlugins/DEBUG] [REI] Added display serializer [minecraft:default/anvil] me.shedaniel.rei.api.common.display.DisplaySerializer$1@621f1b01
[10:41:33] [REI-ReloadPlugins/DEBUG] [REI] Added display serializer [minecraft:default/beacon_base] me.shedaniel.rei.api.common.display.DisplaySerializer$1@355c51e2
[10:41:33] [REI-ReloadPlugins/DEBUG] [REI] Added display serializer [minecraft:default/beacon_payment] me.shedaniel.rei.api.common.display.DisplaySerializer$1@6aa23a79
[10:41:33] [REI-ReloadPlugins/DEBUG] [REI] Added display serializer [minecraft:default/tilling] me.shedaniel.rei.api.common.display.DisplaySerializer$1@c5f1d61
[10:41:33] [REI-ReloadPlugins/DEBUG] [REI] Added display serializer [minecraft:default/pathing] me.shedaniel.rei.api.common.display.DisplaySerializer$1@2a4b858f
[10:41:33] [REI-ReloadPlugins/DEBUG] [REI] Added display serializer [minecraft:default/waxing] me.shedaniel.rei.api.common.display.DisplaySerializer$1@93e223a
[10:41:33] [REI-ReloadPlugins/DEBUG] [REI] Added display serializer [minecraft:default/waxing_scraping] me.shedaniel.rei.api.common.display.DisplaySerializer$1@3047e8a1
[10:41:33] [REI-ReloadPlugins/DEBUG] [REI] Added display serializer [minecraft:default/oxidizing] me.shedaniel.rei.api.common.display.DisplaySerializer$1@5cd4af5c
[10:41:33] [REI-ReloadPlugins/DEBUG] [REI] Added display serializer [minecraft:default/oxidizing_scraping] me.shedaniel.rei.api.common.display.DisplaySerializer$1@4649ac91
[10:41:33] [REI-ReloadPlugins/DEBUG] [REI] Added display serializer [roughlyenoughitems:default/information] me.shedaniel.rei.api.common.display.DisplaySerializer$1@15beecf
[10:41:33] [REI-ReloadPlugins/TRACE] [REI] [REICommonPlugin START] Reloading Section: "reloadable-plugin/DisplaySerializerRegistryImpl/DefaultPlugin of DefaultPlugin [roughlyenoughitems]/" done in 48.09 ms
[10:41:33] [REI-ReloadPlugins/TRACE] [REI] [REICommonPlugin START] Reloading Section: "reloadable-plugin/DisplaySerializerRegistryImpl/FabricFluidAPISupportPlugin/"
[10:41:33] [REI-ReloadPlugins/TRACE] [REI] [REICommonPlugin START] Reloading Section: "reloadable-plugin/DisplaySerializerRegistryImpl/FabricFluidAPISupportPlugin/" done in 54.40 μs
[10:41:33] [REI-ReloadPlugins/TRACE] [REI] [REICommonPlugin START] Reloading Section: "reloadable-plugin/DisplaySerializerRegistryImpl/DefaultRuntimePlugin of DefaultRuntimePlugin [roughlyenoughitems]/"
[10:41:33] [REI-ReloadPlugins/TRACE] [REI] [REICommonPlugin START] Reloading Section: "reloadable-plugin/DisplaySerializerRegistryImpl/DefaultRuntimePlugin of DefaultRuntimePlugin [roughlyenoughitems]/" done in 36.71 μs
[10:41:33] [REI-ReloadPlugins/TRACE] [REI] [REICommonPlugin START] Reloading Section: "reloadable-plugin/DisplaySerializerRegistryImpl/StargazerREICommon of StargazerREICommon [stargazer]/"
[10:41:33] [REI-ReloadPlugins/DEBUG] [REI] Added display serializer [stargazer:starforge_display_serializer] com.github.starcatcher21.stargazer.compat.StarforgeDisplaySerializer@1cfd64dc
[10:41:33] [REI-ReloadPlugins/DEBUG] [REI] Added display serializer [stargazer:moon_welder_display_serializer] com.github.starcatcher21.stargazer.compat.MoonWelderDisplaySerializer@8421c07
[10:41:33] [REI-ReloadPlugins/DEBUG] [REI] Added display serializer [stargazer:stargazing_display_serializer] com.github.starcatcher21.stargazer.compat.StargazingDisplaySerializer@218e3dc3
[10:41:33] [REI-ReloadPlugins/DEBUG] [REI] Added display serializer [stargazer:star_crusher_display_serializer] com.github.starcatcher21.stargazer.compat.StarCrusherDisplaySerializer@7ffd92ab
[10:41:33] [REI-ReloadPlugins/TRACE] [REI] [REICommonPlugin START] Reloading Section: "reloadable-plugin/DisplaySerializerRegistryImpl/StargazerREICommon of StargazerREICommon [stargazer]/" done in 215.1 μs
[10:41:33] [REI-ReloadPlugins/TRACE] [REI] [REICommonPlugin START] Reloading Section: "reloadable-plugin/DisplaySerializerRegistryImpl/" done in 48.73 ms
[10:41:33] [REI-ReloadPlugins/TRACE] [REI] [REICommonPlugin START] Reloading Section: "reloadable-plugin/ServerDisplayRegistryImpl/"
[10:41:33] [REI-ReloadPlugins/TRACE] [REI] [REICommonPlugin START] Reloading Section: "reloadable-plugin/ServerDisplayRegistryImpl/DefaultPlugin of DefaultPlugin [roughlyenoughitems]/"
[10:41:33] [REI-ReloadPlugins/TRACE] [REI] [REICommonPlugin START] Reloading Section: "reloadable-plugin/ServerDisplayRegistryImpl/DefaultPlugin of DefaultPlugin [roughlyenoughitems]/" done in 28.73 μs
[10:41:33] [REI-ReloadPlugins/TRACE] [REI] [REICommonPlugin START] Reloading Section: "reloadable-plugin/ServerDisplayRegistryImpl/FabricFluidAPISupportPlugin/"
[10:41:33] [REI-ReloadPlugins/TRACE] [REI] [REICommonPlugin START] Reloading Section: "reloadable-plugin/ServerDisplayRegistryImpl/FabricFluidAPISupportPlugin/" done in 29.18 μs
[10:41:33] [REI-ReloadPlugins/TRACE] [REI] [REICommonPlugin START] Reloading Section: "reloadable-plugin/ServerDisplayRegistryImpl/DefaultRuntimePlugin of DefaultRuntimePlugin [roughlyenoughitems]/"
[10:41:33] [REI-ReloadPlugins/TRACE] [REI] [REICommonPlugin START] Reloading Section: "reloadable-plugin/ServerDisplayRegistryImpl/DefaultRuntimePlugin of DefaultRuntimePlugin [roughlyenoughitems]/" done in 22.60 μs
[10:41:33] [REI-ReloadPlugins/TRACE] [REI] [REICommonPlugin START] Reloading Section: "reloadable-plugin/ServerDisplayRegistryImpl/StargazerREICommon of StargazerREICommon [stargazer]/"
[10:41:33] [REI-ReloadPlugins/TRACE] [REI] [REICommonPlugin START] Reloading Section: "reloadable-plugin/ServerDisplayRegistryImpl/StargazerREICommon of StargazerREICommon [stargazer]/" done in 34.43 μs
[10:41:33] [REI-ReloadPlugins/TRACE] [REI] [REICommonPlugin START] Reloading Section: "reloadable-plugin/ServerDisplayRegistryImpl/" done in 334.1 μs
[10:41:33] [REI-ReloadPlugins/TRACE] [REI] [REICommonPlugin START] Reloading Section: "reloadable-plugin/FluidSupportProviderImpl/"
[10:41:33] [REI-ReloadPlugins/TRACE] [REI] [REICommonPlugin START] Reloading Section: "reloadable-plugin/FluidSupportProviderImpl/DefaultPlugin of DefaultPlugin [roughlyenoughitems]/"
[10:41:33] [REI-ReloadPlugins/TRACE] [REI] [REICommonPlugin START] Reloading Section: "reloadable-plugin/FluidSupportProviderImpl/DefaultPlugin of DefaultPlugin [roughlyenoughitems]/" done in 308.5 μs
[10:41:33] [REI-ReloadPlugins/TRACE] [REI] [REICommonPlugin START] Reloading Section: "reloadable-plugin/FluidSupportProviderImpl/FabricFluidAPISupportPlugin/"
[10:41:33] [REI-ReloadPlugins/TRACE] [REI] [REICommonPlugin START] Reloading Section: "reloadable-plugin/FluidSupportProviderImpl/FabricFluidAPISupportPlugin/" done in 145.3 μs
[10:41:33] [REI-ReloadPlugins/TRACE] [REI] [REICommonPlugin START] Reloading Section: "reloadable-plugin/FluidSupportProviderImpl/DefaultRuntimePlugin of DefaultRuntimePlugin [roughlyenoughitems]/"
[10:41:33] [REI-ReloadPlugins/TRACE] [REI] [REICommonPlugin START] Reloading Section: "reloadable-plugin/FluidSupportProviderImpl/DefaultRuntimePlugin of DefaultRuntimePlugin [roughlyenoughitems]/" done in 23.17 μs
[10:41:33] [REI-ReloadPlugins/TRACE] [REI] [REICommonPlugin START] Reloading Section: "reloadable-plugin/FluidSupportProviderImpl/StargazerREICommon of StargazerREICommon [stargazer]/"
[10:41:33] [REI-ReloadPlugins/TRACE] [REI] [REICommonPlugin START] Reloading Section: "reloadable-plugin/FluidSupportProviderImpl/StargazerREICommon of StargazerREICommon [stargazer]/" done in 34.16 μs
[10:41:33] [REI-ReloadPlugins/TRACE] [REI] [REICommonPlugin START] Reloading Section: "reloadable-plugin/FluidSupportProviderImpl/" done in 754.8 μs
[10:41:33] [REI-ReloadPlugins/TRACE] [REI] [REICommonPlugin START] Reloading Section: "reloadable-plugin/me.shedaniel.rei.plugin.client.runtime.PluginStageExecutionWatcher$1/"
[10:41:33] [REI-ReloadPlugins/TRACE] [REI] [REICommonPlugin START] Reloading Section: "reloadable-plugin/me.shedaniel.rei.plugin.client.runtime.PluginStageExecutionWatcher$1/DefaultPlugin of DefaultPlugin [roughlyenoughitems]/"
[10:41:33] [REI-ReloadPlugins/TRACE] [REI] [REICommonPlugin START] Reloading Section: "reloadable-plugin/me.shedaniel.rei.plugin.client.runtime.PluginStageExecutionWatcher$1/DefaultPlugin of DefaultPlugin [roughlyenoughitems]/" done in 29.39 μs
[10:41:33] [REI-ReloadPlugins/TRACE] [REI] [REICommonPlugin START] Reloading Section: "reloadable-plugin/me.shedaniel.rei.plugin.client.runtime.PluginStageExecutionWatcher$1/FabricFluidAPISupportPlugin/"
[10:41:33] [REI-ReloadPlugins/TRACE] [REI] [REICommonPlugin START] Reloading Section: "reloadable-plugin/me.shedaniel.rei.plugin.client.runtime.PluginStageExecutionWatcher$1/FabricFluidAPISupportPlugin/" done in 29.31 μs
[10:41:33] [REI-ReloadPlugins/TRACE] [REI] [REICommonPlugin START] Reloading Section: "reloadable-plugin/me.shedaniel.rei.plugin.client.runtime.PluginStageExecutionWatcher$1/DefaultRuntimePlugin of DefaultRuntimePlugin [roughlyenoughitems]/"
[10:41:33] [REI-ReloadPlugins/TRACE] [REI] [REICommonPlugin START] Reloading Section: "reloadable-plugin/me.shedaniel.rei.plugin.client.runtime.PluginStageExecutionWatcher$1/DefaultRuntimePlugin of DefaultRuntimePlugin [roughlyenoughitems]/" done in 25.57 μs
[10:41:33] [REI-ReloadPlugins/TRACE] [REI] [REICommonPlugin START] Reloading Section: "reloadable-plugin/me.shedaniel.rei.plugin.client.runtime.PluginStageExecutionWatcher$1/StargazerREICommon of StargazerREICommon [stargazer]/"
[10:41:33] [REI-ReloadPlugins/TRACE] [REI] [REICommonPlugin START] Reloading Section: "reloadable-plugin/me.shedaniel.rei.plugin.client.runtime.PluginStageExecutionWatcher$1/StargazerREICommon of StargazerREICommon [stargazer]/" done in 27.84 μs
[10:41:33] [REI-ReloadPlugins/TRACE] [REI] [REICommonPlugin START] Reloading Section: "reloadable-plugin/me.shedaniel.rei.plugin.client.runtime.PluginStageExecutionWatcher$1/" done in 354.3 μs
[10:41:33] [REI-ReloadPlugins/DEBUG] [REI] ========================================
[10:41:33] [REI-ReloadPlugins/DEBUG] [REI] REICommonPlugin ending main-reload for START.
[10:41:33] [REI-ReloadPlugins/DEBUG] [REI] ========================================
[10:41:33] [REI-ReloadPlugins/TRACE] [REI] [REICommonPlugin START] Reloading Section: "end-reload/"
[10:41:33] [REI-ReloadPlugins/TRACE] [REI] [REICommonPlugin START] Reloading Section: "end-reload/SlotAccessorRegistryImpl/"
[10:41:33] [REI-ReloadPlugins/TRACE] [REI] [REICommonPlugin START] Reloading Section: "end-reload/SlotAccessorRegistryImpl/" done in 31.38 μs
[10:41:33] [REI-ReloadPlugins/TRACE] [REI] [REICommonPlugin START] Reloading Section: "end-reload/EntryTypeRegistryImpl/"
[10:41:33] [REI-ReloadPlugins/TRACE] [REI] [REICommonPlugin START] Reloading Section: "end-reload/EntryTypeRegistryImpl/" done in 20.92 μs
[10:41:33] [REI-ReloadPlugins/TRACE] [REI] [REICommonPlugin START] Reloading Section: "end-reload/EntrySettingsAdapterRegistryImpl/"
[10:41:33] [REI-ReloadPlugins/TRACE] [REI] [REICommonPlugin START] Reloading Section: "end-reload/EntrySettingsAdapterRegistryImpl/" done in 20.40 μs
[10:41:33] [REI-ReloadPlugins/TRACE] [REI] [REICommonPlugin START] Reloading Section: "end-reload/ItemComparatorRegistryImpl/"
[10:41:33] [REI-ReloadPlugins/TRACE] [REI] [REICommonPlugin START] Reloading Section: "end-reload/ItemComparatorRegistryImpl/" done in 17.64 μs
[10:41:33] [REI-ReloadPlugins/TRACE] [REI] [REICommonPlugin START] Reloading Section: "end-reload/FluidComparatorRegistryImpl/"
[10:41:33] [REI-ReloadPlugins/TRACE] [REI] [REICommonPlugin START] Reloading Section: "end-reload/FluidComparatorRegistryImpl/" done in 16.33 μs
[10:41:33] [REI-ReloadPlugins/TRACE] [REI] [REICommonPlugin START] Reloading Section: "end-reload/DisplaySerializerRegistryImpl/"
[10:41:33] [REI-ReloadPlugins/TRACE] [REI] [REICommonPlugin START] Reloading Section: "end-reload/DisplaySerializerRegistryImpl/" done in 18.67 μs
[10:41:33] [REI-ReloadPlugins/TRACE] [REI] [REICommonPlugin START] Reloading Section: "end-reload/ServerDisplayRegistryImpl/"
[10:41:33] [REI-ReloadPlugins/TRACE] [REI] [REICommonPlugin START] Reloading Section: "end-reload/ServerDisplayRegistryImpl/" done in 20.44 μs
[10:41:33] [REI-ReloadPlugins/TRACE] [REI] [REICommonPlugin START] Reloading Section: "end-reload/FluidSupportProviderImpl/"
[10:41:33] [REI-ReloadPlugins/TRACE] [REI] [REICommonPlugin START] Reloading Section: "end-reload/FluidSupportProviderImpl/" done in 19.73 μs
[10:41:33] [REI-ReloadPlugins/TRACE] [REI] [REICommonPlugin START] Reloading Section: "end-reload/me.shedaniel.rei.plugin.client.runtime.PluginStageExecutionWatcher$1/"
[10:41:33] [REI-ReloadPlugins/TRACE] [REI] [REICommonPlugin START] Reloading Section: "end-reload/me.shedaniel.rei.plugin.client.runtime.PluginStageExecutionWatcher$1/" done in 25.17 μs
[10:41:33] [REI-ReloadPlugins/TRACE] [REI] [REICommonPlugin START] Reloading Section: "end-reload/" done in 590.4 μs
[10:41:33] [REI-ReloadPlugins/DEBUG] [REI] ========================================
[10:41:33] [REI-ReloadPlugins/DEBUG] [REI] REICommonPlugin ended main-reload for START in 61.69 ms.
[10:41:33] [REI-ReloadPlugins/DEBUG] [REI] ========================================
[10:41:33] [REI-ReloadPlugins/INFO] [REI] ========================================
[10:41:33] [REI-ReloadPlugins/INFO] [REI] REIClientPlugin starting main-reload for START.
[10:41:33] [REI-ReloadPlugins/DEBUG] [REI] Reloadables (18):
[10:41:33] [REI-ReloadPlugins/DEBUG] [REI]  - EntryRendererRegistryImpl
[10:41:33] [REI-ReloadPlugins/DEBUG] [REI]  - ViewsImpl
[10:41:33] [REI-ReloadPlugins/DEBUG] [REI]  - InputMethodRegistryImpl
[10:41:33] [REI-ReloadPlugins/DEBUG] [REI]  - SearchProviderImpl
[10:41:33] [REI-ReloadPlugins/DEBUG] [REI]  - ConfigManagerImpl
[10:41:33] [REI-ReloadPlugins/DEBUG] [REI]  - EntryRegistryImpl
[10:41:33] [REI-ReloadPlugins/DEBUG] [REI]  - CollapsibleEntryRegistryImpl
[10:41:33] [REI-ReloadPlugins/DEBUG] [REI]  - BasicFilteringRuleImpl
[10:41:33] [REI-ReloadPlugins/DEBUG] [REI]  - CategoryRegistryImpl
[10:41:33] [REI-ReloadPlugins/DEBUG] [REI]  - DisplayRegistryImpl
[10:41:33] [REI-ReloadPlugins/DEBUG] [REI]  - ScreenRegistryImpl
[10:41:33] [REI-ReloadPlugins/DEBUG] [REI]  - FavoriteEntryTypeRegistryImpl
[10:41:33] [REI-ReloadPlugins/DEBUG] [REI]  - SubsetsRegistryImpl
[10:41:33] [REI-ReloadPlugins/DEBUG] [REI]  - TransferHandlerRegistryImpl
[10:41:33] [REI-ReloadPlugins/DEBUG] [REI]  - SearchRuntime
[10:41:33] [REI-ReloadPlugins/DEBUG] [REI]  - REIRuntimeImpl
[10:41:33] [REI-ReloadPlugins/DEBUG] [REI]  - ConfigAddonRegistryImpl
[10:41:33] [REI-ReloadPlugins/DEBUG] [REI]  - me.shedaniel.rei.plugin.client.runtime.PluginStageExecutionWatcher$1
[10:41:33] [REI-ReloadPlugins/INFO] [REI] Plugins (4):
[10:41:33] [REI-ReloadPlugins/INFO] [REI]  - (-100.00) DefaultClientPlugin of DefaultClientPlugin [roughlyenoughitems]
[10:41:33] [REI-ReloadPlugins/INFO] [REI]  - (0.00) HideIngredientsFromTagsPlugin of HideIngredientsFromTagsPlugin [roughlyenoughitems]
[10:41:33] [REI-ReloadPlugins/INFO] [REI]  - (0.00) DefaultClientRuntimePlugin of DefaultClientRuntimePlugin [roughlyenoughitems]
[10:41:33] [REI-ReloadPlugins/INFO] [REI]  - (0.00) StargazerREIClient of StargazerREIClient [stargazer]
[10:41:33] [REI-ReloadPlugins/INFO] [REI] ========================================
[10:41:33] [REI-ReloadPlugins/TRACE] [REI] [REIClientPlugin START] Reloading Section: "start-reload/"
[10:41:33] [REI-ReloadPlugins/TRACE] [REI] [REIClientPlugin START] Reloading Section: "start-reload/EntryRendererRegistryImpl/"
[10:41:33] [REI-ReloadPlugins/TRACE] [REI] [REIClientPlugin START] Reloading Section: "start-reload/EntryRendererRegistryImpl/" done in 28.32 μs
[10:41:33] [REI-ReloadPlugins/TRACE] [REI] [REIClientPlugin START] Reloading Section: "start-reload/ViewsImpl/"
[10:41:33] [REI-ReloadPlugins/TRACE] [REI] [REIClientPlugin START] Reloading Section: "start-reload/ViewsImpl/" done in 23.40 μs
[10:41:33] [REI-ReloadPlugins/TRACE] [REI] [REIClientPlugin START] Reloading Section: "start-reload/InputMethodRegistryImpl/"
[10:41:33] [REI-ReloadPlugins/TRACE] [REI] [REIClientPlugin START] Reloading Section: "start-reload/InputMethodRegistryImpl/" done in 19.93 μs
[10:41:33] [REI-ReloadPlugins/TRACE] [REI] [REIClientPlugin START] Reloading Section: "start-reload/SearchProviderImpl/"
[10:41:33] [REI-ReloadPlugins/TRACE] [REI] [REIClientPlugin START] Reloading Section: "start-reload/SearchProviderImpl/" done in 20.38 μs
[10:41:33] [REI-ReloadPlugins/TRACE] [REI] [REIClientPlugin START] Reloading Section: "start-reload/ConfigManagerImpl/"
[10:41:33] [REI-ReloadPlugins/TRACE] [REI] [REIClientPlugin START] Reloading Section: "start-reload/ConfigManagerImpl/" done in 24.95 μs
[10:41:33] [REI-ReloadPlugins/TRACE] [REI] [REIClientPlugin START] Reloading Section: "start-reload/EntryRegistryImpl/"
[10:41:33] [REI-ReloadPlugins/TRACE] [REI] [REIClientPlugin START] Reloading Section: "start-reload/EntryRegistryImpl/" done in 59.70 μs
[10:41:33] [REI-ReloadPlugins/TRACE] [REI] [REIClientPlugin START] Reloading Section: "start-reload/CollapsibleEntryRegistryImpl/"
[10:41:33] [REI-ReloadPlugins/TRACE] [REI] [REIClientPlugin START] Reloading Section: "start-reload/CollapsibleEntryRegistryImpl/" done in 29.63 μs
[10:41:33] [REI-ReloadPlugins/TRACE] [REI] [REIClientPlugin START] Reloading Section: "start-reload/BasicFilteringRuleImpl/"
[10:41:33] [REI-ReloadPlugins/TRACE] [REI] [REIClientPlugin START] Reloading Section: "start-reload/BasicFilteringRuleImpl/" done in 33.22 μs
[10:41:33] [REI-ReloadPlugins/TRACE] [REI] [REIClientPlugin START] Reloading Section: "start-reload/CategoryRegistryImpl/"
[10:41:33] [REI-ReloadPlugins/TRACE] [REI] [REIClientPlugin START] Reloading Section: "start-reload/CategoryRegistryImpl/" done in 24.64 μs
[10:41:33] [REI-ReloadPlugins/TRACE] [REI] [REIClientPlugin START] Reloading Section: "start-reload/DisplayRegistryImpl/"
[10:41:33] [REI-ReloadPlugins/TRACE] [REI] [REIClientPlugin START] Reloading Section: "start-reload/DisplayRegistryImpl/" done in 18.20 μs
[10:41:33] [REI-ReloadPlugins/TRACE] [REI] [REIClientPlugin START] Reloading Section: "start-reload/ScreenRegistryImpl/"
[10:41:33] [REI-ReloadPlugins/DEBUG] [REI] Added overlay decider: me.shedaniel.rei.impl.client.registry.screen.ExclusionZonesImpl@1f6ff40a [-5.00 priority]
[10:41:33] [REI-ReloadPlugins/DEBUG] [REI] Added overlay decider: me.shedaniel.rei.impl.client.registry.screen.ScreenRegistryImpl$1@7ec1e5c0 [-10.00 priority]
[10:41:33] [REI-ReloadPlugins/DEBUG] [REI] Added overlay decider: me.shedaniel.rei.impl.client.registry.screen.ScreenRegistryImpl$2@d3f375a [-10.00 priority]
[10:41:33] [REI-ReloadPlugins/DEBUG] [REI] Added overlay decider: me.shedaniel.rei.impl.client.registry.screen.ScreenRegistryImpl$3@31a29d64 [-20.00 priority]
[10:41:33] [REI-ReloadPlugins/DEBUG] [REI] Added focused stack provider: me.shedaniel.rei.impl.client.registry.screen.ScreenRegistryImpl$4@71d857e9 [-10.00 priority]
[10:41:33] [REI-ReloadPlugins/DEBUG] [REI] Added draggable component provider: me.shedaniel.rei.api.client.gui.drag.component.DraggableComponentProviderWidget$1@45550a67 [0.00 priority]
[10:41:33] [REI-ReloadPlugins/DEBUG] [REI] Added draggable component visitor: me.shedaniel.rei.api.client.gui.drag.component.DraggableComponentVisitorWidget$2@35f81631 [0.00 priority]
[10:41:33] [REI-ReloadPlugins/TRACE] [REI] [REIClientPlugin START] Reloading Section: "start-reload/ScreenRegistryImpl/" done in 3.615 ms
[10:41:33] [REI-ReloadPlugins/TRACE] [REI] [REIClientPlugin START] Reloading Section: "start-reload/FavoriteEntryTypeRegistryImpl/"
[10:41:33] [REI-ReloadPlugins/TRACE] [REI] [REIClientPlugin START] Reloading Section: "start-reload/FavoriteEntryTypeRegistryImpl/" done in 53.00 μs
[10:41:33] [REI-ReloadPlugins/TRACE] [REI] [REIClientPlugin START] Reloading Section: "start-reload/SubsetsRegistryImpl/"
[10:41:33] [REI-ReloadPlugins/TRACE] [REI] [REIClientPlugin START] Reloading Section: "start-reload/SubsetsRegistryImpl/" done in 29.28 μs
[10:41:33] [REI-ReloadPlugins/TRACE] [REI] [REIClientPlugin START] Reloading Section: "start-reload/TransferHandlerRegistryImpl/"
[10:41:33] [REI-ReloadPlugins/TRACE] [REI] [REIClientPlugin START] Reloading Section: "start-reload/TransferHandlerRegistryImpl/" done in 22.68 μs
[10:41:33] [REI-ReloadPlugins/TRACE] [REI] [REIClientPlugin START] Reloading Section: "start-reload/SearchRuntime/"
[10:41:33] [REI-ReloadPlugins/DEBUG] [REI] Preparing collapsed entry groups cache with 0 entries and 0 stacks
[10:41:33] [REI-ReloadPlugins/DEBUG] [REI] Prepared collapsed entry groups cache with 0 entries and 0 stacks
[10:41:33] [REI-ReloadPlugins/TRACE] [REI] [REIClientPlugin START] Reloading Section: "start-reload/SearchRuntime/" done in 1.169 ms
[10:41:33] [REI-ReloadPlugins/TRACE] [REI] [REIClientPlugin START] Reloading Section: "start-reload/REIRuntimeImpl/"
[10:41:33] [REI-ReloadPlugins/TRACE] [REI] [REIClientPlugin START] Reloading Section: "start-reload/REIRuntimeImpl/" done in 177.8 μs
[10:41:33] [REI-ReloadPlugins/TRACE] [REI] [REIClientPlugin START] Reloading Section: "start-reload/ConfigAddonRegistryImpl/"
[10:41:33] [REI-ReloadPlugins/TRACE] [REI] [REIClientPlugin START] Reloading Section: "start-reload/ConfigAddonRegistryImpl/" done in 23.96 μs
[10:41:33] [REI-ReloadPlugins/TRACE] [REI] [REIClientPlugin START] Reloading Section: "start-reload/me.shedaniel.rei.plugin.client.runtime.PluginStageExecutionWatcher$1/"
[10:41:33] [REI-ReloadPlugins/TRACE] [REI] [REIClientPlugin START] Reloading Section: "start-reload/me.shedaniel.rei.plugin.client.runtime.PluginStageExecutionWatcher$1/" done in 28.54 μs
[10:41:33] [REI-ReloadPlugins/TRACE] [REI] [REIClientPlugin START] Reloading Section: "start-reload/" done in 6.377 ms
[10:41:33] [REI-ReloadPlugins/DEBUG] [REI] ========================================
[10:41:33] [REI-ReloadPlugins/DEBUG] [REI] REIClientPlugin started main-reload for START.
[10:41:33] [REI-ReloadPlugins/DEBUG] [REI] ========================================
[10:41:33] [REI-ReloadPlugins/TRACE] [REI] [REIClientPlugin START] Reloading Section: "reloadable-plugin/EntryRendererRegistryImpl/"
[10:41:33] [REI-ReloadPlugins/TRACE] [REI] [REIClientPlugin START] Reloading Section: "reloadable-plugin/EntryRendererRegistryImpl/DefaultClientPlugin of DefaultClientPlugin [roughlyenoughitems]/"
[10:41:33] [REI-ReloadPlugins/TRACE] [REI] [REIClientPlugin START] Reloading Section: "reloadable-plugin/EntryRendererRegistryImpl/DefaultClientPlugin of DefaultClientPlugin [roughlyenoughitems]/" done in 50.85 μs
[10:41:33] [REI-ReloadPlugins/TRACE] [REI] [REIClientPlugin START] Reloading Section: "reloadable-plugin/EntryRendererRegistryImpl/HideIngredientsFromTagsPlugin of HideIngredientsFromTagsPlugin [roughlyenoughitems]/"
[10:41:33] [REI-ReloadPlugins/TRACE] [REI] [REIClientPlugin START] Reloading Section: "reloadable-plugin/EntryRendererRegistryImpl/HideIngredientsFromTagsPlugin of HideIngredientsFromTagsPlugin [roughlyenoughitems]/" done in 27.07 μs
[10:41:33] [REI-ReloadPlugins/TRACE] [REI] [REIClientPlugin START] Reloading Section: "reloadable-plugin/EntryRendererRegistryImpl/DefaultClientRuntimePlugin of DefaultClientRuntimePlugin [roughlyenoughitems]/"
[10:41:33] [REI-ReloadPlugins/TRACE] [REI] [REIClientPlugin START] Reloading Section: "reloadable-plugin/EntryRendererRegistryImpl/DefaultClientRuntimePlugin of DefaultClientRuntimePlugin [roughlyenoughitems]/" done in 25.79 μs
[10:41:33] [REI-ReloadPlugins/TRACE] [REI] [REIClientPlugin START] Reloading Section: "reloadable-plugin/EntryRendererRegistryImpl/StargazerREIClient of StargazerREIClient [stargazer]/"
[10:41:33] [REI-ReloadPlugins/TRACE] [REI] [REIClientPlugin START] Reloading Section: "reloadable-plugin/EntryRendererRegistryImpl/StargazerREIClient of StargazerREIClient [stargazer]/" done in 26.27 μs
[10:41:33] [REI-ReloadPlugins/TRACE] [REI] [REIClientPlugin START] Reloading Section: "reloadable-plugin/EntryRendererRegistryImpl/" done in 355.5 μs
[10:41:33] [REI-ReloadPlugins/TRACE] [REI] [REIClientPlugin START] Reloading Section: "reloadable-plugin/ViewsImpl/"
[10:41:33] [REI-ReloadPlugins/TRACE] [REI] [REIClientPlugin START] Reloading Section: "reloadable-plugin/ViewsImpl/DefaultClientPlugin of DefaultClientPlugin [roughlyenoughitems]/"
[10:41:33] [REI-ReloadPlugins/TRACE] [REI] [REIClientPlugin START] Reloading Section: "reloadable-plugin/ViewsImpl/DefaultClientPlugin of DefaultClientPlugin [roughlyenoughitems]/" done in 28.79 μs
[10:41:33] [REI-ReloadPlugins/TRACE] [REI] [REIClientPlugin START] Reloading Section: "reloadable-plugin/ViewsImpl/HideIngredientsFromTagsPlugin of HideIngredientsFromTagsPlugin [roughlyenoughitems]/"
[10:41:33] [REI-ReloadPlugins/TRACE] [REI] [REIClientPlugin START] Reloading Section: "reloadable-plugin/ViewsImpl/HideIngredientsFromTagsPlugin of HideIngredientsFromTagsPlugin [roughlyenoughitems]/" done in 27.35 μs
[10:41:33] [REI-ReloadPlugins/TRACE] [REI] [REIClientPlugin START] Reloading Section: "reloadable-plugin/ViewsImpl/DefaultClientRuntimePlugin of DefaultClientRuntimePlugin [roughlyenoughitems]/"
[10:41:33] [REI-ReloadPlugins/TRACE] [REI] [REIClientPlugin START] Reloading Section: "reloadable-plugin/ViewsImpl/DefaultClientRuntimePlugin of DefaultClientRuntimePlugin [roughlyenoughitems]/" done in 24.79 μs
[10:41:33] [REI-ReloadPlugins/TRACE] [REI] [REIClientPlugin START] Reloading Section: "reloadable-plugin/ViewsImpl/StargazerREIClient of StargazerREIClient [stargazer]/"
[10:41:33] [REI-ReloadPlugins/TRACE] [REI] [REIClientPlugin START] Reloading Section: "reloadable-plugin/ViewsImpl/StargazerREIClient of StargazerREIClient [stargazer]/" done in 25.53 μs
[10:41:33] [REI-ReloadPlugins/TRACE] [REI] [REIClientPlugin START] Reloading Section: "reloadable-plugin/ViewsImpl/" done in 303.7 μs
[10:41:33] [REI-ReloadPlugins/TRACE] [REI] [REIClientPlugin START] Reloading Section: "reloadable-plugin/InputMethodRegistryImpl/"
[10:41:33] [REI-ReloadPlugins/TRACE] [REI] [REIClientPlugin START] Reloading Section: "reloadable-plugin/InputMethodRegistryImpl/DefaultClientPlugin of DefaultClientPlugin [roughlyenoughitems]/"
[10:41:33] [REI-ReloadPlugins/TRACE] [REI] [REIClientPlugin START] Reloading Section: "reloadable-plugin/InputMethodRegistryImpl/DefaultClientPlugin of DefaultClientPlugin [roughlyenoughitems]/" done in 29.37 μs
[10:41:33] [REI-ReloadPlugins/TRACE] [REI] [REIClientPlugin START] Reloading Section: "reloadable-plugin/InputMethodRegistryImpl/HideIngredientsFromTagsPlugin of HideIngredientsFromTagsPlugin [roughlyenoughitems]/"
[10:41:33] [REI-ReloadPlugins/TRACE] [REI] [REIClientPlugin START] Reloading Section: "reloadable-plugin/InputMethodRegistryImpl/HideIngredientsFromTagsPlugin of HideIngredientsFromTagsPlugin [roughlyenoughitems]/" done in 34.27 μs
[10:41:33] [REI-ReloadPlugins/TRACE] [REI] [REIClientPlugin START] Reloading Section: "reloadable-plugin/InputMethodRegistryImpl/DefaultClientRuntimePlugin of DefaultClientRuntimePlugin [roughlyenoughitems]/"
[10:41:33] [REI-ReloadPlugins/TRACE] [REI] [REIClientPlugin START] Reloading Section: "reloadable-plugin/InputMethodRegistryImpl/DefaultClientRuntimePlugin of DefaultClientRuntimePlugin [roughlyenoughitems]/" done in 30.41 μs
[10:41:33] [REI-ReloadPlugins/TRACE] [REI] [REIClientPlugin START] Reloading Section: "reloadable-plugin/InputMethodRegistryImpl/StargazerREIClient of StargazerREIClient [stargazer]/"
[10:41:33] [REI-ReloadPlugins/TRACE] [REI] [REIClientPlugin START] Reloading Section: "reloadable-plugin/InputMethodRegistryImpl/StargazerREIClient of StargazerREIClient [stargazer]/" done in 22.74 μs
[10:41:33] [REI-ReloadPlugins/TRACE] [REI] [REIClientPlugin START] Reloading Section: "reloadable-plugin/InputMethodRegistryImpl/" done in 319.2 μs
[10:41:33] [REI-ReloadPlugins/TRACE] [REI] [REIClientPlugin START] Reloading Section: "reloadable-plugin/SearchProviderImpl/"
[10:41:33] [REI-ReloadPlugins/TRACE] [REI] [REIClientPlugin START] Reloading Section: "reloadable-plugin/SearchProviderImpl/DefaultClientPlugin of DefaultClientPlugin [roughlyenoughitems]/"
[10:41:33] [REI-ReloadPlugins/TRACE] [REI] [REIClientPlugin START] Reloading Section: "reloadable-plugin/SearchProviderImpl/DefaultClientPlugin of DefaultClientPlugin [roughlyenoughitems]/" done in 23.73 μs
[10:41:33] [REI-ReloadPlugins/TRACE] [REI] [REIClientPlugin START] Reloading Section: "reloadable-plugin/SearchProviderImpl/HideIngredientsFromTagsPlugin of HideIngredientsFromTagsPlugin [roughlyenoughitems]/"
[10:41:33] [REI-ReloadPlugins/TRACE] [REI] [REIClientPlugin START] Reloading Section: "reloadable-plugin/SearchProviderImpl/HideIngredientsFromTagsPlugin of HideIngredientsFromTagsPlugin [roughlyenoughitems]/" done in 22.80 μs
[10:41:33] [REI-ReloadPlugins/TRACE] [REI] [REIClientPlugin START] Reloading Section: "reloadable-plugin/SearchProviderImpl/DefaultClientRuntimePlugin of DefaultClientRuntimePlugin [roughlyenoughitems]/"
[10:41:33] [REI-ReloadPlugins/TRACE] [REI] [REIClientPlugin START] Reloading Section: "reloadable-plugin/SearchProviderImpl/DefaultClientRuntimePlugin of DefaultClientRuntimePlugin [roughlyenoughitems]/" done in 21.23 μs
[10:41:33] [REI-ReloadPlugins/TRACE] [REI] [REIClientPlugin START] Reloading Section: "reloadable-plugin/SearchProviderImpl/StargazerREIClient of StargazerREIClient [stargazer]/"
[10:41:33] [REI-ReloadPlugins/TRACE] [REI] [REIClientPlugin START] Reloading Section: "reloadable-plugin/SearchProviderImpl/StargazerREIClient of StargazerREIClient [stargazer]/" done in 22.31 μs
[10:41:33] [REI-ReloadPlugins/TRACE] [REI] [REIClientPlugin START] Reloading Section: "reloadable-plugin/SearchProviderImpl/" done in 249.8 μs
[10:41:33] [REI-ReloadPlugins/TRACE] [REI] [REIClientPlugin START] Reloading Section: "reloadable-plugin/ConfigManagerImpl/"
[10:41:33] [REI-ReloadPlugins/TRACE] [REI] [REIClientPlugin START] Reloading Section: "reloadable-plugin/ConfigManagerImpl/DefaultClientPlugin of DefaultClientPlugin [roughlyenoughitems]/"
[10:41:33] [REI-ReloadPlugins/TRACE] [REI] [REIClientPlugin START] Reloading Section: "reloadable-plugin/ConfigManagerImpl/DefaultClientPlugin of DefaultClientPlugin [roughlyenoughitems]/" done in 24.82 μs
[10:41:33] [REI-ReloadPlugins/TRACE] [REI] [REIClientPlugin START] Reloading Section: "reloadable-plugin/ConfigManagerImpl/HideIngredientsFromTagsPlugin of HideIngredientsFromTagsPlugin [roughlyenoughitems]/"
[10:41:33] [REI-ReloadPlugins/TRACE] [REI] [REIClientPlugin START] Reloading Section: "reloadable-plugin/ConfigManagerImpl/HideIngredientsFromTagsPlugin of HideIngredientsFromTagsPlugin [roughlyenoughitems]/" done in 23.32 μs
[10:41:33] [REI-ReloadPlugins/TRACE] [REI] [REIClientPlugin START] Reloading Section: "reloadable-plugin/ConfigManagerImpl/DefaultClientRuntimePlugin of DefaultClientRuntimePlugin [roughlyenoughitems]/"
[10:41:33] [REI-ReloadPlugins/TRACE] [REI] [REIClientPlugin START] Reloading Section: "reloadable-plugin/ConfigManagerImpl/DefaultClientRuntimePlugin of DefaultClientRuntimePlugin [roughlyenoughitems]/" done in 26.78 μs
[10:41:33] [REI-ReloadPlugins/TRACE] [REI] [REIClientPlugin START] Reloading Section: "reloadable-plugin/ConfigManagerImpl/StargazerREIClient of StargazerREIClient [stargazer]/"
[10:41:33] [REI-ReloadPlugins/TRACE] [REI] [REIClientPlugin START] Reloading Section: "reloadable-plugin/ConfigManagerImpl/StargazerREIClient of StargazerREIClient [stargazer]/" done in 26.46 μs
[10:41:33] [REI-ReloadPlugins/TRACE] [REI] [REIClientPlugin START] Reloading Section: "reloadable-plugin/ConfigManagerImpl/" done in 305.8 μs
[10:41:33] [REI-ReloadPlugins/TRACE] [REI] [REIClientPlugin START] Reloading Section: "reloadable-plugin/EntryRegistryImpl/"
[10:41:33] [REI-ReloadPlugins/TRACE] [REI] [REIClientPlugin START] Reloading Section: "reloadable-plugin/EntryRegistryImpl/DefaultClientPlugin of DefaultClientPlugin [roughlyenoughitems]/"
[10:41:34] [REI-ReloadPlugins/TRACE] [REI] Registered 2182 entries from plugin DefaultClientPlugin
[10:41:34] [REI-ReloadPlugins/TRACE] [REI] [REIClientPlugin START] Reloading Section: "reloadable-plugin/EntryRegistryImpl/DefaultClientPlugin of DefaultClientPlugin [roughlyenoughitems]/" done in 158.9 ms
[10:41:34] [REI-ReloadPlugins/TRACE] [REI] [REIClientPlugin START] Reloading Section: "reloadable-plugin/EntryRegistryImpl/HideIngredientsFromTagsPlugin of HideIngredientsFromTagsPlugin [roughlyenoughitems]/"
[10:41:34] [REI-ReloadPlugins/TRACE] [REI] Registered 0 entries from plugin HideIngredientsFromTagsPlugin
[10:41:34] [REI-ReloadPlugins/TRACE] [REI] [REIClientPlugin START] Reloading Section: "reloadable-plugin/EntryRegistryImpl/HideIngredientsFromTagsPlugin of HideIngredientsFromTagsPlugin [roughlyenoughitems]/" done in 81.23 μs
[10:41:34] [REI-ReloadPlugins/TRACE] [REI] [REIClientPlugin START] Reloading Section: "reloadable-plugin/EntryRegistryImpl/DefaultClientRuntimePlugin of DefaultClientRuntimePlugin [roughlyenoughitems]/"
[10:41:34] [REI-ReloadPlugins/TRACE] [REI] Registered 0 entries from plugin DefaultClientRuntimePlugin
[10:41:34] [REI-ReloadPlugins/TRACE] [REI] [REIClientPlugin START] Reloading Section: "reloadable-plugin/EntryRegistryImpl/DefaultClientRuntimePlugin of DefaultClientRuntimePlugin [roughlyenoughitems]/" done in 384.2 μs
[10:41:34] [REI-ReloadPlugins/TRACE] [REI] [REIClientPlugin START] Reloading Section: "reloadable-plugin/EntryRegistryImpl/StargazerREIClient of StargazerREIClient [stargazer]/"
[10:41:34] [REI-ReloadPlugins/TRACE] [REI] Registered 0 entries from plugin StargazerREIClient
[10:41:34] [REI-ReloadPlugins/TRACE] [REI] [REIClientPlugin START] Reloading Section: "reloadable-plugin/EntryRegistryImpl/StargazerREIClient of StargazerREIClient [stargazer]/" done in 79.80 μs
[10:41:34] [REI-ReloadPlugins/TRACE] [REI] [REIClientPlugin START] Reloading Section: "reloadable-plugin/EntryRegistryImpl/" done in 159.7 ms
[10:41:34] [REI-ReloadPlugins/TRACE] [REI] [REIClientPlugin START] Reloading Section: "reloadable-plugin/CollapsibleEntryRegistryImpl/"
[10:41:34] [REI-ReloadPlugins/TRACE] [REI] [REIClientPlugin START] Reloading Section: "reloadable-plugin/CollapsibleEntryRegistryImpl/DefaultClientPlugin of DefaultClientPlugin [roughlyenoughitems]/"
[10:41:34] [REI-ReloadPlugins/TRACE] [REI] [REIClientPlugin START] Reloading Section: "reloadable-plugin/CollapsibleEntryRegistryImpl/DefaultClientPlugin of DefaultClientPlugin [roughlyenoughitems]/" done in 27.29 μs
[10:41:34] [REI-ReloadPlugins/TRACE] [REI] [REIClientPlugin START] Reloading Section: "reloadable-plugin/CollapsibleEntryRegistryImpl/HideIngredientsFromTagsPlugin of HideIngredientsFromTagsPlugin [roughlyenoughitems]/"
[10:41:34] [REI-ReloadPlugins/TRACE] [REI] [REIClientPlugin START] Reloading Section: "reloadable-plugin/CollapsibleEntryRegistryImpl/HideIngredientsFromTagsPlugin of HideIngredientsFromTagsPlugin [roughlyenoughitems]/" done in 31.85 μs
[10:41:34] [REI-ReloadPlugins/TRACE] [REI] [REIClientPlugin START] Reloading Section: "reloadable-plugin/CollapsibleEntryRegistryImpl/DefaultClientRuntimePlugin of DefaultClientRuntimePlugin [roughlyenoughitems]/"
[10:41:34] [REI-ReloadPlugins/TRACE] [REI] [REIClientPlugin START] Reloading Section: "reloadable-plugin/CollapsibleEntryRegistryImpl/DefaultClientRuntimePlugin of DefaultClientRuntimePlugin [roughlyenoughitems]/" done in 23.51 μs
[10:41:34] [REI-ReloadPlugins/TRACE] [REI] [REIClientPlugin START] Reloading Section: "reloadable-plugin/CollapsibleEntryRegistryImpl/StargazerREIClient of StargazerREIClient [stargazer]/"
[10:41:34] [REI-ReloadPlugins/TRACE] [REI] [REIClientPlugin START] Reloading Section: "reloadable-plugin/CollapsibleEntryRegistryImpl/StargazerREIClient of StargazerREIClient [stargazer]/" done in 22.01 μs
[10:41:34] [REI-ReloadPlugins/TRACE] [REI] [REIClientPlugin START] Reloading Section: "reloadable-plugin/CollapsibleEntryRegistryImpl/" done in 284.4 μs
[10:41:34] [REI-ReloadPlugins/TRACE] [REI] [REIClientPlugin START] Reloading Section: "reloadable-plugin/BasicFilteringRuleImpl/"
[10:41:34] [REI-ReloadPlugins/TRACE] [REI] [REIClientPlugin START] Reloading Section: "reloadable-plugin/BasicFilteringRuleImpl/DefaultClientPlugin of DefaultClientPlugin [roughlyenoughitems]/"
[10:41:34] [REI-ReloadPlugins/TRACE] [REI] [REIClientPlugin START] Reloading Section: "reloadable-plugin/BasicFilteringRuleImpl/DefaultClientPlugin of DefaultClientPlugin [roughlyenoughitems]/" done in 33.89 μs
[10:41:34] [REI-ReloadPlugins/TRACE] [REI] [REIClientPlugin START] Reloading Section: "reloadable-plugin/BasicFilteringRuleImpl/HideIngredientsFromTagsPlugin of HideIngredientsFromTagsPlugin [roughlyenoughitems]/"
[10:41:34] [REI-ReloadPlugins/TRACE] [REI] [REIClientPlugin START] Reloading Section: "reloadable-plugin/BasicFilteringRuleImpl/HideIngredientsFromTagsPlugin of HideIngredientsFromTagsPlugin [roughlyenoughitems]/" done in 41.35 μs
[10:41:34] [REI-ReloadPlugins/TRACE] [REI] [REIClientPlugin START] Reloading Section: "reloadable-plugin/BasicFilteringRuleImpl/DefaultClientRuntimePlugin of DefaultClientRuntimePlugin [roughlyenoughitems]/"
[10:41:34] [REI-ReloadPlugins/TRACE] [REI] [REIClientPlugin START] Reloading Section: "reloadable-plugin/BasicFilteringRuleImpl/DefaultClientRuntimePlugin of DefaultClientRuntimePlugin [roughlyenoughitems]/" done in 22.15 μs
[10:41:34] [REI-ReloadPlugins/TRACE] [REI] [REIClientPlugin START] Reloading Section: "reloadable-plugin/BasicFilteringRuleImpl/StargazerREIClient of StargazerREIClient [stargazer]/"
[10:41:34] [REI-ReloadPlugins/TRACE] [REI] [REIClientPlugin START] Reloading Section: "reloadable-plugin/BasicFilteringRuleImpl/StargazerREIClient of StargazerREIClient [stargazer]/" done in 23.65 μs
[10:41:34] [REI-ReloadPlugins/TRACE] [REI] [REIClientPlugin START] Reloading Section: "reloadable-plugin/BasicFilteringRuleImpl/" done in 284.1 μs
[10:41:34] [REI-ReloadPlugins/TRACE] [REI] [REIClientPlugin START] Reloading Section: "reloadable-plugin/CategoryRegistryImpl/"
[10:41:34] [REI-ReloadPlugins/TRACE] [REI] [REIClientPlugin START] Reloading Section: "reloadable-plugin/CategoryRegistryImpl/DefaultClientPlugin of DefaultClientPlugin [roughlyenoughitems]/"
[10:41:34] [REI-ReloadPlugins/TRACE] [REI] [REIClientPlugin START] Reloading Section: "reloadable-plugin/CategoryRegistryImpl/DefaultClientPlugin of DefaultClientPlugin [roughlyenoughitems]/" done in 21.86 μs
[10:41:34] [REI-ReloadPlugins/TRACE] [REI] [REIClientPlugin START] Reloading Section: "reloadable-plugin/CategoryRegistryImpl/HideIngredientsFromTagsPlugin of HideIngredientsFromTagsPlugin [roughlyenoughitems]/"
[10:41:34] [REI-ReloadPlugins/TRACE] [REI] [REIClientPlugin START] Reloading Section: "reloadable-plugin/CategoryRegistryImpl/HideIngredientsFromTagsPlugin of HideIngredientsFromTagsPlugin [roughlyenoughitems]/" done in 19.00 μs
[10:41:34] [REI-ReloadPlugins/TRACE] [REI] [REIClientPlugin START] Reloading Section: "reloadable-plugin/CategoryRegistryImpl/DefaultClientRuntimePlugin of DefaultClientRuntimePlugin [roughlyenoughitems]/"
[10:41:34] [REI-ReloadPlugins/TRACE] [REI] [REIClientPlugin START] Reloading Section: "reloadable-plugin/CategoryRegistryImpl/DefaultClientRuntimePlugin of DefaultClientRuntimePlugin [roughlyenoughitems]/" done in 19.17 μs
[10:41:34] [REI-ReloadPlugins/TRACE] [REI] [REIClientPlugin START] Reloading Section: "reloadable-plugin/CategoryRegistryImpl/StargazerREIClient of StargazerREIClient [stargazer]/"
[10:41:34] [REI-ReloadPlugins/TRACE] [REI] [REIClientPlugin START] Reloading Section: "reloadable-plugin/CategoryRegistryImpl/StargazerREIClient of StargazerREIClient [stargazer]/" done in 20.72 μs
[10:41:34] [REI-ReloadPlugins/TRACE] [REI] [REIClientPlugin START] Reloading Section: "reloadable-plugin/CategoryRegistryImpl/" done in 211.2 μs
[10:41:34] [REI-ReloadPlugins/TRACE] [REI] [REIClientPlugin START] Reloading Section: "reloadable-plugin/DisplayRegistryImpl/"
[10:41:34] [REI-ReloadPlugins/TRACE] [REI] [REIClientPlugin START] Reloading Section: "reloadable-plugin/DisplayRegistryImpl/DefaultClientPlugin of DefaultClientPlugin [roughlyenoughitems]/"
[10:41:34] [REI-ReloadPlugins/TRACE] [REI] [REIClientPlugin START] Reloading Section: "reloadable-plugin/DisplayRegistryImpl/DefaultClientPlugin of DefaultClientPlugin [roughlyenoughitems]/" done in 19.09 μs
[10:41:34] [REI-ReloadPlugins/TRACE] [REI] [REIClientPlugin START] Reloading Section: "reloadable-plugin/DisplayRegistryImpl/HideIngredientsFromTagsPlugin of HideIngredientsFromTagsPlugin [roughlyenoughitems]/"
[10:41:34] [REI-ReloadPlugins/TRACE] [REI] [REIClientPlugin START] Reloading Section: "reloadable-plugin/DisplayRegistryImpl/HideIngredientsFromTagsPlugin of HideIngredientsFromTagsPlugin [roughlyenoughitems]/" done in 18.48 μs
[10:41:34] [REI-ReloadPlugins/TRACE] [REI] [REIClientPlugin START] Reloading Section: "reloadable-plugin/DisplayRegistryImpl/DefaultClientRuntimePlugin of DefaultClientRuntimePlugin [roughlyenoughitems]/"
[10:41:34] [REI-ReloadPlugins/TRACE] [REI] [REIClientPlugin START] Reloading Section: "reloadable-plugin/DisplayRegistryImpl/DefaultClientRuntimePlugin of DefaultClientRuntimePlugin [roughlyenoughitems]/" done in 21.82 μs
[10:41:34] [REI-ReloadPlugins/TRACE] [REI] [REIClientPlugin START] Reloading Section: "reloadable-plugin/DisplayRegistryImpl/StargazerREIClient of StargazerREIClient [stargazer]/"
[10:41:34] [REI-ReloadPlugins/TRACE] [REI] [REIClientPlugin START] Reloading Section: "reloadable-plugin/DisplayRegistryImpl/StargazerREIClient of StargazerREIClient [stargazer]/" done in 20.24 μs
[10:41:34] [REI-ReloadPlugins/TRACE] [REI] [REIClientPlugin START] Reloading Section: "reloadable-plugin/DisplayRegistryImpl/" done in 209.6 μs
[10:41:34] [REI-ReloadPlugins/TRACE] [REI] [REIClientPlugin START] Reloading Section: "reloadable-plugin/ScreenRegistryImpl/"
[10:41:34] [REI-ReloadPlugins/TRACE] [REI] [REIClientPlugin START] Reloading Section: "reloadable-plugin/ScreenRegistryImpl/DefaultClientPlugin of DefaultClientPlugin [roughlyenoughitems]/"
[10:41:34] [REI-ReloadPlugins/DEBUG] [REI] Added click area provider for net.minecraft.client.gui.screens.inventory.CraftingScreen: me.shedaniel.rei.api.client.registry.screen.SimpleClickArea$$Lambda/0x000000005baa68b8@7ee33341
[10:41:34] [REI-ReloadPlugins/DEBUG] [REI] Added click area provider for net.minecraft.client.gui.screens.inventory.InventoryScreen: me.shedaniel.rei.api.client.registry.screen.SimpleClickArea$$Lambda/0x000000005baa68b8@1bac4a86
[10:41:34] [REI-ReloadPlugins/DEBUG] [REI] Added click area provider for net.minecraft.client.gui.screens.inventory.BrewingStandScreen: me.shedaniel.rei.api.client.registry.screen.SimpleClickArea$$Lambda/0x000000005baa68b8@8c75661
[10:41:34] [REI-ReloadPlugins/DEBUG] [REI] Added click area provider for net.minecraft.client.gui.screens.inventory.FurnaceScreen: me.shedaniel.rei.api.client.registry.screen.SimpleClickArea$$Lambda/0x000000005baa68b8@6f591503
[10:41:34] [REI-ReloadPlugins/DEBUG] [REI] Added click area provider for net.minecraft.client.gui.screens.inventory.SmokerScreen: me.shedaniel.rei.api.client.registry.screen.SimpleClickArea$$Lambda/0x000000005baa68b8@14d18766
[10:41:34] [REI-ReloadPlugins/DEBUG] [REI] Added click area provider for net.minecraft.client.gui.screens.inventory.BlastFurnaceScreen: me.shedaniel.rei.api.client.registry.screen.SimpleClickArea$$Lambda/0x000000005baa68b8@6dd00700
[10:41:34] [REI-ReloadPlugins/DEBUG] [REI] Added exclusion zones provider: me.shedaniel.rei.plugin.client.exclusionzones.DefaultPotionEffectExclusionZones@69a58c19 for net.minecraft.client.gui.screens.inventory.InventoryScreen
[10:41:34] [REI-ReloadPlugins/DEBUG] [REI] Added exclusion zones provider: me.shedaniel.rei.plugin.client.exclusionzones.DefaultPotionEffectExclusionZones@1863fa8 for net.minecraft.client.gui.screens.inventory.CreativeModeInventoryScreen
[10:41:34] [REI-ReloadPlugins/DEBUG] [REI] Added exclusion zones provider: me.shedaniel.rei.plugin.client.exclusionzones.DefaultRecipeBookExclusionZones@15972472 for net.minecraft.client.gui.screens.recipebook.RecipeUpdateListener
[10:41:34] [REI-ReloadPlugins/TRACE] [REI] [REIClientPlugin START] Reloading Section: "reloadable-plugin/ScreenRegistryImpl/DefaultClientPlugin of DefaultClientPlugin [roughlyenoughitems]/" done in 7.414 ms
[10:41:34] [REI-ReloadPlugins/TRACE] [REI] [REIClientPlugin START] Reloading Section: "reloadable-plugin/ScreenRegistryImpl/HideIngredientsFromTagsPlugin of HideIngredientsFromTagsPlugin [roughlyenoughitems]/"
[10:41:34] [REI-ReloadPlugins/TRACE] [REI] [REIClientPlugin START] Reloading Section: "reloadable-plugin/ScreenRegistryImpl/HideIngredientsFromTagsPlugin of HideIngredientsFromTagsPlugin [roughlyenoughitems]/" done in 35.56 μs
[10:41:34] [REI-ReloadPlugins/TRACE] [REI] [REIClientPlugin START] Reloading Section: "reloadable-plugin/ScreenRegistryImpl/DefaultClientRuntimePlugin of DefaultClientRuntimePlugin [roughlyenoughitems]/"
[10:41:34] [REI-ReloadPlugins/DEBUG] [REI] Added exclusion zones provider: me.shedaniel.rei.plugin.client.runtime.DefaultClientRuntimePlugin$$Lambda/0x000000005baa5db8@4f13ead for me.shedaniel.rei.impl.client.gui.screen.DefaultDisplayViewingScreen
[10:41:34] [REI-ReloadPlugins/DEBUG] [REI] Added exclusion zones provider: me.shedaniel.rei.plugin.client.runtime.DefaultClientRuntimePlugin$$Lambda/0x000000005baa4800@698c4e0b for net.minecraft.client.gui.screens.Screen
[10:41:34] [REI-ReloadPlugins/DEBUG] [REI] Added draggable component provider: me.shedaniel.rei.api.client.gui.drag.component.DraggableComponentProviderWidget$1@236258df [0.00 priority]
[10:41:34] [REI-ReloadPlugins/DEBUG] [REI] Added draggable component visitor: me.shedaniel.rei.api.client.gui.drag.component.DraggableComponentVisitorWidget$2@5b0ace52 [0.00 priority]
[10:41:34] [REI-ReloadPlugins/TRACE] [REI] [REIClientPlugin START] Reloading Section: "reloadable-plugin/ScreenRegistryImpl/DefaultClientRuntimePlugin of DefaultClientRuntimePlugin [roughlyenoughitems]/" done in 632.9 μs
[10:41:34] [REI-ReloadPlugins/TRACE] [REI] [REIClientPlugin START] Reloading Section: "reloadable-plugin/ScreenRegistryImpl/StargazerREIClient of StargazerREIClient [stargazer]/"
[10:41:34] [REI-ReloadPlugins/DEBUG] [REI] Added click area provider for com.github.starcatcher21.stargazer.screens.handled.StarforgeHandled: me.shedaniel.rei.api.client.registry.screen.SimpleClickArea$$Lambda/0x000000005baa68b8@41d78cdb
[10:41:34] [REI-ReloadPlugins/DEBUG] [REI] Added click area provider for com.github.starcatcher21.stargazer.screens.handled.MoonWelderHandled: me.shedaniel.rei.api.client.registry.screen.SimpleClickArea$$Lambda/0x000000005baa68b8@639844d
[10:41:34] [REI-ReloadPlugins/DEBUG] [REI] Added click area provider for com.github.starcatcher21.stargazer.screens.handled.StarCrusherHandled: me.shedaniel.rei.api.client.registry.screen.SimpleClickArea$$Lambda/0x000000005baa68b8@2e5e198b
[10:41:34] [REI-ReloadPlugins/TRACE] [REI] [REIClientPlugin START] Reloading Section: "reloadable-plugin/ScreenRegistryImpl/StargazerREIClient of StargazerREIClient [stargazer]/" done in 3.144 ms
[10:41:34] [REI-ReloadPlugins/TRACE] [REI] [REIClientPlugin START] Reloading Section: "reloadable-plugin/ScreenRegistryImpl/" done in 11.46 ms
[10:41:34] [REI-ReloadPlugins/TRACE] [REI] [REIClientPlugin START] Reloading Section: "reloadable-plugin/FavoriteEntryTypeRegistryImpl/"
[10:41:34] [REI-ReloadPlugins/TRACE] [REI] [REIClientPlugin START] Reloading Section: "reloadable-plugin/FavoriteEntryTypeRegistryImpl/DefaultClientPlugin of DefaultClientPlugin [roughlyenoughitems]/"
[10:41:34] [REI-ReloadPlugins/DEBUG] [REI] Added favorite entry type [roughlyenoughitems:gamemode]: INSTANCE
[10:41:34] [REI-ReloadPlugins/DEBUG] [REI] Added favorite entry type [roughlyenoughitems:weather]: INSTANCE
[10:41:34] [REI-ReloadPlugins/DEBUG] [REI] Added favorite entry type [roughlyenoughitems:time]: INSTANCE
[10:41:34] [REI-ReloadPlugins/TRACE] [REI] [REIClientPlugin START] Reloading Section: "reloadable-plugin/FavoriteEntryTypeRegistryImpl/DefaultClientPlugin of DefaultClientPlugin [roughlyenoughitems]/" done in 5.843 ms
[10:41:34] [REI-ReloadPlugins/TRACE] [REI] [REIClientPlugin START] Reloading Section: "reloadable-plugin/FavoriteEntryTypeRegistryImpl/HideIngredientsFromTagsPlugin of HideIngredientsFromTagsPlugin [roughlyenoughitems]/"
[10:41:34] [REI-ReloadPlugins/TRACE] [REI] [REIClientPlugin START] Reloading Section: "reloadable-plugin/FavoriteEntryTypeRegistryImpl/HideIngredientsFromTagsPlugin of HideIngredientsFromTagsPlugin [roughlyenoughitems]/" done in 65.91 μs
[10:41:34] [REI-ReloadPlugins/TRACE] [REI] [REIClientPlugin START] Reloading Section: "reloadable-plugin/FavoriteEntryTypeRegistryImpl/DefaultClientRuntimePlugin of DefaultClientRuntimePlugin [roughlyenoughitems]/"
[10:41:34] [REI-ReloadPlugins/DEBUG] [REI] Added favorite entry type [roughlyenoughitems:entry_stack]: INSTANCE
[10:41:34] [REI-ReloadPlugins/DEBUG] [REI] Added favorite entry type [roughlyenoughitems:display]: INSTANCE
[10:41:34] [REI-ReloadPlugins/TRACE] [REI] [REIClientPlugin START] Reloading Section: "reloadable-plugin/FavoriteEntryTypeRegistryImpl/DefaultClientRuntimePlugin of DefaultClientRuntimePlugin [roughlyenoughitems]/" done in 1.487 ms
[10:41:34] [REI-ReloadPlugins/TRACE] [REI] [REIClientPlugin START] Reloading Section: "reloadable-plugin/FavoriteEntryTypeRegistryImpl/StargazerREIClient of StargazerREIClient [stargazer]/"
[10:41:34] [REI-ReloadPlugins/TRACE] [REI] [REIClientPlugin START] Reloading Section: "reloadable-plugin/FavoriteEntryTypeRegistryImpl/StargazerREIClient of StargazerREIClient [stargazer]/" done in 57.74 μs
[10:41:34] [REI-ReloadPlugins/TRACE] [REI] [REIClientPlugin START] Reloading Section: "reloadable-plugin/FavoriteEntryTypeRegistryImpl/" done in 7.907 ms
[10:41:34] [REI-ReloadPlugins/TRACE] [REI] [REIClientPlugin START] Reloading Section: "reloadable-plugin/SubsetsRegistryImpl/"
[10:41:34] [REI-ReloadPlugins/TRACE] [REI] [REIClientPlugin START] Reloading Section: "reloadable-plugin/SubsetsRegistryImpl/DefaultClientPlugin of DefaultClientPlugin [roughlyenoughitems]/"
[10:41:34] [REI-ReloadPlugins/TRACE] [REI] [REIClientPlugin START] Reloading Section: "reloadable-plugin/SubsetsRegistryImpl/DefaultClientPlugin of DefaultClientPlugin [roughlyenoughitems]/" done in 28.11 μs
[10:41:34] [REI-ReloadPlugins/TRACE] [REI] [REIClientPlugin START] Reloading Section: "reloadable-plugin/SubsetsRegistryImpl/HideIngredientsFromTagsPlugin of HideIngredientsFromTagsPlugin [roughlyenoughitems]/"
[10:41:34] [REI-ReloadPlugins/TRACE] [REI] [REIClientPlugin START] Reloading Section: "reloadable-plugin/SubsetsRegistryImpl/HideIngredientsFromTagsPlugin of HideIngredientsFromTagsPlugin [roughlyenoughitems]/" done in 23.39 μs
[10:41:34] [REI-ReloadPlugins/TRACE] [REI] [REIClientPlugin START] Reloading Section: "reloadable-plugin/SubsetsRegistryImpl/DefaultClientRuntimePlugin of DefaultClientRuntimePlugin [roughlyenoughitems]/"
[10:41:34] [REI-ReloadPlugins/TRACE] [REI] [REIClientPlugin START] Reloading Section: "reloadable-plugin/SubsetsRegistryImpl/DefaultClientRuntimePlugin of DefaultClientRuntimePlugin [roughlyenoughitems]/" done in 31.49 μs
[10:41:34] [REI-ReloadPlugins/TRACE] [REI] [REIClientPlugin START] Reloading Section: "reloadable-plugin/SubsetsRegistryImpl/StargazerREIClient of StargazerREIClient [stargazer]/"
[10:41:34] [REI-ReloadPlugins/TRACE] [REI] [REIClientPlugin START] Reloading Section: "reloadable-plugin/SubsetsRegistryImpl/StargazerREIClient of StargazerREIClient [stargazer]/" done in 20.47 μs
[10:41:34] [REI-ReloadPlugins/TRACE] [REI] [REIClientPlugin START] Reloading Section: "reloadable-plugin/SubsetsRegistryImpl/" done in 297.1 μs
[10:41:34] [REI-ReloadPlugins/TRACE] [REI] [REIClientPlugin START] Reloading Section: "reloadable-plugin/TransferHandlerRegistryImpl/"
[10:41:34] [REI-ReloadPlugins/TRACE] [REI] [REIClientPlugin START] Reloading Section: "reloadable-plugin/TransferHandlerRegistryImpl/DefaultClientPlugin of DefaultClientPlugin [roughlyenoughitems]/"
[10:41:34] [REI-ReloadPlugins/TRACE] [REI] [REIClientPlugin START] Reloading Section: "reloadable-plugin/TransferHandlerRegistryImpl/DefaultClientPlugin of DefaultClientPlugin [roughlyenoughitems]/" done in 25.52 μs
[10:41:34] [REI-ReloadPlugins/TRACE] [REI] [REIClientPlugin START] Reloading Section: "reloadable-plugin/TransferHandlerRegistryImpl/HideIngredientsFromTagsPlugin of HideIngredientsFromTagsPlugin [roughlyenoughitems]/"
[10:41:34] [REI-ReloadPlugins/TRACE] [REI] [REIClientPlugin START] Reloading Section: "reloadable-plugin/TransferHandlerRegistryImpl/HideIngredientsFromTagsPlugin of HideIngredientsFromTagsPlugin [roughlyenoughitems]/" done in 24.49 μs
[10:41:34] [REI-ReloadPlugins/TRACE] [REI] [REIClientPlugin START] Reloading Section: "reloadable-plugin/TransferHandlerRegistryImpl/DefaultClientRuntimePlugin of DefaultClientRuntimePlugin [roughlyenoughitems]/"
[10:41:34] [REI-ReloadPlugins/TRACE] [REI] [REIClientPlugin START] Reloading Section: "reloadable-plugin/TransferHandlerRegistryImpl/DefaultClientRuntimePlugin of DefaultClientRuntimePlugin [roughlyenoughitems]/" done in 24.24 μs
[10:41:34] [REI-ReloadPlugins/TRACE] [REI] [REIClientPlugin START] Reloading Section: "reloadable-plugin/TransferHandlerRegistryImpl/StargazerREIClient of StargazerREIClient [stargazer]/"
[10:41:34] [REI-ReloadPlugins/TRACE] [REI] [REIClientPlugin START] Reloading Section: "reloadable-plugin/TransferHandlerRegistryImpl/StargazerREIClient of StargazerREIClient [stargazer]/" done in 23.11 μs
[10:41:34] [REI-ReloadPlugins/TRACE] [REI] [REIClientPlugin START] Reloading Section: "reloadable-plugin/TransferHandlerRegistryImpl/" done in 294.6 μs
[10:41:34] [REI-ReloadPlugins/TRACE] [REI] [REIClientPlugin START] Reloading Section: "reloadable-plugin/SearchRuntime/"
[10:41:34] [REI-ReloadPlugins/TRACE] [REI] [REIClientPlugin START] Reloading Section: "reloadable-plugin/SearchRuntime/DefaultClientPlugin of DefaultClientPlugin [roughlyenoughitems]/"
[10:41:34] [REI-ReloadPlugins/TRACE] [REI] [REIClientPlugin START] Reloading Section: "reloadable-plugin/SearchRuntime/DefaultClientPlugin of DefaultClientPlugin [roughlyenoughitems]/" done in 29.21 μs
[10:41:34] [REI-ReloadPlugins/TRACE] [REI] [REIClientPlugin START] Reloading Section: "reloadable-plugin/SearchRuntime/HideIngredientsFromTagsPlugin of HideIngredientsFromTagsPlugin [roughlyenoughitems]/"
[10:41:34] [REI-ReloadPlugins/TRACE] [REI] [REIClientPlugin START] Reloading Section: "reloadable-plugin/SearchRuntime/HideIngredientsFromTagsPlugin of HideIngredientsFromTagsPlugin [roughlyenoughitems]/" done in 28.26 μs
[10:41:34] [REI-ReloadPlugins/TRACE] [REI] [REIClientPlugin START] Reloading Section: "reloadable-plugin/SearchRuntime/DefaultClientRuntimePlugin of DefaultClientRuntimePlugin [roughlyenoughitems]/"
[10:41:34] [REI-ReloadPlugins/TRACE] [REI] [REIClientPlugin START] Reloading Section: "reloadable-plugin/SearchRuntime/DefaultClientRuntimePlugin of DefaultClientRuntimePlugin [roughlyenoughitems]/" done in 26.45 μs
[10:41:34] [REI-ReloadPlugins/TRACE] [REI] [REIClientPlugin START] Reloading Section: "reloadable-plugin/SearchRuntime/StargazerREIClient of StargazerREIClient [stargazer]/"
[10:41:34] [REI-ReloadPlugins/TRACE] [REI] [REIClientPlugin START] Reloading Section: "reloadable-plugin/SearchRuntime/StargazerREIClient of StargazerREIClient [stargazer]/" done in 34.25 μs
[10:41:34] [REI-ReloadPlugins/TRACE] [REI] [REIClientPlugin START] Reloading Section: "reloadable-plugin/SearchRuntime/" done in 447.5 μs
[10:41:34] [REI-ReloadPlugins/TRACE] [REI] [REIClientPlugin START] Reloading Section: "reloadable-plugin/REIRuntimeImpl/"
[10:41:34] [REI-ReloadPlugins/TRACE] [REI] [REIClientPlugin START] Reloading Section: "reloadable-plugin/REIRuntimeImpl/DefaultClientPlugin of DefaultClientPlugin [roughlyenoughitems]/"
[10:41:34] [REI-ReloadPlugins/TRACE] [REI] [REIClientPlugin START] Reloading Section: "reloadable-plugin/REIRuntimeImpl/DefaultClientPlugin of DefaultClientPlugin [roughlyenoughitems]/" done in 29.07 μs
[10:41:34] [REI-ReloadPlugins/TRACE] [REI] [REIClientPlugin START] Reloading Section: "reloadable-plugin/REIRuntimeImpl/HideIngredientsFromTagsPlugin of HideIngredientsFromTagsPlugin [roughlyenoughitems]/"
[10:41:34] [REI-ReloadPlugins/TRACE] [REI] [REIClientPlugin START] Reloading Section: "reloadable-plugin/REIRuntimeImpl/HideIngredientsFromTagsPlugin of HideIngredientsFromTagsPlugin [roughlyenoughitems]/" done in 26.37 μs
[10:41:34] [REI-ReloadPlugins/TRACE] [REI] [REIClientPlugin START] Reloading Section: "reloadable-plugin/REIRuntimeImpl/DefaultClientRuntimePlugin of DefaultClientRuntimePlugin [roughlyenoughitems]/"
[10:41:34] [REI-ReloadPlugins/TRACE] [REI] [REIClientPlugin START] Reloading Section: "reloadable-plugin/REIRuntimeImpl/DefaultClientRuntimePlugin of DefaultClientRuntimePlugin [roughlyenoughitems]/" done in 17.27 μs
[10:41:34] [REI-ReloadPlugins/TRACE] [REI] [REIClientPlugin START] Reloading Section: "reloadable-plugin/REIRuntimeImpl/StargazerREIClient of StargazerREIClient [stargazer]/"
[10:41:34] [REI-ReloadPlugins/TRACE] [REI] [REIClientPlugin START] Reloading Section: "reloadable-plugin/REIRuntimeImpl/StargazerREIClient of StargazerREIClient [stargazer]/" done in 15.30 μs
[10:41:34] [REI-ReloadPlugins/TRACE] [REI] [REIClientPlugin START] Reloading Section: "reloadable-plugin/REIRuntimeImpl/" done in 253.9 μs
[10:41:34] [REI-ReloadPlugins/TRACE] [REI] [REIClientPlugin START] Reloading Section: "reloadable-plugin/ConfigAddonRegistryImpl/"
[10:41:34] [REI-ReloadPlugins/TRACE] [REI] [REIClientPlugin START] Reloading Section: "reloadable-plugin/ConfigAddonRegistryImpl/DefaultClientPlugin of DefaultClientPlugin [roughlyenoughitems]/"
[10:41:34] [REI-ReloadPlugins/TRACE] [REI] [REIClientPlugin START] Reloading Section: "reloadable-plugin/ConfigAddonRegistryImpl/DefaultClientPlugin of DefaultClientPlugin [roughlyenoughitems]/" done in 16.86 μs
[10:41:34] [REI-ReloadPlugins/TRACE] [REI] [REIClientPlugin START] Reloading Section: "reloadable-plugin/ConfigAddonRegistryImpl/HideIngredientsFromTagsPlugin of HideIngredientsFromTagsPlugin [roughlyenoughitems]/"
[10:41:34] [REI-ReloadPlugins/TRACE] [REI] [REIClientPlugin START] Reloading Section: "reloadable-plugin/ConfigAddonRegistryImpl/HideIngredientsFromTagsPlugin of HideIngredientsFromTagsPlugin [roughlyenoughitems]/" done in 15.33 μs
[10:41:34] [REI-ReloadPlugins/TRACE] [REI] [REIClientPlugin START] Reloading Section: "reloadable-plugin/ConfigAddonRegistryImpl/DefaultClientRuntimePlugin of DefaultClientRuntimePlugin [roughlyenoughitems]/"
[10:41:34] [REI-ReloadPlugins/TRACE] [REI] [REIClientPlugin START] Reloading Section: "reloadable-plugin/ConfigAddonRegistryImpl/DefaultClientRuntimePlugin of DefaultClientRuntimePlugin [roughlyenoughitems]/" done in 15.48 μs
[10:41:34] [REI-ReloadPlugins/TRACE] [REI] [REIClientPlugin START] Reloading Section: "reloadable-plugin/ConfigAddonRegistryImpl/StargazerREIClient of StargazerREIClient [stargazer]/"
[10:41:34] [REI-ReloadPlugins/TRACE] [REI] [REIClientPlugin START] Reloading Section: "reloadable-plugin/ConfigAddonRegistryImpl/StargazerREIClient of StargazerREIClient [stargazer]/" done in 18.45 μs
[10:41:34] [REI-ReloadPlugins/TRACE] [REI] [REIClientPlugin START] Reloading Section: "reloadable-plugin/ConfigAddonRegistryImpl/" done in 203.2 μs
[10:41:34] [REI-ReloadPlugins/TRACE] [REI] [REIClientPlugin START] Reloading Section: "reloadable-plugin/me.shedaniel.rei.plugin.client.runtime.PluginStageExecutionWatcher$1/"
[10:41:34] [REI-ReloadPlugins/TRACE] [REI] [REIClientPlugin START] Reloading Section: "reloadable-plugin/me.shedaniel.rei.plugin.client.runtime.PluginStageExecutionWatcher$1/DefaultClientPlugin of DefaultClientPlugin [roughlyenoughitems]/"
[10:41:34] [REI-ReloadPlugins/TRACE] [REI] [REIClientPlugin START] Reloading Section: "reloadable-plugin/me.shedaniel.rei.plugin.client.runtime.PluginStageExecutionWatcher$1/DefaultClientPlugin of DefaultClientPlugin [roughlyenoughitems]/" done in 25.93 μs
[10:41:34] [REI-ReloadPlugins/TRACE] [REI] [REIClientPlugin START] Reloading Section: "reloadable-plugin/me.shedaniel.rei.plugin.client.runtime.PluginStageExecutionWatcher$1/HideIngredientsFromTagsPlugin of HideIngredientsFromTagsPlugin [roughlyenoughitems]/"
[10:41:34] [REI-ReloadPlugins/TRACE] [REI] [REIClientPlugin START] Reloading Section: "reloadable-plugin/me.shedaniel.rei.plugin.client.runtime.PluginStageExecutionWatcher$1/HideIngredientsFromTagsPlugin of HideIngredientsFromTagsPlugin [roughlyenoughitems]/" done in 26.32 μs
[10:41:34] [REI-ReloadPlugins/TRACE] [REI] [REIClientPlugin START] Reloading Section: "reloadable-plugin/me.shedaniel.rei.plugin.client.runtime.PluginStageExecutionWatcher$1/DefaultClientRuntimePlugin of DefaultClientRuntimePlugin [roughlyenoughitems]/"
[10:41:34] [REI-ReloadPlugins/TRACE] [REI] [REIClientPlugin START] Reloading Section: "reloadable-plugin/me.shedaniel.rei.plugin.client.runtime.PluginStageExecutionWatcher$1/DefaultClientRuntimePlugin of DefaultClientRuntimePlugin [roughlyenoughitems]/" done in 26.62 μs
[10:41:34] [REI-ReloadPlugins/TRACE] [REI] [REIClientPlugin START] Reloading Section: "reloadable-plugin/me.shedaniel.rei.plugin.client.runtime.PluginStageExecutionWatcher$1/StargazerREIClient of StargazerREIClient [stargazer]/"
[10:41:34] [REI-ReloadPlugins/TRACE] [REI] [REIClientPlugin START] Reloading Section: "reloadable-plugin/me.shedaniel.rei.plugin.client.runtime.PluginStageExecutionWatcher$1/StargazerREIClient of StargazerREIClient [stargazer]/" done in 29.25 μs
[10:41:34] [REI-ReloadPlugins/TRACE] [REI] [REIClientPlugin START] Reloading Section: "reloadable-plugin/me.shedaniel.rei.plugin.client.runtime.PluginStageExecutionWatcher$1/" done in 303.7 μs
[10:41:34] [REI-ReloadPlugins/DEBUG] [REI] ========================================
[10:41:34] [REI-ReloadPlugins/DEBUG] [REI] REIClientPlugin ending main-reload for START.
[10:41:34] [REI-ReloadPlugins/DEBUG] [REI] ========================================
[10:41:34] [REI-ReloadPlugins/TRACE] [REI] [REIClientPlugin START] Reloading Section: "end-reload/"
[10:41:34] [REI-ReloadPlugins/TRACE] [REI] [REIClientPlugin START] Reloading Section: "end-reload/EntryRendererRegistryImpl/"
[10:41:34] [REI-ReloadPlugins/TRACE] [REI] [REIClientPlugin START] Reloading Section: "end-reload/EntryRendererRegistryImpl/" done in 21.05 μs
[10:41:34] [REI-ReloadPlugins/TRACE] [REI] [REIClientPlugin START] Reloading Section: "end-reload/ViewsImpl/"
[10:41:34] [REI-ReloadPlugins/TRACE] [REI] [REIClientPlugin START] Reloading Section: "end-reload/ViewsImpl/" done in 15.11 μs
[10:41:34] [REI-ReloadPlugins/TRACE] [REI] [REIClientPlugin START] Reloading Section: "end-reload/InputMethodRegistryImpl/"
[10:41:34] [REI-ReloadPlugins/TRACE] [REI] [REIClientPlugin START] Reloading Section: "end-reload/InputMethodRegistryImpl/" done in 14.04 μs
[10:41:34] [REI-ReloadPlugins/TRACE] [REI] [REIClientPlugin START] Reloading Section: "end-reload/SearchProviderImpl/"
[10:41:34] [REI-ReloadPlugins/TRACE] [REI] [REIClientPlugin START] Reloading Section: "end-reload/SearchProviderImpl/" done in 13.46 μs
[10:41:34] [REI-ReloadPlugins/TRACE] [REI] [REIClientPlugin START] Reloading Section: "end-reload/ConfigManagerImpl/"
[10:41:34] [REI-ReloadPlugins/TRACE] [REI] [REIClientPlugin START] Reloading Section: "end-reload/ConfigManagerImpl/" done in 22.27 μs
[10:41:34] [REI-ReloadPlugins/TRACE] [REI] [REIClientPlugin START] Reloading Section: "end-reload/EntryRegistryImpl/"
[10:41:34] [REI-ReloadPlugins/DEBUG] [REI] Config saved
[10:41:34] [REI-ReloadPlugins/DEBUG] [REI] Refiltered rule [INSTANCE] in 7.967 ms.
[10:41:34] [REI-ReloadPlugins/DEBUG] [REI] Refiltered rule [INSTANCE] in 2.474 ms.
[10:41:34] [REI-ReloadPlugins/DEBUG] [REI] Refiltered rule [INSTANCE] in 5.043 ms.
[10:41:34] [REI-ReloadPlugins/DEBUG] [REI] Refiltered 2182 entries with 3 rules in 48.71 ms.
[10:41:34] [REI-ReloadPlugins/DEBUG] [REI] Computed existing filtered displays with 3 rules in 1.983 ms
[10:41:34] [REI-ReloadPlugins/DEBUG] [REI] Reloaded entry registry with 2182 entries and 2181 filtered entries
[10:41:34] [REI-ReloadPlugins/TRACE] [REI] [REIClientPlugin START] Reloading Section: "end-reload/EntryRegistryImpl/" done in 55.44 ms
[10:41:34] [REI-ReloadPlugins/TRACE] [REI] [REIClientPlugin START] Reloading Section: "end-reload/CollapsibleEntryRegistryImpl/"
[10:41:34] [REI-ReloadPlugins/TRACE] [REI] [REIClientPlugin START] Reloading Section: "end-reload/CollapsibleEntryRegistryImpl/" done in 39.99 μs
[10:41:34] [REI-ReloadPlugins/TRACE] [REI] [REIClientPlugin START] Reloading Section: "end-reload/BasicFilteringRuleImpl/"
[10:41:34] [REI-ReloadPlugins/TRACE] [REI] [REIClientPlugin START] Reloading Section: "end-reload/BasicFilteringRuleImpl/" done in 25.24 μs
[10:41:34] [REI-ReloadPlugins/TRACE] [REI] [REIClientPlugin START] Reloading Section: "end-reload/CategoryRegistryImpl/"
[10:41:34] [REI-ReloadPlugins/TRACE] [REI] [REIClientPlugin START] Reloading Section: "end-reload/CategoryRegistryImpl/" done in 17.52 μs
[10:41:34] [REI-ReloadPlugins/TRACE] [REI] [REIClientPlugin START] Reloading Section: "end-reload/DisplayRegistryImpl/"
[10:41:34] [REI-ReloadPlugins/TRACE] [REI] [REIClientPlugin START] Reloading Section: "end-reload/DisplayRegistryImpl/" done in 16.48 μs
[10:41:34] [REI-ReloadPlugins/TRACE] [REI] [REIClientPlugin START] Reloading Section: "end-reload/ScreenRegistryImpl/"
[10:41:34] [REI-ReloadPlugins/DEBUG] [REI] Registered 4 overlay deciders and 5 exclusion zones
[10:41:34] [REI-ReloadPlugins/TRACE] [REI] [REIClientPlugin START] Reloading Section: "end-reload/ScreenRegistryImpl/" done in 115.9 μs
[10:41:34] [REI-ReloadPlugins/TRACE] [REI] [REIClientPlugin START] Reloading Section: "end-reload/FavoriteEntryTypeRegistryImpl/"
[10:41:34] [REI-ReloadPlugins/DEBUG] [REI] Config saved
[10:41:34] [REI-ReloadPlugins/DEBUG] [REI] Registered 5 favorite entry types
[10:41:34] [REI-ReloadPlugins/TRACE] [REI] [REIClientPlugin START] Reloading Section: "end-reload/FavoriteEntryTypeRegistryImpl/" done in 1.812 ms
[10:41:34] [REI-ReloadPlugins/TRACE] [REI] [REIClientPlugin START] Reloading Section: "end-reload/SubsetsRegistryImpl/"
[10:41:34] [REI-ReloadPlugins/TRACE] [REI] [REIClientPlugin START] Reloading Section: "end-reload/SubsetsRegistryImpl/" done in 25.81 μs
[10:41:34] [REI-ReloadPlugins/TRACE] [REI] [REIClientPlugin START] Reloading Section: "end-reload/TransferHandlerRegistryImpl/"
[10:41:34] [REI-ReloadPlugins/TRACE] [REI] [REIClientPlugin START] Reloading Section: "end-reload/TransferHandlerRegistryImpl/" done in 20.11 μs
[10:41:34] [REI-ReloadPlugins/TRACE] [REI] [REIClientPlugin START] Reloading Section: "end-reload/SearchRuntime/"
[10:41:34] [REI-ReloadPlugins/TRACE] [REI] Preparing 15274 stacks for search arguments
[10:41:34] [REI-ReloadPlugins/TRACE] [REI] Prepared 15274 / 15274 stacks for search arguments in 100ms
[10:41:34] [REI-ReloadPlugins/DEBUG] [REI] Preparing collapsed entry groups cache with 0 entries and 2182 stacks
[10:41:34] [REI-ReloadPlugins/DEBUG] [REI] Prepared collapsed entry groups cache with 0 entries and 2182 stacks
[10:41:34] [REI-ReloadPlugins/TRACE] [REI] [REIClientPlugin START] Reloading Section: "end-reload/SearchRuntime/" done in 106.4 ms
[10:41:34] [REI-ReloadPlugins/TRACE] [REI] [REIClientPlugin START] Reloading Section: "end-reload/REIRuntimeImpl/"
[10:41:34] [REI-ReloadPlugins/TRACE] [REI] [REIClientPlugin START] Reloading Section: "end-reload/REIRuntimeImpl/" done in 383.3 μs
[10:41:34] [REI-ReloadPlugins/TRACE] [REI] [REIClientPlugin START] Reloading Section: "end-reload/ConfigAddonRegistryImpl/"
[10:41:34] [REI-ReloadPlugins/TRACE] [REI] [REIClientPlugin START] Reloading Section: "end-reload/ConfigAddonRegistryImpl/" done in 24.83 μs
[10:41:34] [REI-ReloadPlugins/TRACE] [REI] [REIClientPlugin START] Reloading Section: "end-reload/me.shedaniel.rei.plugin.client.runtime.PluginStageExecutionWatcher$1/"
[10:41:34] [REI-ReloadPlugins/TRACE] [REI] [REIClientPlugin START] Reloading Section: "end-reload/me.shedaniel.rei.plugin.client.runtime.PluginStageExecutionWatcher$1/" done in 62.92 μs
[10:41:34] [REI-ReloadPlugins/TRACE] [REI] [REIClientPlugin START] Reloading Section: "end-reload/" done in 165.5 ms
[10:41:34] [REI-ReloadPlugins/DEBUG] [REI] ========================================
[10:41:34] [REI-ReloadPlugins/DEBUG] [REI] REIClientPlugin ended main-reload for START in 357.7 ms.
[10:41:34] [REI-ReloadPlugins/DEBUG] [REI] ========================================
[10:41:34] [REI-ReloadPlugins/DEBUG] [REI] ========================================
[10:41:34] [REI-ReloadPlugins/DEBUG] [REI] REICommonPlugin starting post-reload for START.
[10:41:34] [REI-ReloadPlugins/DEBUG] [REI] Reloadables (9):
[10:41:34] [REI-ReloadPlugins/DEBUG] [REI]  - SlotAccessorRegistryImpl
[10:41:34] [REI-ReloadPlugins/DEBUG] [REI]  - EntryTypeRegistryImpl
[10:41:34] [REI-ReloadPlugins/DEBUG] [REI]  - EntrySettingsAdapterRegistryImpl
[10:41:34] [REI-ReloadPlugins/DEBUG] [REI]  - ItemComparatorRegistryImpl
[10:41:34] [REI-ReloadPlugins/DEBUG] [REI]  - FluidComparatorRegistryImpl
[10:41:34] [REI-ReloadPlugins/DEBUG] [REI]  - DisplaySerializerRegistryImpl
[10:41:34] [REI-ReloadPlugins/DEBUG] [REI]  - ServerDisplayRegistryImpl
[10:41:34] [REI-ReloadPlugins/DEBUG] [REI]  - FluidSupportProviderImpl
[10:41:34] [REI-ReloadPlugins/DEBUG] [REI]  - me.shedaniel.rei.plugin.client.runtime.PluginStageExecutionWatcher$1
[10:41:34] [REI-ReloadPlugins/DEBUG] [REI] Plugins (4):
[10:41:34] [REI-ReloadPlugins/DEBUG] [REI]  - (-100.00) DefaultPlugin of DefaultPlugin [roughlyenoughitems]
[10:41:34] [REI-ReloadPlugins/DEBUG] [REI]  - (0.00) FabricFluidAPISupportPlugin
[10:41:34] [REI-ReloadPlugins/DEBUG] [REI]  - (0.00) DefaultRuntimePlugin of DefaultRuntimePlugin [roughlyenoughitems]
[10:41:34] [REI-ReloadPlugins/DEBUG] [REI]  - (0.00) StargazerREICommon of StargazerREICommon [stargazer]
[10:41:34] [REI-ReloadPlugins/DEBUG] [REI] ========================================
[10:41:34] [REI-ReloadPlugins/TRACE] [REI] [REICommonPlugin START] Reloading Section: "post-register/"
[10:41:34] [REI-ReloadPlugins/TRACE] [REI] [REICommonPlugin START] Reloading Section: "post-register/DefaultPlugin of DefaultPlugin [roughlyenoughitems]/"
[10:41:34] [REI-ReloadPlugins/TRACE] [REI] [REICommonPlugin START] Reloading Section: "post-register/DefaultPlugin of DefaultPlugin [roughlyenoughitems]/" done in 183.6 μs
[10:41:34] [REI-ReloadPlugins/TRACE] [REI] [REICommonPlugin START] Reloading Section: "post-register/FabricFluidAPISupportPlugin/"
[10:41:34] [REI-ReloadPlugins/TRACE] [REI] [REICommonPlugin START] Reloading Section: "post-register/FabricFluidAPISupportPlugin/" done in 29.32 μs
[10:41:34] [REI-ReloadPlugins/TRACE] [REI] [REICommonPlugin START] Reloading Section: "post-register/DefaultRuntimePlugin of DefaultRuntimePlugin [roughlyenoughitems]/"
[10:41:34] [REI-ReloadPlugins/TRACE] [REI] [REICommonPlugin START] Reloading Section: "post-register/DefaultRuntimePlugin of DefaultRuntimePlugin [roughlyenoughitems]/" done in 20.39 μs
[10:41:34] [REI-ReloadPlugins/TRACE] [REI] [REICommonPlugin START] Reloading Section: "post-register/StargazerREICommon of StargazerREICommon [stargazer]/"
[10:41:34] [REI-ReloadPlugins/TRACE] [REI] [REICommonPlugin START] Reloading Section: "post-register/StargazerREICommon of StargazerREICommon [stargazer]/" done in 22.26 μs
[10:41:34] [REI-ReloadPlugins/TRACE] [REI] [REICommonPlugin START] Reloading Section: "post-register/" done in 1.106 ms
[10:41:34] [REI-ReloadPlugins/TRACE] [REI] [REICommonPlugin START] Reloading Section: "post-stage/"
[10:41:34] [REI-ReloadPlugins/TRACE] [REI] [REICommonPlugin START] Reloading Section: "post-stage/SlotAccessorRegistryImpl/"
[10:41:34] [REI-ReloadPlugins/TRACE] [REI] [REICommonPlugin START] Reloading Section: "post-stage/SlotAccessorRegistryImpl/" done in 29.12 μs
[10:41:34] [REI-ReloadPlugins/TRACE] [REI] [REICommonPlugin START] Reloading Section: "post-stage/EntryTypeRegistryImpl/"
[10:41:34] [REI-ReloadPlugins/TRACE] [REI] [REICommonPlugin START] Reloading Section: "post-stage/EntryTypeRegistryImpl/" done in 17.84 μs
[10:41:34] [REI-ReloadPlugins/TRACE] [REI] [REICommonPlugin START] Reloading Section: "post-stage/EntrySettingsAdapterRegistryImpl/"
[10:41:34] [REI-ReloadPlugins/TRACE] [REI] [REICommonPlugin START] Reloading Section: "post-stage/EntrySettingsAdapterRegistryImpl/" done in 17.29 μs
[10:41:34] [REI-ReloadPlugins/TRACE] [REI] [REICommonPlugin START] Reloading Section: "post-stage/ItemComparatorRegistryImpl/"
[10:41:34] [REI-ReloadPlugins/TRACE] [REI] [REICommonPlugin START] Reloading Section: "post-stage/ItemComparatorRegistryImpl/" done in 22.16 μs
[10:41:34] [REI-ReloadPlugins/TRACE] [REI] [REICommonPlugin START] Reloading Section: "post-stage/FluidComparatorRegistryImpl/"
[10:41:34] [REI-ReloadPlugins/TRACE] [REI] [REICommonPlugin START] Reloading Section: "post-stage/FluidComparatorRegistryImpl/" done in 18.71 μs
[10:41:34] [REI-ReloadPlugins/TRACE] [REI] [REICommonPlugin START] Reloading Section: "post-stage/DisplaySerializerRegistryImpl/"
[10:41:34] [REI-ReloadPlugins/TRACE] [REI] [REICommonPlugin START] Reloading Section: "post-stage/DisplaySerializerRegistryImpl/" done in 17.05 μs
[10:41:34] [REI-ReloadPlugins/TRACE] [REI] [REICommonPlugin START] Reloading Section: "post-stage/ServerDisplayRegistryImpl/"
[10:41:34] [REI-ReloadPlugins/TRACE] [REI] [REICommonPlugin START] Reloading Section: "post-stage/ServerDisplayRegistryImpl/" done in 19.06 μs
[10:41:34] [REI-ReloadPlugins/TRACE] [REI] [REICommonPlugin START] Reloading Section: "post-stage/FluidSupportProviderImpl/"
[10:41:34] [REI-ReloadPlugins/TRACE] [REI] [REICommonPlugin START] Reloading Section: "post-stage/FluidSupportProviderImpl/" done in 13.88 μs
[10:41:34] [REI-ReloadPlugins/TRACE] [REI] [REICommonPlugin START] Reloading Section: "post-stage/me.shedaniel.rei.plugin.client.runtime.PluginStageExecutionWatcher$1/"
[10:41:34] [REI-ReloadPlugins/TRACE] [REI] [REICommonPlugin START] Reloading Section: "post-stage/me.shedaniel.rei.plugin.client.runtime.PluginStageExecutionWatcher$1/" done in 28.89 μs
[10:41:34] [REI-ReloadPlugins/TRACE] [REI] [REICommonPlugin START] Reloading Section: "post-stage/" done in 1.202 ms
[10:41:34] [REI-ReloadPlugins/DEBUG] [REI] ========================================
[10:41:34] [REI-ReloadPlugins/INFO] [REI] REICommonPlugin finished post-reload for START in 2.510 ms, totaling 66.10 ms.
[10:41:34] [REI-ReloadPlugins/DEBUG] [REI] ========================================
[10:41:34] [REI-ReloadPlugins/DEBUG] [REI] ========================================
[10:41:34] [REI-ReloadPlugins/DEBUG] [REI] REIClientPlugin starting post-reload for START.
[10:41:34] [REI-ReloadPlugins/DEBUG] [REI] Reloadables (18):
[10:41:34] [REI-ReloadPlugins/DEBUG] [REI]  - EntryRendererRegistryImpl
[10:41:34] [REI-ReloadPlugins/DEBUG] [REI]  - ViewsImpl
[10:41:34] [REI-ReloadPlugins/DEBUG] [REI]  - InputMethodRegistryImpl
[10:41:34] [REI-ReloadPlugins/DEBUG] [REI]  - SearchProviderImpl
[10:41:34] [REI-ReloadPlugins/DEBUG] [REI]  - ConfigManagerImpl
[10:41:34] [REI-ReloadPlugins/DEBUG] [REI]  - EntryRegistryImpl
[10:41:34] [REI-ReloadPlugins/DEBUG] [REI]  - CollapsibleEntryRegistryImpl
[10:41:34] [REI-ReloadPlugins/DEBUG] [REI]  - BasicFilteringRuleImpl
[10:41:34] [REI-ReloadPlugins/DEBUG] [REI]  - CategoryRegistryImpl
[10:41:34] [REI-ReloadPlugins/DEBUG] [REI]  - DisplayRegistryImpl
[10:41:34] [REI-ReloadPlugins/DEBUG] [REI]  - ScreenRegistryImpl
[10:41:34] [REI-ReloadPlugins/DEBUG] [REI]  - FavoriteEntryTypeRegistryImpl
[10:41:34] [REI-ReloadPlugins/DEBUG] [REI]  - SubsetsRegistryImpl
[10:41:34] [REI-ReloadPlugins/DEBUG] [REI]  - TransferHandlerRegistryImpl
[10:41:34] [REI-ReloadPlugins/DEBUG] [REI]  - SearchRuntime
[10:41:34] [REI-ReloadPlugins/DEBUG] [REI]  - REIRuntimeImpl
[10:41:34] [REI-ReloadPlugins/DEBUG] [REI]  - ConfigAddonRegistryImpl
[10:41:34] [REI-ReloadPlugins/DEBUG] [REI]  - me.shedaniel.rei.plugin.client.runtime.PluginStageExecutionWatcher$1
[10:41:34] [REI-ReloadPlugins/DEBUG] [REI] Plugins (4):
[10:41:34] [REI-ReloadPlugins/DEBUG] [REI]  - (-100.00) DefaultClientPlugin of DefaultClientPlugin [roughlyenoughitems]
[10:41:34] [REI-ReloadPlugins/DEBUG] [REI]  - (0.00) HideIngredientsFromTagsPlugin of HideIngredientsFromTagsPlugin [roughlyenoughitems]
[10:41:34] [REI-ReloadPlugins/DEBUG] [REI]  - (0.00) DefaultClientRuntimePlugin of DefaultClientRuntimePlugin [roughlyenoughitems]
[10:41:34] [REI-ReloadPlugins/DEBUG] [REI]  - (0.00) StargazerREIClient of StargazerREIClient [stargazer]
[10:41:34] [REI-ReloadPlugins/DEBUG] [REI] ========================================
[10:41:34] [REI-ReloadPlugins/TRACE] [REI] [REIClientPlugin START] Reloading Section: "post-register/"
[10:41:34] [REI-ReloadPlugins/TRACE] [REI] [REIClientPlugin START] Reloading Section: "post-register/DefaultClientPlugin of DefaultClientPlugin [roughlyenoughitems]/"
[10:41:34] [REI-ReloadPlugins/TRACE] [REI] [REIClientPlugin START] Reloading Section: "post-register/DefaultClientPlugin of DefaultClientPlugin [roughlyenoughitems]/" done in 41.68 μs
[10:41:34] [REI-ReloadPlugins/TRACE] [REI] [REIClientPlugin START] Reloading Section: "post-register/HideIngredientsFromTagsPlugin of HideIngredientsFromTagsPlugin [roughlyenoughitems]/"
[10:41:34] [REI-ReloadPlugins/TRACE] [REI] [REIClientPlugin START] Reloading Section: "post-register/HideIngredientsFromTagsPlugin of HideIngredientsFromTagsPlugin [roughlyenoughitems]/" done in 19.62 μs
[10:41:34] [REI-ReloadPlugins/TRACE] [REI] [REIClientPlugin START] Reloading Section: "post-register/DefaultClientRuntimePlugin of DefaultClientRuntimePlugin [roughlyenoughitems]/"
[10:41:34] [REI-ReloadPlugins/TRACE] [REI] [REIClientPlugin START] Reloading Section: "post-register/DefaultClientRuntimePlugin of DefaultClientRuntimePlugin [roughlyenoughitems]/" done in 16.09 μs
[10:41:34] [REI-ReloadPlugins/TRACE] [REI] [REIClientPlugin START] Reloading Section: "post-register/StargazerREIClient of StargazerREIClient [stargazer]/"
[10:41:34] [REI-ReloadPlugins/TRACE] [REI] [REIClientPlugin START] Reloading Section: "post-register/StargazerREIClient of StargazerREIClient [stargazer]/" done in 17.03 μs
[10:41:34] [REI-ReloadPlugins/TRACE] [REI] [REIClientPlugin START] Reloading Section: "post-register/" done in 288.5 μs
[10:41:34] [REI-ReloadPlugins/TRACE] [REI] [REIClientPlugin START] Reloading Section: "post-stage/"
[10:41:34] [REI-ReloadPlugins/TRACE] [REI] [REIClientPlugin START] Reloading Section: "post-stage/EntryRendererRegistryImpl/"
[10:41:34] [REI-ReloadPlugins/TRACE] [REI] [REIClientPlugin START] Reloading Section: "post-stage/EntryRendererRegistryImpl/" done in 17.37 μs
[10:41:34] [REI-ReloadPlugins/TRACE] [REI] [REIClientPlugin START] Reloading Section: "post-stage/ViewsImpl/"
[10:41:34] [REI-ReloadPlugins/TRACE] [REI] [REIClientPlugin START] Reloading Section: "post-stage/ViewsImpl/" done in 28.06 μs
[10:41:34] [REI-ReloadPlugins/TRACE] [REI] [REIClientPlugin START] Reloading Section: "post-stage/InputMethodRegistryImpl/"
[10:41:34] [REI-ReloadPlugins/TRACE] [REI] [REIClientPlugin START] Reloading Section: "post-stage/InputMethodRegistryImpl/" done in 23.95 μs
[10:41:34] [REI-ReloadPlugins/TRACE] [REI] [REIClientPlugin START] Reloading Section: "post-stage/SearchProviderImpl/"
[10:41:34] [REI-ReloadPlugins/TRACE] [REI] [REIClientPlugin START] Reloading Section: "post-stage/SearchProviderImpl/" done in 18.57 μs
[10:41:34] [REI-ReloadPlugins/TRACE] [REI] [REIClientPlugin START] Reloading Section: "post-stage/ConfigManagerImpl/"
[10:41:34] [REI-ReloadPlugins/TRACE] [REI] [REIClientPlugin START] Reloading Section: "post-stage/ConfigManagerImpl/" done in 19.51 μs
[10:41:34] [REI-ReloadPlugins/TRACE] [REI] [REIClientPlugin START] Reloading Section: "post-stage/EntryRegistryImpl/"
[10:41:34] [REI-ReloadPlugins/TRACE] [REI] [REIClientPlugin START] Reloading Section: "post-stage/EntryRegistryImpl/" done in 14.13 μs
[10:41:34] [REI-ReloadPlugins/TRACE] [REI] [REIClientPlugin START] Reloading Section: "post-stage/CollapsibleEntryRegistryImpl/"
[10:41:34] [REI-ReloadPlugins/TRACE] [REI] [REIClientPlugin START] Reloading Section: "post-stage/CollapsibleEntryRegistryImpl/" done in 13.76 μs
[10:41:34] [REI-ReloadPlugins/TRACE] [REI] [REIClientPlugin START] Reloading Section: "post-stage/BasicFilteringRuleImpl/"
[10:41:34] [REI-ReloadPlugins/TRACE] [REI] [REIClientPlugin START] Reloading Section: "post-stage/BasicFilteringRuleImpl/" done in 11.75 μs
[10:41:34] [REI-ReloadPlugins/TRACE] [REI] [REIClientPlugin START] Reloading Section: "post-stage/CategoryRegistryImpl/"
[10:41:34] [REI-ReloadPlugins/TRACE] [REI] [REIClientPlugin START] Reloading Section: "post-stage/CategoryRegistryImpl/" done in 16.14 μs
[10:41:34] [REI-ReloadPlugins/TRACE] [REI] [REIClientPlugin START] Reloading Section: "post-stage/DisplayRegistryImpl/"
[10:41:34] [REI-ReloadPlugins/TRACE] [REI] [REIClientPlugin START] Reloading Section: "post-stage/DisplayRegistryImpl/" done in 19.03 μs
[10:41:34] [REI-ReloadPlugins/TRACE] [REI] [REIClientPlugin START] Reloading Section: "post-stage/ScreenRegistryImpl/"
[10:41:34] [REI-ReloadPlugins/TRACE] [REI] [REIClientPlugin START] Reloading Section: "post-stage/ScreenRegistryImpl/" done in 18.18 μs
[10:41:34] [REI-ReloadPlugins/TRACE] [REI] [REIClientPlugin START] Reloading Section: "post-stage/FavoriteEntryTypeRegistryImpl/"
[10:41:34] [REI-ReloadPlugins/TRACE] [REI] [REIClientPlugin START] Reloading Section: "post-stage/FavoriteEntryTypeRegistryImpl/" done in 17.55 μs
[10:41:34] [REI-ReloadPlugins/TRACE] [REI] [REIClientPlugin START] Reloading Section: "post-stage/SubsetsRegistryImpl/"
[10:41:34] [REI-ReloadPlugins/TRACE] [REI] [REIClientPlugin START] Reloading Section: "post-stage/SubsetsRegistryImpl/" done in 14.03 μs
[10:41:34] [REI-ReloadPlugins/TRACE] [REI] [REIClientPlugin START] Reloading Section: "post-stage/TransferHandlerRegistryImpl/"
[10:41:34] [REI-ReloadPlugins/TRACE] [REI] [REIClientPlugin START] Reloading Section: "post-stage/TransferHandlerRegistryImpl/" done in 13.33 μs
[10:41:34] [REI-ReloadPlugins/TRACE] [REI] [REIClientPlugin START] Reloading Section: "post-stage/SearchRuntime/"
[10:41:34] [REI-ReloadPlugins/TRACE] [REI] [REIClientPlugin START] Reloading Section: "post-stage/SearchRuntime/" done in 17.51 μs
[10:41:34] [REI-ReloadPlugins/TRACE] [REI] [REIClientPlugin START] Reloading Section: "post-stage/REIRuntimeImpl/"
[10:41:34] [REI-ReloadPlugins/TRACE] [REI] [REIClientPlugin START] Reloading Section: "post-stage/REIRuntimeImpl/" done in 12.56 μs
[10:41:34] [REI-ReloadPlugins/TRACE] [REI] [REIClientPlugin START] Reloading Section: "post-stage/ConfigAddonRegistryImpl/"
[10:41:34] [REI-ReloadPlugins/TRACE] [REI] [REIClientPlugin START] Reloading Section: "post-stage/ConfigAddonRegistryImpl/" done in 12.82 μs
[10:41:34] [REI-ReloadPlugins/TRACE] [REI] [REIClientPlugin START] Reloading Section: "post-stage/me.shedaniel.rei.plugin.client.runtime.PluginStageExecutionWatcher$1/"
[10:41:34] [REI-ReloadPlugins/TRACE] [REI] [REIClientPlugin START] Reloading Section: "post-stage/me.shedaniel.rei.plugin.client.runtime.PluginStageExecutionWatcher$1/" done in 15.71 μs
[10:41:34] [REI-ReloadPlugins/TRACE] [REI] [REIClientPlugin START] Reloading Section: "post-stage/" done in 786.1 μs
[10:41:34] [REI-ReloadPlugins/DEBUG] [REI] ========================================
[10:41:34] [REI-ReloadPlugins/INFO] [REI] REIClientPlugin finished post-reload for START in 1.115 ms, totaling 360.3 ms.
[10:41:34] [REI-ReloadPlugins/DEBUG] [REI] ========================================
[10:41:34] [REI-ReloadPlugins/DEBUG] [REI] ========================================
[10:41:34] [REI-ReloadPlugins/DEBUG] [REI] REICommonPlugin starting pre-reload for END.
[10:41:34] [REI-ReloadPlugins/DEBUG] [REI] Reloadables (9):
[10:41:34] [REI-ReloadPlugins/DEBUG] [REI]  - SlotAccessorRegistryImpl
[10:41:34] [REI-ReloadPlugins/DEBUG] [REI]  - EntryTypeRegistryImpl
[10:41:34] [REI-ReloadPlugins/DEBUG] [REI]  - EntrySettingsAdapterRegistryImpl
[10:41:34] [REI-ReloadPlugins/DEBUG] [REI]  - ItemComparatorRegistryImpl
[10:41:34] [REI-ReloadPlugins/DEBUG] [REI]  - FluidComparatorRegistryImpl
[10:41:34] [REI-ReloadPlugins/DEBUG] [REI]  - DisplaySerializerRegistryImpl
[10:41:34] [REI-ReloadPlugins/DEBUG] [REI]  - ServerDisplayRegistryImpl
[10:41:34] [REI-ReloadPlugins/DEBUG] [REI]  - FluidSupportProviderImpl
[10:41:34] [REI-ReloadPlugins/DEBUG] [REI]  - me.shedaniel.rei.plugin.client.runtime.PluginStageExecutionWatcher$1
[10:41:34] [REI-ReloadPlugins/DEBUG] [REI] Plugins (4):
[10:41:34] [REI-ReloadPlugins/DEBUG] [REI]  - (-100.00) DefaultPlugin of DefaultPlugin [roughlyenoughitems]
[10:41:34] [REI-ReloadPlugins/DEBUG] [REI]  - (0.00) FabricFluidAPISupportPlugin
[10:41:34] [REI-ReloadPlugins/DEBUG] [REI]  - (0.00) DefaultRuntimePlugin of DefaultRuntimePlugin [roughlyenoughitems]
[10:41:34] [REI-ReloadPlugins/DEBUG] [REI]  - (0.00) StargazerREICommon of StargazerREICommon [stargazer]
[10:41:34] [REI-ReloadPlugins/DEBUG] [REI] ========================================
[10:41:34] [REI-ReloadPlugins/TRACE] [REI] [REICommonPlugin END] Reloading Section: "pre-register/"
[10:41:34] [REI-ReloadPlugins/TRACE] [REI] [REICommonPlugin END] Reloading Section: "pre-register/DefaultPlugin of DefaultPlugin [roughlyenoughitems]/"
[10:41:34] [REI-ReloadPlugins/TRACE] [REI] [REICommonPlugin END] Reloading Section: "pre-register/DefaultPlugin of DefaultPlugin [roughlyenoughitems]/" done in 33.21 μs
[10:41:34] [REI-ReloadPlugins/TRACE] [REI] [REICommonPlugin END] Reloading Section: "pre-register/FabricFluidAPISupportPlugin/"
[10:41:34] [REI-ReloadPlugins/TRACE] [REI] [REICommonPlugin END] Reloading Section: "pre-register/FabricFluidAPISupportPlugin/" done in 22.69 μs
[10:41:34] [REI-ReloadPlugins/TRACE] [REI] [REICommonPlugin END] Reloading Section: "pre-register/DefaultRuntimePlugin of DefaultRuntimePlugin [roughlyenoughitems]/"
[10:41:34] [REI-ReloadPlugins/TRACE] [REI] [REICommonPlugin END] Reloading Section: "pre-register/DefaultRuntimePlugin of DefaultRuntimePlugin [roughlyenoughitems]/" done in 18.91 μs
[10:41:34] [REI-ReloadPlugins/TRACE] [REI] [REICommonPlugin END] Reloading Section: "pre-register/StargazerREICommon of StargazerREICommon [stargazer]/"
[10:41:34] [REI-ReloadPlugins/TRACE] [REI] [REICommonPlugin END] Reloading Section: "pre-register/StargazerREICommon of StargazerREICommon [stargazer]/" done in 18.37 μs
[10:41:34] [REI-ReloadPlugins/TRACE] [REI] [REICommonPlugin END] Reloading Section: "pre-register/" done in 298.1 μs
[10:41:34] [REI-ReloadPlugins/TRACE] [REI] [REICommonPlugin END] Reloading Section: "pre-stage/"
[10:41:34] [REI-ReloadPlugins/TRACE] [REI] [REICommonPlugin END] Reloading Section: "pre-stage/SlotAccessorRegistryImpl/"
[10:41:34] [REI-ReloadPlugins/TRACE] [REI] [REICommonPlugin END] Reloading Section: "pre-stage/SlotAccessorRegistryImpl/" done in 82.15 μs
[10:41:34] [REI-ReloadPlugins/TRACE] [REI] [REICommonPlugin END] Reloading Section: "pre-stage/EntryTypeRegistryImpl/"
[10:41:34] [REI-ReloadPlugins/TRACE] [REI] [REICommonPlugin END] Reloading Section: "pre-stage/EntryTypeRegistryImpl/" done in 23.23 μs
[10:41:34] [REI-ReloadPlugins/TRACE] [REI] [REICommonPlugin END] Reloading Section: "pre-stage/EntrySettingsAdapterRegistryImpl/"
[10:41:34] [REI-ReloadPlugins/TRACE] [REI] [REICommonPlugin END] Reloading Section: "pre-stage/EntrySettingsAdapterRegistryImpl/" done in 14.51 μs
[10:41:34] [REI-ReloadPlugins/TRACE] [REI] [REICommonPlugin END] Reloading Section: "pre-stage/ItemComparatorRegistryImpl/"
[10:41:34] [REI-ReloadPlugins/TRACE] [REI] [REICommonPlugin END] Reloading Section: "pre-stage/ItemComparatorRegistryImpl/" done in 14.28 μs
[10:41:34] [REI-ReloadPlugins/TRACE] [REI] [REICommonPlugin END] Reloading Section: "pre-stage/FluidComparatorRegistryImpl/"
[10:41:34] [REI-ReloadPlugins/TRACE] [REI] [REICommonPlugin END] Reloading Section: "pre-stage/FluidComparatorRegistryImpl/" done in 17.49 μs
[10:41:34] [REI-ReloadPlugins/TRACE] [REI] [REICommonPlugin END] Reloading Section: "pre-stage/DisplaySerializerRegistryImpl/"
[10:41:34] [REI-ReloadPlugins/TRACE] [REI] [REICommonPlugin END] Reloading Section: "pre-stage/DisplaySerializerRegistryImpl/" done in 14.59 μs
[10:41:34] [REI-ReloadPlugins/TRACE] [REI] [REICommonPlugin END] Reloading Section: "pre-stage/ServerDisplayRegistryImpl/"
[10:41:34] [REI-ReloadPlugins/TRACE] [REI] [REICommonPlugin END] Reloading Section: "pre-stage/ServerDisplayRegistryImpl/" done in 15.05 μs
[10:41:34] [REI-ReloadPlugins/TRACE] [REI] [REICommonPlugin END] Reloading Section: "pre-stage/FluidSupportProviderImpl/"
[10:41:34] [REI-ReloadPlugins/TRACE] [REI] [REICommonPlugin END] Reloading Section: "pre-stage/FluidSupportProviderImpl/" done in 13.49 μs
[10:41:34] [REI-ReloadPlugins/TRACE] [REI] [REICommonPlugin END] Reloading Section: "pre-stage/me.shedaniel.rei.plugin.client.runtime.PluginStageExecutionWatcher$1/"
[10:41:34] [REI-ReloadPlugins/TRACE] [REI] [REICommonPlugin END] Reloading Section: "pre-stage/me.shedaniel.rei.plugin.client.runtime.PluginStageExecutionWatcher$1/" done in 18.10 μs
[10:41:34] [REI-ReloadPlugins/TRACE] [REI] [REICommonPlugin END] Reloading Section: "pre-stage/" done in 511.0 μs
[10:41:34] [REI-ReloadPlugins/DEBUG] [REI] ========================================
[10:41:34] [REI-ReloadPlugins/DEBUG] [REI] REICommonPlugin finished pre-reload for END in 851.2 μs.
[10:41:34] [REI-ReloadPlugins/DEBUG] [REI] ========================================
[10:41:34] [REI-ReloadPlugins/DEBUG] [REI] ========================================
[10:41:34] [REI-ReloadPlugins/DEBUG] [REI] REIClientPlugin starting pre-reload for END.
[10:41:34] [REI-ReloadPlugins/DEBUG] [REI] Reloadables (18):
[10:41:34] [REI-ReloadPlugins/DEBUG] [REI]  - EntryRendererRegistryImpl
[10:41:34] [REI-ReloadPlugins/DEBUG] [REI]  - ViewsImpl
[10:41:34] [REI-ReloadPlugins/DEBUG] [REI]  - InputMethodRegistryImpl
[10:41:34] [REI-ReloadPlugins/DEBUG] [REI]  - SearchProviderImpl
[10:41:34] [REI-ReloadPlugins/DEBUG] [REI]  - ConfigManagerImpl
[10:41:34] [REI-ReloadPlugins/DEBUG] [REI]  - EntryRegistryImpl
[10:41:34] [REI-ReloadPlugins/DEBUG] [REI]  - CollapsibleEntryRegistryImpl
[10:41:34] [REI-ReloadPlugins/DEBUG] [REI]  - BasicFilteringRuleImpl
[10:41:34] [REI-ReloadPlugins/DEBUG] [REI]  - CategoryRegistryImpl
[10:41:34] [REI-ReloadPlugins/DEBUG] [REI]  - DisplayRegistryImpl
[10:41:34] [REI-ReloadPlugins/DEBUG] [REI]  - ScreenRegistryImpl
[10:41:34] [REI-ReloadPlugins/DEBUG] [REI]  - FavoriteEntryTypeRegistryImpl
[10:41:34] [REI-ReloadPlugins/DEBUG] [REI]  - SubsetsRegistryImpl
[10:41:34] [REI-ReloadPlugins/DEBUG] [REI]  - TransferHandlerRegistryImpl
[10:41:34] [REI-ReloadPlugins/DEBUG] [REI]  - SearchRuntime
[10:41:34] [REI-ReloadPlugins/DEBUG] [REI]  - REIRuntimeImpl
[10:41:34] [REI-ReloadPlugins/DEBUG] [REI]  - ConfigAddonRegistryImpl
[10:41:34] [REI-ReloadPlugins/DEBUG] [REI]  - me.shedaniel.rei.plugin.client.runtime.PluginStageExecutionWatcher$1
[10:41:34] [REI-ReloadPlugins/DEBUG] [REI] Plugins (4):
[10:41:34] [REI-ReloadPlugins/DEBUG] [REI]  - (-100.00) DefaultClientPlugin of DefaultClientPlugin [roughlyenoughitems]
[10:41:34] [REI-ReloadPlugins/DEBUG] [REI]  - (0.00) HideIngredientsFromTagsPlugin of HideIngredientsFromTagsPlugin [roughlyenoughitems]
[10:41:34] [REI-ReloadPlugins/DEBUG] [REI]  - (0.00) DefaultClientRuntimePlugin of DefaultClientRuntimePlugin [roughlyenoughitems]
[10:41:34] [REI-ReloadPlugins/DEBUG] [REI]  - (0.00) StargazerREIClient of StargazerREIClient [stargazer]
[10:41:34] [REI-ReloadPlugins/DEBUG] [REI] ========================================
[10:41:34] [REI-ReloadPlugins/TRACE] [REI] [REIClientPlugin END] Reloading Section: "pre-register/"
[10:41:34] [REI-ReloadPlugins/TRACE] [REI] [REIClientPlugin END] Reloading Section: "pre-register/DefaultClientPlugin of DefaultClientPlugin [roughlyenoughitems]/"
[10:41:34] [REI-ReloadPlugins/TRACE] [REI] [REIClientPlugin END] Reloading Section: "pre-register/DefaultClientPlugin of DefaultClientPlugin [roughlyenoughitems]/" done in 35.20 μs
[10:41:34] [REI-ReloadPlugins/TRACE] [REI] [REIClientPlugin END] Reloading Section: "pre-register/HideIngredientsFromTagsPlugin of HideIngredientsFromTagsPlugin [roughlyenoughitems]/"
[10:41:34] [REI-ReloadPlugins/TRACE] [REI] [REIClientPlugin END] Reloading Section: "pre-register/HideIngredientsFromTagsPlugin of HideIngredientsFromTagsPlugin [roughlyenoughitems]/" done in 15.95 μs
[10:41:34] [REI-ReloadPlugins/TRACE] [REI] [REIClientPlugin END] Reloading Section: "pre-register/DefaultClientRuntimePlugin of DefaultClientRuntimePlugin [roughlyenoughitems]/"
[10:41:34] [REI-ReloadPlugins/TRACE] [REI] [REIClientPlugin END] Reloading Section: "pre-register/DefaultClientRuntimePlugin of DefaultClientRuntimePlugin [roughlyenoughitems]/" done in 15.02 μs
[10:41:34] [REI-ReloadPlugins/TRACE] [REI] [REIClientPlugin END] Reloading Section: "pre-register/StargazerREIClient of StargazerREIClient [stargazer]/"
[10:41:34] [REI-ReloadPlugins/TRACE] [REI] [REIClientPlugin END] Reloading Section: "pre-register/StargazerREIClient of StargazerREIClient [stargazer]/" done in 13.74 μs
[10:41:34] [REI-ReloadPlugins/TRACE] [REI] [REIClientPlugin END] Reloading Section: "pre-register/" done in 264.1 μs
[10:41:34] [REI-ReloadPlugins/TRACE] [REI] [REIClientPlugin END] Reloading Section: "pre-stage/"
[10:41:34] [REI-ReloadPlugins/TRACE] [REI] [REIClientPlugin END] Reloading Section: "pre-stage/EntryRendererRegistryImpl/"
[10:41:34] [REI-ReloadPlugins/TRACE] [REI] [REIClientPlugin END] Reloading Section: "pre-stage/EntryRendererRegistryImpl/" done in 15.81 μs
[10:41:34] [REI-ReloadPlugins/TRACE] [REI] [REIClientPlugin END] Reloading Section: "pre-stage/ViewsImpl/"
[10:41:34] [REI-ReloadPlugins/TRACE] [REI] [REIClientPlugin END] Reloading Section: "pre-stage/ViewsImpl/" done in 11.92 μs
[10:41:34] [REI-ReloadPlugins/TRACE] [REI] [REIClientPlugin END] Reloading Section: "pre-stage/InputMethodRegistryImpl/"
[10:41:34] [REI-ReloadPlugins/TRACE] [REI] [REIClientPlugin END] Reloading Section: "pre-stage/InputMethodRegistryImpl/" done in 11.56 μs
[10:41:34] [REI-ReloadPlugins/TRACE] [REI] [REIClientPlugin END] Reloading Section: "pre-stage/SearchProviderImpl/"
[10:41:34] [REI-ReloadPlugins/TRACE] [REI] [REIClientPlugin END] Reloading Section: "pre-stage/SearchProviderImpl/" done in 11.61 μs
[10:41:34] [REI-ReloadPlugins/TRACE] [REI] [REIClientPlugin END] Reloading Section: "pre-stage/ConfigManagerImpl/"
[10:41:34] [REI-ReloadPlugins/TRACE] [REI] [REIClientPlugin END] Reloading Section: "pre-stage/ConfigManagerImpl/" done in 11.42 μs
[10:41:34] [REI-ReloadPlugins/TRACE] [REI] [REIClientPlugin END] Reloading Section: "pre-stage/EntryRegistryImpl/"
[10:41:34] [REI-ReloadPlugins/TRACE] [REI] [REIClientPlugin END] Reloading Section: "pre-stage/EntryRegistryImpl/" done in 10.57 μs
[10:41:34] [REI-ReloadPlugins/TRACE] [REI] [REIClientPlugin END] Reloading Section: "pre-stage/CollapsibleEntryRegistryImpl/"
[10:41:34] [REI-ReloadPlugins/TRACE] [REI] [REIClientPlugin END] Reloading Section: "pre-stage/CollapsibleEntryRegistryImpl/" done in 11.47 μs
[10:41:34] [REI-ReloadPlugins/TRACE] [REI] [REIClientPlugin END] Reloading Section: "pre-stage/BasicFilteringRuleImpl/"
[10:41:34] [REI-ReloadPlugins/TRACE] [REI] [REIClientPlugin END] Reloading Section: "pre-stage/BasicFilteringRuleImpl/" done in 13.10 μs
[10:41:34] [REI-ReloadPlugins/TRACE] [REI] [REIClientPlugin END] Reloading Section: "pre-stage/CategoryRegistryImpl/"
[10:41:34] [REI-ReloadPlugins/TRACE] [REI] [REIClientPlugin END] Reloading Section: "pre-stage/CategoryRegistryImpl/" done in 15.13 μs
[10:41:34] [REI-ReloadPlugins/TRACE] [REI] [REIClientPlugin END] Reloading Section: "pre-stage/DisplayRegistryImpl/"
[10:41:34] [REI-ReloadPlugins/TRACE] [REI] [REIClientPlugin END] Reloading Section: "pre-stage/DisplayRegistryImpl/" done in 15.13 μs
[10:41:34] [REI-ReloadPlugins/TRACE] [REI] [REIClientPlugin END] Reloading Section: "pre-stage/ScreenRegistryImpl/"
[10:41:34] [REI-ReloadPlugins/TRACE] [REI] [REIClientPlugin END] Reloading Section: "pre-stage/ScreenRegistryImpl/" done in 18.41 μs
[10:41:34] [REI-ReloadPlugins/TRACE] [REI] [REIClientPlugin END] Reloading Section: "pre-stage/FavoriteEntryTypeRegistryImpl/"
[10:41:34] [REI-ReloadPlugins/TRACE] [REI] [REIClientPlugin END] Reloading Section: "pre-stage/FavoriteEntryTypeRegistryImpl/" done in 14.34 μs
[10:41:34] [REI-ReloadPlugins/TRACE] [REI] [REIClientPlugin END] Reloading Section: "pre-stage/SubsetsRegistryImpl/"
[10:41:34] [REI-ReloadPlugins/TRACE] [REI] [REIClientPlugin END] Reloading Section: "pre-stage/SubsetsRegistryImpl/" done in 14.13 μs
[10:41:34] [REI-ReloadPlugins/TRACE] [REI] [REIClientPlugin END] Reloading Section: "pre-stage/TransferHandlerRegistryImpl/"
[10:41:34] [REI-ReloadPlugins/TRACE] [REI] [REIClientPlugin END] Reloading Section: "pre-stage/TransferHandlerRegistryImpl/" done in 14.67 μs
[10:41:34] [REI-ReloadPlugins/TRACE] [REI] [REIClientPlugin END] Reloading Section: "pre-stage/SearchRuntime/"
[10:41:34] [REI-ReloadPlugins/TRACE] [REI] [REIClientPlugin END] Reloading Section: "pre-stage/SearchRuntime/" done in 11.36 μs
[10:41:34] [REI-ReloadPlugins/TRACE] [REI] [REIClientPlugin END] Reloading Section: "pre-stage/REIRuntimeImpl/"
[10:41:34] [REI-ReloadPlugins/TRACE] [REI] [REIClientPlugin END] Reloading Section: "pre-stage/REIRuntimeImpl/" done in 23.71 μs
[10:41:34] [REI-ReloadPlugins/TRACE] [REI] [REIClientPlugin END] Reloading Section: "pre-stage/ConfigAddonRegistryImpl/"
[10:41:34] [REI-ReloadPlugins/TRACE] [REI] [REIClientPlugin END] Reloading Section: "pre-stage/ConfigAddonRegistryImpl/" done in 15.91 μs
[10:41:34] [REI-ReloadPlugins/TRACE] [REI] [REIClientPlugin END] Reloading Section: "pre-stage/me.shedaniel.rei.plugin.client.runtime.PluginStageExecutionWatcher$1/"
[10:41:34] [REI-ReloadPlugins/TRACE] [REI] [REIClientPlugin END] Reloading Section: "pre-stage/me.shedaniel.rei.plugin.client.runtime.PluginStageExecutionWatcher$1/" done in 20.87 μs
[10:41:34] [REI-ReloadPlugins/TRACE] [REI] [REIClientPlugin END] Reloading Section: "pre-stage/" done in 759.2 μs
[10:41:34] [REI-ReloadPlugins/DEBUG] [REI] ========================================
[10:41:34] [REI-ReloadPlugins/DEBUG] [REI] REIClientPlugin finished pre-reload for END in 1.058 ms.
[10:41:34] [REI-ReloadPlugins/DEBUG] [REI] ========================================
[10:41:34] [REI-ReloadPlugins/INFO] [REI] ########################################
[10:41:34] [REI-ReloadPlugins/INFO] [REI] REICommonPlugin starting main-reload for END.
[10:41:34] [REI-ReloadPlugins/DEBUG] [REI] Reloadables (9):
[10:41:34] [REI-ReloadPlugins/DEBUG] [REI]  - SlotAccessorRegistryImpl
[10:41:34] [REI-ReloadPlugins/DEBUG] [REI]  - EntryTypeRegistryImpl
[10:41:34] [REI-ReloadPlugins/DEBUG] [REI]  - EntrySettingsAdapterRegistryImpl
[10:41:34] [REI-ReloadPlugins/DEBUG] [REI]  - ItemComparatorRegistryImpl
[10:41:34] [REI-ReloadPlugins/DEBUG] [REI]  - FluidComparatorRegistryImpl
[10:41:34] [REI-ReloadPlugins/DEBUG] [REI]  - DisplaySerializerRegistryImpl
[10:41:34] [REI-ReloadPlugins/DEBUG] [REI]  - ServerDisplayRegistryImpl
[10:41:34] [REI-ReloadPlugins/DEBUG] [REI]  - FluidSupportProviderImpl
[10:41:34] [REI-ReloadPlugins/DEBUG] [REI]  - me.shedaniel.rei.plugin.client.runtime.PluginStageExecutionWatcher$1
[10:41:34] [REI-ReloadPlugins/INFO] [REI] Plugins (4):
[10:41:34] [REI-ReloadPlugins/INFO] [REI]  - (-100.00) DefaultPlugin of DefaultPlugin [roughlyenoughitems]
[10:41:34] [REI-ReloadPlugins/INFO] [REI]  - (0.00) FabricFluidAPISupportPlugin
[10:41:34] [REI-ReloadPlugins/INFO] [REI]  - (0.00) DefaultRuntimePlugin of DefaultRuntimePlugin [roughlyenoughitems]
[10:41:34] [REI-ReloadPlugins/INFO] [REI]  - (0.00) StargazerREICommon of StargazerREICommon [stargazer]
[10:41:34] [REI-ReloadPlugins/INFO] [REI] ########################################
[10:41:34] [REI-ReloadPlugins/TRACE] [REI] [REICommonPlugin END] Reloading Section: "start-reload/"
[10:41:34] [REI-ReloadPlugins/TRACE] [REI] [REICommonPlugin END] Reloading Section: "start-reload/SlotAccessorRegistryImpl/"
[10:41:34] [REI-ReloadPlugins/TRACE] [REI] [REICommonPlugin END] Reloading Section: "start-reload/SlotAccessorRegistryImpl/" done in 29.61 μs
[10:41:34] [REI-ReloadPlugins/TRACE] [REI] [REICommonPlugin END] Reloading Section: "start-reload/EntryTypeRegistryImpl/"
[10:41:34] [REI-ReloadPlugins/TRACE] [REI] [REICommonPlugin END] Reloading Section: "start-reload/EntryTypeRegistryImpl/" done in 13.63 μs
[10:41:34] [REI-ReloadPlugins/TRACE] [REI] [REICommonPlugin END] Reloading Section: "start-reload/EntrySettingsAdapterRegistryImpl/"
[10:41:34] [REI-ReloadPlugins/TRACE] [REI] [REICommonPlugin END] Reloading Section: "start-reload/EntrySettingsAdapterRegistryImpl/" done in 17.83 μs
[10:41:34] [REI-ReloadPlugins/TRACE] [REI] [REICommonPlugin END] Reloading Section: "start-reload/ItemComparatorRegistryImpl/"
[10:41:34] [REI-ReloadPlugins/TRACE] [REI] [REICommonPlugin END] Reloading Section: "start-reload/ItemComparatorRegistryImpl/" done in 17.05 μs
[10:41:34] [REI-ReloadPlugins/TRACE] [REI] [REICommonPlugin END] Reloading Section: "start-reload/FluidComparatorRegistryImpl/"
[10:41:34] [REI-ReloadPlugins/TRACE] [REI] [REICommonPlugin END] Reloading Section: "start-reload/FluidComparatorRegistryImpl/" done in 13.45 μs
[10:41:34] [REI-ReloadPlugins/TRACE] [REI] [REICommonPlugin END] Reloading Section: "start-reload/DisplaySerializerRegistryImpl/"
[10:41:34] [REI-ReloadPlugins/TRACE] [REI] [REICommonPlugin END] Reloading Section: "start-reload/DisplaySerializerRegistryImpl/" done in 11.74 μs
[10:41:34] [REI-ReloadPlugins/TRACE] [REI] [REICommonPlugin END] Reloading Section: "start-reload/ServerDisplayRegistryImpl/"
[10:41:34] [REI-ReloadPlugins/TRACE] [REI] [REICommonPlugin END] Reloading Section: "start-reload/ServerDisplayRegistryImpl/" done in 67.97 μs
[10:41:34] [REI-ReloadPlugins/TRACE] [REI] [REICommonPlugin END] Reloading Section: "start-reload/FluidSupportProviderImpl/"
[10:41:34] [REI-ReloadPlugins/TRACE] [REI] [REICommonPlugin END] Reloading Section: "start-reload/FluidSupportProviderImpl/" done in 15.53 μs
[10:41:34] [REI-ReloadPlugins/TRACE] [REI] [REICommonPlugin END] Reloading Section: "start-reload/me.shedaniel.rei.plugin.client.runtime.PluginStageExecutionWatcher$1/"
[10:41:34] [REI-ReloadPlugins/TRACE] [REI] [REICommonPlugin END] Reloading Section: "start-reload/me.shedaniel.rei.plugin.client.runtime.PluginStageExecutionWatcher$1/" done in 9.328 μs
[10:41:34] [REI-ReloadPlugins/TRACE] [REI] [REICommonPlugin END] Reloading Section: "start-reload/" done in 480.7 μs
[10:41:34] [REI-ReloadPlugins/DEBUG] [REI] ========================================
[10:41:34] [REI-ReloadPlugins/DEBUG] [REI] REICommonPlugin started main-reload for END.
[10:41:34] [REI-ReloadPlugins/DEBUG] [REI] ========================================
[10:41:34] [REI-ReloadPlugins/TRACE] [REI] [REICommonPlugin END] Reloading Section: "reloadable-plugin/SlotAccessorRegistryImpl/"
[10:41:34] [REI-ReloadPlugins/TRACE] [REI] [REICommonPlugin END] Reloading Section: "reloadable-plugin/SlotAccessorRegistryImpl/DefaultPlugin of DefaultPlugin [roughlyenoughitems]/"
[10:41:34] [REI-ReloadPlugins/TRACE] [REI] [REICommonPlugin END] Reloading Section: "reloadable-plugin/SlotAccessorRegistryImpl/DefaultPlugin of DefaultPlugin [roughlyenoughitems]/" done in 34.15 μs
[10:41:34] [REI-ReloadPlugins/TRACE] [REI] [REICommonPlugin END] Reloading Section: "reloadable-plugin/SlotAccessorRegistryImpl/FabricFluidAPISupportPlugin/"
[10:41:34] [REI-ReloadPlugins/TRACE] [REI] [REICommonPlugin END] Reloading Section: "reloadable-plugin/SlotAccessorRegistryImpl/FabricFluidAPISupportPlugin/" done in 18.83 μs
[10:41:34] [REI-ReloadPlugins/TRACE] [REI] [REICommonPlugin END] Reloading Section: "reloadable-plugin/SlotAccessorRegistryImpl/DefaultRuntimePlugin of DefaultRuntimePlugin [roughlyenoughitems]/"
[10:41:34] [REI-ReloadPlugins/DEBUG] [REI] Added slot accessor serializer: me.shedaniel.rei.plugin.common.runtime.DefaultRuntimePlugin$1@6e2c1734 [roughlyenoughitems:vanilla]
[10:41:34] [REI-ReloadPlugins/DEBUG] [REI] Added slot accessor serializer: me.shedaniel.rei.plugin.common.runtime.DefaultRuntimePlugin$2@154ea246 [roughlyenoughitems:player]
[10:41:34] [REI-ReloadPlugins/TRACE] [REI] [REICommonPlugin END] Reloading Section: "reloadable-plugin/SlotAccessorRegistryImpl/DefaultRuntimePlugin of DefaultRuntimePlugin [roughlyenoughitems]/" done in 17.61 ms
[10:41:34] [REI-ReloadPlugins/TRACE] [REI] [REICommonPlugin END] Reloading Section: "reloadable-plugin/SlotAccessorRegistryImpl/StargazerREICommon of StargazerREICommon [stargazer]/"
[10:41:34] [REI-ReloadPlugins/TRACE] [REI] [REICommonPlugin END] Reloading Section: "reloadable-plugin/SlotAccessorRegistryImpl/StargazerREICommon of StargazerREICommon [stargazer]/" done in 41.70 μs
[10:41:34] [REI-ReloadPlugins/TRACE] [REI] [REICommonPlugin END] Reloading Section: "reloadable-plugin/SlotAccessorRegistryImpl/" done in 17.95 ms
[10:41:34] [REI-ReloadPlugins/TRACE] [REI] [REICommonPlugin END] Reloading Section: "reloadable-plugin/EntryTypeRegistryImpl/"
[10:41:34] [REI-ReloadPlugins/TRACE] [REI] [REICommonPlugin END] Reloading Section: "reloadable-plugin/EntryTypeRegistryImpl/DefaultPlugin of DefaultPlugin [roughlyenoughitems]/"
[10:41:34] [REI-ReloadPlugins/TRACE] [REI] [REICommonPlugin END] Reloading Section: "reloadable-plugin/EntryTypeRegistryImpl/DefaultPlugin of DefaultPlugin [roughlyenoughitems]/" done in 23.99 μs
[10:41:34] [REI-ReloadPlugins/TRACE] [REI] [REICommonPlugin END] Reloading Section: "reloadable-plugin/EntryTypeRegistryImpl/FabricFluidAPISupportPlugin/"
[10:41:34] [REI-ReloadPlugins/TRACE] [REI] [REICommonPlugin END] Reloading Section: "reloadable-plugin/EntryTypeRegistryImpl/FabricFluidAPISupportPlugin/" done in 20.88 μs
[10:41:34] [REI-ReloadPlugins/TRACE] [REI] [REICommonPlugin END] Reloading Section: "reloadable-plugin/EntryTypeRegistryImpl/DefaultRuntimePlugin of DefaultRuntimePlugin [roughlyenoughitems]/"
[10:41:34] [REI-ReloadPlugins/TRACE] [REI] [REICommonPlugin END] Reloading Section: "reloadable-plugin/EntryTypeRegistryImpl/DefaultRuntimePlugin of DefaultRuntimePlugin [roughlyenoughitems]/" done in 22.25 μs
[10:41:34] [REI-ReloadPlugins/TRACE] [REI] [REICommonPlugin END] Reloading Section: "reloadable-plugin/EntryTypeRegistryImpl/StargazerREICommon of StargazerREICommon [stargazer]/"
[10:41:34] [REI-ReloadPlugins/TRACE] [REI] [REICommonPlugin END] Reloading Section: "reloadable-plugin/EntryTypeRegistryImpl/StargazerREICommon of StargazerREICommon [stargazer]/" done in 24.42 μs
[10:41:34] [REI-ReloadPlugins/TRACE] [REI] [REICommonPlugin END] Reloading Section: "reloadable-plugin/EntryTypeRegistryImpl/" done in 260.5 μs
[10:41:34] [REI-ReloadPlugins/TRACE] [REI] [REICommonPlugin END] Reloading Section: "reloadable-plugin/EntrySettingsAdapterRegistryImpl/"
[10:41:34] [REI-ReloadPlugins/TRACE] [REI] [REICommonPlugin END] Reloading Section: "reloadable-plugin/EntrySettingsAdapterRegistryImpl/DefaultPlugin of DefaultPlugin [roughlyenoughitems]/"
[10:41:34] [REI-ReloadPlugins/TRACE] [REI] [REICommonPlugin END] Reloading Section: "reloadable-plugin/EntrySettingsAdapterRegistryImpl/DefaultPlugin of DefaultPlugin [roughlyenoughitems]/" done in 33.27 μs
[10:41:34] [REI-ReloadPlugins/TRACE] [REI] [REICommonPlugin END] Reloading Section: "reloadable-plugin/EntrySettingsAdapterRegistryImpl/FabricFluidAPISupportPlugin/"
[10:41:34] [REI-ReloadPlugins/TRACE] [REI] [REICommonPlugin END] Reloading Section: "reloadable-plugin/EntrySettingsAdapterRegistryImpl/FabricFluidAPISupportPlugin/" done in 20.83 μs
[10:41:34] [REI-ReloadPlugins/TRACE] [REI] [REICommonPlugin END] Reloading Section: "reloadable-plugin/EntrySettingsAdapterRegistryImpl/DefaultRuntimePlugin of DefaultRuntimePlugin [roughlyenoughitems]/"
[10:41:34] [REI-ReloadPlugins/TRACE] [REI] [REICommonPlugin END] Reloading Section: "reloadable-plugin/EntrySettingsAdapterRegistryImpl/DefaultRuntimePlugin of DefaultRuntimePlugin [roughlyenoughitems]/" done in 20.16 μs
[10:41:34] [REI-ReloadPlugins/TRACE] [REI] [REICommonPlugin END] Reloading Section: "reloadable-plugin/EntrySettingsAdapterRegistryImpl/StargazerREICommon of StargazerREICommon [stargazer]/"
[10:41:34] [REI-ReloadPlugins/TRACE] [REI] [REICommonPlugin END] Reloading Section: "reloadable-plugin/EntrySettingsAdapterRegistryImpl/StargazerREICommon of StargazerREICommon [stargazer]/" done in 30.09 μs
[10:41:34] [REI-ReloadPlugins/TRACE] [REI] [REICommonPlugin END] Reloading Section: "reloadable-plugin/EntrySettingsAdapterRegistryImpl/" done in 256.3 μs
[10:41:34] [REI-ReloadPlugins/TRACE] [REI] [REICommonPlugin END] Reloading Section: "reloadable-plugin/ItemComparatorRegistryImpl/"
[10:41:34] [REI-ReloadPlugins/TRACE] [REI] [REICommonPlugin END] Reloading Section: "reloadable-plugin/ItemComparatorRegistryImpl/DefaultPlugin of DefaultPlugin [roughlyenoughitems]/"
[10:41:34] [REI-ReloadPlugins/TRACE] [REI] [REICommonPlugin END] Reloading Section: "reloadable-plugin/ItemComparatorRegistryImpl/DefaultPlugin of DefaultPlugin [roughlyenoughitems]/" done in 19.78 μs
[10:41:34] [REI-ReloadPlugins/TRACE] [REI] [REICommonPlugin END] Reloading Section: "reloadable-plugin/ItemComparatorRegistryImpl/FabricFluidAPISupportPlugin/"
[10:41:34] [REI-ReloadPlugins/TRACE] [REI] [REICommonPlugin END] Reloading Section: "reloadable-plugin/ItemComparatorRegistryImpl/FabricFluidAPISupportPlugin/" done in 29.93 μs
[10:41:34] [REI-ReloadPlugins/TRACE] [REI] [REICommonPlugin END] Reloading Section: "reloadable-plugin/ItemComparatorRegistryImpl/DefaultRuntimePlugin of DefaultRuntimePlugin [roughlyenoughitems]/"
[10:41:34] [REI-ReloadPlugins/TRACE] [REI] [REICommonPlugin END] Reloading Section: "reloadable-plugin/ItemComparatorRegistryImpl/DefaultRuntimePlugin of DefaultRuntimePlugin [roughlyenoughitems]/" done in 21.42 μs
[10:41:34] [REI-ReloadPlugins/TRACE] [REI] [REICommonPlugin END] Reloading Section: "reloadable-plugin/ItemComparatorRegistryImpl/StargazerREICommon of StargazerREICommon [stargazer]/"
[10:41:34] [REI-ReloadPlugins/TRACE] [REI] [REICommonPlugin END] Reloading Section: "reloadable-plugin/ItemComparatorRegistryImpl/StargazerREICommon of StargazerREICommon [stargazer]/" done in 21.69 μs
[10:41:34] [REI-ReloadPlugins/TRACE] [REI] [REICommonPlugin END] Reloading Section: "reloadable-plugin/ItemComparatorRegistryImpl/" done in 244.9 μs
[10:41:34] [REI-ReloadPlugins/TRACE] [REI] [REICommonPlugin END] Reloading Section: "reloadable-plugin/FluidComparatorRegistryImpl/"
[10:41:34] [REI-ReloadPlugins/TRACE] [REI] [REICommonPlugin END] Reloading Section: "reloadable-plugin/FluidComparatorRegistryImpl/DefaultPlugin of DefaultPlugin [roughlyenoughitems]/"
[10:41:34] [REI-ReloadPlugins/TRACE] [REI] [REICommonPlugin END] Reloading Section: "reloadable-plugin/FluidComparatorRegistryImpl/DefaultPlugin of DefaultPlugin [roughlyenoughitems]/" done in 18.77 μs
[10:41:34] [REI-ReloadPlugins/TRACE] [REI] [REICommonPlugin END] Reloading Section: "reloadable-plugin/FluidComparatorRegistryImpl/FabricFluidAPISupportPlugin/"
[10:41:34] [REI-ReloadPlugins/TRACE] [REI] [REICommonPlugin END] Reloading Section: "reloadable-plugin/FluidComparatorRegistryImpl/FabricFluidAPISupportPlugin/" done in 18.79 μs
[10:41:34] [REI-ReloadPlugins/TRACE] [REI] [REICommonPlugin END] Reloading Section: "reloadable-plugin/FluidComparatorRegistryImpl/DefaultRuntimePlugin of DefaultRuntimePlugin [roughlyenoughitems]/"
[10:41:34] [REI-ReloadPlugins/TRACE] [REI] [REICommonPlugin END] Reloading Section: "reloadable-plugin/FluidComparatorRegistryImpl/DefaultRuntimePlugin of DefaultRuntimePlugin [roughlyenoughitems]/" done in 19.90 μs
[10:41:34] [REI-ReloadPlugins/TRACE] [REI] [REICommonPlugin END] Reloading Section: "reloadable-plugin/FluidComparatorRegistryImpl/StargazerREICommon of StargazerREICommon [stargazer]/"
[10:41:34] [REI-ReloadPlugins/TRACE] [REI] [REICommonPlugin END] Reloading Section: "reloadable-plugin/FluidComparatorRegistryImpl/StargazerREICommon of StargazerREICommon [stargazer]/" done in 21.24 μs
[10:41:34] [REI-ReloadPlugins/TRACE] [REI] [REICommonPlugin END] Reloading Section: "reloadable-plugin/FluidComparatorRegistryImpl/" done in 217.4 μs
[10:41:34] [REI-ReloadPlugins/TRACE] [REI] [REICommonPlugin END] Reloading Section: "reloadable-plugin/DisplaySerializerRegistryImpl/"
[10:41:34] [REI-ReloadPlugins/TRACE] [REI] [REICommonPlugin END] Reloading Section: "reloadable-plugin/DisplaySerializerRegistryImpl/DefaultPlugin of DefaultPlugin [roughlyenoughitems]/"
[10:41:34] [REI-ReloadPlugins/TRACE] [REI] [REICommonPlugin END] Reloading Section: "reloadable-plugin/DisplaySerializerRegistryImpl/DefaultPlugin of DefaultPlugin [roughlyenoughitems]/" done in 21.22 μs
[10:41:34] [REI-ReloadPlugins/TRACE] [REI] [REICommonPlugin END] Reloading Section: "reloadable-plugin/DisplaySerializerRegistryImpl/FabricFluidAPISupportPlugin/"
[10:41:34] [REI-ReloadPlugins/TRACE] [REI] [REICommonPlugin END] Reloading Section: "reloadable-plugin/DisplaySerializerRegistryImpl/FabricFluidAPISupportPlugin/" done in 20.28 μs
[10:41:34] [REI-ReloadPlugins/TRACE] [REI] [REICommonPlugin END] Reloading Section: "reloadable-plugin/DisplaySerializerRegistryImpl/DefaultRuntimePlugin of DefaultRuntimePlugin [roughlyenoughitems]/"
[10:41:34] [REI-ReloadPlugins/TRACE] [REI] [REICommonPlugin END] Reloading Section: "reloadable-plugin/DisplaySerializerRegistryImpl/DefaultRuntimePlugin of DefaultRuntimePlugin [roughlyenoughitems]/" done in 20.23 μs
[10:41:34] [REI-ReloadPlugins/TRACE] [REI] [REICommonPlugin END] Reloading Section: "reloadable-plugin/DisplaySerializerRegistryImpl/StargazerREICommon of StargazerREICommon [stargazer]/"
[10:41:34] [REI-ReloadPlugins/TRACE] [REI] [REICommonPlugin END] Reloading Section: "reloadable-plugin/DisplaySerializerRegistryImpl/StargazerREICommon of StargazerREICommon [stargazer]/" done in 20.32 μs
[10:41:34] [REI-ReloadPlugins/TRACE] [REI] [REICommonPlugin END] Reloading Section: "reloadable-plugin/DisplaySerializerRegistryImpl/" done in 232.4 μs
[10:41:34] [REI-ReloadPlugins/TRACE] [REI] [REICommonPlugin END] Reloading Section: "reloadable-plugin/ServerDisplayRegistryImpl/"
[10:41:34] [REI-ReloadPlugins/TRACE] [REI] [REICommonPlugin END] Reloading Section: "reloadable-plugin/ServerDisplayRegistryImpl/DefaultPlugin of DefaultPlugin [roughlyenoughitems]/"
[10:41:34] [REI-ReloadPlugins/DEBUG] [REI] Added display filter: me.shedaniel.rei.api.common.registry.display.DisplayConsumer$RecipeManagerConsumer$RecipeFillerBuilder$$Lambda/0x000000005bb3cca8@7337e108
[10:41:34] [REI-ReloadPlugins/DEBUG] [REI] Added display filter: me.shedaniel.rei.api.common.registry.display.DisplayConsumer$RecipeManagerConsumer$RecipeFillerBuilder$$Lambda/0x000000005bb3cca8@151887c
[10:41:34] [REI-ReloadPlugins/DEBUG] [REI] Added display filter: me.shedaniel.rei.api.common.registry.display.DisplayConsumer$RecipeManagerConsumer$RecipeFillerBuilder$$Lambda/0x000000005bb3cca8@6f618137
[10:41:34] [REI-ReloadPlugins/DEBUG] [REI] Added display filter: me.shedaniel.rei.api.common.registry.display.DisplayConsumer$RecipeManagerConsumer$RecipeFillerBuilder$$Lambda/0x000000005bb3cca8@45d197c2
[10:41:34] [REI-ReloadPlugins/DEBUG] [REI] Added display filter: me.shedaniel.rei.api.common.registry.display.DisplayConsumer$RecipeManagerConsumer$RecipeFillerBuilder$$Lambda/0x000000005bb3cca8@15a4e624
[10:41:34] [REI-ReloadPlugins/DEBUG] [REI] Added display filter: me.shedaniel.rei.api.common.registry.display.DisplayConsumer$RecipeManagerConsumer$RecipeFillerBuilder$$Lambda/0x000000005bb3cca8@6355fdd8
[10:41:34] [REI-ReloadPlugins/DEBUG] [REI] Added display filter: me.shedaniel.rei.api.common.registry.display.DisplayConsumer$RecipeManagerConsumer$RecipeFillerBuilder$$Lambda/0x000000005bb3cca8@5a998e69
[10:41:34] [REI-ReloadPlugins/DEBUG] [REI] Added display filter: me.shedaniel.rei.api.common.registry.display.DisplayConsumer$RecipeManagerConsumer$RecipeFillerBuilder$$Lambda/0x000000005bb404a8@2cf15648
[10:41:34] [REI-ReloadPlugins/DEBUG] [REI] Added display filter: me.shedaniel.rei.api.common.registry.display.DisplayConsumer$RecipeManagerConsumer$RecipeFillerBuilder$$Lambda/0x000000005bb404a8@33f32e57
[10:41:34] [REI-ReloadPlugins/DEBUG] [REI] Added display filter: me.shedaniel.rei.api.common.registry.display.DisplayConsumer$RecipeManagerConsumer$RecipeFillerBuilder$$Lambda/0x000000005bb404a8@5ca9162d
[10:41:34] [REI-ReloadPlugins/DEBUG] [REI] Added display filter: me.shedaniel.rei.api.common.registry.display.DisplayConsumer$RecipeManagerConsumer$RecipeFillerBuilder$$Lambda/0x000000005bb404a8@d18b053
[10:41:34] [REI-ReloadPlugins/DEBUG] [REI] Added display filter: me.shedaniel.rei.api.common.registry.display.DisplayConsumer$RecipeManagerConsumer$RecipeFillerBuilder$$Lambda/0x000000005bb404a8@2bfde4ae
[10:41:34] [REI-ReloadPlugins/DEBUG] [REI] Added display filter: me.shedaniel.rei.api.common.registry.display.DisplayConsumer$RecipeManagerConsumer$RecipeFillerBuilder$$Lambda/0x000000005bb404a8@156e610
[10:41:34] [REI-ReloadPlugins/TRACE] [REI] [REICommonPlugin END] Reloading Section: "reloadable-plugin/ServerDisplayRegistryImpl/DefaultPlugin of DefaultPlugin [roughlyenoughitems]/" done in 4.877 ms
[10:41:34] [REI-ReloadPlugins/TRACE] [REI] [REICommonPlugin END] Reloading Section: "reloadable-plugin/ServerDisplayRegistryImpl/FabricFluidAPISupportPlugin/"
[10:41:34] [REI-ReloadPlugins/TRACE] [REI] [REICommonPlugin END] Reloading Section: "reloadable-plugin/ServerDisplayRegistryImpl/FabricFluidAPISupportPlugin/" done in 35.80 μs
[10:41:34] [REI-ReloadPlugins/TRACE] [REI] [REICommonPlugin END] Reloading Section: "reloadable-plugin/ServerDisplayRegistryImpl/DefaultRuntimePlugin of DefaultRuntimePlugin [roughlyenoughitems]/"
[10:41:34] [REI-ReloadPlugins/TRACE] [REI] [REICommonPlugin END] Reloading Section: "reloadable-plugin/ServerDisplayRegistryImpl/DefaultRuntimePlugin of DefaultRuntimePlugin [roughlyenoughitems]/" done in 21.04 μs
[10:41:34] [REI-ReloadPlugins/TRACE] [REI] [REICommonPlugin END] Reloading Section: "reloadable-plugin/ServerDisplayRegistryImpl/StargazerREICommon of StargazerREICommon [stargazer]/"
[10:41:34] [REI-ReloadPlugins/DEBUG] [REI] Added display filter: me.shedaniel.rei.api.common.registry.display.DisplayConsumer$RecipeManagerConsumer$RecipeFillerBuilder$$Lambda/0x000000005bb3cca8@5d0830b9
[10:41:34] [REI-ReloadPlugins/DEBUG] [REI] Added display filter: me.shedaniel.rei.api.common.registry.display.DisplayConsumer$FillerBuilder$$Lambda/0x000000005bb429a8@49d6abdb
[10:41:34] [REI-ReloadPlugins/DEBUG] [REI] Added display filter: me.shedaniel.rei.api.common.registry.display.DisplayConsumer$RecipeManagerConsumer$RecipeFillerBuilder$$Lambda/0x000000005bb3cca8@42e05a46
[10:41:34] [REI-ReloadPlugins/DEBUG] [REI] Added display filter: me.shedaniel.rei.api.common.registry.display.DisplayConsumer$RecipeManagerConsumer$RecipeFillerBuilder$$Lambda/0x000000005bb3cca8@757845d1
[10:41:34] [REI-ReloadPlugins/TRACE] [REI] [REICommonPlugin END] Reloading Section: "reloadable-plugin/ServerDisplayRegistryImpl/StargazerREICommon of StargazerREICommon [stargazer]/" done in 1.864 ms
[10:41:34] [REI-ReloadPlugins/TRACE] [REI] [REICommonPlugin END] Reloading Section: "reloadable-plugin/ServerDisplayRegistryImpl/" done in 7.148 ms
[10:41:34] [REI-ReloadPlugins/TRACE] [REI] [REICommonPlugin END] Reloading Section: "reloadable-plugin/FluidSupportProviderImpl/"
[10:41:34] [REI-ReloadPlugins/TRACE] [REI] [REICommonPlugin END] Reloading Section: "reloadable-plugin/FluidSupportProviderImpl/DefaultPlugin of DefaultPlugin [roughlyenoughitems]/"
[10:41:34] [REI-ReloadPlugins/TRACE] [REI] [REICommonPlugin END] Reloading Section: "reloadable-plugin/FluidSupportProviderImpl/DefaultPlugin of DefaultPlugin [roughlyenoughitems]/" done in 45.45 μs
[10:41:34] [REI-ReloadPlugins/TRACE] [REI] [REICommonPlugin END] Reloading Section: "reloadable-plugin/FluidSupportProviderImpl/FabricFluidAPISupportPlugin/"
[10:41:34] [REI-ReloadPlugins/TRACE] [REI] [REICommonPlugin END] Reloading Section: "reloadable-plugin/FluidSupportProviderImpl/FabricFluidAPISupportPlugin/" done in 23.43 μs
[10:41:34] [REI-ReloadPlugins/TRACE] [REI] [REICommonPlugin END] Reloading Section: "reloadable-plugin/FluidSupportProviderImpl/DefaultRuntimePlugin of DefaultRuntimePlugin [roughlyenoughitems]/"
[10:41:34] [REI-ReloadPlugins/TRACE] [REI] [REICommonPlugin END] Reloading Section: "reloadable-plugin/FluidSupportProviderImpl/DefaultRuntimePlugin of DefaultRuntimePlugin [roughlyenoughitems]/" done in 73.49 μs
[10:41:34] [REI-ReloadPlugins/TRACE] [REI] [REICommonPlugin END] Reloading Section: "reloadable-plugin/FluidSupportProviderImpl/StargazerREICommon of StargazerREICommon [stargazer]/"
[10:41:34] [REI-ReloadPlugins/TRACE] [REI] [REICommonPlugin END] Reloading Section: "reloadable-plugin/FluidSupportProviderImpl/StargazerREICommon of StargazerREICommon [stargazer]/" done in 19.15 μs
[10:41:34] [REI-ReloadPlugins/TRACE] [REI] [REICommonPlugin END] Reloading Section: "reloadable-plugin/FluidSupportProviderImpl/" done in 411.2 μs
[10:41:34] [REI-ReloadPlugins/TRACE] [REI] [REICommonPlugin END] Reloading Section: "reloadable-plugin/me.shedaniel.rei.plugin.client.runtime.PluginStageExecutionWatcher$1/"
[10:41:34] [REI-ReloadPlugins/TRACE] [REI] [REICommonPlugin END] Reloading Section: "reloadable-plugin/me.shedaniel.rei.plugin.client.runtime.PluginStageExecutionWatcher$1/DefaultPlugin of DefaultPlugin [roughlyenoughitems]/"
[10:41:34] [REI-ReloadPlugins/TRACE] [REI] [REICommonPlugin END] Reloading Section: "reloadable-plugin/me.shedaniel.rei.plugin.client.runtime.PluginStageExecutionWatcher$1/DefaultPlugin of DefaultPlugin [roughlyenoughitems]/" done in 21.01 μs
[10:41:34] [REI-ReloadPlugins/TRACE] [REI] [REICommonPlugin END] Reloading Section: "reloadable-plugin/me.shedaniel.rei.plugin.client.runtime.PluginStageExecutionWatcher$1/FabricFluidAPISupportPlugin/"
[10:41:34] [REI-ReloadPlugins/TRACE] [REI] [REICommonPlugin END] Reloading Section: "reloadable-plugin/me.shedaniel.rei.plugin.client.runtime.PluginStageExecutionWatcher$1/FabricFluidAPISupportPlugin/" done in 20.25 μs
[10:41:34] [REI-ReloadPlugins/TRACE] [REI] [REICommonPlugin END] Reloading Section: "reloadable-plugin/me.shedaniel.rei.plugin.client.runtime.PluginStageExecutionWatcher$1/DefaultRuntimePlugin of DefaultRuntimePlugin [roughlyenoughitems]/"
[10:41:34] [REI-ReloadPlugins/TRACE] [REI] [REICommonPlugin END] Reloading Section: "reloadable-plugin/me.shedaniel.rei.plugin.client.runtime.PluginStageExecutionWatcher$1/DefaultRuntimePlugin of DefaultRuntimePlugin [roughlyenoughitems]/" done in 20.13 μs
[10:41:34] [REI-ReloadPlugins/TRACE] [REI] [REICommonPlugin END] Reloading Section: "reloadable-plugin/me.shedaniel.rei.plugin.client.runtime.PluginStageExecutionWatcher$1/StargazerREICommon of StargazerREICommon [stargazer]/"
[10:41:34] [REI-ReloadPlugins/TRACE] [REI] [REICommonPlugin END] Reloading Section: "reloadable-plugin/me.shedaniel.rei.plugin.client.runtime.PluginStageExecutionWatcher$1/StargazerREICommon of StargazerREICommon [stargazer]/" done in 30.19 μs
[10:41:34] [REI-ReloadPlugins/TRACE] [REI] [REICommonPlugin END] Reloading Section: "reloadable-plugin/me.shedaniel.rei.plugin.client.runtime.PluginStageExecutionWatcher$1/" done in 373.9 μs
[10:41:34] [REI-ReloadPlugins/DEBUG] [REI] ========================================
[10:41:34] [REI-ReloadPlugins/DEBUG] [REI] REICommonPlugin ending main-reload for END.
[10:41:34] [REI-ReloadPlugins/DEBUG] [REI] ========================================
[10:41:34] [REI-ReloadPlugins/TRACE] [REI] [REICommonPlugin END] Reloading Section: "end-reload/"
[10:41:34] [REI-ReloadPlugins/TRACE] [REI] [REICommonPlugin END] Reloading Section: "end-reload/SlotAccessorRegistryImpl/"
[10:41:34] [REI-ReloadPlugins/DEBUG] [REI] Registered 2 slot accessor serializers
[10:41:34] [REI-ReloadPlugins/TRACE] [REI] [REICommonPlugin END] Reloading Section: "end-reload/SlotAccessorRegistryImpl/" done in 104.4 μs
[10:41:34] [REI-ReloadPlugins/TRACE] [REI] [REICommonPlugin END] Reloading Section: "end-reload/EntryTypeRegistryImpl/"
[10:41:34] [REI-ReloadPlugins/TRACE] [REI] [REICommonPlugin END] Reloading Section: "end-reload/EntryTypeRegistryImpl/" done in 14.62 μs
[10:41:34] [REI-ReloadPlugins/TRACE] [REI] [REICommonPlugin END] Reloading Section: "end-reload/EntrySettingsAdapterRegistryImpl/"
[10:41:34] [REI-ReloadPlugins/TRACE] [REI] [REICommonPlugin END] Reloading Section: "end-reload/EntrySettingsAdapterRegistryImpl/" done in 12.45 μs
[10:41:34] [REI-ReloadPlugins/TRACE] [REI] [REICommonPlugin END] Reloading Section: "end-reload/ItemComparatorRegistryImpl/"
[10:41:34] [REI-ReloadPlugins/TRACE] [REI] [REICommonPlugin END] Reloading Section: "end-reload/ItemComparatorRegistryImpl/" done in 12.55 μs
[10:41:34] [REI-ReloadPlugins/TRACE] [REI] [REICommonPlugin END] Reloading Section: "end-reload/FluidComparatorRegistryImpl/"
[10:41:34] [REI-ReloadPlugins/TRACE] [REI] [REICommonPlugin END] Reloading Section: "end-reload/FluidComparatorRegistryImpl/" done in 11.35 μs
[10:41:34] [REI-ReloadPlugins/TRACE] [REI] [REICommonPlugin END] Reloading Section: "end-reload/DisplaySerializerRegistryImpl/"
[10:41:34] [REI-ReloadPlugins/TRACE] [REI] [REICommonPlugin END] Reloading Section: "end-reload/DisplaySerializerRegistryImpl/" done in 11.87 μs
[10:41:34] [REI-ReloadPlugins/TRACE] [REI] [REICommonPlugin END] Reloading Section: "end-reload/ServerDisplayRegistryImpl/"
[10:41:34] [REI-ReloadPlugins/DEBUG] [REI] Found preliminary 0 displays
[10:41:34] [REI-ReloadPlugins/DEBUG] [REI] Filled 2193 displays from recipe manager in 117.6 ms
[10:41:34] [REI-ReloadPlugins/TRACE] [REI] [REICommonPlugin END] Reloading Section: "end-reload/ServerDisplayRegistryImpl/" done in 118.0 ms
[10:41:34] [REI-ReloadPlugins/TRACE] [REI] [REICommonPlugin END] Reloading Section: "end-reload/FluidSupportProviderImpl/"
[10:41:34] [REI-ReloadPlugins/TRACE] [REI] [REICommonPlugin END] Reloading Section: "end-reload/FluidSupportProviderImpl/" done in 22.12 μs
[10:41:34] [REI-ReloadPlugins/TRACE] [REI] [REICommonPlugin END] Reloading Section: "end-reload/me.shedaniel.rei.plugin.client.runtime.PluginStageExecutionWatcher$1/"
[10:41:34] [REI-ReloadPlugins/TRACE] [REI] [REICommonPlugin END] Reloading Section: "end-reload/me.shedaniel.rei.plugin.client.runtime.PluginStageExecutionWatcher$1/" done in 14.83 μs
[10:41:34] [REI-ReloadPlugins/TRACE] [REI] [REICommonPlugin END] Reloading Section: "end-reload/" done in 118.6 ms
[10:41:34] [REI-ReloadPlugins/DEBUG] [REI] ========================================
[10:41:34] [REI-ReloadPlugins/DEBUG] [REI] REICommonPlugin ended main-reload for END in 147.3 ms.
[10:41:34] [REI-ReloadPlugins/DEBUG] [REI] ========================================
[10:41:34] [REI-ReloadPlugins/INFO] [REI] @@@@@@@@@@@@@@@@@@@@@@@@@@@@@@@@@@@@@@@@
[10:41:34] [REI-ReloadPlugins/INFO] [REI] REIClientPlugin starting main-reload for END.
[10:41:34] [REI-ReloadPlugins/DEBUG] [REI] Reloadables (18):
[10:41:34] [REI-ReloadPlugins/DEBUG] [REI]  - EntryRendererRegistryImpl
[10:41:34] [REI-ReloadPlugins/DEBUG] [REI]  - ViewsImpl
[10:41:34] [REI-ReloadPlugins/DEBUG] [REI]  - InputMethodRegistryImpl
[10:41:34] [REI-ReloadPlugins/DEBUG] [REI]  - SearchProviderImpl
[10:41:34] [REI-ReloadPlugins/DEBUG] [REI]  - ConfigManagerImpl
[10:41:34] [REI-ReloadPlugins/DEBUG] [REI]  - EntryRegistryImpl
[10:41:34] [REI-ReloadPlugins/DEBUG] [REI]  - CollapsibleEntryRegistryImpl
[10:41:34] [REI-ReloadPlugins/DEBUG] [REI]  - BasicFilteringRuleImpl
[10:41:34] [REI-ReloadPlugins/DEBUG] [REI]  - CategoryRegistryImpl
[10:41:34] [REI-ReloadPlugins/DEBUG] [REI]  - DisplayRegistryImpl
[10:41:34] [REI-ReloadPlugins/DEBUG] [REI]  - ScreenRegistryImpl
[10:41:34] [REI-ReloadPlugins/DEBUG] [REI]  - FavoriteEntryTypeRegistryImpl
[10:41:34] [REI-ReloadPlugins/DEBUG] [REI]  - SubsetsRegistryImpl
[10:41:34] [REI-ReloadPlugins/DEBUG] [REI]  - TransferHandlerRegistryImpl
[10:41:34] [REI-ReloadPlugins/DEBUG] [REI]  - SearchRuntime
[10:41:34] [REI-ReloadPlugins/DEBUG] [REI]  - REIRuntimeImpl
[10:41:34] [REI-ReloadPlugins/DEBUG] [REI]  - ConfigAddonRegistryImpl
[10:41:34] [REI-ReloadPlugins/DEBUG] [REI]  - me.shedaniel.rei.plugin.client.runtime.PluginStageExecutionWatcher$1
[10:41:34] [REI-ReloadPlugins/INFO] [REI] Plugins (4):
[10:41:34] [REI-ReloadPlugins/INFO] [REI]  - (-100.00) DefaultClientPlugin of DefaultClientPlugin [roughlyenoughitems]
[10:41:34] [REI-ReloadPlugins/INFO] [REI]  - (0.00) HideIngredientsFromTagsPlugin of HideIngredientsFromTagsPlugin [roughlyenoughitems]
[10:41:34] [REI-ReloadPlugins/INFO] [REI]  - (0.00) DefaultClientRuntimePlugin of DefaultClientRuntimePlugin [roughlyenoughitems]
[10:41:34] [REI-ReloadPlugins/INFO] [REI]  - (0.00) StargazerREIClient of StargazerREIClient [stargazer]
[10:41:34] [REI-ReloadPlugins/INFO] [REI] @@@@@@@@@@@@@@@@@@@@@@@@@@@@@@@@@@@@@@@@
[10:41:34] [REI-ReloadPlugins/TRACE] [REI] [REIClientPlugin END] Reloading Section: "start-reload/"
[10:41:34] [REI-ReloadPlugins/TRACE] [REI] [REIClientPlugin END] Reloading Section: "start-reload/EntryRendererRegistryImpl/"
[10:41:34] [REI-ReloadPlugins/TRACE] [REI] [REIClientPlugin END] Reloading Section: "start-reload/EntryRendererRegistryImpl/" done in 34.96 μs
[10:41:34] [REI-ReloadPlugins/TRACE] [REI] [REIClientPlugin END] Reloading Section: "start-reload/ViewsImpl/"
[10:41:34] [REI-ReloadPlugins/TRACE] [REI] [REIClientPlugin END] Reloading Section: "start-reload/ViewsImpl/" done in 15.51 μs
[10:41:34] [REI-ReloadPlugins/TRACE] [REI] [REIClientPlugin END] Reloading Section: "start-reload/InputMethodRegistryImpl/"
[10:41:34] [REI-ReloadPlugins/TRACE] [REI] [REIClientPlugin END] Reloading Section: "start-reload/InputMethodRegistryImpl/" done in 19.23 μs
[10:41:34] [REI-ReloadPlugins/TRACE] [REI] [REIClientPlugin END] Reloading Section: "start-reload/SearchProviderImpl/"
[10:41:34] [REI-ReloadPlugins/TRACE] [REI] [REIClientPlugin END] Reloading Section: "start-reload/SearchProviderImpl/" done in 13.44 μs
[10:41:34] [REI-ReloadPlugins/TRACE] [REI] [REIClientPlugin END] Reloading Section: "start-reload/ConfigManagerImpl/"
[10:41:34] [REI-ReloadPlugins/TRACE] [REI] [REIClientPlugin END] Reloading Section: "start-reload/ConfigManagerImpl/" done in 12.64 μs
[10:41:34] [REI-ReloadPlugins/TRACE] [REI] [REIClientPlugin END] Reloading Section: "start-reload/EntryRegistryImpl/"
[10:41:34] [REI-ReloadPlugins/TRACE] [REI] [REIClientPlugin END] Reloading Section: "start-reload/EntryRegistryImpl/" done in 12.38 μs
[10:41:34] [REI-ReloadPlugins/TRACE] [REI] [REIClientPlugin END] Reloading Section: "start-reload/CollapsibleEntryRegistryImpl/"
[10:41:34] [REI-ReloadPlugins/TRACE] [REI] [REIClientPlugin END] Reloading Section: "start-reload/CollapsibleEntryRegistryImpl/" done in 25.06 μs
[10:41:34] [REI-ReloadPlugins/TRACE] [REI] [REIClientPlugin END] Reloading Section: "start-reload/BasicFilteringRuleImpl/"
[10:41:34] [REI-ReloadPlugins/TRACE] [REI] [REIClientPlugin END] Reloading Section: "start-reload/BasicFilteringRuleImpl/" done in 13.85 μs
[10:41:34] [REI-ReloadPlugins/TRACE] [REI] [REIClientPlugin END] Reloading Section: "start-reload/CategoryRegistryImpl/"
[10:41:34] [REI-ReloadPlugins/DEBUG] [REI] Added category visibility predicate: me.shedaniel.rei.impl.client.registry.category.CategoryRegistryImpl$$Lambda/0x000000005bb5d930@b6cdd26 [0.00 priority]
[10:41:34] [REI-ReloadPlugins/TRACE] [REI] [REIClientPlugin END] Reloading Section: "start-reload/CategoryRegistryImpl/" done in 765.9 μs
[10:41:34] [REI-ReloadPlugins/TRACE] [REI] [REIClientPlugin END] Reloading Section: "start-reload/DisplayRegistryImpl/"
[10:41:34] [REI-ReloadPlugins/TRACE] [REI] [REIClientPlugin END] Reloading Section: "start-reload/DisplayRegistryImpl/" done in 169.8 μs
[10:41:34] [REI-ReloadPlugins/TRACE] [REI] [REIClientPlugin END] Reloading Section: "start-reload/ScreenRegistryImpl/"
[10:41:34] [REI-ReloadPlugins/TRACE] [REI] [REIClientPlugin END] Reloading Section: "start-reload/ScreenRegistryImpl/" done in 15.02 μs
[10:41:34] [REI-ReloadPlugins/TRACE] [REI] [REIClientPlugin END] Reloading Section: "start-reload/FavoriteEntryTypeRegistryImpl/"
[10:41:34] [REI-ReloadPlugins/TRACE] [REI] [REIClientPlugin END] Reloading Section: "start-reload/FavoriteEntryTypeRegistryImpl/" done in 15.47 μs
[10:41:34] [REI-ReloadPlugins/TRACE] [REI] [REIClientPlugin END] Reloading Section: "start-reload/SubsetsRegistryImpl/"
[10:41:34] [REI-ReloadPlugins/TRACE] [REI] [REIClientPlugin END] Reloading Section: "start-reload/SubsetsRegistryImpl/" done in 13.09 μs
[10:41:34] [REI-ReloadPlugins/TRACE] [REI] [REIClientPlugin END] Reloading Section: "start-reload/TransferHandlerRegistryImpl/"
[10:41:34] [REI-ReloadPlugins/TRACE] [REI] [REIClientPlugin END] Reloading Section: "start-reload/TransferHandlerRegistryImpl/" done in 25.45 μs
[10:41:34] [REI-ReloadPlugins/TRACE] [REI] [REIClientPlugin END] Reloading Section: "start-reload/SearchRuntime/"
[10:41:34] [REI-ReloadPlugins/DEBUG] [REI] Preparing collapsed entry groups cache with 0 entries and 2182 stacks
[10:41:34] [REI-ReloadPlugins/DEBUG] [REI] Prepared collapsed entry groups cache with 0 entries and 2182 stacks
[10:41:34] [REI-ReloadPlugins/TRACE] [REI] [REIClientPlugin END] Reloading Section: "start-reload/SearchRuntime/" done in 848.2 μs
[10:41:34] [REI-ReloadPlugins/TRACE] [REI] [REIClientPlugin END] Reloading Section: "start-reload/REIRuntimeImpl/"
[10:41:34] [REI-ReloadPlugins/TRACE] [REI] [REIClientPlugin END] Reloading Section: "start-reload/REIRuntimeImpl/" done in 41.87 μs
[10:41:34] [REI-ReloadPlugins/TRACE] [REI] [REIClientPlugin END] Reloading Section: "start-reload/ConfigAddonRegistryImpl/"
[10:41:34] [REI-ReloadPlugins/TRACE] [REI] [REIClientPlugin END] Reloading Section: "start-reload/ConfigAddonRegistryImpl/" done in 35.12 μs
[10:41:34] [REI-ReloadPlugins/TRACE] [REI] [REIClientPlugin END] Reloading Section: "start-reload/me.shedaniel.rei.plugin.client.runtime.PluginStageExecutionWatcher$1/"
[10:41:34] [REI-ReloadPlugins/TRACE] [REI] [REIClientPlugin END] Reloading Section: "start-reload/me.shedaniel.rei.plugin.client.runtime.PluginStageExecutionWatcher$1/" done in 23.67 μs
[10:41:34] [REI-ReloadPlugins/TRACE] [REI] [REIClientPlugin END] Reloading Section: "start-reload/" done in 2.799 ms
[10:41:34] [REI-ReloadPlugins/DEBUG] [REI] ========================================
[10:41:34] [REI-ReloadPlugins/DEBUG] [REI] REIClientPlugin started main-reload for END.
[10:41:34] [REI-ReloadPlugins/DEBUG] [REI] ========================================
[10:41:34] [REI-ReloadPlugins/TRACE] [REI] [REIClientPlugin END] Reloading Section: "reloadable-plugin/EntryRendererRegistryImpl/"
[10:41:34] [REI-ReloadPlugins/TRACE] [REI] [REIClientPlugin END] Reloading Section: "reloadable-plugin/EntryRendererRegistryImpl/DefaultClientPlugin of DefaultClientPlugin [roughlyenoughitems]/"
[10:41:34] [REI-ReloadPlugins/TRACE] [REI] [REIClientPlugin END] Reloading Section: "reloadable-plugin/EntryRendererRegistryImpl/DefaultClientPlugin of DefaultClientPlugin [roughlyenoughitems]/" done in 93.25 μs
[10:41:34] [REI-ReloadPlugins/TRACE] [REI] [REIClientPlugin END] Reloading Section: "reloadable-plugin/EntryRendererRegistryImpl/HideIngredientsFromTagsPlugin of HideIngredientsFromTagsPlugin [roughlyenoughitems]/"
[10:41:34] [REI-ReloadPlugins/TRACE] [REI] [REIClientPlugin END] Reloading Section: "reloadable-plugin/EntryRendererRegistryImpl/HideIngredientsFromTagsPlugin of HideIngredientsFromTagsPlugin [roughlyenoughitems]/" done in 32.02 μs
[10:41:34] [REI-ReloadPlugins/TRACE] [REI] [REIClientPlugin END] Reloading Section: "reloadable-plugin/EntryRendererRegistryImpl/DefaultClientRuntimePlugin of DefaultClientRuntimePlugin [roughlyenoughitems]/"
[10:41:34] [REI-ReloadPlugins/TRACE] [REI] [REIClientPlugin END] Reloading Section: "reloadable-plugin/EntryRendererRegistryImpl/DefaultClientRuntimePlugin of DefaultClientRuntimePlugin [roughlyenoughitems]/" done in 22.57 μs
[10:41:34] [REI-ReloadPlugins/TRACE] [REI] [REIClientPlugin END] Reloading Section: "reloadable-plugin/EntryRendererRegistryImpl/StargazerREIClient of StargazerREIClient [stargazer]/"
[10:41:34] [REI-ReloadPlugins/TRACE] [REI] [REIClientPlugin END] Reloading Section: "reloadable-plugin/EntryRendererRegistryImpl/StargazerREIClient of StargazerREIClient [stargazer]/" done in 20.07 μs
[10:41:34] [REI-ReloadPlugins/TRACE] [REI] [REIClientPlugin END] Reloading Section: "reloadable-plugin/EntryRendererRegistryImpl/" done in 479.1 μs
[10:41:34] [REI-ReloadPlugins/TRACE] [REI] [REIClientPlugin END] Reloading Section: "reloadable-plugin/ViewsImpl/"
[10:41:34] [REI-ReloadPlugins/TRACE] [REI] [REIClientPlugin END] Reloading Section: "reloadable-plugin/ViewsImpl/DefaultClientPlugin of DefaultClientPlugin [roughlyenoughitems]/"
[10:41:34] [REI-ReloadPlugins/TRACE] [REI] [REIClientPlugin END] Reloading Section: "reloadable-plugin/ViewsImpl/DefaultClientPlugin of DefaultClientPlugin [roughlyenoughitems]/" done in 75.41 μs
[10:41:34] [REI-ReloadPlugins/TRACE] [REI] [REIClientPlugin END] Reloading Section: "reloadable-plugin/ViewsImpl/HideIngredientsFromTagsPlugin of HideIngredientsFromTagsPlugin [roughlyenoughitems]/"
[10:41:34] [REI-ReloadPlugins/TRACE] [REI] [REIClientPlugin END] Reloading Section: "reloadable-plugin/ViewsImpl/HideIngredientsFromTagsPlugin of HideIngredientsFromTagsPlugin [roughlyenoughitems]/" done in 101.5 μs
[10:41:34] [REI-ReloadPlugins/TRACE] [REI] [REIClientPlugin END] Reloading Section: "reloadable-plugin/ViewsImpl/DefaultClientRuntimePlugin of DefaultClientRuntimePlugin [roughlyenoughitems]/"
[10:41:34] [REI-ReloadPlugins/TRACE] [REI] [REIClientPlugin END] Reloading Section: "reloadable-plugin/ViewsImpl/DefaultClientRuntimePlugin of DefaultClientRuntimePlugin [roughlyenoughitems]/" done in 71.26 μs
[10:41:34] [REI-ReloadPlugins/TRACE] [REI] [REIClientPlugin END] Reloading Section: "reloadable-plugin/ViewsImpl/StargazerREIClient of StargazerREIClient [stargazer]/"
[10:41:34] [REI-ReloadPlugins/TRACE] [REI] [REIClientPlugin END] Reloading Section: "reloadable-plugin/ViewsImpl/StargazerREIClient of StargazerREIClient [stargazer]/" done in 56.31 μs
[10:41:34] [REI-ReloadPlugins/TRACE] [REI] [REIClientPlugin END] Reloading Section: "reloadable-plugin/ViewsImpl/" done in 625.3 μs
[10:41:34] [REI-ReloadPlugins/TRACE] [REI] [REIClientPlugin END] Reloading Section: "reloadable-plugin/InputMethodRegistryImpl/"
[10:41:34] [REI-ReloadPlugins/TRACE] [REI] [REIClientPlugin END] Reloading Section: "reloadable-plugin/InputMethodRegistryImpl/DefaultClientPlugin of DefaultClientPlugin [roughlyenoughitems]/"
[10:41:34] [REI-ReloadPlugins/TRACE] [REI] [REIClientPlugin END] Reloading Section: "reloadable-plugin/InputMethodRegistryImpl/DefaultClientPlugin of DefaultClientPlugin [roughlyenoughitems]/" done in 80.75 μs
[10:41:34] [REI-ReloadPlugins/TRACE] [REI] [REIClientPlugin END] Reloading Section: "reloadable-plugin/InputMethodRegistryImpl/HideIngredientsFromTagsPlugin of HideIngredientsFromTagsPlugin [roughlyenoughitems]/"
[10:41:34] [REI-ReloadPlugins/TRACE] [REI] [REIClientPlugin END] Reloading Section: "reloadable-plugin/InputMethodRegistryImpl/HideIngredientsFromTagsPlugin of HideIngredientsFromTagsPlugin [roughlyenoughitems]/" done in 47.76 μs
[10:41:34] [REI-ReloadPlugins/TRACE] [REI] [REIClientPlugin END] Reloading Section: "reloadable-plugin/InputMethodRegistryImpl/DefaultClientRuntimePlugin of DefaultClientRuntimePlugin [roughlyenoughitems]/"
[10:41:34] [REI-ReloadPlugins/DEBUG] [REI] Added input method [rei:default]: Default
[10:41:34] [REI-ReloadPlugins/DEBUG] [REI] Added input method [rei:pinyin]: Pinyin (Mandarin)
[10:41:34] [REI-ReloadPlugins/DEBUG] [REI] Added input method [rei:jyutping]: Jyutping (Cantonese)
[10:41:34] [REI-ReloadPlugins/DEBUG] [REI] Added input method [rei:bomopofo]: Bopomofo (Mandarin)
[10:41:34] [REI-ReloadPlugins/DEBUG] [REI] Added input method [rei:double_pinyin]: Double Pinyin (Mandarin)
[10:41:34] [REI-ReloadPlugins/TRACE] [REI] [REIClientPlugin END] Reloading Section: "reloadable-plugin/InputMethodRegistryImpl/DefaultClientRuntimePlugin of DefaultClientRuntimePlugin [roughlyenoughitems]/" done in 9.662 ms
[10:41:34] [REI-ReloadPlugins/TRACE] [REI] [REIClientPlugin END] Reloading Section: "reloadable-plugin/InputMethodRegistryImpl/StargazerREIClient of StargazerREIClient [stargazer]/"
[10:41:34] [REI-ReloadPlugins/TRACE] [REI] [REIClientPlugin END] Reloading Section: "reloadable-plugin/InputMethodRegistryImpl/StargazerREIClient of StargazerREIClient [stargazer]/" done in 40.28 μs
[10:41:34] [REI-ReloadPlugins/TRACE] [REI] [REIClientPlugin END] Reloading Section: "reloadable-plugin/InputMethodRegistryImpl/" done in 10.16 ms
[10:41:34] [REI-ReloadPlugins/TRACE] [REI] [REIClientPlugin END] Reloading Section: "reloadable-plugin/SearchProviderImpl/"
[10:41:34] [REI-ReloadPlugins/TRACE] [REI] [REIClientPlugin END] Reloading Section: "reloadable-plugin/SearchProviderImpl/DefaultClientPlugin of DefaultClientPlugin [roughlyenoughitems]/"
[10:41:34] [REI-ReloadPlugins/TRACE] [REI] [REIClientPlugin END] Reloading Section: "reloadable-plugin/SearchProviderImpl/DefaultClientPlugin of DefaultClientPlugin [roughlyenoughitems]/" done in 26.80 μs
[10:41:34] [REI-ReloadPlugins/TRACE] [REI] [REIClientPlugin END] Reloading Section: "reloadable-plugin/SearchProviderImpl/HideIngredientsFromTagsPlugin of HideIngredientsFromTagsPlugin [roughlyenoughitems]/"
[10:41:34] [REI-ReloadPlugins/TRACE] [REI] [REIClientPlugin END] Reloading Section: "reloadable-plugin/SearchProviderImpl/HideIngredientsFromTagsPlugin of HideIngredientsFromTagsPlugin [roughlyenoughitems]/" done in 21.58 μs
[10:41:34] [REI-ReloadPlugins/TRACE] [REI] [REIClientPlugin END] Reloading Section: "reloadable-plugin/SearchProviderImpl/DefaultClientRuntimePlugin of DefaultClientRuntimePlugin [roughlyenoughitems]/"
[10:41:34] [REI-ReloadPlugins/TRACE] [REI] [REIClientPlugin END] Reloading Section: "reloadable-plugin/SearchProviderImpl/DefaultClientRuntimePlugin of DefaultClientRuntimePlugin [roughlyenoughitems]/" done in 21.39 μs
[10:41:34] [REI-ReloadPlugins/TRACE] [REI] [REIClientPlugin END] Reloading Section: "reloadable-plugin/SearchProviderImpl/StargazerREIClient of StargazerREIClient [stargazer]/"
[10:41:34] [REI-ReloadPlugins/TRACE] [REI] [REIClientPlugin END] Reloading Section: "reloadable-plugin/SearchProviderImpl/StargazerREIClient of StargazerREIClient [stargazer]/" done in 35.15 μs
[10:41:34] [REI-ReloadPlugins/TRACE] [REI] [REIClientPlugin END] Reloading Section: "reloadable-plugin/SearchProviderImpl/" done in 292.8 μs
[10:41:34] [REI-ReloadPlugins/TRACE] [REI] [REIClientPlugin END] Reloading Section: "reloadable-plugin/ConfigManagerImpl/"
[10:41:34] [REI-ReloadPlugins/TRACE] [REI] [REIClientPlugin END] Reloading Section: "reloadable-plugin/ConfigManagerImpl/DefaultClientPlugin of DefaultClientPlugin [roughlyenoughitems]/"
[10:41:34] [REI-ReloadPlugins/TRACE] [REI] [REIClientPlugin END] Reloading Section: "reloadable-plugin/ConfigManagerImpl/DefaultClientPlugin of DefaultClientPlugin [roughlyenoughitems]/" done in 16.90 μs
[10:41:34] [REI-ReloadPlugins/TRACE] [REI] [REIClientPlugin END] Reloading Section: "reloadable-plugin/ConfigManagerImpl/HideIngredientsFromTagsPlugin of HideIngredientsFromTagsPlugin [roughlyenoughitems]/"
[10:41:34] [REI-ReloadPlugins/TRACE] [REI] [REIClientPlugin END] Reloading Section: "reloadable-plugin/ConfigManagerImpl/HideIngredientsFromTagsPlugin of HideIngredientsFromTagsPlugin [roughlyenoughitems]/" done in 16.62 μs
[10:41:34] [REI-ReloadPlugins/TRACE] [REI] [REIClientPlugin END] Reloading Section: "reloadable-plugin/ConfigManagerImpl/DefaultClientRuntimePlugin of DefaultClientRuntimePlugin [roughlyenoughitems]/"
[10:41:34] [REI-ReloadPlugins/TRACE] [REI] [REIClientPlugin END] Reloading Section: "reloadable-plugin/ConfigManagerImpl/DefaultClientRuntimePlugin of DefaultClientRuntimePlugin [roughlyenoughitems]/" done in 16.56 μs
[10:41:34] [REI-ReloadPlugins/TRACE] [REI] [REIClientPlugin END] Reloading Section: "reloadable-plugin/ConfigManagerImpl/StargazerREIClient of StargazerREIClient [stargazer]/"
[10:41:34] [REI-ReloadPlugins/TRACE] [REI] [REIClientPlugin END] Reloading Section: "reloadable-plugin/ConfigManagerImpl/StargazerREIClient of StargazerREIClient [stargazer]/" done in 14.31 μs
[10:41:34] [REI-ReloadPlugins/TRACE] [REI] [REIClientPlugin END] Reloading Section: "reloadable-plugin/ConfigManagerImpl/" done in 169.4 μs
[10:41:34] [REI-ReloadPlugins/TRACE] [REI] [REIClientPlugin END] Reloading Section: "reloadable-plugin/EntryRegistryImpl/"
[10:41:34] [REI-ReloadPlugins/TRACE] [REI] [REIClientPlugin END] Reloading Section: "reloadable-plugin/EntryRegistryImpl/DefaultClientPlugin of DefaultClientPlugin [roughlyenoughitems]/"
[10:41:34] [REI-ReloadPlugins/TRACE] [REI] [REIClientPlugin END] Reloading Section: "reloadable-plugin/EntryRegistryImpl/DefaultClientPlugin of DefaultClientPlugin [roughlyenoughitems]/" done in 18.01 μs
[10:41:34] [REI-ReloadPlugins/TRACE] [REI] [REIClientPlugin END] Reloading Section: "reloadable-plugin/EntryRegistryImpl/HideIngredientsFromTagsPlugin of HideIngredientsFromTagsPlugin [roughlyenoughitems]/"
[10:41:34] [REI-ReloadPlugins/TRACE] [REI] [REIClientPlugin END] Reloading Section: "reloadable-plugin/EntryRegistryImpl/HideIngredientsFromTagsPlugin of HideIngredientsFromTagsPlugin [roughlyenoughitems]/" done in 15.69 μs
[10:41:34] [REI-ReloadPlugins/TRACE] [REI] [REIClientPlugin END] Reloading Section: "reloadable-plugin/EntryRegistryImpl/DefaultClientRuntimePlugin of DefaultClientRuntimePlugin [roughlyenoughitems]/"
[10:41:34] [REI-ReloadPlugins/TRACE] [REI] [REIClientPlugin END] Reloading Section: "reloadable-plugin/EntryRegistryImpl/DefaultClientRuntimePlugin of DefaultClientRuntimePlugin [roughlyenoughitems]/" done in 14.20 μs
[10:41:34] [REI-ReloadPlugins/TRACE] [REI] [REIClientPlugin END] Reloading Section: "reloadable-plugin/EntryRegistryImpl/StargazerREIClient of StargazerREIClient [stargazer]/"
[10:41:34] [REI-ReloadPlugins/TRACE] [REI] [REIClientPlugin END] Reloading Section: "reloadable-plugin/EntryRegistryImpl/StargazerREIClient of StargazerREIClient [stargazer]/" done in 15.94 μs
[10:41:34] [REI-ReloadPlugins/TRACE] [REI] [REIClientPlugin END] Reloading Section: "reloadable-plugin/EntryRegistryImpl/" done in 156.0 μs
[10:41:34] [REI-ReloadPlugins/TRACE] [REI] [REIClientPlugin END] Reloading Section: "reloadable-plugin/CollapsibleEntryRegistryImpl/"
[10:41:34] [REI-ReloadPlugins/TRACE] [REI] [REIClientPlugin END] Reloading Section: "reloadable-plugin/CollapsibleEntryRegistryImpl/DefaultClientPlugin of DefaultClientPlugin [roughlyenoughitems]/"
[10:41:34] [REI-ReloadPlugins/DEBUG] [REI] Added collapsible entry group [roughlyenoughitems:enchanted_book] Enchanted Book with dynamic predicate
[10:41:34] [REI-ReloadPlugins/DEBUG] [REI] Added collapsible entry group [roughlyenoughitems:potion] Potion with dynamic predicate
[10:41:34] [REI-ReloadPlugins/DEBUG] [REI] Added collapsible entry group [roughlyenoughitems:splash_potion] Splash Potion with dynamic predicate
[10:41:34] [REI-ReloadPlugins/DEBUG] [REI] Added collapsible entry group [roughlyenoughitems:lingering_potion] Lingering Potion with dynamic predicate
[10:41:34] [REI-ReloadPlugins/DEBUG] [REI] Added collapsible entry group [roughlyenoughitems:spawn_egg] Spawn Egg with dynamic predicate
[10:41:34] [REI-ReloadPlugins/DEBUG] [REI] Added collapsible entry group [roughlyenoughitems:tipped_arrow] Tipped Arrow with dynamic predicate
[10:41:34] [REI-ReloadPlugins/DEBUG] [REI] Added collapsible entry group [roughlyenoughitems:music_disc] Music Disc with dynamic predicate
[10:41:34] [REI-ReloadPlugins/TRACE] [REI] [REIClientPlugin END] Reloading Section: "reloadable-plugin/CollapsibleEntryRegistryImpl/DefaultClientPlugin of DefaultClientPlugin [roughlyenoughitems]/" done in 1.769 ms
[10:41:34] [REI-ReloadPlugins/TRACE] [REI] [REIClientPlugin END] Reloading Section: "reloadable-plugin/CollapsibleEntryRegistryImpl/HideIngredientsFromTagsPlugin of HideIngredientsFromTagsPlugin [roughlyenoughitems]/"
[10:41:34] [REI-ReloadPlugins/TRACE] [REI] [REIClientPlugin END] Reloading Section: "reloadable-plugin/CollapsibleEntryRegistryImpl/HideIngredientsFromTagsPlugin of HideIngredientsFromTagsPlugin [roughlyenoughitems]/" done in 25.14 μs
[10:41:34] [REI-ReloadPlugins/TRACE] [REI] [REIClientPlugin END] Reloading Section: "reloadable-plugin/CollapsibleEntryRegistryImpl/DefaultClientRuntimePlugin of DefaultClientRuntimePlugin [roughlyenoughitems]/"
[10:41:34] [REI-ReloadPlugins/TRACE] [REI] [REIClientPlugin END] Reloading Section: "reloadable-plugin/CollapsibleEntryRegistryImpl/DefaultClientRuntimePlugin of DefaultClientRuntimePlugin [roughlyenoughitems]/" done in 15.15 μs
[10:41:34] [REI-ReloadPlugins/TRACE] [REI] [REIClientPlugin END] Reloading Section: "reloadable-plugin/CollapsibleEntryRegistryImpl/StargazerREIClient of StargazerREIClient [stargazer]/"
[10:41:34] [REI-ReloadPlugins/TRACE] [REI] [REIClientPlugin END] Reloading Section: "reloadable-plugin/CollapsibleEntryRegistryImpl/StargazerREIClient of StargazerREIClient [stargazer]/" done in 14.14 μs
[10:41:34] [REI-ReloadPlugins/TRACE] [REI] [REIClientPlugin END] Reloading Section: "reloadable-plugin/CollapsibleEntryRegistryImpl/" done in 1.955 ms
[10:41:34] [REI-ReloadPlugins/TRACE] [REI] [REIClientPlugin END] Reloading Section: "reloadable-plugin/BasicFilteringRuleImpl/"
[10:41:34] [REI-ReloadPlugins/TRACE] [REI] [REIClientPlugin END] Reloading Section: "reloadable-plugin/BasicFilteringRuleImpl/DefaultClientPlugin of DefaultClientPlugin [roughlyenoughitems]/"
[10:41:34] [REI-ReloadPlugins/TRACE] [REI] [REIClientPlugin END] Reloading Section: "reloadable-plugin/BasicFilteringRuleImpl/DefaultClientPlugin of DefaultClientPlugin [roughlyenoughitems]/" done in 15.03 μs
[10:41:34] [REI-ReloadPlugins/TRACE] [REI] [REIClientPlugin END] Reloading Section: "reloadable-plugin/BasicFilteringRuleImpl/HideIngredientsFromTagsPlugin of HideIngredientsFromTagsPlugin [roughlyenoughitems]/"
[10:41:34] [REI-ReloadPlugins/TRACE] [REI] [REIClientPlugin END] Reloading Section: "reloadable-plugin/BasicFilteringRuleImpl/HideIngredientsFromTagsPlugin of HideIngredientsFromTagsPlugin [roughlyenoughitems]/" done in 13.38 μs
[10:41:34] [REI-ReloadPlugins/TRACE] [REI] [REIClientPlugin END] Reloading Section: "reloadable-plugin/BasicFilteringRuleImpl/DefaultClientRuntimePlugin of DefaultClientRuntimePlugin [roughlyenoughitems]/"
[10:41:34] [REI-ReloadPlugins/TRACE] [REI] [REIClientPlugin END] Reloading Section: "reloadable-plugin/BasicFilteringRuleImpl/DefaultClientRuntimePlugin of DefaultClientRuntimePlugin [roughlyenoughitems]/" done in 13.11 μs
[10:41:34] [REI-ReloadPlugins/TRACE] [REI] [REIClientPlugin END] Reloading Section: "reloadable-plugin/BasicFilteringRuleImpl/StargazerREIClient of StargazerREIClient [stargazer]/"
[10:41:34] [REI-ReloadPlugins/TRACE] [REI] [REIClientPlugin END] Reloading Section: "reloadable-plugin/BasicFilteringRuleImpl/StargazerREIClient of StargazerREIClient [stargazer]/" done in 14.12 μs
[10:41:34] [REI-ReloadPlugins/TRACE] [REI] [REIClientPlugin END] Reloading Section: "reloadable-plugin/BasicFilteringRuleImpl/" done in 141.6 μs
[10:41:34] [REI-ReloadPlugins/TRACE] [REI] [REIClientPlugin END] Reloading Section: "reloadable-plugin/CategoryRegistryImpl/"
[10:41:34] [REI-ReloadPlugins/TRACE] [REI] [REIClientPlugin END] Reloading Section: "reloadable-plugin/CategoryRegistryImpl/DefaultClientPlugin of DefaultClientPlugin [roughlyenoughitems]/"
[10:41:34] [REI-ReloadPlugins/DEBUG] [REI] Added category [minecraft:plugins/crafting]: Crafting
[10:41:34] [REI-ReloadPlugins/DEBUG] [REI] Added category [minecraft:plugins/smelting]: Smelting
[10:41:34] [REI-ReloadPlugins/DEBUG] [REI] Added category [minecraft:plugins/smoking]: Smoking
[10:41:34] [REI-ReloadPlugins/DEBUG] [REI] Added category [minecraft:plugins/blasting]: Blasting
[10:41:34] [REI-ReloadPlugins/DEBUG] [REI] Added category [minecraft:plugins/campfire]: Campfire
[10:41:34] [REI-ReloadPlugins/DEBUG] [REI] Added category [minecraft:plugins/stone_cutting]: Stone Cutting
[10:41:34] [REI-ReloadPlugins/DEBUG] [REI] Added category [minecraft:plugins/fuel]: Fuel
[10:41:34] [REI-ReloadPlugins/DEBUG] [REI] Added category [minecraft:plugins/brewing]: Brewing
[10:41:34] [REI-ReloadPlugins/DEBUG] [REI] Added category [minecraft:plugins/composting]: Composting
[10:41:34] [REI-ReloadPlugins/DEBUG] [REI] Added category [minecraft:plugins/stripping]: Stripping
[10:41:34] [REI-ReloadPlugins/DEBUG] [REI] Added category [minecraft:plugins/smithing]: Smithing
[10:41:34] [REI-ReloadPlugins/DEBUG] [REI] Added category [minecraft:plugins/anvil]: Anvil
[10:41:34] [REI-ReloadPlugins/DEBUG] [REI] Added category [minecraft:plugins/beacon_base]: Beacon Base
[10:41:34] [REI-ReloadPlugins/DEBUG] [REI] Added category [minecraft:plugins/beacon_payment]: Beacon Payment
[10:41:34] [REI-ReloadPlugins/DEBUG] [REI] Added category [minecraft:plugins/tilling]: Tilling
[10:41:34] [REI-ReloadPlugins/DEBUG] [REI] Added category [minecraft:plugins/pathing]: Pathing
[10:41:34] [REI-ReloadPlugins/DEBUG] [REI] Added category [minecraft:plugins/waxing]: Waxing
[10:41:34] [REI-ReloadPlugins/DEBUG] [REI] Added category [minecraft:plugins/wax_scraping]: Wax Scraping
[10:41:34] [REI-ReloadPlugins/DEBUG] [REI] Added category [minecraft:plugins/oxidizing]: Oxidizing
[10:41:34] [REI-ReloadPlugins/DEBUG] [REI] Added category [minecraft:plugins/oxidation_scraping]: Oxidation Scraping
[10:41:34] [REI-ReloadPlugins/DEBUG] [REI] Added category visibility predicate: me.shedaniel.rei.plugin.client.DefaultClientPlugin$$Lambda/0x000000005bb65530@61bb7bd [0.00 priority]
[10:41:34] [REI-ReloadPlugins/TRACE] [REI] [REIClientPlugin END] Reloading Section: "reloadable-plugin/CategoryRegistryImpl/DefaultClientPlugin of DefaultClientPlugin [roughlyenoughitems]/" done in 13.92 ms
[10:41:34] [REI-ReloadPlugins/TRACE] [REI] [REIClientPlugin END] Reloading Section: "reloadable-plugin/CategoryRegistryImpl/HideIngredientsFromTagsPlugin of HideIngredientsFromTagsPlugin [roughlyenoughitems]/"
[10:41:34] [REI-ReloadPlugins/TRACE] [REI] [REIClientPlugin END] Reloading Section: "reloadable-plugin/CategoryRegistryImpl/HideIngredientsFromTagsPlugin of HideIngredientsFromTagsPlugin [roughlyenoughitems]/" done in 37.62 μs
[10:41:34] [REI-ReloadPlugins/TRACE] [REI] [REIClientPlugin END] Reloading Section: "reloadable-plugin/CategoryRegistryImpl/DefaultClientRuntimePlugin of DefaultClientRuntimePlugin [roughlyenoughitems]/"
[10:41:34] [REI-ReloadPlugins/TRACE] [REI] [REIClientPlugin END] Reloading Section: "reloadable-plugin/CategoryRegistryImpl/DefaultClientRuntimePlugin of DefaultClientRuntimePlugin [roughlyenoughitems]/" done in 29.25 μs
[10:41:34] [REI-ReloadPlugins/TRACE] [REI] [REIClientPlugin END] Reloading Section: "reloadable-plugin/CategoryRegistryImpl/StargazerREIClient of StargazerREIClient [stargazer]/"
[10:41:34] [REI-ReloadPlugins/DEBUG] [REI] Added category [stargazer:starforge]: Starforge
[10:41:34] [REI-ReloadPlugins/DEBUG] [REI] Added category [stargazer:moon_welder]: Moon Welder
[10:41:34] [REI-ReloadPlugins/DEBUG] [REI] Added category [stargazer:stargazing]: Stargazing
[10:41:34] [REI-ReloadPlugins/DEBUG] [REI] Added category [stargazer:star_crusher]: Star Crusher
[10:41:34] [REI-ReloadPlugins/TRACE] [REI] [REIClientPlugin END] Reloading Section: "reloadable-plugin/CategoryRegistryImpl/StargazerREIClient of StargazerREIClient [stargazer]/" done in 2.159 ms
[10:41:34] [REI-ReloadPlugins/TRACE] [REI] [REIClientPlugin END] Reloading Section: "reloadable-plugin/CategoryRegistryImpl/" done in 16.45 ms
[10:41:34] [REI-ReloadPlugins/TRACE] [REI] [REIClientPlugin END] Reloading Section: "reloadable-plugin/DisplayRegistryImpl/"
[10:41:34] [REI-ReloadPlugins/TRACE] [REI] [REIClientPlugin END] Reloading Section: "reloadable-plugin/DisplayRegistryImpl/DefaultClientPlugin of DefaultClientPlugin [roughlyenoughitems]/"
[10:41:34] [REI-ReloadPlugins/DEBUG] [REI] Added category [roughlyenoughitems:plugins/information]: Information
[10:41:34] [REI-ReloadPlugins/DEBUG] [REI] Added category [minecraft:plugins/tag]: Tag
[10:41:34] [REI-ReloadPlugins/DEBUG] [REI] Added display filter: me.shedaniel.rei.api.common.registry.display.DisplayConsumer$RecipeDisplayConsumer$RecipeFillerBuilder$$Lambda/0x000000005bb67c88@216e666
[10:41:34] [REI-ReloadPlugins/DEBUG] [REI] Added display filter: me.shedaniel.rei.api.common.registry.display.DisplayConsumer$RecipeDisplayConsumer$RecipeFillerBuilder$$Lambda/0x000000005bb67c88@bf58e49
[10:41:34] [REI-ReloadPlugins/DEBUG] [REI] Added display filter: me.shedaniel.rei.api.common.registry.display.DisplayConsumer$RecipeDisplayConsumer$RecipeFillerBuilder$$Lambda/0x000000005bb67c88@51c0a74b
[10:41:34] [REI-ReloadPlugins/DEBUG] [REI] Added display filter: me.shedaniel.rei.api.common.registry.display.DisplayConsumer$RecipeDisplayConsumer$RecipeFillerBuilder$$Lambda/0x000000005bb67c88@635331ee
[10:41:34] [REI-ReloadPlugins/DEBUG] [REI] Added display filter: me.shedaniel.rei.api.common.registry.display.DisplayConsumer$RecipeDisplayConsumer$RecipeFillerBuilder$$Lambda/0x000000005bb67c88@46acb2d0
[10:41:34] [REI-ReloadPlugins/DEBUG] [REI] Added display filter: me.shedaniel.rei.api.common.registry.display.DisplayConsumer$FillerBuilder$$Lambda/0x000000005bb429a8@775f10c6
[10:41:34] [REI-ReloadPlugins/DEBUG] [REI] Added display filter: me.shedaniel.rei.api.common.registry.display.DisplayConsumer$FillerBuilder$$Lambda/0x000000005bb429a8@3af7608c
[10:41:34] [REI-ReloadPlugins/DEBUG] [REI] Added display filter: me.shedaniel.rei.api.common.registry.display.DisplayConsumer$FillerBuilder$$Lambda/0x000000005bb429a8@56c0dd5b
[10:41:34] [REI-ReloadPlugins/TRACE] [REI] [REIClientPlugin END] Reloading Section: "reloadable-plugin/DisplayRegistryImpl/DefaultClientPlugin of DefaultClientPlugin [roughlyenoughitems]/" done in 303.3 ms
[10:41:34] [REI-ReloadPlugins/TRACE] [REI] [REIClientPlugin END] Reloading Section: "reloadable-plugin/DisplayRegistryImpl/HideIngredientsFromTagsPlugin of HideIngredientsFromTagsPlugin [roughlyenoughitems]/"
[10:41:34] [REI-ReloadPlugins/TRACE] [REI] [REIClientPlugin END] Reloading Section: "reloadable-plugin/DisplayRegistryImpl/HideIngredientsFromTagsPlugin of HideIngredientsFromTagsPlugin [roughlyenoughitems]/" done in 56.03 μs
[10:41:34] [REI-ReloadPlugins/TRACE] [REI] [REIClientPlugin END] Reloading Section: "reloadable-plugin/DisplayRegistryImpl/DefaultClientRuntimePlugin of DefaultClientRuntimePlugin [roughlyenoughitems]/"
[10:41:35] [REI-ReloadPlugins/DEBUG] [REI] Computed existing filtered displays with 3 rules in 364.1 ms
[10:41:35] [REI-ReloadPlugins/DEBUG] [REI] Added display visibility predicate: me.shedaniel.rei.plugin.client.runtime.FilteredStacksVisibilityHandler@7cc7a444 [0.00 priority]
[10:41:35] [REI-ReloadPlugins/TRACE] [REI] [REIClientPlugin END] Reloading Section: "reloadable-plugin/DisplayRegistryImpl/DefaultClientRuntimePlugin of DefaultClientRuntimePlugin [roughlyenoughitems]/" done in 364.8 ms
[10:41:35] [REI-ReloadPlugins/TRACE] [REI] [REIClientPlugin END] Reloading Section: "reloadable-plugin/DisplayRegistryImpl/StargazerREIClient of StargazerREIClient [stargazer]/"
[10:41:35] [REI-ReloadPlugins/DEBUG] [REI] Added display filter: me.shedaniel.rei.api.common.registry.display.DisplayConsumer$RecipeDisplayConsumer$RecipeFillerBuilder$$Lambda/0x000000005bb67c88@58d314e4
[10:41:35] [REI-ReloadPlugins/DEBUG] [REI] Added display filter: me.shedaniel.rei.api.common.registry.display.DisplayConsumer$RecipeDisplayConsumer$RecipeFillerBuilder$$Lambda/0x000000005bb67c88@2765cce9
[10:41:35] [REI-ReloadPlugins/DEBUG] [REI] Added display filter: me.shedaniel.rei.api.common.registry.display.DisplayConsumer$RecipeDisplayConsumer$RecipeFillerBuilder$$Lambda/0x000000005bb67c88@a2f53a2
[10:41:35] [REI-ReloadPlugins/TRACE] [REI] [REIClientPlugin END] Reloading Section: "reloadable-plugin/DisplayRegistryImpl/StargazerREIClient of StargazerREIClient [stargazer]/" done in 16.32 ms
[10:41:35] [REI-ReloadPlugins/TRACE] [REI] [REIClientPlugin END] Reloading Section: "reloadable-plugin/DisplayRegistryImpl/" done in 684.9 ms
[10:41:35] [REI-ReloadPlugins/TRACE] [REI] [REIClientPlugin END] Reloading Section: "reloadable-plugin/ScreenRegistryImpl/"
[10:41:35] [REI-ReloadPlugins/TRACE] [REI] [REIClientPlugin END] Reloading Section: "reloadable-plugin/ScreenRegistryImpl/DefaultClientPlugin of DefaultClientPlugin [roughlyenoughitems]/"
[10:41:35] [REI-ReloadPlugins/TRACE] [REI] [REIClientPlugin END] Reloading Section: "reloadable-plugin/ScreenRegistryImpl/DefaultClientPlugin of DefaultClientPlugin [roughlyenoughitems]/" done in 37.47 μs
[10:41:35] [REI-ReloadPlugins/TRACE] [REI] [REIClientPlugin END] Reloading Section: "reloadable-plugin/ScreenRegistryImpl/HideIngredientsFromTagsPlugin of HideIngredientsFromTagsPlugin [roughlyenoughitems]/"
[10:41:35] [REI-ReloadPlugins/TRACE] [REI] [REIClientPlugin END] Reloading Section: "reloadable-plugin/ScreenRegistryImpl/HideIngredientsFromTagsPlugin of HideIngredientsFromTagsPlugin [roughlyenoughitems]/" done in 29.31 μs
[10:41:35] [REI-ReloadPlugins/TRACE] [REI] [REIClientPlugin END] Reloading Section: "reloadable-plugin/ScreenRegistryImpl/DefaultClientRuntimePlugin of DefaultClientRuntimePlugin [roughlyenoughitems]/"
[10:41:35] [REI-ReloadPlugins/TRACE] [REI] [REIClientPlugin END] Reloading Section: "reloadable-plugin/ScreenRegistryImpl/DefaultClientRuntimePlugin of DefaultClientRuntimePlugin [roughlyenoughitems]/" done in 34.20 μs
[10:41:35] [REI-ReloadPlugins/TRACE] [REI] [REIClientPlugin END] Reloading Section: "reloadable-plugin/ScreenRegistryImpl/StargazerREIClient of StargazerREIClient [stargazer]/"
[10:41:35] [REI-ReloadPlugins/TRACE] [REI] [REIClientPlugin END] Reloading Section: "reloadable-plugin/ScreenRegistryImpl/StargazerREIClient of StargazerREIClient [stargazer]/" done in 22.55 μs
[10:41:35] [REI-ReloadPlugins/TRACE] [REI] [REIClientPlugin END] Reloading Section: "reloadable-plugin/ScreenRegistryImpl/" done in 373.6 μs
[10:41:35] [REI-ReloadPlugins/TRACE] [REI] [REIClientPlugin END] Reloading Section: "reloadable-plugin/FavoriteEntryTypeRegistryImpl/"
[10:41:35] [REI-ReloadPlugins/TRACE] [REI] [REIClientPlugin END] Reloading Section: "reloadable-plugin/FavoriteEntryTypeRegistryImpl/DefaultClientPlugin of DefaultClientPlugin [roughlyenoughitems]/"
[10:41:35] [REI-ReloadPlugins/TRACE] [REI] [REIClientPlugin END] Reloading Section: "reloadable-plugin/FavoriteEntryTypeRegistryImpl/DefaultClientPlugin of DefaultClientPlugin [roughlyenoughitems]/" done in 22.03 μs
[10:41:35] [REI-ReloadPlugins/TRACE] [REI] [REIClientPlugin END] Reloading Section: "reloadable-plugin/FavoriteEntryTypeRegistryImpl/HideIngredientsFromTagsPlugin of HideIngredientsFromTagsPlugin [roughlyenoughitems]/"
[10:41:35] [REI-ReloadPlugins/TRACE] [REI] [REIClientPlugin END] Reloading Section: "reloadable-plugin/FavoriteEntryTypeRegistryImpl/HideIngredientsFromTagsPlugin of HideIngredientsFromTagsPlugin [roughlyenoughitems]/" done in 23.72 μs
[10:41:35] [REI-ReloadPlugins/TRACE] [REI] [REIClientPlugin END] Reloading Section: "reloadable-plugin/FavoriteEntryTypeRegistryImpl/DefaultClientRuntimePlugin of DefaultClientRuntimePlugin [roughlyenoughitems]/"
[10:41:35] [REI-ReloadPlugins/TRACE] [REI] [REIClientPlugin END] Reloading Section: "reloadable-plugin/FavoriteEntryTypeRegistryImpl/DefaultClientRuntimePlugin of DefaultClientRuntimePlugin [roughlyenoughitems]/" done in 22.51 μs
[10:41:35] [REI-ReloadPlugins/TRACE] [REI] [REIClientPlugin END] Reloading Section: "reloadable-plugin/FavoriteEntryTypeRegistryImpl/StargazerREIClient of StargazerREIClient [stargazer]/"
[10:41:35] [REI-ReloadPlugins/TRACE] [REI] [REIClientPlugin END] Reloading Section: "reloadable-plugin/FavoriteEntryTypeRegistryImpl/StargazerREIClient of StargazerREIClient [stargazer]/" done in 21.89 μs
[10:41:35] [REI-ReloadPlugins/TRACE] [REI] [REIClientPlugin END] Reloading Section: "reloadable-plugin/FavoriteEntryTypeRegistryImpl/" done in 241.3 μs
[10:41:35] [REI-ReloadPlugins/TRACE] [REI] [REIClientPlugin END] Reloading Section: "reloadable-plugin/SubsetsRegistryImpl/"
[10:41:35] [REI-ReloadPlugins/TRACE] [REI] [REIClientPlugin END] Reloading Section: "reloadable-plugin/SubsetsRegistryImpl/DefaultClientPlugin of DefaultClientPlugin [roughlyenoughitems]/"
[10:41:35] [REI-ReloadPlugins/TRACE] [REI] [REIClientPlugin END] Reloading Section: "reloadable-plugin/SubsetsRegistryImpl/DefaultClientPlugin of DefaultClientPlugin [roughlyenoughitems]/" done in 22.75 μs
[10:41:35] [REI-ReloadPlugins/TRACE] [REI] [REIClientPlugin END] Reloading Section: "reloadable-plugin/SubsetsRegistryImpl/HideIngredientsFromTagsPlugin of HideIngredientsFromTagsPlugin [roughlyenoughitems]/"
[10:41:35] [REI-ReloadPlugins/TRACE] [REI] [REIClientPlugin END] Reloading Section: "reloadable-plugin/SubsetsRegistryImpl/HideIngredientsFromTagsPlugin of HideIngredientsFromTagsPlugin [roughlyenoughitems]/" done in 20.37 μs
[10:41:35] [REI-ReloadPlugins/TRACE] [REI] [REIClientPlugin END] Reloading Section: "reloadable-plugin/SubsetsRegistryImpl/DefaultClientRuntimePlugin of DefaultClientRuntimePlugin [roughlyenoughitems]/"
[10:41:35] [REI-ReloadPlugins/TRACE] [REI] [REIClientPlugin END] Reloading Section: "reloadable-plugin/SubsetsRegistryImpl/DefaultClientRuntimePlugin of DefaultClientRuntimePlugin [roughlyenoughitems]/" done in 20.37 μs
[10:41:35] [REI-ReloadPlugins/TRACE] [REI] [REIClientPlugin END] Reloading Section: "reloadable-plugin/SubsetsRegistryImpl/StargazerREIClient of StargazerREIClient [stargazer]/"
[10:41:35] [REI-ReloadPlugins/TRACE] [REI] [REIClientPlugin END] Reloading Section: "reloadable-plugin/SubsetsRegistryImpl/StargazerREIClient of StargazerREIClient [stargazer]/" done in 20.28 μs
[10:41:35] [REI-ReloadPlugins/TRACE] [REI] [REIClientPlugin END] Reloading Section: "reloadable-plugin/SubsetsRegistryImpl/" done in 239.2 μs
[10:41:35] [REI-ReloadPlugins/TRACE] [REI] [REIClientPlugin END] Reloading Section: "reloadable-plugin/TransferHandlerRegistryImpl/"
[10:41:35] [REI-ReloadPlugins/TRACE] [REI] [REIClientPlugin END] Reloading Section: "reloadable-plugin/TransferHandlerRegistryImpl/DefaultClientPlugin of DefaultClientPlugin [roughlyenoughitems]/"
[10:41:35] [REI-ReloadPlugins/DEBUG] [REI] Added transfer handler: me.shedaniel.rei.api.client.registry.transfer.simple.SimpleTransferHandler$1@15d3a674 [0.00 priority]
[10:41:35] [REI-ReloadPlugins/DEBUG] [REI] Added transfer handler: me.shedaniel.rei.plugin.autocrafting.InventoryCraftingTransferHandler@1bf06d03 [0.00 priority]
[10:41:35] [REI-ReloadPlugins/DEBUG] [REI] Added transfer handler: me.shedaniel.rei.api.client.registry.transfer.simple.SimpleTransferHandler$1@79568d41 [0.00 priority]
[10:41:35] [REI-ReloadPlugins/DEBUG] [REI] Added transfer handler: me.shedaniel.rei.api.client.registry.transfer.simple.SimpleTransferHandler$1@2d41b31b [0.00 priority]
[10:41:35] [REI-ReloadPlugins/DEBUG] [REI] Added transfer handler: me.shedaniel.rei.api.client.registry.transfer.simple.SimpleTransferHandler$1@7a46ff28 [0.00 priority]
[10:41:35] [REI-ReloadPlugins/DEBUG] [REI] Added transfer handler: me.shedaniel.rei.plugin.autocrafting.recipebook.DefaultRecipeBookHandler@423c1e72 [-20.00 priority]
[10:41:35] [REI-ReloadPlugins/TRACE] [REI] [REIClientPlugin END] Reloading Section: "reloadable-plugin/TransferHandlerRegistryImpl/DefaultClientPlugin of DefaultClientPlugin [roughlyenoughitems]/" done in 6.304 ms
[10:41:35] [REI-ReloadPlugins/TRACE] [REI] [REIClientPlugin END] Reloading Section: "reloadable-plugin/TransferHandlerRegistryImpl/HideIngredientsFromTagsPlugin of HideIngredientsFromTagsPlugin [roughlyenoughitems]/"
[10:41:35] [REI-ReloadPlugins/TRACE] [REI] [REIClientPlugin END] Reloading Section: "reloadable-plugin/TransferHandlerRegistryImpl/HideIngredientsFromTagsPlugin of HideIngredientsFromTagsPlugin [roughlyenoughitems]/" done in 38.92 μs
[10:41:35] [REI-ReloadPlugins/TRACE] [REI] [REIClientPlugin END] Reloading Section: "reloadable-plugin/TransferHandlerRegistryImpl/DefaultClientRuntimePlugin of DefaultClientRuntimePlugin [roughlyenoughitems]/"
[10:41:35] [REI-ReloadPlugins/TRACE] [REI] [REIClientPlugin END] Reloading Section: "reloadable-plugin/TransferHandlerRegistryImpl/DefaultClientRuntimePlugin of DefaultClientRuntimePlugin [roughlyenoughitems]/" done in 20.74 μs
[10:41:35] [REI-ReloadPlugins/TRACE] [REI] [REIClientPlugin END] Reloading Section: "reloadable-plugin/TransferHandlerRegistryImpl/StargazerREIClient of StargazerREIClient [stargazer]/"
[10:41:35] [REI-ReloadPlugins/TRACE] [REI] [REIClientPlugin END] Reloading Section: "reloadable-plugin/TransferHandlerRegistryImpl/StargazerREIClient of StargazerREIClient [stargazer]/" done in 17.12 μs
[10:41:35] [REI-ReloadPlugins/TRACE] [REI] [REIClientPlugin END] Reloading Section: "reloadable-plugin/TransferHandlerRegistryImpl/" done in 6.577 ms
[10:41:35] [REI-ReloadPlugins/TRACE] [REI] [REIClientPlugin END] Reloading Section: "reloadable-plugin/SearchRuntime/"
[10:41:35] [REI-ReloadPlugins/TRACE] [REI] [REIClientPlugin END] Reloading Section: "reloadable-plugin/SearchRuntime/DefaultClientPlugin of DefaultClientPlugin [roughlyenoughitems]/"
[10:41:35] [REI-ReloadPlugins/TRACE] [REI] [REIClientPlugin END] Reloading Section: "reloadable-plugin/SearchRuntime/DefaultClientPlugin of DefaultClientPlugin [roughlyenoughitems]/" done in 15.47 μs
[10:41:35] [REI-ReloadPlugins/TRACE] [REI] [REIClientPlugin END] Reloading Section: "reloadable-plugin/SearchRuntime/HideIngredientsFromTagsPlugin of HideIngredientsFromTagsPlugin [roughlyenoughitems]/"
[10:41:35] [REI-ReloadPlugins/TRACE] [REI] [REIClientPlugin END] Reloading Section: "reloadable-plugin/SearchRuntime/HideIngredientsFromTagsPlugin of HideIngredientsFromTagsPlugin [roughlyenoughitems]/" done in 23.10 μs
[10:41:35] [REI-ReloadPlugins/TRACE] [REI] [REIClientPlugin END] Reloading Section: "reloadable-plugin/SearchRuntime/DefaultClientRuntimePlugin of DefaultClientRuntimePlugin [roughlyenoughitems]/"
[10:41:35] [REI-ReloadPlugins/TRACE] [REI] [REIClientPlugin END] Reloading Section: "reloadable-plugin/SearchRuntime/DefaultClientRuntimePlugin of DefaultClientRuntimePlugin [roughlyenoughitems]/" done in 14.08 μs
[10:41:35] [REI-ReloadPlugins/TRACE] [REI] [REIClientPlugin END] Reloading Section: "reloadable-plugin/SearchRuntime/StargazerREIClient of StargazerREIClient [stargazer]/"
[10:41:35] [REI-ReloadPlugins/TRACE] [REI] [REIClientPlugin END] Reloading Section: "reloadable-plugin/SearchRuntime/StargazerREIClient of StargazerREIClient [stargazer]/" done in 36.83 μs
[10:41:35] [REI-ReloadPlugins/TRACE] [REI] [REIClientPlugin END] Reloading Section: "reloadable-plugin/SearchRuntime/" done in 217.4 μs
[10:41:35] [REI-ReloadPlugins/TRACE] [REI] [REIClientPlugin END] Reloading Section: "reloadable-plugin/REIRuntimeImpl/"
[10:41:35] [REI-ReloadPlugins/TRACE] [REI] [REIClientPlugin END] Reloading Section: "reloadable-plugin/REIRuntimeImpl/DefaultClientPlugin of DefaultClientPlugin [roughlyenoughitems]/"
[10:41:35] [REI-ReloadPlugins/TRACE] [REI] [REIClientPlugin END] Reloading Section: "reloadable-plugin/REIRuntimeImpl/DefaultClientPlugin of DefaultClientPlugin [roughlyenoughitems]/" done in 16.98 μs
[10:41:35] [REI-ReloadPlugins/TRACE] [REI] [REIClientPlugin END] Reloading Section: "reloadable-plugin/REIRuntimeImpl/HideIngredientsFromTagsPlugin of HideIngredientsFromTagsPlugin [roughlyenoughitems]/"
[10:41:35] [REI-ReloadPlugins/TRACE] [REI] [REIClientPlugin END] Reloading Section: "reloadable-plugin/REIRuntimeImpl/HideIngredientsFromTagsPlugin of HideIngredientsFromTagsPlugin [roughlyenoughitems]/" done in 14.27 μs
[10:41:35] [REI-ReloadPlugins/TRACE] [REI] [REIClientPlugin END] Reloading Section: "reloadable-plugin/REIRuntimeImpl/DefaultClientRuntimePlugin of DefaultClientRuntimePlugin [roughlyenoughitems]/"
[10:41:35] [REI-ReloadPlugins/TRACE] [REI] [REIClientPlugin END] Reloading Section: "reloadable-plugin/REIRuntimeImpl/DefaultClientRuntimePlugin of DefaultClientRuntimePlugin [roughlyenoughitems]/" done in 16.78 μs
[10:41:35] [REI-ReloadPlugins/TRACE] [REI] [REIClientPlugin END] Reloading Section: "reloadable-plugin/REIRuntimeImpl/StargazerREIClient of StargazerREIClient [stargazer]/"
[10:41:35] [REI-ReloadPlugins/TRACE] [REI] [REIClientPlugin END] Reloading Section: "reloadable-plugin/REIRuntimeImpl/StargazerREIClient of StargazerREIClient [stargazer]/" done in 13.96 μs
[10:41:35] [REI-ReloadPlugins/TRACE] [REI] [REIClientPlugin END] Reloading Section: "reloadable-plugin/REIRuntimeImpl/" done in 166.3 μs
[10:41:35] [REI-ReloadPlugins/TRACE] [REI] [REIClientPlugin END] Reloading Section: "reloadable-plugin/ConfigAddonRegistryImpl/"
[10:41:35] [REI-ReloadPlugins/TRACE] [REI] [REIClientPlugin END] Reloading Section: "reloadable-plugin/ConfigAddonRegistryImpl/DefaultClientPlugin of DefaultClientPlugin [roughlyenoughitems]/"
[10:41:35] [REI-ReloadPlugins/TRACE] [REI] [REIClientPlugin END] Reloading Section: "reloadable-plugin/ConfigAddonRegistryImpl/DefaultClientPlugin of DefaultClientPlugin [roughlyenoughitems]/" done in 20.30 μs
[10:41:35] [REI-ReloadPlugins/TRACE] [REI] [REIClientPlugin END] Reloading Section: "reloadable-plugin/ConfigAddonRegistryImpl/HideIngredientsFromTagsPlugin of HideIngredientsFromTagsPlugin [roughlyenoughitems]/"
[10:41:35] [REI-ReloadPlugins/TRACE] [REI] [REIClientPlugin END] Reloading Section: "reloadable-plugin/ConfigAddonRegistryImpl/HideIngredientsFromTagsPlugin of HideIngredientsFromTagsPlugin [roughlyenoughitems]/" done in 14.60 μs
[10:41:35] [REI-ReloadPlugins/TRACE] [REI] [REIClientPlugin END] Reloading Section: "reloadable-plugin/ConfigAddonRegistryImpl/DefaultClientRuntimePlugin of DefaultClientRuntimePlugin [roughlyenoughitems]/"
[10:41:35] [REI-ReloadPlugins/TRACE] [REI] [REIClientPlugin END] Reloading Section: "reloadable-plugin/ConfigAddonRegistryImpl/DefaultClientRuntimePlugin of DefaultClientRuntimePlugin [roughlyenoughitems]/" done in 18.36 μs
[10:41:35] [REI-ReloadPlugins/TRACE] [REI] [REIClientPlugin END] Reloading Section: "reloadable-plugin/ConfigAddonRegistryImpl/StargazerREIClient of StargazerREIClient [stargazer]/"
[10:41:35] [REI-ReloadPlugins/TRACE] [REI] [REIClientPlugin END] Reloading Section: "reloadable-plugin/ConfigAddonRegistryImpl/StargazerREIClient of StargazerREIClient [stargazer]/" done in 13.73 μs
[10:41:35] [REI-ReloadPlugins/TRACE] [REI] [REIClientPlugin END] Reloading Section: "reloadable-plugin/ConfigAddonRegistryImpl/" done in 160.0 μs
[10:41:35] [REI-ReloadPlugins/TRACE] [REI] [REIClientPlugin END] Reloading Section: "reloadable-plugin/me.shedaniel.rei.plugin.client.runtime.PluginStageExecutionWatcher$1/"
[10:41:35] [REI-ReloadPlugins/TRACE] [REI] [REIClientPlugin END] Reloading Section: "reloadable-plugin/me.shedaniel.rei.plugin.client.runtime.PluginStageExecutionWatcher$1/DefaultClientPlugin of DefaultClientPlugin [roughlyenoughitems]/"
[10:41:35] [REI-ReloadPlugins/TRACE] [REI] [REIClientPlugin END] Reloading Section: "reloadable-plugin/me.shedaniel.rei.plugin.client.runtime.PluginStageExecutionWatcher$1/DefaultClientPlugin of DefaultClientPlugin [roughlyenoughitems]/" done in 13.57 μs
[10:41:35] [REI-ReloadPlugins/TRACE] [REI] [REIClientPlugin END] Reloading Section: "reloadable-plugin/me.shedaniel.rei.plugin.client.runtime.PluginStageExecutionWatcher$1/HideIngredientsFromTagsPlugin of HideIngredientsFromTagsPlugin [roughlyenoughitems]/"
[10:41:35] [REI-ReloadPlugins/TRACE] [REI] [REIClientPlugin END] Reloading Section: "reloadable-plugin/me.shedaniel.rei.plugin.client.runtime.PluginStageExecutionWatcher$1/HideIngredientsFromTagsPlugin of HideIngredientsFromTagsPlugin [roughlyenoughitems]/" done in 13.52 μs
[10:41:35] [REI-ReloadPlugins/TRACE] [REI] [REIClientPlugin END] Reloading Section: "reloadable-plugin/me.shedaniel.rei.plugin.client.runtime.PluginStageExecutionWatcher$1/DefaultClientRuntimePlugin of DefaultClientRuntimePlugin [roughlyenoughitems]/"
[10:41:35] [REI-ReloadPlugins/TRACE] [REI] [REIClientPlugin END] Reloading Section: "reloadable-plugin/me.shedaniel.rei.plugin.client.runtime.PluginStageExecutionWatcher$1/DefaultClientRuntimePlugin of DefaultClientRuntimePlugin [roughlyenoughitems]/" done in 12.88 μs
[10:41:35] [REI-ReloadPlugins/TRACE] [REI] [REIClientPlugin END] Reloading Section: "reloadable-plugin/me.shedaniel.rei.plugin.client.runtime.PluginStageExecutionWatcher$1/StargazerREIClient of StargazerREIClient [stargazer]/"
[10:41:35] [REI-ReloadPlugins/TRACE] [REI] [REIClientPlugin END] Reloading Section: "reloadable-plugin/me.shedaniel.rei.plugin.client.runtime.PluginStageExecutionWatcher$1/StargazerREIClient of StargazerREIClient [stargazer]/" done in 13.22 μs
[10:41:35] [REI-ReloadPlugins/TRACE] [REI] [REIClientPlugin END] Reloading Section: "reloadable-plugin/me.shedaniel.rei.plugin.client.runtime.PluginStageExecutionWatcher$1/" done in 133.2 μs
[10:41:35] [REI-ReloadPlugins/DEBUG] [REI] ========================================
[10:41:35] [REI-ReloadPlugins/DEBUG] [REI] REIClientPlugin ending main-reload for END.
[10:41:35] [REI-ReloadPlugins/DEBUG] [REI] ========================================
[10:41:35] [REI-ReloadPlugins/TRACE] [REI] [REIClientPlugin END] Reloading Section: "end-reload/"
[10:41:35] [REI-ReloadPlugins/TRACE] [REI] [REIClientPlugin END] Reloading Section: "end-reload/EntryRendererRegistryImpl/"
[10:41:35] [REI-ReloadPlugins/TRACE] [REI] [REIClientPlugin END] Reloading Section: "end-reload/EntryRendererRegistryImpl/" done in 9.548 μs
[10:41:35] [REI-ReloadPlugins/TRACE] [REI] [REIClientPlugin END] Reloading Section: "end-reload/ViewsImpl/"
[10:41:35] [REI-ReloadPlugins/TRACE] [REI] [REIClientPlugin END] Reloading Section: "end-reload/ViewsImpl/" done in 19.00 μs
[10:41:35] [REI-ReloadPlugins/TRACE] [REI] [REIClientPlugin END] Reloading Section: "end-reload/InputMethodRegistryImpl/"
[10:41:35] [REI-ReloadPlugins/DEBUG] [REI] Registered 5 input methods: Default, Jyutping (Cantonese), Pinyin (Mandarin), Bopomofo (Mandarin), Double Pinyin (Mandarin)
[10:41:35] [REI-ReloadPlugins/TRACE] [REI] [REIClientPlugin END] Reloading Section: "end-reload/InputMethodRegistryImpl/" done in 1.673 ms
[10:41:35] [REI-ReloadPlugins/TRACE] [REI] [REIClientPlugin END] Reloading Section: "end-reload/SearchProviderImpl/"
[10:41:35] [REI-ReloadPlugins/TRACE] [REI] [REIClientPlugin END] Reloading Section: "end-reload/SearchProviderImpl/" done in 26.86 μs
[10:41:35] [REI-ReloadPlugins/TRACE] [REI] [REIClientPlugin END] Reloading Section: "end-reload/ConfigManagerImpl/"
[10:41:35] [REI-ReloadPlugins/TRACE] [REI] [REIClientPlugin END] Reloading Section: "end-reload/ConfigManagerImpl/" done in 10.93 μs
[10:41:35] [REI-ReloadPlugins/TRACE] [REI] [REIClientPlugin END] Reloading Section: "end-reload/EntryRegistryImpl/"
[10:41:35] [REI-ReloadPlugins/TRACE] [REI] [REIClientPlugin END] Reloading Section: "end-reload/EntryRegistryImpl/" done in 8.326 μs
[10:41:35] [REI-ReloadPlugins/TRACE] [REI] [REIClientPlugin END] Reloading Section: "end-reload/CollapsibleEntryRegistryImpl/"
[10:41:35] [REI-ReloadPlugins/DEBUG] [REI] Recollecting custom collapsible entry groups
[10:41:35] [REI-ReloadPlugins/DEBUG] [REI] Registered 0 custom collapsible entry groups: 
[10:41:35] [REI-ReloadPlugins/DEBUG] [REI] Registered 7 collapsible entry groups: Enchanted Book, Potion, Splash Potion, Lingering Potion, Spawn Egg, Tipped Arrow, Music Disc
[10:41:35] [REI-ReloadPlugins/TRACE] [REI] [REIClientPlugin END] Reloading Section: "end-reload/CollapsibleEntryRegistryImpl/" done in 348.2 μs
[10:41:35] [REI-ReloadPlugins/TRACE] [REI] [REIClientPlugin END] Reloading Section: "end-reload/BasicFilteringRuleImpl/"
[10:41:35] [REI-ReloadPlugins/TRACE] [REI] [REIClientPlugin END] Reloading Section: "end-reload/BasicFilteringRuleImpl/" done in 13.54 μs
[10:41:35] [REI-ReloadPlugins/TRACE] [REI] [REIClientPlugin END] Reloading Section: "end-reload/CategoryRegistryImpl/"
[10:41:35] [REI-ReloadPlugins/DEBUG] [REI] Registered 26 categories: Crafting, Smelting, Smoking, Blasting, Campfire, Stone Cutting, Fuel, Brewing, Composting, Stripping, Smithing, Anvil, Beacon Base, Beacon Payment, Tilling, Pathing, Waxing, Wax Scraping, Oxidizing, Oxidation Scraping, Starforge, Moon Welder, Stargazing, Star Crusher, Information, Tag
[10:41:35] [REI-ReloadPlugins/TRACE] [REI] [REIClientPlugin END] Reloading Section: "end-reload/CategoryRegistryImpl/" done in 243.4 μs
[10:41:35] [REI-ReloadPlugins/TRACE] [REI] [REIClientPlugin END] Reloading Section: "end-reload/DisplayRegistryImpl/"
[10:41:35] [REI-ReloadPlugins/DEBUG] [REI] Found 3915 displays
[10:41:35] [REI-ReloadPlugins/DEBUG] [REI] Removing 0 failed displays
[10:41:35] [REI-ReloadPlugins/DEBUG] [REI] 3915 displays registration have completed
[10:41:35] [REI-ReloadPlugins/TRACE] [REI] [REIClientPlugin END] Reloading Section: "end-reload/DisplayRegistryImpl/" done in 2.397 ms
[10:41:35] [REI-ReloadPlugins/TRACE] [REI] [REIClientPlugin END] Reloading Section: "end-reload/ScreenRegistryImpl/"
[10:41:35] [REI-ReloadPlugins/TRACE] [REI] [REIClientPlugin END] Reloading Section: "end-reload/ScreenRegistryImpl/" done in 13.36 μs
[10:41:35] [REI-ReloadPlugins/TRACE] [REI] [REIClientPlugin END] Reloading Section: "end-reload/FavoriteEntryTypeRegistryImpl/"
[10:41:35] [REI-ReloadPlugins/TRACE] [REI] [REIClientPlugin END] Reloading Section: "end-reload/FavoriteEntryTypeRegistryImpl/" done in 8.436 μs
[10:41:35] [REI-ReloadPlugins/TRACE] [REI] [REIClientPlugin END] Reloading Section: "end-reload/SubsetsRegistryImpl/"
[10:41:35] [REI-ReloadPlugins/TRACE] [REI] [REIClientPlugin END] Reloading Section: "end-reload/SubsetsRegistryImpl/" done in 7.775 μs
[10:41:35] [REI-ReloadPlugins/TRACE] [REI] [REIClientPlugin END] Reloading Section: "end-reload/TransferHandlerRegistryImpl/"
[10:41:35] [REI-ReloadPlugins/DEBUG] [REI] Registered 6 transfer handlers
[10:41:35] [REI-ReloadPlugins/TRACE] [REI] [REIClientPlugin END] Reloading Section: "end-reload/TransferHandlerRegistryImpl/" done in 50.11 μs
[10:41:35] [REI-ReloadPlugins/TRACE] [REI] [REIClientPlugin END] Reloading Section: "end-reload/SearchRuntime/"
[10:41:35] [REI-ReloadPlugins/TRACE] [REI] Preparing 15274 stacks for search arguments
[10:41:35] [REI-ReloadPlugins/TRACE] [REI] Prepared 15274 / 15274 stacks for search arguments in 75ms
[10:41:35] [REI-ReloadPlugins/DEBUG] [REI] Preparing collapsed entry groups cache with 7 entries and 2182 stacks
[10:41:35] [REI-ReloadPlugins/DEBUG] [REI] Prepared collapsed entry groups cache with 7 entries and 2182 stacks
[10:41:35] [REI-ReloadPlugins/TRACE] [REI] [REIClientPlugin END] Reloading Section: "end-reload/SearchRuntime/" done in 75.13 ms
[10:41:35] [REI-ReloadPlugins/TRACE] [REI] [REIClientPlugin END] Reloading Section: "end-reload/REIRuntimeImpl/"
[10:41:35] [REI-ReloadPlugins/TRACE] [REI] [REIClientPlugin END] Reloading Section: "end-reload/REIRuntimeImpl/" done in 25.35 μs
[10:41:35] [REI-ReloadPlugins/TRACE] [REI] [REIClientPlugin END] Reloading Section: "end-reload/ConfigAddonRegistryImpl/"
[10:41:35] [REI-ReloadPlugins/DEBUG] [REI] Registered 0 config addons
[10:41:35] [REI-ReloadPlugins/TRACE] [REI] [REIClientPlugin END] Reloading Section: "end-reload/ConfigAddonRegistryImpl/" done in 88.73 μs
[10:41:35] [REI-ReloadPlugins/TRACE] [REI] [REIClientPlugin END] Reloading Section: "end-reload/me.shedaniel.rei.plugin.client.runtime.PluginStageExecutionWatcher$1/"
[10:41:35] [REI-ReloadPlugins/TRACE] [REI] [REIClientPlugin END] Reloading Section: "end-reload/me.shedaniel.rei.plugin.client.runtime.PluginStageExecutionWatcher$1/" done in 17.27 μs
[10:41:35] [REI-ReloadPlugins/TRACE] [REI] [REIClientPlugin END] Reloading Section: "end-reload/" done in 80.77 ms
[10:41:35] [REI-ReloadPlugins/DEBUG] [REI] ========================================
[10:41:35] [REI-ReloadPlugins/DEBUG] [REI] REIClientPlugin ended main-reload for END in 808.9 ms.
[10:41:35] [REI-ReloadPlugins/DEBUG] [REI] ========================================
[10:41:35] [REI-ReloadPlugins/DEBUG] [REI] ========================================
[10:41:35] [REI-ReloadPlugins/DEBUG] [REI] REICommonPlugin starting post-reload for END.
[10:41:35] [REI-ReloadPlugins/DEBUG] [REI] Reloadables (9):
[10:41:35] [REI-ReloadPlugins/DEBUG] [REI]  - SlotAccessorRegistryImpl
[10:41:35] [REI-ReloadPlugins/DEBUG] [REI]  - EntryTypeRegistryImpl
[10:41:35] [REI-ReloadPlugins/DEBUG] [REI]  - EntrySettingsAdapterRegistryImpl
[10:41:35] [REI-ReloadPlugins/DEBUG] [REI]  - ItemComparatorRegistryImpl
[10:41:35] [REI-ReloadPlugins/DEBUG] [REI]  - FluidComparatorRegistryImpl
[10:41:35] [REI-ReloadPlugins/DEBUG] [REI]  - DisplaySerializerRegistryImpl
[10:41:35] [REI-ReloadPlugins/DEBUG] [REI]  - ServerDisplayRegistryImpl
[10:41:35] [REI-ReloadPlugins/DEBUG] [REI]  - FluidSupportProviderImpl
[10:41:35] [REI-ReloadPlugins/DEBUG] [REI]  - me.shedaniel.rei.plugin.client.runtime.PluginStageExecutionWatcher$1
[10:41:35] [REI-ReloadPlugins/DEBUG] [REI] Plugins (4):
[10:41:35] [REI-ReloadPlugins/DEBUG] [REI]  - (-100.00) DefaultPlugin of DefaultPlugin [roughlyenoughitems]
[10:41:35] [REI-ReloadPlugins/DEBUG] [REI]  - (0.00) FabricFluidAPISupportPlugin
[10:41:35] [REI-ReloadPlugins/DEBUG] [REI]  - (0.00) DefaultRuntimePlugin of DefaultRuntimePlugin [roughlyenoughitems]
[10:41:35] [REI-ReloadPlugins/DEBUG] [REI]  - (0.00) StargazerREICommon of StargazerREICommon [stargazer]
[10:41:35] [REI-ReloadPlugins/DEBUG] [REI] ========================================
[10:41:35] [REI-ReloadPlugins/TRACE] [REI] [REICommonPlugin END] Reloading Section: "post-register/"
[10:41:35] [REI-ReloadPlugins/TRACE] [REI] [REICommonPlugin END] Reloading Section: "post-register/DefaultPlugin of DefaultPlugin [roughlyenoughitems]/"
[10:41:35] [REI-ReloadPlugins/TRACE] [REI] [REICommonPlugin END] Reloading Section: "post-register/DefaultPlugin of DefaultPlugin [roughlyenoughitems]/" done in 244.6 μs
[10:41:35] [REI-ReloadPlugins/TRACE] [REI] [REICommonPlugin END] Reloading Section: "post-register/FabricFluidAPISupportPlugin/"
[10:41:35] [REI-ReloadPlugins/TRACE] [REI] [REICommonPlugin END] Reloading Section: "post-register/FabricFluidAPISupportPlugin/" done in 24.22 μs
[10:41:35] [REI-ReloadPlugins/TRACE] [REI] [REICommonPlugin END] Reloading Section: "post-register/DefaultRuntimePlugin of DefaultRuntimePlugin [roughlyenoughitems]/"
[10:41:35] [REI-ReloadPlugins/TRACE] [REI] [REICommonPlugin END] Reloading Section: "post-register/DefaultRuntimePlugin of DefaultRuntimePlugin [roughlyenoughitems]/" done in 16.81 μs
[10:41:35] [REI-ReloadPlugins/TRACE] [REI] [REICommonPlugin END] Reloading Section: "post-register/StargazerREICommon of StargazerREICommon [stargazer]/"
[10:41:35] [REI-ReloadPlugins/TRACE] [REI] [REICommonPlugin END] Reloading Section: "post-register/StargazerREICommon of StargazerREICommon [stargazer]/" done in 23.32 μs
[10:41:35] [REI-ReloadPlugins/TRACE] [REI] [REICommonPlugin END] Reloading Section: "post-register/" done in 473.1 μs
[10:41:35] [REI-ReloadPlugins/TRACE] [REI] [REICommonPlugin END] Reloading Section: "post-stage/"
[10:41:35] [REI-ReloadPlugins/TRACE] [REI] [REICommonPlugin END] Reloading Section: "post-stage/SlotAccessorRegistryImpl/"
[10:41:35] [REI-ReloadPlugins/TRACE] [REI] [REICommonPlugin END] Reloading Section: "post-stage/SlotAccessorRegistryImpl/" done in 17.21 μs
[10:41:35] [REI-ReloadPlugins/TRACE] [REI] [REICommonPlugin END] Reloading Section: "post-stage/EntryTypeRegistryImpl/"
[10:41:35] [REI-ReloadPlugins/TRACE] [REI] [REICommonPlugin END] Reloading Section: "post-stage/EntryTypeRegistryImpl/" done in 16.11 μs
[10:41:35] [REI-ReloadPlugins/TRACE] [REI] [REICommonPlugin END] Reloading Section: "post-stage/EntrySettingsAdapterRegistryImpl/"
[10:41:35] [REI-ReloadPlugins/TRACE] [REI] [REICommonPlugin END] Reloading Section: "post-stage/EntrySettingsAdapterRegistryImpl/" done in 14.27 μs
[10:41:35] [REI-ReloadPlugins/TRACE] [REI] [REICommonPlugin END] Reloading Section: "post-stage/ItemComparatorRegistryImpl/"
[10:41:35] [REI-ReloadPlugins/TRACE] [REI] [REICommonPlugin END] Reloading Section: "post-stage/ItemComparatorRegistryImpl/" done in 11.76 μs
[10:41:35] [REI-ReloadPlugins/TRACE] [REI] [REICommonPlugin END] Reloading Section: "post-stage/FluidComparatorRegistryImpl/"
[10:41:35] [REI-ReloadPlugins/TRACE] [REI] [REICommonPlugin END] Reloading Section: "post-stage/FluidComparatorRegistryImpl/" done in 11.13 μs
[10:41:35] [REI-ReloadPlugins/TRACE] [REI] [REICommonPlugin END] Reloading Section: "post-stage/DisplaySerializerRegistryImpl/"
[10:41:35] [REI-ReloadPlugins/TRACE] [REI] [REICommonPlugin END] Reloading Section: "post-stage/DisplaySerializerRegistryImpl/" done in 11.21 μs
[10:41:35] [REI-ReloadPlugins/TRACE] [REI] [REICommonPlugin END] Reloading Section: "post-stage/ServerDisplayRegistryImpl/"
[10:41:35] [REI-ReloadPlugins/TRACE] [REI] [REICommonPlugin END] Reloading Section: "post-stage/ServerDisplayRegistryImpl/" done in 12.38 μs
[10:41:35] [REI-ReloadPlugins/TRACE] [REI] [REICommonPlugin END] Reloading Section: "post-stage/FluidSupportProviderImpl/"
[10:41:35] [REI-ReloadPlugins/TRACE] [REI] [REICommonPlugin END] Reloading Section: "post-stage/FluidSupportProviderImpl/" done in 11.48 μs
[10:41:35] [REI-ReloadPlugins/TRACE] [REI] [REICommonPlugin END] Reloading Section: "post-stage/me.shedaniel.rei.plugin.client.runtime.PluginStageExecutionWatcher$1/"
[10:41:35] [REI-ReloadPlugins/TRACE] [REI] [REICommonPlugin END] Reloading Section: "post-stage/me.shedaniel.rei.plugin.client.runtime.PluginStageExecutionWatcher$1/" done in 21.89 μs
[10:41:35] [REI-ReloadPlugins/TRACE] [REI] [REICommonPlugin END] Reloading Section: "post-stage/" done in 383.0 μs
[10:41:35] [REI-ReloadPlugins/DEBUG] [REI] ========================================
[10:41:35] [REI-ReloadPlugins/INFO] [REI] REICommonPlugin finished post-reload for END in 896.2 μs, totaling 149.1 ms.
[10:41:35] [REI-ReloadPlugins/DEBUG] [REI] ========================================
[10:41:35] [REI-ReloadPlugins/DEBUG] [REI] ========================================
[10:41:35] [REI-ReloadPlugins/DEBUG] [REI] REIClientPlugin starting post-reload for END.
[10:41:35] [REI-ReloadPlugins/DEBUG] [REI] Reloadables (18):
[10:41:35] [REI-ReloadPlugins/DEBUG] [REI]  - EntryRendererRegistryImpl
[10:41:35] [REI-ReloadPlugins/DEBUG] [REI]  - ViewsImpl
[10:41:35] [REI-ReloadPlugins/DEBUG] [REI]  - InputMethodRegistryImpl
[10:41:35] [REI-ReloadPlugins/DEBUG] [REI]  - SearchProviderImpl
[10:41:35] [REI-ReloadPlugins/DEBUG] [REI]  - ConfigManagerImpl
[10:41:35] [REI-ReloadPlugins/DEBUG] [REI]  - EntryRegistryImpl
[10:41:35] [REI-ReloadPlugins/DEBUG] [REI]  - CollapsibleEntryRegistryImpl
[10:41:35] [REI-ReloadPlugins/DEBUG] [REI]  - BasicFilteringRuleImpl
[10:41:35] [REI-ReloadPlugins/DEBUG] [REI]  - CategoryRegistryImpl
[10:41:35] [REI-ReloadPlugins/DEBUG] [REI]  - DisplayRegistryImpl
[10:41:35] [REI-ReloadPlugins/DEBUG] [REI]  - ScreenRegistryImpl
[10:41:35] [REI-ReloadPlugins/DEBUG] [REI]  - FavoriteEntryTypeRegistryImpl
[10:41:35] [REI-ReloadPlugins/DEBUG] [REI]  - SubsetsRegistryImpl
[10:41:35] [REI-ReloadPlugins/DEBUG] [REI]  - TransferHandlerRegistryImpl
[10:41:35] [REI-ReloadPlugins/DEBUG] [REI]  - SearchRuntime
[10:41:35] [REI-ReloadPlugins/DEBUG] [REI]  - REIRuntimeImpl
[10:41:35] [REI-ReloadPlugins/DEBUG] [REI]  - ConfigAddonRegistryImpl
[10:41:35] [REI-ReloadPlugins/DEBUG] [REI]  - me.shedaniel.rei.plugin.client.runtime.PluginStageExecutionWatcher$1
[10:41:35] [REI-ReloadPlugins/DEBUG] [REI] Plugins (4):
[10:41:35] [REI-ReloadPlugins/DEBUG] [REI]  - (-100.00) DefaultClientPlugin of DefaultClientPlugin [roughlyenoughitems]
[10:41:35] [REI-ReloadPlugins/DEBUG] [REI]  - (0.00) HideIngredientsFromTagsPlugin of HideIngredientsFromTagsPlugin [roughlyenoughitems]
[10:41:35] [REI-ReloadPlugins/DEBUG] [REI]  - (0.00) DefaultClientRuntimePlugin of DefaultClientRuntimePlugin [roughlyenoughitems]
[10:41:35] [REI-ReloadPlugins/DEBUG] [REI]  - (0.00) StargazerREIClient of StargazerREIClient [stargazer]
[10:41:35] [REI-ReloadPlugins/DEBUG] [REI] ========================================
[10:41:35] [REI-ReloadPlugins/TRACE] [REI] [REIClientPlugin END] Reloading Section: "post-register/"
[10:41:35] [REI-ReloadPlugins/TRACE] [REI] [REIClientPlugin END] Reloading Section: "post-register/DefaultClientPlugin of DefaultClientPlugin [roughlyenoughitems]/"
[10:41:35] [REI-ReloadPlugins/TRACE] [REI] [REIClientPlugin END] Reloading Section: "post-register/DefaultClientPlugin of DefaultClientPlugin [roughlyenoughitems]/" done in 24.30 μs
[10:41:35] [REI-ReloadPlugins/TRACE] [REI] [REIClientPlugin END] Reloading Section: "post-register/HideIngredientsFromTagsPlugin of HideIngredientsFromTagsPlugin [roughlyenoughitems]/"
[10:41:35] [REI-ReloadPlugins/TRACE] [REI] [REIClientPlugin END] Reloading Section: "post-register/HideIngredientsFromTagsPlugin of HideIngredientsFromTagsPlugin [roughlyenoughitems]/" done in 21.46 μs
[10:41:35] [REI-ReloadPlugins/TRACE] [REI] [REIClientPlugin END] Reloading Section: "post-register/DefaultClientRuntimePlugin of DefaultClientRuntimePlugin [roughlyenoughitems]/"
[10:41:35] [REI-ReloadPlugins/TRACE] [REI] [REIClientPlugin END] Reloading Section: "post-register/DefaultClientRuntimePlugin of DefaultClientRuntimePlugin [roughlyenoughitems]/" done in 14.22 μs
[10:41:35] [REI-ReloadPlugins/TRACE] [REI] [REIClientPlugin END] Reloading Section: "post-register/StargazerREIClient of StargazerREIClient [stargazer]/"
[10:41:35] [REI-ReloadPlugins/TRACE] [REI] [REIClientPlugin END] Reloading Section: "post-register/StargazerREIClient of StargazerREIClient [stargazer]/" done in 16.12 μs
[10:41:35] [REI-ReloadPlugins/TRACE] [REI] [REIClientPlugin END] Reloading Section: "post-register/" done in 288.3 μs
[10:41:35] [REI-ReloadPlugins/TRACE] [REI] [REIClientPlugin END] Reloading Section: "post-stage/"
[10:41:35] [REI-ReloadPlugins/TRACE] [REI] [REIClientPlugin END] Reloading Section: "post-stage/EntryRendererRegistryImpl/"
[10:41:35] [REI-ReloadPlugins/TRACE] [REI] [REIClientPlugin END] Reloading Section: "post-stage/EntryRendererRegistryImpl/" done in 22.69 μs
[10:41:35] [REI-ReloadPlugins/TRACE] [REI] [REIClientPlugin END] Reloading Section: "post-stage/ViewsImpl/"
[10:41:35] [REI-ReloadPlugins/TRACE] [REI] [REIClientPlugin END] Reloading Section: "post-stage/ViewsImpl/" done in 13.26 μs
[10:41:35] [REI-ReloadPlugins/TRACE] [REI] [REIClientPlugin END] Reloading Section: "post-stage/InputMethodRegistryImpl/"
[10:41:35] [REI-ReloadPlugins/TRACE] [REI] [REIClientPlugin END] Reloading Section: "post-stage/InputMethodRegistryImpl/" done in 11.08 μs
[10:41:35] [REI-ReloadPlugins/TRACE] [REI] [REIClientPlugin END] Reloading Section: "post-stage/SearchProviderImpl/"
[10:41:35] [REI-ReloadPlugins/TRACE] [REI] [REIClientPlugin END] Reloading Section: "post-stage/SearchProviderImpl/" done in 12.51 μs
[10:41:35] [REI-ReloadPlugins/TRACE] [REI] [REIClientPlugin END] Reloading Section: "post-stage/ConfigManagerImpl/"
[10:41:35] [REI-ReloadPlugins/TRACE] [REI] [REIClientPlugin END] Reloading Section: "post-stage/ConfigManagerImpl/" done in 11.55 μs
[10:41:35] [REI-ReloadPlugins/TRACE] [REI] [REIClientPlugin END] Reloading Section: "post-stage/EntryRegistryImpl/"
[10:41:35] [REI-ReloadPlugins/TRACE] [REI] [REIClientPlugin END] Reloading Section: "post-stage/EntryRegistryImpl/" done in 12.36 μs
[10:41:35] [REI-ReloadPlugins/TRACE] [REI] [REIClientPlugin END] Reloading Section: "post-stage/CollapsibleEntryRegistryImpl/"
[10:41:35] [REI-ReloadPlugins/TRACE] [REI] [REIClientPlugin END] Reloading Section: "post-stage/CollapsibleEntryRegistryImpl/" done in 11.82 μs
[10:41:35] [REI-ReloadPlugins/TRACE] [REI] [REIClientPlugin END] Reloading Section: "post-stage/BasicFilteringRuleImpl/"
[10:41:35] [REI-ReloadPlugins/TRACE] [REI] [REIClientPlugin END] Reloading Section: "post-stage/BasicFilteringRuleImpl/" done in 11.99 μs
[10:41:35] [REI-ReloadPlugins/TRACE] [REI] [REIClientPlugin END] Reloading Section: "post-stage/CategoryRegistryImpl/"
[10:41:35] [REI-ReloadPlugins/TRACE] [REI] [REIClientPlugin END] Reloading Section: "post-stage/CategoryRegistryImpl/" done in 12.00 μs
[10:41:35] [REI-ReloadPlugins/TRACE] [REI] [REIClientPlugin END] Reloading Section: "post-stage/DisplayRegistryImpl/"
[10:41:35] [REI-ReloadPlugins/DEBUG] [REI] Registered displays report (3915 displays, 0 cached / 3915 not cached):
[10:41:35] [REI-ReloadPlugins/DEBUG] [REI] - minecraft:plugins/anvil: 2441 displays
[10:41:35] [REI-ReloadPlugins/DEBUG] [REI] - minecraft:plugins/beacon_base: 1 display
[10:41:35] [REI-ReloadPlugins/DEBUG] [REI] - minecraft:plugins/beacon_payment: 1 display
[10:41:35] [REI-ReloadPlugins/DEBUG] [REI] - minecraft:plugins/brewing: 303 displays
[10:41:35] [REI-ReloadPlugins/DEBUG] [REI] - minecraft:plugins/composting: 4 displays
[10:41:35] [REI-ReloadPlugins/DEBUG] [REI] - minecraft:plugins/oxidation_scraping: 45 displays
[10:41:35] [REI-ReloadPlugins/DEBUG] [REI] - minecraft:plugins/oxidizing: 45 displays
[10:41:35] [REI-ReloadPlugins/DEBUG] [REI] - minecraft:plugins/pathing: 6 displays
[10:41:35] [REI-ReloadPlugins/DEBUG] [REI] - minecraft:plugins/stripping: 23 displays
[10:41:35] [REI-ReloadPlugins/DEBUG] [REI] - minecraft:plugins/tag: 921 displays
[10:41:35] [REI-ReloadPlugins/DEBUG] [REI] - minecraft:plugins/wax_scraping: 60 displays
[10:41:35] [REI-ReloadPlugins/DEBUG] [REI] - minecraft:plugins/waxing: 60 displays
[10:41:35] [REI-ReloadPlugins/DEBUG] [REI] - stargazer:stargazing: 5 displays
[10:41:35] [REI-ReloadPlugins/TRACE] [REI] [REIClientPlugin END] Reloading Section: "post-stage/DisplayRegistryImpl/" done in 1.211 ms
[10:41:35] [REI-ReloadPlugins/TRACE] [REI] [REIClientPlugin END] Reloading Section: "post-stage/ScreenRegistryImpl/"
[10:41:35] [REI-ReloadPlugins/TRACE] [REI] [REIClientPlugin END] Reloading Section: "post-stage/ScreenRegistryImpl/" done in 16.32 μs
[10:41:35] [REI-ReloadPlugins/TRACE] [REI] [REIClientPlugin END] Reloading Section: "post-stage/FavoriteEntryTypeRegistryImpl/"
[10:41:35] [REI-ReloadPlugins/TRACE] [REI] [REIClientPlugin END] Reloading Section: "post-stage/FavoriteEntryTypeRegistryImpl/" done in 12.40 μs
[10:41:35] [REI-ReloadPlugins/TRACE] [REI] [REIClientPlugin END] Reloading Section: "post-stage/SubsetsRegistryImpl/"
[10:41:35] [REI-ReloadPlugins/TRACE] [REI] [REIClientPlugin END] Reloading Section: "post-stage/SubsetsRegistryImpl/" done in 12.49 μs
[10:41:35] [REI-ReloadPlugins/TRACE] [REI] [REIClientPlugin END] Reloading Section: "post-stage/TransferHandlerRegistryImpl/"
[10:41:35] [REI-ReloadPlugins/TRACE] [REI] [REIClientPlugin END] Reloading Section: "post-stage/TransferHandlerRegistryImpl/" done in 12.35 μs
[10:41:35] [REI-ReloadPlugins/TRACE] [REI] [REIClientPlugin END] Reloading Section: "post-stage/SearchRuntime/"
[10:41:35] [REI-ReloadPlugins/TRACE] [REI] [REIClientPlugin END] Reloading Section: "post-stage/SearchRuntime/" done in 11.98 μs
[10:41:35] [REI-ReloadPlugins/TRACE] [REI] [REIClientPlugin END] Reloading Section: "post-stage/REIRuntimeImpl/"
[10:41:35] [REI-ReloadPlugins/TRACE] [REI] [REIClientPlugin END] Reloading Section: "post-stage/REIRuntimeImpl/" done in 12.68 μs
[10:41:35] [REI-ReloadPlugins/TRACE] [REI] [REIClientPlugin END] Reloading Section: "post-stage/ConfigAddonRegistryImpl/"
[10:41:35] [REI-ReloadPlugins/TRACE] [REI] [REIClientPlugin END] Reloading Section: "post-stage/ConfigAddonRegistryImpl/" done in 11.99 μs
[10:41:35] [REI-ReloadPlugins/TRACE] [REI] [REIClientPlugin END] Reloading Section: "post-stage/me.shedaniel.rei.plugin.client.runtime.PluginStageExecutionWatcher$1/"
[10:41:35] [REI-ReloadPlugins/TRACE] [REI] [REIClientPlugin END] Reloading Section: "post-stage/me.shedaniel.rei.plugin.client.runtime.PluginStageExecutionWatcher$1/" done in 16.33 μs
[10:41:35] [REI-ReloadPlugins/TRACE] [REI] [REIClientPlugin END] Reloading Section: "post-stage/" done in 1.975 ms
[10:41:35] [REI-ReloadPlugins/DEBUG] [REI] ========================================
[10:41:35] [REI-ReloadPlugins/INFO] [REI] REIClientPlugin finished post-reload for END in 2.311 ms, totaling 812.3 ms.
[10:41:35] [REI-ReloadPlugins/DEBUG] [REI] ========================================
[10:41:35] [Server thread/DEBUG] [REI] Player star_catcher_ has outdated displays version E28CBCA300000000 [latest version: 842A6FFD00000000]
[10:41:35] [Server thread/DEBUG] [REI] Player star_catcher_ has outdated displays version E28CBCA300000000 [latest version: 842A6FFD00000000], sending reset packet request.
[10:41:36] [Server thread/DEBUG] [REI] Updating players with new displays version 842A6FFD00000001 [from 842A6FFD00000000]
[10:41:36] [Server thread/DEBUG] [REI] Player star_catcher_ has outdated displays version 842A6FFD00000000 [latest version: 842A6FFD00000001], sending reset packet request.
[10:41:36] [Render thread/INFO] [REI] [REI Server Display Sync] Received server's request to set 2192 recipes.
[10:41:36] [Render thread/WARN] [REI] Detected runtime DisplayRegistry modification, this can be extremely dangerous!
[10:41:36] [Render thread/DEBUG] [REI] Detected runtime DisplayRegistry modification, this can be extremely dangerous!
java.lang.Throwable
	at knot//me.shedaniel.rei.impl.client.registry.display.DisplayRegistryImpl.add(DisplayRegistryImpl.java:105)
	at knot//me.shedaniel.rei.impl.common.networking.DisplaySyncPacket.lambda$handle$0(DisplaySyncPacket.java:111)
	at knot//me.shedaniel.rei.impl.client.registry.display.DisplayRegistryImpl.lambda$new$0(DisplayRegistryImpl.java:80)
	at java.base/java.lang.invoke.MethodHandle.invokeWithArguments(MethodHandle.java:737)
	at knot//dev.architectury.event.EventFactory.invokeMethod(EventFactory.java:55)
	at knot//dev.architectury.event.EventFactory$1.handleInvocation(EventFactory.java:64)
	at knot//com.google.common.reflect.AbstractInvocationHandler.invoke(AbstractInvocationHandler.java:86)
	at knot/jdk.proxy2/jdk.proxy2.$Proxy38.tick(Unknown Source)
	at knot//dev.architectury.event.fabric.EventHandlerImpl.lambda$registerClient$3(EventHandlerImpl.java:56)
	at knot//net.fabricmc.fabric.api.client.event.lifecycle.v1.ClientTickEvents.lambda$static$3(ClientTickEvents.java:43)
	at knot//net.minecraft.client.Minecraft.handler$zhc000$fabric-lifecycle-events-v1$onEndTick(Minecraft.java:4662)
	at knot//net.minecraft.client.Minecraft.tick(Minecraft.java:1956)
	at knot//net.minecraft.client.Minecraft.runTick(Minecraft.java:1250)
	at knot//net.minecraft.client.Minecraft.run(Minecraft.java:959)
	at knot//net.minecraft.client.main.Main.main(Main.java:292)
	at net.fabricmc.loader.impl.game.minecraft.MinecraftGameProvider.launch(MinecraftGameProvider.java:517)
	at net.fabricmc.loader.impl.launch.knot.Knot.launch(Knot.java:72)
	at net.fabricmc.loader.impl.launch.knot.KnotClient.main(KnotClient.java:23)
	at net.fabricmc.devlaunchinjector.Main.main(Main.java:86)
	at dev.architectury.transformer.TransformerRuntime.main(TransformerRuntime.java:220)
[10:41:56] [Render thread/DEBUG] [REI] Created search filter with "" using Default
[10:41:56] [Render thread/DEBUG] [REI] Starting Search: "" with 2181 stacks, shouldAsync: true on Render thread
[10:41:56] [Render thread/DEBUG] [REI] Async Search: 6 partitions for ""
[10:41:56] [REI-AsyncSearchManager-0/TRACE] [REI] Search "" Used [Thread[#162,REI-AsyncSearchManager-0,10,main]]: 3.222 ms
[10:41:56] [REI-AsyncSearchManager-0/TRACE] [REI] Search "" Used and Applied [Thread[#162,REI-AsyncSearchManager-0,10,main]]: 8.914 ms
[10:42:33] [Render thread/DEBUG] [REI] Player quit, clearing reload tasks!
[10:42:33] [Render thread/DEBUG] [REI] Did not fulfill the request of termination of REI reload tasks because there are no uninterrupted running tasks. This is not an error.
[10:42:34] [Render thread/DEBUG] [REI] Player quit, clearing reload tasks!
[10:42:34] [Render thread/DEBUG] [REI] Did not fulfill the request of termination of REI reload tasks because there are no uninterrupted running tasks. This is not an error.
