[Architectury Transformer] Architectury Runtime 5.2.92
[Architectury Transformer DEBUG] Closed File Systems for /home/wilwe/Dokumenty/GitHub/stargazer_mod/common/build/libs/stargazer-common-0.0.8.4-dev.jar
[Architectury Transformer DEBUG] Preparing tiny remapper prepared transformer: dev.architectury.transformer.handler.TinyRemapperPreparedTransformerHandler
[Architectury Transformer DEBUG] Provided 127 classpath jar(s):
[Architectury Transformer DEBUG]  - /home/wilwe/.gradle/caches/modules-2/files-2.1/dev.architectury/architectury-injectables/1.0.10/62db2a366d662606d1b23ad02ccc3212ed37ec3/architectury-injectables-1.0.10.jar
[Architectury Transformer DEBUG]  - /home/wilwe/.gradle/caches/modules-2/files-2.1/me.shedaniel/RoughlyEnoughItems-api-fabric/26.2.820/fc73fbc9af3b575ffab6fcd1b3beea8742d430cb/RoughlyEnoughItems-api-fabric-26.2.820.jar
[Architectury Transformer DEBUG]  - /home/wilwe/.gradle/caches/modules-2/files-2.1/me.shedaniel.cloth/cloth-config-fabric/26.2.155/babcf16dbd15e09d326e21ffe85ab3f7d843ef9e/cloth-config-fabric-26.2.155.jar
[Architectury Transformer DEBUG]  - /home/wilwe/.m2/repository/com/github/starcatcher21/starlib/starlib-fabric/1.0.3/starlib-fabric-1.0.3.jar
[Architectury Transformer DEBUG]  - /home/wilwe/.gradle/caches/modules-2/files-2.1/dev.architectury/architectury-fabric/21.0.7/7c00161fc93303ba504f02f6bf3e3f42b99e1d84/architectury-fabric-21.0.7.jar
[Architectury Transformer DEBUG]  - /home/wilwe/.gradle/caches/modules-2/files-2.1/com.geckolib/geckolib-fabric-26.2/5.5.3/a4a19c46400da1c232df559cc026e8e4ef419845/geckolib-fabric-26.2-5.5.3.jar
[Architectury Transformer DEBUG]  - /home/wilwe/.gradle/caches/modules-2/files-2.1/net.fabricmc/fabric-loader/0.19.5/ff9e65cffca4a67f31523e1807fe0855940fcbfa/fabric-loader-0.19.5.jar
[Architectury Transformer DEBUG]  - /home/wilwe/.gradle/caches/modules-2/files-2.1/org.jetbrains/annotations/26.0.2/c7ce3cdeda3d18909368dfe5977332dfad326c6d/annotations-26.0.2.jar
[Architectury Transformer DEBUG]  - /home/wilwe/.gradle/caches/modules-2/files-2.1/net.fabricmc.fabric-api/fabric-api/0.161.0+26.2/332da34ebb72171e603a0c538de17f4c54ea9e29/fabric-api-0.161.0+26.2.jar
[Architectury Transformer DEBUG]  - /home/wilwe/.gradle/caches/modules-2/files-2.1/teamreborn/energy/5.0.0/c7b3f01292365bcb29940af26ed7047d5c538e7e/energy-5.0.0.jar
[Architectury Transformer DEBUG]  - /home/wilwe/.gradle/caches/modules-2/files-2.1/org.ow2.asm/asm/9.10.1/ada2141c0cc52ee8f5c48cd5fa4ce0e794f22236/asm-9.10.1.jar
[Architectury Transformer DEBUG]  - /home/wilwe/.gradle/caches/modules-2/files-2.1/org.ow2.asm/asm-analysis/9.10.1/8d49f14d51f632cb1d87c88d1ceaf50db0d8af1b/asm-analysis-9.10.1.jar
[Architectury Transformer DEBUG]  - /home/wilwe/.gradle/caches/modules-2/files-2.1/org.ow2.asm/asm-commons/9.10.1/4229e4c55fd8e01c23f9fe9884075cc628aacc50/asm-commons-9.10.1.jar
[Architectury Transformer DEBUG]  - /home/wilwe/.gradle/caches/modules-2/files-2.1/org.ow2.asm/asm-tree/9.10.1/e244332a17564c1d1572449399a842de35881be2/asm-tree-9.10.1.jar
[Architectury Transformer DEBUG]  - /home/wilwe/.gradle/caches/modules-2/files-2.1/org.ow2.asm/asm-util/9.10.1/7bb9d450e8d4cbf9f9e04096c44bbfe7fba80b15/asm-util-9.10.1.jar
[Architectury Transformer DEBUG]  - /home/wilwe/.gradle/caches/modules-2/files-2.1/net.fabricmc/sponge-mixin/0.17.4+mixin.0.8.7/5f66cc9f59b8efaa942155a3d5a30599bf6640dd/sponge-mixin-0.17.4+mixin.0.8.7.jar
[Architectury Transformer DEBUG]  - /home/wilwe/.gradle/caches/modules-2/files-2.1/io.github.llamalad7/mixinextras-fabric/0.5.5/d1055b99c0ab08a8403fe2da3d79ca28e6340a76/mixinextras-fabric-0.5.5.jar
[Architectury Transformer DEBUG]  - /home/wilwe/.gradle/caches/modules-2/files-2.1/at.yawk.lz4/lz4-java/1.10.1/f541d7f910fe3d76f38f799c507c48cc81b12ecb/lz4-java-1.10.1.jar
[Architectury Transformer DEBUG]  - /home/wilwe/.gradle/caches/modules-2/files-2.1/com.azure/azure-json/1.4.0/fcc1d354dbc3e0300e5276b1bf124d0247799cd8/azure-json-1.4.0.jar
[Architectury Transformer DEBUG]  - /home/wilwe/.gradle/caches/modules-2/files-2.1/com.github.oshi/oshi-core/6.9.0/3224870731860cfcd7744581a05b559e94291e7/oshi-core-6.9.0.jar
[Architectury Transformer DEBUG]  - /home/wilwe/.gradle/caches/modules-2/files-2.1/com.moandjiezana.toml/toml4j/0.7.2/a03337911d0bd2c40932aca3946edb30d0e7d0c/toml4j-0.7.2.jar
[Architectury Transformer DEBUG]  - /home/wilwe/.gradle/caches/modules-2/files-2.1/com.google.code.gson/gson/2.14.0/efc0e34ede4e3204eaefb84a00e55e8c86634382/gson-2.14.0.jar
[Architectury Transformer DEBUG]  - /home/wilwe/.gradle/caches/modules-2/files-2.1/com.google.guava/failureaccess/1.0.3/aeaffd00d57023a2c947393ed251f0354f0985fc/failureaccess-1.0.3.jar
[Architectury Transformer DEBUG]  - /home/wilwe/.gradle/caches/modules-2/files-2.1/com.google.guava/guava/33.6.0-jre/c376b13067cc99a5774403530953f7b05a91e218/guava-33.6.0-jre.jar
[Architectury Transformer DEBUG]  - /home/wilwe/.gradle/caches/modules-2/files-2.1/com.ibm.icu/icu4j/78.3/6a851a53bb1f25689fc418dcc8935b0d93580adf/icu4j-78.3.jar
[Architectury Transformer DEBUG]  - /home/wilwe/.gradle/caches/modules-2/files-2.1/com.microsoft.azure/msal4j/1.24.1/c233f2d047b9755f7041adf21a858c680e4c9242/msal4j-1.24.1.jar
[Architectury Transformer DEBUG]  - /home/wilwe/.gradle/caches/modules-2/files-2.1/com.mojang/authlib/9.0.75/d61056a234d5e4b272e09d59b0713f80d6c0b6af/authlib-9.0.75.jar
[Architectury Transformer DEBUG]  - /home/wilwe/.gradle/caches/modules-2/files-2.1/com.mojang/blocklist/1.0.10/5c685c5ffa94c4cd39496c7184c1d122e515ecef/blocklist-1.0.10.jar
[Architectury Transformer DEBUG]  - /home/wilwe/.gradle/caches/modules-2/files-2.1/com.mojang/brigadier/1.3.10/d15b53a14cf20fdcaa98f731af5dda654452c010/brigadier-1.3.10.jar
[Architectury Transformer DEBUG]  - /home/wilwe/.gradle/caches/modules-2/files-2.1/com.mojang/datafixerupper/10.0.21/b6b2ae770c02e0c1eb90f9985b151e9085a38d0b/datafixerupper-10.0.21.jar
[Architectury Transformer DEBUG]  - /home/wilwe/.gradle/caches/modules-2/files-2.1/com.mojang/jtracy/1.0.37/a3fb649b2e2b2288d2978f0b0bc3d83f62809d1e/jtracy-1.0.37.jar
[Architectury Transformer DEBUG]  - /home/wilwe/.gradle/caches/modules-2/files-2.1/com.mojang/logging/1.7.12/351cea64a5233361327d8d54c44277041beed97f/logging-1.7.12.jar
[Architectury Transformer DEBUG]  - /home/wilwe/.gradle/caches/modules-2/files-2.1/com.mojang/patchy/2.2.10/da05971b07cbb379d002cf7eaec6a2048211fefc/patchy-2.2.10.jar
[Architectury Transformer DEBUG]  - /home/wilwe/.gradle/caches/modules-2/files-2.1/com.mojang/text2speech/1.19.12/2e517a75c79d34d32de2b5d68422150836c2133e/text2speech-1.19.12.jar
[Architectury Transformer DEBUG]  - /home/wilwe/.gradle/caches/modules-2/files-2.1/commons-codec/commons-codec/1.22.0/6b3eb4beb7058c2a638f5f17bcb388649fd339dd/commons-codec-1.22.0.jar
[Architectury Transformer DEBUG]  - /home/wilwe/.gradle/caches/modules-2/files-2.1/commons-io/commons-io/2.20.0/36f3474daec2849c149e877614e7f979b2082cd2/commons-io-2.20.0.jar
[Architectury Transformer DEBUG]  - /home/wilwe/.gradle/caches/modules-2/files-2.1/io.netty/netty-buffer/4.2.15.Final/2beb620803bf871cda2dd5d46b8f831e8015dd34/netty-buffer-4.2.15.Final.jar
[Architectury Transformer DEBUG]  - /home/wilwe/.gradle/caches/modules-2/files-2.1/io.netty/netty-codec-base/4.2.15.Final/e97149fdd5fb04858efa90e314651c8d700dc68b/netty-codec-base-4.2.15.Final.jar
[Architectury Transformer DEBUG]  - /home/wilwe/.gradle/caches/modules-2/files-2.1/io.netty/netty-codec-compression/4.2.15.Final/89fc4a20b7ae6af974304b1695405e62c4f9b16d/netty-codec-compression-4.2.15.Final.jar
[Architectury Transformer DEBUG]  - /home/wilwe/.gradle/caches/modules-2/files-2.1/io.netty/netty-codec-http/4.2.15.Final/e611826aa054371bb9a17f27bdb05755a4cac5f0/netty-codec-http-4.2.15.Final.jar
[Architectury Transformer DEBUG]  - /home/wilwe/.gradle/caches/modules-2/files-2.1/io.netty/netty-common/4.2.15.Final/7222492c1af9c2d4d78d521eea340a619e242fda/netty-common-4.2.15.Final.jar
[Architectury Transformer DEBUG]  - /home/wilwe/.gradle/caches/modules-2/files-2.1/io.netty/netty-handler/4.2.15.Final/d5344afd1148e3b9927a74be019605ebb0937a93/netty-handler-4.2.15.Final.jar
[Architectury Transformer DEBUG]  - /home/wilwe/.gradle/caches/modules-2/files-2.1/io.netty/netty-resolver/4.2.15.Final/b961a16d379b508b473e064ba06842bba280f4e3/netty-resolver-4.2.15.Final.jar
[Architectury Transformer DEBUG]  - /home/wilwe/.gradle/caches/modules-2/files-2.1/io.netty/netty-transport-classes-epoll/4.2.15.Final/44bafba9c9993800e955b365bba4981326f3f3b1/netty-transport-classes-epoll-4.2.15.Final.jar
[Architectury Transformer DEBUG]  - /home/wilwe/.gradle/caches/modules-2/files-2.1/io.netty/netty-transport-classes-kqueue/4.2.15.Final/f248656bb907607c5a41c7b61fd918a97db79250/netty-transport-classes-kqueue-4.2.15.Final.jar
[Architectury Transformer DEBUG]  - /home/wilwe/.gradle/caches/modules-2/files-2.1/io.netty/netty-transport-native-epoll/4.2.15.Final/cccd31f2c8e966ab1e7a4d2293c8a3965628fe73/netty-transport-native-epoll-4.2.15.Final-linux-aarch_64.jar
[Architectury Transformer DEBUG]  - /home/wilwe/.gradle/caches/modules-2/files-2.1/io.netty/netty-transport-native-epoll/4.2.15.Final/ce256127f8ed3f076756f1f4dcb5877d65d1f1c2/netty-transport-native-epoll-4.2.15.Final-linux-x86_64.jar
[Architectury Transformer DEBUG]  - /home/wilwe/.gradle/caches/modules-2/files-2.1/io.netty/netty-transport-native-unix-common/4.2.15.Final/efb6943b4de9e0226a5ac35330f232605424af02/netty-transport-native-unix-common-4.2.15.Final.jar
[Architectury Transformer DEBUG]  - /home/wilwe/.gradle/caches/modules-2/files-2.1/io.netty/netty-transport/4.2.15.Final/a000c3a6196ee40207b73ac619dcb339409dd62f/netty-transport-4.2.15.Final.jar
[Architectury Transformer DEBUG]  - /home/wilwe/.gradle/caches/modules-2/files-2.1/it.unimi.dsi/fastutil/8.5.18/a6cff377eecc19c2037bf31568a6d7106b50ba1f/fastutil-8.5.18.jar
[Architectury Transformer DEBUG]  - /home/wilwe/.gradle/caches/modules-2/files-2.1/net.java.dev.jna/jna-platform/5.17.0/a4934c44d25a9d8c2ddf4203affd20330cb3426f/jna-platform-5.17.0.jar
[Architectury Transformer DEBUG]  - /home/wilwe/.m2/repository/net/java/dev/jna/jna/5.17.0/jna-5.17.0.jar
[Architectury Transformer DEBUG]  - /home/wilwe/.gradle/caches/modules-2/files-2.1/net.sf.jopt-simple/jopt-simple/5.0.4/4fdac2fbe92dfad86aa6e9301736f6b4342a3f5c/jopt-simple-5.0.4.jar
[Architectury Transformer DEBUG]  - /home/wilwe/.gradle/caches/modules-2/files-2.1/org.apache.commons/commons-compress/1.28.0/e482f2c7a88dac3c497e96aa420b6a769f59c8d7/commons-compress-1.28.0.jar
[Architectury Transformer DEBUG]  - /home/wilwe/.gradle/caches/modules-2/files-2.1/org.apache.commons/commons-lang3/3.20.0/65897b3e5731220962e659e001904af3c3cbeba9/commons-lang3-3.20.0.jar
[Architectury Transformer DEBUG]  - /home/wilwe/.gradle/caches/modules-2/files-2.1/org.apache.logging.log4j/log4j-api/2.26.0/ad52af0ecf054a7e3f275a2e180ee06d9c490951/log4j-api-2.26.0.jar
[Architectury Transformer DEBUG]  - /home/wilwe/.gradle/caches/modules-2/files-2.1/org.apache.logging.log4j/log4j-core/2.26.0/d267ca60b27ddb075e0b4e75e7875859717bf85f/log4j-core-2.26.0.jar
[Architectury Transformer DEBUG]  - /home/wilwe/.gradle/caches/modules-2/files-2.1/org.apache.logging.log4j/log4j-slf4j2-impl/2.26.0/668c0f0e813d83f00a7182533aa658ec7e7a0a0d/log4j-slf4j2-impl-2.26.0.jar
[Architectury Transformer DEBUG]  - /home/wilwe/.gradle/caches/modules-2/files-2.1/org.jcraft/jorbis/0.0.17/8872d22b293e8f5d7d56ff92be966e6dc28ebdc6/jorbis-0.0.17.jar
[Architectury Transformer DEBUG]  - /home/wilwe/.gradle/caches/modules-2/files-2.1/org.joml/joml/1.10.8/fc0a71dad90a2cf41d82a76156a0e700af8e4f8d/joml-1.10.8.jar
[Architectury Transformer DEBUG]  - /home/wilwe/.gradle/caches/modules-2/files-2.1/org.jspecify/jspecify/1.0.0/7425a601c1c7ec76645a78d22b8c6a627edee507/jspecify-1.0.0.jar
[Architectury Transformer DEBUG]  - /home/wilwe/.gradle/caches/modules-2/files-2.1/org.lwjgl/lwjgl-freetype/3.4.1/caa75a37e857efc9b0686e434d708d6420c5b6ea/lwjgl-freetype-3.4.1.jar
[Architectury Transformer DEBUG]  - /home/wilwe/.gradle/caches/modules-2/files-2.1/org.lwjgl/lwjgl-glfw/3.4.1/a782b1ddd175c9107bf300fd92920579ea65e2a4/lwjgl-glfw-3.4.1.jar
[Architectury Transformer DEBUG]  - /home/wilwe/.gradle/caches/modules-2/files-2.1/org.lwjgl/lwjgl-jemalloc/3.4.1/16b663092854fc6adfe0a941e61cae2bb2e437b6/lwjgl-jemalloc-3.4.1.jar
[Architectury Transformer DEBUG]  - /home/wilwe/.gradle/caches/modules-2/files-2.1/org.lwjgl/lwjgl-openal/3.4.1/8508bd60589de0539aa465b78fcf838efd07ae9a/lwjgl-openal-3.4.1.jar
[Architectury Transformer DEBUG]  - /home/wilwe/.gradle/caches/modules-2/files-2.1/org.lwjgl/lwjgl-opengl/3.4.1/830412cab823c029cda6b9729f9d2ed36cf79959/lwjgl-opengl-3.4.1.jar
[Architectury Transformer DEBUG]  - /home/wilwe/.gradle/caches/modules-2/files-2.1/org.lwjgl/lwjgl-shaderc/3.4.1/5c02c88f0d879529014c78463b76f43fdecfd272/lwjgl-shaderc-3.4.1.jar
[Architectury Transformer DEBUG]  - /home/wilwe/.gradle/caches/modules-2/files-2.1/org.lwjgl/lwjgl-spvc/3.4.1/188553592e97b5ab2dba54a1b403ee80b48dad4c/lwjgl-spvc-3.4.1.jar
[Architectury Transformer DEBUG]  - /home/wilwe/.gradle/caches/modules-2/files-2.1/org.lwjgl/lwjgl-stb/3.4.1/f077c3dafc31924fbe8acb0b913f08977ba27f8e/lwjgl-stb-3.4.1.jar
[Architectury Transformer DEBUG]  - /home/wilwe/.gradle/caches/modules-2/files-2.1/org.lwjgl/lwjgl-tinyfd/3.4.1/562697d40dbd2ed0424bf24dcf65d51170f81adf/lwjgl-tinyfd-3.4.1.jar
[Architectury Transformer DEBUG]  - /home/wilwe/.gradle/caches/modules-2/files-2.1/org.lwjgl/lwjgl-vma/3.4.1/2c54ce10154feb1ede4d23c5947438cdbfdcc003/lwjgl-vma-3.4.1.jar
[Architectury Transformer DEBUG]  - /home/wilwe/.gradle/caches/modules-2/files-2.1/org.lwjgl/lwjgl-vulkan/3.4.1/d0601fdc38890755e5638048c14cc0f7b990964b/lwjgl-vulkan-3.4.1.jar
[Architectury Transformer DEBUG]  - /home/wilwe/.gradle/caches/modules-2/files-2.1/org.lwjgl/lwjgl/3.4.1/129e06a04f93992cb2a45172435b21fc4b60dd7d/lwjgl-3.4.1-unsafe.jar
[Architectury Transformer DEBUG]  - /home/wilwe/.gradle/caches/modules-2/files-2.1/org.slf4j/slf4j-api/2.0.17/d9e58ac9c7779ba3bf8142aff6c830617a7fe60f/slf4j-api-2.0.17.jar
[Architectury Transformer DEBUG]  - /home/wilwe/Dokumenty/GitHub/stargazer_mod/.gradle/loom-cache/minecraftMaven/net/minecraft/minecraft-merged-37ca00bc07/26.2/minecraft-merged-37ca00bc07-26.2.jar
[Architectury Transformer DEBUG]  - /home/wilwe/.gradle/caches/modules-2/files-2.1/io.netty/netty-transport-native-kqueue/4.2.15.Final/4245380831515fb4eca18d32477a27fbb8f7b8f4/netty-transport-native-kqueue-4.2.15.Final-osx-x86_64.jar
[Architectury Transformer DEBUG]  - /home/wilwe/.gradle/caches/modules-2/files-2.1/io.netty/netty-transport-native-kqueue/4.2.15.Final/8ea0ef3eb716d821332e4b4926825a4b7c1a6d38/netty-transport-native-kqueue-4.2.15.Final-osx-aarch_64.jar
[Architectury Transformer DEBUG]  - /home/wilwe/.gradle/caches/modules-2/files-2.1/blue.endless/jankson/1.2.0/3a596049034f2952c0b2d40ca41f9b98856d5fb4/jankson-1.2.0.jar
[Architectury Transformer DEBUG]  - /home/wilwe/.gradle/caches/modules-2/files-2.1/org.yaml/snakeyaml/1.27/359d62567480b07a679dc643f82fc926b100eed5/snakeyaml-1.27.jar
[Architectury Transformer DEBUG]  - /home/wilwe/.gradle/caches/modules-2/files-2.1/net.fabricmc.fabric-api/fabric-resource-loader-v0/3.3.20+4fc5413f9e/c6551ab905383f3c8e046a403a78a25bebabaff0/fabric-resource-loader-v0-3.3.20+4fc5413f9e.jar
[Architectury Transformer DEBUG]  - /home/wilwe/.gradle/caches/modules-2/files-2.1/net.fabricmc.fabric-api/fabric-screen-api-v1/5.2.1+5087f8249e/ef9ad9a09f392eff05957c24c71e4da6797bb8d9/fabric-screen-api-v1-5.2.1+5087f8249e.jar
[Architectury Transformer DEBUG]  - /home/wilwe/.gradle/caches/modules-2/files-2.1/net.fabricmc.fabric-api/fabric-key-mapping-api-v1/2.0.5+e2bdee789e/c86dc688a7e9caa7edca9973dc6abfe37c652135/fabric-key-mapping-api-v1-2.0.5+e2bdee789e.jar
[Architectury Transformer DEBUG]  - /home/wilwe/.gradle/caches/modules-2/files-2.1/net.fabricmc.fabric-api/fabric-transfer-api-v1/8.0.13+11dbb7d79e/10f39a4b46043bc724c7ea3b93bcc0243e592abb/fabric-transfer-api-v1-8.0.13+11dbb7d79e.jar
[Architectury Transformer DEBUG]  - /home/wilwe/.gradle/caches/modules-2/files-2.1/net.fabricmc.fabric-api/fabric-api-lookup-api-v1/2.0.18+11e1c9a39e/31fc094d5f4d878ed12bba2e5e8cdb42b26d83ae/fabric-api-lookup-api-v1-2.0.18+11e1c9a39e.jar
[Architectury Transformer DEBUG]  - /home/wilwe/.gradle/caches/modules-2/files-2.1/net.fabricmc.fabric-api/fabric-content-registries-v0/11.3.2+37b1aa249e/6f664a04bd603be3564b614caafa898e2fc9c67c/fabric-content-registries-v0-11.3.2+37b1aa249e.jar
[Architectury Transformer DEBUG]  - /home/wilwe/.gradle/caches/modules-2/files-2.1/net.fabricmc.fabric-api/fabric-data-generation-api-v1/25.6.0+c0da0b829e/6b314081c5999c2094b6a92323c055d59bf7e639/fabric-data-generation-api-v1-25.6.0+c0da0b829e.jar
[Architectury Transformer DEBUG]  - /home/wilwe/.gradle/caches/modules-2/files-2.1/net.fabricmc.fabric-api/fabric-convention-tags-v2/4.7.1+1f023a9e9e/e465c608c60ceb105c4f5d792460f5de02d90135/fabric-convention-tags-v2-4.7.1+1f023a9e9e.jar
[Architectury Transformer DEBUG]  - /home/wilwe/.gradle/caches/modules-2/files-2.1/net.fabricmc.fabric-api/fabric-dimensions-v1/5.1.12+515ac5339e/b9d60e3ceee08f0fbc6f19fe8264c82c5fc2d122/fabric-dimensions-v1-5.1.12+515ac5339e.jar
[Architectury Transformer DEBUG]  - /home/wilwe/.gradle/caches/modules-2/files-2.1/net.fabricmc.fabric-api/fabric-recipe-api-v1/9.0.22+11e1c9a39e/e756703eda39613f8d638521829b673c92276604/fabric-recipe-api-v1-9.0.22+11e1c9a39e.jar
[Architectury Transformer DEBUG]  - /home/wilwe/.gradle/caches/modules-2/files-2.1/net.fabricmc.fabric-api/fabric-model-loading-api-v1/8.0.17+c80601bb9e/b7b69be9cac7b63f853bd3c937c1b774c96a13fb/fabric-model-loading-api-v1-8.0.17+c80601bb9e.jar
[Architectury Transformer DEBUG]  - /home/wilwe/.gradle/caches/modules-2/files-2.1/net.fabricmc.fabric-api/fabric-renderer-indigo/9.1.4+2b0d8a229e/48cdf540bd670fe9333a74dd1570316180d10ab3/fabric-renderer-indigo-9.1.4+2b0d8a229e.jar
[Architectury Transformer DEBUG]  - /home/wilwe/.gradle/caches/modules-2/files-2.1/net.fabricmc.fabric-api/fabric-renderer-api-v1/14.1.4+2b0d8a229e/f6a6d234cc1073ffb871150d548d2164f8bc8d0b/fabric-renderer-api-v1-14.1.4+2b0d8a229e.jar
[Architectury Transformer DEBUG]  - /home/wilwe/.gradle/caches/modules-2/files-2.1/net.fabricmc.fabric-api/fabric-rendering-v1/25.3.3+515ac5339e/b970a6d778b9867d6ea13d5437193f1e86a19c55/fabric-rendering-v1-25.3.3+515ac5339e.jar
[Architectury Transformer DEBUG]  - /home/wilwe/.gradle/caches/modules-2/files-2.1/net.fabricmc.fabric-api/fabric-lifecycle-events-v1/4.1.4+29b6eb019e/54a508470dcea81513e39001b5c0bf9fae0f1d5/fabric-lifecycle-events-v1-4.1.4+29b6eb019e.jar
[Architectury Transformer DEBUG]  - /home/wilwe/.gradle/caches/modules-2/files-2.1/me.shedaniel.cloth/basic-math/0.6.1/2ddd64b22126332794a5754ff9b942e17fb44c39/basic-math-0.6.1.jar
[Architectury Transformer DEBUG]  - /home/wilwe/.gradle/caches/modules-2/files-2.1/net.fabricmc.fabric-api/fabric-advancement-api-v1/1.0.0+58719a3b9e/4394b4ce7f29690f622da915d780493148b974cb/fabric-advancement-api-v1-1.0.0+58719a3b9e.jar
[Architectury Transformer DEBUG]  - /home/wilwe/.gradle/caches/modules-2/files-2.1/net.fabricmc.fabric-api/fabric-block-api-v1/3.1.0+53515aab9e/46cf7e7564fbbb13d099c3fe1b065561f14e268f/fabric-block-api-v1-3.1.0+53515aab9e.jar
[Architectury Transformer DEBUG]  - /home/wilwe/.gradle/caches/modules-2/files-2.1/net.fabricmc.fabric-api/fabric-command-api-v2/3.1.0+00cb03469e/b144d197307c39c1bc516c274d9460f0116131a3/fabric-command-api-v2-3.1.0+00cb03469e.jar
[Architectury Transformer DEBUG]  - /home/wilwe/.gradle/caches/modules-2/files-2.1/net.fabricmc.fabric-api/fabric-creative-tab-api-v1/5.0.15+6468574f9e/b8896143a3467ad9eeff3bda41fb787bc080019e/fabric-creative-tab-api-v1-5.0.15+6468574f9e.jar
[Architectury Transformer DEBUG]  - /home/wilwe/.gradle/caches/modules-2/files-2.1/net.fabricmc.fabric-api/fabric-data-attachment-api-v1/2.2.19+515ac5339e/6ac7e37bdfaf6b9fc26be152d01daa0f95d799a2/fabric-data-attachment-api-v1-2.2.19+515ac5339e.jar
[Architectury Transformer DEBUG]  - /home/wilwe/.gradle/caches/modules-2/files-2.1/net.fabricmc.fabric-api/fabric-debug-api-v1/1.0.2+c792624d9e/9f0581bb985edf22a0d812dbe67178bd2849286/fabric-debug-api-v1-1.0.2+c792624d9e.jar
[Architectury Transformer DEBUG]  - /home/wilwe/.gradle/caches/modules-2/files-2.1/net.fabricmc.fabric-api/fabric-entity-events-v1/5.0.5+06488ac19e/5cbecb675b91d0ebfe2ef3f20339e1a2c76c435/fabric-entity-events-v1-5.0.5+06488ac19e.jar
[Architectury Transformer DEBUG]  - /home/wilwe/.gradle/caches/modules-2/files-2.1/net.fabricmc.fabric-api/fabric-events-interaction-v0/5.2.8+515ac5339e/98650380bb4e65a3deb6254e7c10a171eb907477/fabric-events-interaction-v0-5.2.8+515ac5339e.jar
[Architectury Transformer DEBUG]  - /home/wilwe/.gradle/caches/modules-2/files-2.1/net.fabricmc.fabric-api/fabric-game-rule-api-v1/4.0.8+46a6d00c9e/886816530fb79c925eb1bc6c34dd4d9d82e71d49/fabric-game-rule-api-v1-4.0.8+46a6d00c9e.jar
[Architectury Transformer DEBUG]  - /home/wilwe/.gradle/caches/modules-2/files-2.1/net.fabricmc.fabric-api/fabric-gametest-api-v1/4.0.22+4a7fa0819e/3fb91749fe4f238518d2980fdc18454016949190/fabric-gametest-api-v1-4.0.22+4a7fa0819e.jar
[Architectury Transformer DEBUG]  - /home/wilwe/.gradle/caches/modules-2/files-2.1/net.fabricmc.fabric-api/fabric-item-api-v1/14.5.0+c68f6cbe9e/c2d241b01e3c083637adb17c2c8ff798cb752d5a/fabric-item-api-v1-14.5.0+c68f6cbe9e.jar
[Architectury Transformer DEBUG]  - /home/wilwe/.gradle/caches/modules-2/files-2.1/net.fabricmc.fabric-api/fabric-loot-api-v3/3.0.17+06488ac19e/964f3985687b491093db6b9ff87b35106112b74d/fabric-loot-api-v3-3.0.17+06488ac19e.jar
[Architectury Transformer DEBUG]  - /home/wilwe/.gradle/caches/modules-2/files-2.1/net.fabricmc.fabric-api/fabric-menu-api-v1/2.0.17+086d547a9e/2d35d55e2aa842d5eec1f9262a74074385c69cfb/fabric-menu-api-v1-2.0.17+086d547a9e.jar
[Architectury Transformer DEBUG]  - /home/wilwe/.gradle/caches/modules-2/files-2.1/net.fabricmc.fabric-api/fabric-message-api-v1/7.0.8+bb2ed3f79e/106dc9ed22970076aaa39cd257b69705d136dd05/fabric-message-api-v1-7.0.8+bb2ed3f79e.jar
[Architectury Transformer DEBUG]  - /home/wilwe/.gradle/caches/modules-2/files-2.1/net.fabricmc.fabric-api/fabric-client-gametest-api-v1/6.0.2+0f4f1dca9e/f54e52e7af5a41fdcf6715f87d09282b2dc9b0f2/fabric-client-gametest-api-v1-6.0.2+0f4f1dca9e.jar
[Architectury Transformer DEBUG]  - /home/wilwe/.gradle/caches/modules-2/files-2.1/net.fabricmc.fabric-api/fabric-particles-v1/5.0.19+d1756aa99e/f6290d6511388b78455e2186d980553879343172/fabric-particles-v1-5.0.19+d1756aa99e.jar
[Architectury Transformer DEBUG]  - /home/wilwe/.gradle/caches/modules-2/files-2.1/net.fabricmc.fabric-api/fabric-object-builder-api-v1/24.1.1+6fcd5f039e/90175252776d48f5c549835501e7fa227e68c4c8/fabric-object-builder-api-v1-24.1.1+6fcd5f039e.jar
[Architectury Transformer DEBUG]  - /home/wilwe/.gradle/caches/modules-2/files-2.1/net.fabricmc.fabric-api/fabric-registry-sync-v0/7.1.1+c7bd5b8e9e/82c1ce3885265deb0c15970d4abadf0ae055a539/fabric-registry-sync-v0-7.1.1+c7bd5b8e9e.jar
[Architectury Transformer DEBUG]  - /home/wilwe/.gradle/caches/modules-2/files-2.1/net.fabricmc.fabric-api/fabric-networking-api-v1/6.3.4+2989c6a09e/608860809ec66fd65ca764c4157e96030f330537/fabric-networking-api-v1-6.3.4+2989c6a09e.jar
[Architectury Transformer DEBUG]  - /home/wilwe/.gradle/caches/modules-2/files-2.1/net.fabricmc.fabric-api/fabric-permission-api-v1/1.0.5+e442d8d09e/92197dd81a18322fd36b87de79bdaa8d2b4a1ba9/fabric-permission-api-v1-1.0.5+e442d8d09e.jar
[Architectury Transformer DEBUG]  - /home/wilwe/.gradle/caches/modules-2/files-2.1/net.fabricmc.fabric-api/fabric-rendering-fluids-v1/6.0.4+06488ac19e/9ded3bc73b5ff3c441075d0c8eca988aacce1f1f/fabric-rendering-fluids-v1-6.0.4+06488ac19e.jar
[Architectury Transformer DEBUG]  - /home/wilwe/.gradle/caches/modules-2/files-2.1/net.fabricmc.fabric-api/fabric-tag-api-v1/2.1.4+515ac5339e/f66a24273cdcc2ce424bf8c69cdc9cf48bdcb328/fabric-tag-api-v1-2.1.4+515ac5339e.jar
[Architectury Transformer DEBUG]  - /home/wilwe/.gradle/caches/modules-2/files-2.1/net.fabricmc.fabric-api/fabric-resource-loader-v1/2.0.13+9edec1269e/db19bb66f069d7ed3dde41eb7e1f9ff3122c15a4/fabric-resource-loader-v1-2.0.13+9edec1269e.jar
[Architectury Transformer DEBUG]  - /home/wilwe/.gradle/caches/modules-2/files-2.1/net.fabricmc.fabric-api/fabric-api-base/2.0.4+ece063239e/e766f3698b7bab8b1e13683040f8648fab511ca3/fabric-api-base-2.0.4+ece063239e.jar
[Architectury Transformer DEBUG]  - /home/wilwe/.gradle/caches/modules-2/files-2.1/net.fabricmc.fabric-api/fabric-biome-api-v1/18.0.6+c7bd5b8e9e/414c89d2bc8ab64dce1763edc4dbe4619113a5b/fabric-biome-api-v1-18.0.6+c7bd5b8e9e.jar
[Architectury Transformer DEBUG]  - /home/wilwe/.gradle/caches/modules-2/files-2.1/net.fabricmc.fabric-api/fabric-block-getter-api-v2/2.0.7+ec56b6019e/8204045ca262749761be09b144618e6c4133ebe1/fabric-block-getter-api-v2-2.0.7+ec56b6019e.jar
[Architectury Transformer DEBUG]  - /home/wilwe/.gradle/caches/modules-2/files-2.1/net.fabricmc.fabric-api/fabric-crash-report-info-v1/1.0.5+086d547a9e/119f48a9a648d86c89fe21444176d0032449d95c/fabric-crash-report-info-v1-1.0.5+086d547a9e.jar
[Architectury Transformer DEBUG]  - /home/wilwe/.gradle/caches/modules-2/files-2.1/net.fabricmc.fabric-api/fabric-resource-conditions-api-v1/6.1.0+10e9a28b9e/bfe91afa0e7712974b318ed7e274b493b038a596/fabric-resource-conditions-api-v1-6.1.0+10e9a28b9e.jar
[Architectury Transformer DEBUG]  - /home/wilwe/.gradle/caches/modules-2/files-2.1/net.fabricmc.fabric-api/fabric-serialization-api-v1/2.0.4+11a26f319e/ebf77996be79909f639a7352689d851385a9cd2b/fabric-serialization-api-v1-2.0.4+11a26f319e.jar
[Architectury Transformer DEBUG]  - /home/wilwe/.gradle/caches/modules-2/files-2.1/net.fabricmc.fabric-api/fabric-sound-api-v1/2.0.5+11a26f319e/73e4e62924608e1d1581f192607857db096dafe7/fabric-sound-api-v1-2.0.5+11a26f319e.jar
[Architectury Transformer DEBUG]  - /home/wilwe/.gradle/caches/modules-2/files-2.1/net.fabricmc.fabric-api/fabric-transitive-access-wideners-v1/8.1.4+67c847259e/e1e769f8e123395ab939d5d8da900e6a6ad53ab2/fabric-transitive-access-wideners-v1-8.1.4+67c847259e.jar
[Architectury Transformer DEBUG]  - /home/wilwe/.gradle/caches/modules-2/files-2.1/com.google.errorprone/error_prone_annotations/2.48.0/bbe30942a31d1778c74cb272321267eca82dc708/error_prone_annotations-2.48.0.jar
[Architectury Transformer] Read classpath in 1.513 s
[Architectury Transformer DEBUG] Closed File Systems for /home/wilwe/Dokumenty/GitHub/stargazer_mod/common/build/libs/stargazer-common-0.0.8.4-dev.jar
[Architectury Transformer DEBUG] Transforming 5 transformer(s) from /home/wilwe/Dokumenty/GitHub/stargazer_mod/common/build/libs/stargazer-common-0.0.8.4-dev.jar to /tmp/7091575561694081162.jar: 
[Architectury Transformer DEBUG]  - dev.architectury.transformer.transformers.RuntimeMixinRefmapDetector@4fdf8f12
[Architectury Transformer DEBUG]  - dev.architectury.transformer.transformers.GenerateFakeFabricMod@4a8b5227
[Architectury Transformer DEBUG]  - dev.architectury.transformer.transformers.TransformExpectPlatform@54f5f647
[Architectury Transformer DEBUG]  - dev.architectury.transformer.transformers.RemapInjectables@6979efad
[Architectury Transformer DEBUG]  - dev.architectury.transformer.transformers.TransformPlatformOnly@5a6d5a8f
[Architectury Transformer DEBUG] Transforming from /home/wilwe/Dokumenty/GitHub/stargazer_mod/common/build/libs/stargazer-common-0.0.8.4-dev.jar to /tmp/7091575561694081162.jar with 5 transformer(s) on dev.architectury.transformer.handler.SimpleTransformerHandler
[Architectury Transformer DEBUG] Found class transformer
[Architectury Transformer DEBUG] Writing com/github/starcatcher21/stargazer/CustomTags with maxs=true frames=true
[Architectury Transformer DEBUG] Writing com/github/starcatcher21/stargazer/CustomWorlds with maxs=true frames=true
[Architectury Transformer DEBUG] Writing com/github/starcatcher21/stargazer/ExampleMod with maxs=true frames=true
[Architectury Transformer DEBUG] Writing com/github/starcatcher21/stargazer/GameRules with maxs=true frames=true
[Architectury Transformer DEBUG] Writing com/github/starcatcher21/stargazer/Keybinds with maxs=true frames=true
[Architectury Transformer DEBUG] Writing com/github/starcatcher21/stargazer/RegistryKeys with maxs=true frames=true
[Architectury Transformer DEBUG] Writing com/github/starcatcher21/stargazer/Stargazer with maxs=true frames=true
[Architectury Transformer DEBUG] Writing com/github/starcatcher21/stargazer/StargazerAttributes with maxs=true frames=true
[Architectury Transformer DEBUG] Writing com/github/starcatcher21/stargazer/StargazerClient with maxs=true frames=true
[Architectury Transformer DEBUG] Writing com/github/starcatcher21/stargazer/StargazerNetworking with maxs=true frames=true
[Architectury Transformer DEBUG] Writing com/github/starcatcher21/stargazer/CreativeTab/ItemGroup with maxs=true frames=true
[Architectury Transformer DEBUG] Writing com/github/starcatcher21/stargazer/block/BlockTypes with maxs=true frames=true
[Architectury Transformer DEBUG] Writing com/github/starcatcher21/stargazer/block/ModBlock with maxs=true frames=true
[Architectury Transformer DEBUG] Writing com/github/starcatcher21/stargazer/block/clases/Chessboard with maxs=true frames=true
[Architectury Transformer DEBUG] Writing com/github/starcatcher21/stargazer/block/clases/CosmicFlower with maxs=true frames=true
[Architectury Transformer DEBUG] Writing com/github/starcatcher21/stargazer/block/clases/CustomLeaves with maxs=true frames=true
[Architectury Transformer DEBUG] Writing com/github/starcatcher21/stargazer/block/clases/CustomRedSapling with maxs=true frames=true
[Architectury Transformer DEBUG] Writing com/github/starcatcher21/stargazer/block/clases/CustomSapling with maxs=true frames=true
[Architectury Transformer DEBUG] Writing com/github/starcatcher21/stargazer/block/clases/CustomWanderSapling with maxs=true frames=true
[Architectury Transformer DEBUG] Writing com/github/starcatcher21/stargazer/block/clases/Hedge with maxs=true frames=true
[Architectury Transformer DEBUG] Writing com/github/starcatcher21/stargazer/block/clases/InfestedCalcite with maxs=true frames=true
[Architectury Transformer DEBUG] Writing com/github/starcatcher21/stargazer/block/clases/MoonWelder with maxs=true frames=true
[Architectury Transformer DEBUG] Writing com/github/starcatcher21/stargazer/block/clases/OrbFlower with maxs=true frames=true
[Architectury Transformer DEBUG] Writing com/github/starcatcher21/stargazer/block/clases/RedGrass with maxs=true frames=true
[Architectury Transformer DEBUG] Writing com/github/starcatcher21/stargazer/block/clases/RedHangingFlower with maxs=true frames=true
[Architectury Transformer DEBUG] Writing com/github/starcatcher21/stargazer/block/clases/RedOrbPlatform with maxs=true frames=true
[Architectury Transformer DEBUG] Writing com/github/starcatcher21/stargazer/block/clases/Sprinkler with maxs=true frames=true
[Architectury Transformer DEBUG] Writing com/github/starcatcher21/stargazer/block/clases/energy/cables/BaseCableEntity with maxs=true frames=true
[Architectury Transformer DEBUG] Writing com/github/starcatcher21/stargazer/block/clases/energy/cables/BlueCable with maxs=true frames=true
[Architectury Transformer DEBUG] Writing com/github/starcatcher21/stargazer/block/clases/energy/cables/BlueCableEntity with maxs=true frames=true
[Architectury Transformer DEBUG] Writing com/github/starcatcher21/stargazer/block/clases/energy/cables/PurpleCable with maxs=true frames=true
[Architectury Transformer DEBUG] Writing com/github/starcatcher21/stargazer/block/clases/energy/cables/PurpleCableEntity with maxs=true frames=true
[Architectury Transformer DEBUG] Writing com/github/starcatcher21/stargazer/block/clases/energy/cables/RedCable with maxs=true frames=true
[Architectury Transformer DEBUG] Writing com/github/starcatcher21/stargazer/block/clases/energy/cables/RedCableEntity with maxs=true frames=true
[Architectury Transformer DEBUG] Writing com/github/starcatcher21/stargazer/block/clases/energy/cables/YellowCable with maxs=true frames=true
[Architectury Transformer DEBUG] Writing com/github/starcatcher21/stargazer/block/clases/energy/cables/YellowCableEntity with maxs=true frames=true
[Architectury Transformer DEBUG] Writing com/github/starcatcher21/stargazer/block/clases/energy/generators/StarGenerator with maxs=true frames=true
[Architectury Transformer DEBUG] Writing com/github/starcatcher21/stargazer/block/clases/energy/generators/StarGeneratorEntity$1 with maxs=true frames=true
[Architectury Transformer DEBUG] Writing com/github/starcatcher21/stargazer/block/clases/energy/generators/StarGeneratorEntity with maxs=true frames=true
[Architectury Transformer DEBUG] Writing com/github/starcatcher21/stargazer/block/clases/energy/machines/NightWatcher with maxs=true frames=true
[Architectury Transformer DEBUG] Writing com/github/starcatcher21/stargazer/block/clases/energy/machines/NightWatcherEntity$1 with maxs=true frames=true
[Architectury Transformer DEBUG] Writing com/github/starcatcher21/stargazer/block/clases/energy/machines/NightWatcherEntity with maxs=true frames=true
[Architectury Transformer DEBUG] Writing com/github/starcatcher21/stargazer/block/clases/energy/machines/StarCrusher with maxs=true frames=true
[Architectury Transformer DEBUG] Writing com/github/starcatcher21/stargazer/block/clases/energy/machines/StarCrusherEntity$1 with maxs=true frames=true
[Architectury Transformer DEBUG] Writing com/github/starcatcher21/stargazer/block/clases/energy/machines/StarCrusherEntity with maxs=true frames=true
[Architectury Transformer DEBUG] Writing com/github/starcatcher21/stargazer/block/clases/eyes/EyeFern with maxs=true frames=true
[Architectury Transformer DEBUG] Writing com/github/starcatcher21/stargazer/block/clases/eyes/EyeLog with maxs=true frames=true
[Architectury Transformer DEBUG] Writing com/github/starcatcher21/stargazer/block/clases/eyes/Eyes with maxs=true frames=true
[Architectury Transformer DEBUG] Writing com/github/starcatcher21/stargazer/block/clases/eyes/StrippedEyeLog with maxs=true frames=true
[Architectury Transformer DEBUG] Writing com/github/starcatcher21/stargazer/block/clases/eyes/eyejar/EyeJar with maxs=true frames=true
[Architectury Transformer DEBUG] Writing com/github/starcatcher21/stargazer/block/clases/eyes/eyejar/EyeJarEntity with maxs=true frames=true
[Architectury Transformer DEBUG] Writing com/github/starcatcher21/stargazer/block/clases/eyes/eyejar/EyeJarModel with maxs=true frames=true
[Architectury Transformer DEBUG] Writing com/github/starcatcher21/stargazer/block/clases/grave/Grave with maxs=true frames=true
[Architectury Transformer DEBUG] Writing com/github/starcatcher21/stargazer/block/clases/grave/GraveEntity with maxs=true frames=true
[Architectury Transformer DEBUG] Writing com/github/starcatcher21/stargazer/block/clases/moon/ForgetMeNow with maxs=true frames=true
[Architectury Transformer DEBUG] Writing com/github/starcatcher21/stargazer/block/clases/moon/MoonFarmland with maxs=true frames=true
[Architectury Transformer DEBUG] Writing com/github/starcatcher21/stargazer/block/clases/moon/MoonFern with maxs=true frames=true
[Architectury Transformer DEBUG] Writing com/github/starcatcher21/stargazer/block/clases/moon/MoonGrass with maxs=true frames=true
[Architectury Transformer DEBUG] Writing com/github/starcatcher21/stargazer/block/clases/moon/MoonPlanks with maxs=true frames=true
[Architectury Transformer DEBUG] Writing com/github/starcatcher21/stargazer/block/clases/moon/MoonRock with maxs=true frames=true
[Architectury Transformer DEBUG] Writing com/github/starcatcher21/stargazer/block/clases/moon/MoonRockNylium with maxs=true frames=true
[Architectury Transformer DEBUG] Writing com/github/starcatcher21/stargazer/block/clases/moon/TallMoonGrass with maxs=true frames=true
[Architectury Transformer DEBUG] Writing com/github/starcatcher21/stargazer/block/clases/moon/geode_fruit/GeodeFruit with maxs=true frames=true
[Architectury Transformer DEBUG] Writing com/github/starcatcher21/stargazer/block/clases/moon/geode_fruit/GeodeFruitStage with maxs=true frames=true
[Architectury Transformer DEBUG] Writing com/github/starcatcher21/stargazer/block/clases/moon/leaves/MoonLeaves with maxs=true frames=true
[Architectury Transformer DEBUG] Writing com/github/starcatcher21/stargazer/block/clases/moon/log/MoonLog with maxs=true frames=true
[Architectury Transformer DEBUG] Writing com/github/starcatcher21/stargazer/block/clases/moon/log/StrippedMoonLog with maxs=true frames=true
[Architectury Transformer DEBUG] Writing com/github/starcatcher21/stargazer/block/clases/moon/plants/GiantCrop with maxs=true frames=true
[Architectury Transformer DEBUG] Writing com/github/starcatcher21/stargazer/block/clases/moon/plants/GiantCropSide with maxs=true frames=true
[Architectury Transformer DEBUG] Writing com/github/starcatcher21/stargazer/block/clases/moon/plants/GiantDragonCarrot with maxs=true frames=true
[Architectury Transformer DEBUG] Writing com/github/starcatcher21/stargazer/block/clases/moon/plants/MoonCrop with maxs=true frames=true
[Architectury Transformer DEBUG] Writing com/github/starcatcher21/stargazer/block/clases/moon/star_stone/StarStone with maxs=true frames=true
[Architectury Transformer DEBUG] Writing com/github/starcatcher21/stargazer/block/clases/moon/star_trap/StarTrap with maxs=true frames=true
[Architectury Transformer DEBUG] Writing com/github/starcatcher21/stargazer/block/clases/moon/star_trap/StarTrapEntity with maxs=true frames=true
[Architectury Transformer DEBUG] Writing com/github/starcatcher21/stargazer/block/clases/moon/star_trap/StarTrapModel with maxs=true frames=true
[Architectury Transformer DEBUG] Writing com/github/starcatcher21/stargazer/block/clases/moon/starforge/Starforge with maxs=true frames=true
[Architectury Transformer DEBUG] Writing com/github/starcatcher21/stargazer/block/clases/nebulas/NebulaCore with maxs=true frames=true
[Architectury Transformer DEBUG] Writing com/github/starcatcher21/stargazer/block/clases/nebulas/NebulaLeaves with maxs=true frames=true
[Architectury Transformer DEBUG] Writing com/github/starcatcher21/stargazer/block/clases/negative/NegativeBlock with maxs=true frames=true
[Architectury Transformer DEBUG] Writing com/github/starcatcher21/stargazer/block/clases/negative/NegativeBlockEntity with maxs=true frames=true
[Architectury Transformer DEBUG] Writing com/github/starcatcher21/stargazer/block/clases/negative/NegativeBlockEntityRenderState with maxs=true frames=true
[Architectury Transformer DEBUG] Writing com/github/starcatcher21/stargazer/block/clases/negative/NegativeBlockEntityRenderer with maxs=true frames=true
[Architectury Transformer DEBUG] Writing com/github/starcatcher21/stargazer/block/clases/noblue/NoBlueBlock with maxs=true frames=true
[Architectury Transformer DEBUG] Writing com/github/starcatcher21/stargazer/block/clases/noblue/NoBlueBlockEntity with maxs=true frames=true
[Architectury Transformer DEBUG] Writing com/github/starcatcher21/stargazer/block/clases/noblue/NoBlueBlockEntityRenderState with maxs=true frames=true
[Architectury Transformer DEBUG] Writing com/github/starcatcher21/stargazer/block/clases/noblue/NoBlueBlockEntityRenderer with maxs=true frames=true
[Architectury Transformer DEBUG] Writing com/github/starcatcher21/stargazer/block/clases/nogreen/NoGreenBlock with maxs=true frames=true
[Architectury Transformer DEBUG] Writing com/github/starcatcher21/stargazer/block/clases/nogreen/NoGreenBlockEntity with maxs=true frames=true
[Architectury Transformer DEBUG] Writing com/github/starcatcher21/stargazer/block/clases/nogreen/NoGreenBlockEntityRenderState with maxs=true frames=true
[Architectury Transformer DEBUG] Writing com/github/starcatcher21/stargazer/block/clases/nogreen/NoGreenBlockEntityRenderer with maxs=true frames=true
[Architectury Transformer DEBUG] Writing com/github/starcatcher21/stargazer/block/clases/nored/NoRedBlock with maxs=true frames=true
[Architectury Transformer DEBUG] Writing com/github/starcatcher21/stargazer/block/clases/nored/NoRedBlockEntity with maxs=true frames=true
[Architectury Transformer DEBUG] Writing com/github/starcatcher21/stargazer/block/clases/nored/NoRedBlockEntityRenderState with maxs=true frames=true
[Architectury Transformer DEBUG] Writing com/github/starcatcher21/stargazer/block/clases/nored/NoRedBlockEntityRenderer with maxs=true frames=true
[Architectury Transformer DEBUG] Writing com/github/starcatcher21/stargazer/block/clases/star/aurora/Aurora with maxs=true frames=true
[Architectury Transformer DEBUG] Writing com/github/starcatcher21/stargazer/block/clases/star/aurora/AuroraBlockEntityRenderState with maxs=true frames=true
[Architectury Transformer DEBUG] Writing com/github/starcatcher21/stargazer/block/clases/star/aurora/AuroraEntity with maxs=true frames=true
[Architectury Transformer DEBUG] Writing com/github/starcatcher21/stargazer/block/clases/star/aurora/AuroraEntityRenderer with maxs=true frames=true
[Architectury Transformer DEBUG] Writing com/github/starcatcher21/stargazer/block/clases/star/barrier/StarBarrierBlock with maxs=true frames=true
[Architectury Transformer DEBUG] Writing com/github/starcatcher21/stargazer/block/clases/star/barrier/StarBarrierBlockEntity with maxs=true frames=true
[Architectury Transformer DEBUG] Writing com/github/starcatcher21/stargazer/block/clases/star/barrier/StarBarrierBlockEntityRenderState with maxs=true frames=true
[Architectury Transformer DEBUG] Writing com/github/starcatcher21/stargazer/block/clases/star/barrier/StarBarrierBlockEntityRenderer with maxs=true frames=true
[Architectury Transformer DEBUG] Writing com/github/starcatcher21/stargazer/block/clases/star/border/BorderBlock with maxs=true frames=true
[Architectury Transformer DEBUG] Writing com/github/starcatcher21/stargazer/block/clases/star/border/BorderBlockEntity with maxs=true frames=true
[Architectury Transformer DEBUG] Writing com/github/starcatcher21/stargazer/block/clases/star/cosmic/CosmicBlock with maxs=true frames=true
[Architectury Transformer DEBUG] Writing com/github/starcatcher21/stargazer/block/clases/star/cosmic/CosmicBlockEntity with maxs=true frames=true
[Architectury Transformer DEBUG] Writing com/github/starcatcher21/stargazer/block/clases/star/cosmic/CosmicBlockEntityRenderState with maxs=true frames=true
[Architectury Transformer DEBUG] Writing com/github/starcatcher21/stargazer/block/clases/star/cosmic/CosmicBlockEntityRenderer with maxs=true frames=true
[Architectury Transformer DEBUG] Writing com/github/starcatcher21/stargazer/block/clases/star/leaves/StarLeaves with maxs=true frames=true
[Architectury Transformer DEBUG] Writing com/github/starcatcher21/stargazer/block/clases/star/leaves/StarLeavesBlockEntityRenderState with maxs=true frames=true
[Architectury Transformer DEBUG] Writing com/github/starcatcher21/stargazer/block/clases/star/leaves/StarLeavesEntity with maxs=true frames=true
[Architectury Transformer DEBUG] Writing com/github/starcatcher21/stargazer/block/clases/star/leaves/StarLeavesEntityRenderer with maxs=true frames=true
[Architectury Transformer DEBUG] Writing com/github/starcatcher21/stargazer/block/clases/star/log/StarLog with maxs=true frames=true
[Architectury Transformer DEBUG] Writing com/github/starcatcher21/stargazer/block/clases/star/log/StrippedStarLog with maxs=true frames=true
[Architectury Transformer DEBUG] Writing com/github/starcatcher21/stargazer/block/clases/star/star_display/StarDisplay with maxs=true frames=true
[Architectury Transformer DEBUG] Writing com/github/starcatcher21/stargazer/block/clases/star/star_display/StarDisplayEntity with maxs=true frames=true
[Architectury Transformer DEBUG] Writing com/github/starcatcher21/stargazer/block/clases/star/star_display/StarDisplayModel with maxs=true frames=true
[Architectury Transformer DEBUG] Writing com/github/starcatcher21/stargazer/block/clases/star/star_display/StarDisplayRenderer with maxs=true frames=true
[Architectury Transformer DEBUG] Writing com/github/starcatcher21/stargazer/block/clases/teleporter/CopperTeleporter with maxs=true frames=true
[Architectury Transformer DEBUG] Writing com/github/starcatcher21/stargazer/block/clases/teleporter/CopperTeleporterState with maxs=true frames=true
[Architectury Transformer DEBUG] Writing com/github/starcatcher21/stargazer/block/clases/teleporter/DarkTeleporter with maxs=true frames=true
[Architectury Transformer DEBUG] Writing com/github/starcatcher21/stargazer/block/clases/teleporter/DarkTeleporterState with maxs=true frames=true
[Architectury Transformer DEBUG] Writing com/github/starcatcher21/stargazer/block/clases/teleporter/EndTeleporter with maxs=true frames=true
[Architectury Transformer DEBUG] Writing com/github/starcatcher21/stargazer/block/clases/teleporter/EndTeleporterState with maxs=true frames=true
[Architectury Transformer DEBUG] Writing com/github/starcatcher21/stargazer/block/clases/teleporter/RedTeleporter with maxs=true frames=true
[Architectury Transformer DEBUG] Writing com/github/starcatcher21/stargazer/block/clases/teleporter/RedTeleporterState with maxs=true frames=true
[Architectury Transformer DEBUG] Writing com/github/starcatcher21/stargazer/block/clases/wander/Boril with maxs=true frames=true
[Architectury Transformer DEBUG] Writing com/github/starcatcher21/stargazer/block/register/Chess with maxs=true frames=true
[Architectury Transformer DEBUG] Writing com/github/starcatcher21/stargazer/block/register/Crops$1 with maxs=true frames=true
[Architectury Transformer DEBUG] Writing com/github/starcatcher21/stargazer/block/register/Crops with maxs=true frames=true
[Architectury Transformer DEBUG] Writing com/github/starcatcher21/stargazer/block/register/Darkness with maxs=true frames=true
[Architectury Transformer DEBUG] Writing com/github/starcatcher21/stargazer/block/register/Energy with maxs=true frames=true
[Architectury Transformer DEBUG] Writing com/github/starcatcher21/stargazer/block/register/EyeBloodBlocks with maxs=true frames=true
[Architectury Transformer DEBUG] Writing com/github/starcatcher21/stargazer/block/register/Hedges with maxs=true frames=true
[Architectury Transformer DEBUG] Writing com/github/starcatcher21/stargazer/block/register/MoonBlocks with maxs=true frames=true
[Architectury Transformer DEBUG] Writing com/github/starcatcher21/stargazer/block/register/Nebulas with maxs=true frames=true
[Architectury Transformer DEBUG] Writing com/github/starcatcher21/stargazer/block/register/RedOrbBlocks with maxs=true frames=true
[Architectury Transformer DEBUG] Writing com/github/starcatcher21/stargazer/block/register/StarBlocks with maxs=true frames=true
[Architectury Transformer DEBUG] Writing com/github/starcatcher21/stargazer/block/register/Wander with maxs=true frames=true
[Architectury Transformer DEBUG] Writing com/github/starcatcher21/stargazer/compat/MoonWelderCategory with maxs=true frames=true
[Architectury Transformer DEBUG] Writing com/github/starcatcher21/stargazer/compat/MoonWelderDisplay with maxs=true frames=true
[Architectury Transformer DEBUG] Writing com/github/starcatcher21/stargazer/compat/MoonWelderDisplaySerializer with maxs=true frames=true
[Architectury Transformer DEBUG] Writing com/github/starcatcher21/stargazer/compat/StarCrusherCategory with maxs=true frames=true
[Architectury Transformer DEBUG] Writing com/github/starcatcher21/stargazer/compat/StarCrusherDisplay with maxs=true frames=true
[Architectury Transformer DEBUG] Writing com/github/starcatcher21/stargazer/compat/StarCrusherDisplaySerializer with maxs=true frames=true
[Architectury Transformer DEBUG] Writing com/github/starcatcher21/stargazer/compat/StarforgeCategory with maxs=true frames=true
[Architectury Transformer DEBUG] Writing com/github/starcatcher21/stargazer/compat/StarforgeDisplay with maxs=true frames=true
[Architectury Transformer DEBUG] Writing com/github/starcatcher21/stargazer/compat/StarforgeDisplaySerializer with maxs=true frames=true
[Architectury Transformer DEBUG] Writing com/github/starcatcher21/stargazer/compat/StargazerREIClient with maxs=true frames=true
[Architectury Transformer DEBUG] Writing com/github/starcatcher21/stargazer/compat/StargazerREICommon with maxs=true frames=true
[Architectury Transformer DEBUG] Writing com/github/starcatcher21/stargazer/compat/StargazingCategory with maxs=true frames=true
[Architectury Transformer DEBUG] Writing com/github/starcatcher21/stargazer/compat/StargazingDisplay with maxs=true frames=true
[Architectury Transformer DEBUG] Writing com/github/starcatcher21/stargazer/compat/StargazingDisplaySerializer with maxs=true frames=true
[Architectury Transformer DEBUG] Writing com/github/starcatcher21/stargazer/effects/CosmoFeeling with maxs=true frames=true
[Architectury Transformer DEBUG] Writing com/github/starcatcher21/stargazer/effects/GlassHands with maxs=true frames=true
[Architectury Transformer DEBUG] Writing com/github/starcatcher21/stargazer/effects/Hydrophobic with maxs=true frames=true
[Architectury Transformer DEBUG] Writing com/github/starcatcher21/stargazer/effects/Potions with maxs=true frames=true
[Architectury Transformer DEBUG] Writing com/github/starcatcher21/stargazer/effects/StatusEffects with maxs=true frames=true
[Architectury Transformer DEBUG] Writing com/github/starcatcher21/stargazer/energy/EnergyHooks with maxs=true frames=true
[Architectury Transformer DEBUG] Writing com/github/starcatcher21/stargazer/energy/ModEnergyStorage with maxs=true frames=true
[Architectury Transformer DEBUG] Writing com/github/starcatcher21/stargazer/energy/SimpleModEnergyStorage with maxs=true frames=true
[Architectury Transformer DEBUG] Writing com/github/starcatcher21/stargazer/entity/AmethystTurtle with maxs=true frames=true
[Architectury Transformer DEBUG] Writing com/github/starcatcher21/stargazer/entity/BlackFox with maxs=true frames=true
[Architectury Transformer DEBUG] Writing com/github/starcatcher21/stargazer/entity/BlackRook with maxs=true frames=true
[Architectury Transformer DEBUG] Writing com/github/starcatcher21/stargazer/entity/DataTickets with maxs=true frames=true
[Architectury Transformer DEBUG] Writing com/github/starcatcher21/stargazer/entity/EntityRegistry with maxs=true frames=true
[Architectury Transformer DEBUG] Writing com/github/starcatcher21/stargazer/entity/EyeBat with maxs=true frames=true
[Architectury Transformer DEBUG] Writing com/github/starcatcher21/stargazer/entity/Ghost with maxs=true frames=true
[Architectury Transformer DEBUG] Writing com/github/starcatcher21/stargazer/entity/Rook with maxs=true frames=true
[Architectury Transformer DEBUG] Writing com/github/starcatcher21/stargazer/entity/Scruby with maxs=true frames=true
[Architectury Transformer DEBUG] Writing com/github/starcatcher21/stargazer/entity/Star with maxs=true frames=true
[Architectury Transformer DEBUG] Writing com/github/starcatcher21/stargazer/entity/ThrowableStarEntity with maxs=true frames=true
[Architectury Transformer DEBUG] Writing com/github/starcatcher21/stargazer/entity/models/AmethystTurtleModel with maxs=true frames=true
[Architectury Transformer DEBUG] Writing com/github/starcatcher21/stargazer/entity/models/BlackFoxModel with maxs=true frames=true
[Architectury Transformer DEBUG] Writing com/github/starcatcher21/stargazer/entity/models/BlackRookModel with maxs=true frames=true
[Architectury Transformer DEBUG] Writing com/github/starcatcher21/stargazer/entity/models/EyeBatModel with maxs=true frames=true
[Architectury Transformer DEBUG] Writing com/github/starcatcher21/stargazer/entity/models/GhostModel with maxs=true frames=true
[Architectury Transformer DEBUG] Writing com/github/starcatcher21/stargazer/entity/models/RookModel with maxs=true frames=true
[Architectury Transformer DEBUG] Writing com/github/starcatcher21/stargazer/entity/models/ScrubyModel with maxs=true frames=true
[Architectury Transformer DEBUG] Writing com/github/starcatcher21/stargazer/entity/models/StarModel with maxs=true frames=true
[Architectury Transformer DEBUG] Writing com/github/starcatcher21/stargazer/entity/renderers/AmethystTurtleRenderer with maxs=true frames=true
[Architectury Transformer DEBUG] Writing com/github/starcatcher21/stargazer/entity/renderers/BlackFoxRenderer with maxs=true frames=true
[Architectury Transformer DEBUG] Writing com/github/starcatcher21/stargazer/entity/renderers/BlackRookRenderer with maxs=true frames=true
[Architectury Transformer DEBUG] Writing com/github/starcatcher21/stargazer/entity/renderers/EyeBatRenderer with maxs=true frames=true
[Architectury Transformer DEBUG] Writing com/github/starcatcher21/stargazer/entity/renderers/GhostRenderer with maxs=true frames=true
[Architectury Transformer DEBUG] Writing com/github/starcatcher21/stargazer/entity/renderers/RookRenderer with maxs=true frames=true
[Architectury Transformer DEBUG] Writing com/github/starcatcher21/stargazer/entity/renderers/ScrubyRenderer with maxs=true frames=true
[Architectury Transformer DEBUG] Writing com/github/starcatcher21/stargazer/entity/renderers/StarRenderer$1 with maxs=true frames=true
[Architectury Transformer DEBUG] Writing com/github/starcatcher21/stargazer/entity/renderers/StarRenderer with maxs=true frames=true
[Architectury Transformer DEBUG] Writing com/github/starcatcher21/stargazer/helpers/BlockItem with maxs=true frames=true
[Architectury Transformer DEBUG] Writing com/github/starcatcher21/stargazer/item/ConsumableComponents with maxs=true frames=true
[Architectury Transformer DEBUG] Writing com/github/starcatcher21/stargazer/item/ConsumeEffectsRegistry with maxs=true frames=true
[Architectury Transformer DEBUG] Writing com/github/starcatcher21/stargazer/item/ModItems$1 with maxs=true frames=true
[Architectury Transformer DEBUG] Writing com/github/starcatcher21/stargazer/item/ModItems$2 with maxs=true frames=true
[Architectury Transformer DEBUG] Writing com/github/starcatcher21/stargazer/item/ModItems with maxs=true frames=true
[Architectury Transformer DEBUG] Writing com/github/starcatcher21/stargazer/item/WishingStars with maxs=true frames=true
[Architectury Transformer DEBUG] Writing com/github/starcatcher21/stargazer/item/ConsumeEffects/StarGazeConsume with maxs=true frames=true
[Architectury Transformer DEBUG] Writing com/github/starcatcher21/stargazer/item/armor/ArmorMaterial with maxs=true frames=true
[Architectury Transformer DEBUG] Writing com/github/starcatcher21/stargazer/item/armor/EquipmentAsset with maxs=true frames=true
[Architectury Transformer DEBUG] Writing com/github/starcatcher21/stargazer/item/classes/DarkStar with maxs=true frames=true
[Architectury Transformer DEBUG] Writing com/github/starcatcher21/stargazer/item/classes/LodeStar with maxs=true frames=true
[Architectury Transformer DEBUG] Writing com/github/starcatcher21/stargazer/item/classes/LuckyComet with maxs=true frames=true
[Architectury Transformer DEBUG] Writing com/github/starcatcher21/stargazer/item/classes/SeedPacket with maxs=true frames=true
[Architectury Transformer DEBUG] Writing com/github/starcatcher21/stargazer/item/classes/StarBook with maxs=true frames=true
[Architectury Transformer DEBUG] Writing com/github/starcatcher21/stargazer/item/classes/ThrowableStar with maxs=true frames=true
[Architectury Transformer DEBUG] Writing com/github/starcatcher21/stargazer/item/classes/WishingStarItem with maxs=true frames=true
[Architectury Transformer DEBUG] Writing com/github/starcatcher21/stargazer/mechanics/DamageTypeRegistry with maxs=true frames=true
[Architectury Transformer DEBUG] Writing com/github/starcatcher21/stargazer/mechanics/PlayerCosmicGrav with maxs=true frames=true
[Architectury Transformer DEBUG] Writing com/github/starcatcher21/stargazer/mechanics/PlayerRedOrbGrav with maxs=true frames=true
[Architectury Transformer DEBUG] Writing com/github/starcatcher21/stargazer/mechanics/PointOfIntrests with maxs=true frames=true
[Architectury Transformer DEBUG] Writing com/github/starcatcher21/stargazer/mechanics/advancements/CosmicPortal$Conditions with maxs=true frames=true
[Architectury Transformer DEBUG] Writing com/github/starcatcher21/stargazer/mechanics/advancements/CosmicPortal with maxs=true frames=true
[Architectury Transformer DEBUG] Writing com/github/starcatcher21/stargazer/mechanics/advancements/Criterias with maxs=true frames=true
[Architectury Transformer DEBUG] Writing com/github/starcatcher21/stargazer/mechanics/advancements/ForgeCraft$Conditions with maxs=true frames=true
[Architectury Transformer DEBUG] Writing com/github/starcatcher21/stargazer/mechanics/advancements/ForgeCraft with maxs=true frames=true
[Architectury Transformer DEBUG] Writing com/github/starcatcher21/stargazer/mechanics/advancements/MoonWeld$Conditions with maxs=true frames=true
[Architectury Transformer DEBUG] Writing com/github/starcatcher21/stargazer/mechanics/advancements/MoonWeld with maxs=true frames=true
[Architectury Transformer DEBUG] Writing com/github/starcatcher21/stargazer/mechanics/advancements/Negative$Conditions with maxs=true frames=true
[Architectury Transformer DEBUG] Writing com/github/starcatcher21/stargazer/mechanics/advancements/Negative with maxs=true frames=true
[Architectury Transformer DEBUG] Writing com/github/starcatcher21/stargazer/mechanics/advancements/StarModifier$Conditions with maxs=true frames=true
[Architectury Transformer DEBUG] Writing com/github/starcatcher21/stargazer/mechanics/advancements/StarModifier with maxs=true frames=true
[Architectury Transformer DEBUG] Writing com/github/starcatcher21/stargazer/mechanics/advancements/StarTrap$Conditions with maxs=true frames=true
[Architectury Transformer DEBUG] Writing com/github/starcatcher21/stargazer/mechanics/advancements/StarTrap with maxs=true frames=true
[Architectury Transformer DEBUG] Writing com/github/starcatcher21/stargazer/mechanics/advancements/Starcatching$Conditions with maxs=true frames=true
[Architectury Transformer DEBUG] Writing com/github/starcatcher21/stargazer/mechanics/advancements/Starcatching with maxs=true frames=true
[Architectury Transformer DEBUG] Writing com/github/starcatcher21/stargazer/mechanics/dash/Dash with maxs=true frames=true
[Architectury Transformer DEBUG] Writing com/github/starcatcher21/stargazer/mechanics/dash/DashClient with maxs=true frames=true
[Architectury Transformer DEBUG] Writing com/github/starcatcher21/stargazer/mechanics/dash/DashPayload with maxs=true frames=true
[Architectury Transformer DEBUG] Writing com/github/starcatcher21/stargazer/mechanics/dash/DashServer with maxs=true frames=true
[Architectury Transformer DEBUG] Writing com/github/starcatcher21/stargazer/mechanics/star/StargazeClient with maxs=true frames=true
[Architectury Transformer DEBUG] Writing com/github/starcatcher21/stargazer/mechanics/star/StargazePayload with maxs=true frames=true
[Architectury Transformer DEBUG] Writing com/github/starcatcher21/stargazer/mechanics/star/StargazeServer with maxs=true frames=true
[Architectury Transformer DEBUG] Writing com/github/starcatcher21/stargazer/mixin/BrewingRecipeRegMixin with maxs=true frames=true
[Architectury Transformer DEBUG] Writing com/github/starcatcher21/stargazer/mixin/EntityMixin with maxs=true frames=true
[Architectury Transformer DEBUG] Writing com/github/starcatcher21/stargazer/mixin/FarmlandMixin with maxs=true frames=true
[Architectury Transformer DEBUG] Writing com/github/starcatcher21/stargazer/mixin/FishingBobberEntityMixin with maxs=true frames=true
[Architectury Transformer DEBUG] Writing com/github/starcatcher21/stargazer/mixin/FluidBlockMixin with maxs=true frames=true
[Architectury Transformer DEBUG] Writing com/github/starcatcher21/stargazer/mixin/IceBlockMixin with maxs=true frames=true
[Architectury Transformer DEBUG] Writing com/github/starcatcher21/stargazer/mixin/PlayerClassMixin with maxs=true frames=true
[Architectury Transformer DEBUG] Writing com/github/starcatcher21/stargazer/mixin/SkyRenderingMixin with maxs=true frames=true
[Architectury Transformer DEBUG] Writing com/github/starcatcher21/stargazer/mixin/WorldMixin with maxs=true frames=true
[Architectury Transformer DEBUG] Writing com/github/starcatcher21/stargazer/mixin/WorldRendererMixin with maxs=true frames=true
[Architectury Transformer DEBUG] Writing com/github/starcatcher21/stargazer/nbt/ComponentTypes with maxs=true frames=true
[Architectury Transformer DEBUG] Writing com/github/starcatcher21/stargazer/nbt/Patterns with maxs=true frames=true
[Architectury Transformer DEBUG] Writing com/github/starcatcher21/stargazer/nbt/StarPattern with maxs=true frames=true
[Architectury Transformer DEBUG] Writing com/github/starcatcher21/stargazer/nbt/StarPatternsComponent$Builder with maxs=true frames=true
[Architectury Transformer DEBUG] Writing com/github/starcatcher21/stargazer/nbt/StarPatternsComponent$Layer with maxs=true frames=true
[Architectury Transformer DEBUG] Writing com/github/starcatcher21/stargazer/nbt/StarPatternsComponent with maxs=true frames=true
[Architectury Transformer DEBUG] Writing com/github/starcatcher21/stargazer/particle/Particles$1 with maxs=true frames=true
[Architectury Transformer DEBUG] Writing com/github/starcatcher21/stargazer/particle/Particles$2 with maxs=true frames=true
[Architectury Transformer DEBUG] Writing com/github/starcatcher21/stargazer/particle/Particles$3 with maxs=true frames=true
[Architectury Transformer DEBUG] Writing com/github/starcatcher21/stargazer/particle/Particles$4 with maxs=true frames=true
[Architectury Transformer DEBUG] Writing com/github/starcatcher21/stargazer/particle/Particles$5 with maxs=true frames=true
[Architectury Transformer DEBUG] Writing com/github/starcatcher21/stargazer/particle/Particles$6 with maxs=true frames=true
[Architectury Transformer DEBUG] Writing com/github/starcatcher21/stargazer/particle/Particles with maxs=true frames=true
[Architectury Transformer DEBUG] Writing com/github/starcatcher21/stargazer/particle/ParticlesClient with maxs=true frames=true
[Architectury Transformer DEBUG] Writing com/github/starcatcher21/stargazer/particle/StarParticle$Factory with maxs=true frames=true
[Architectury Transformer DEBUG] Writing com/github/starcatcher21/stargazer/particle/StarParticle$TintedLeavesFactory with maxs=true frames=true
[Architectury Transformer DEBUG] Writing com/github/starcatcher21/stargazer/particle/StarParticle with maxs=true frames=true
[Architectury Transformer DEBUG] Writing com/github/starcatcher21/stargazer/particle/StarParticle2$Factory with maxs=true frames=true
[Architectury Transformer DEBUG] Writing com/github/starcatcher21/stargazer/particle/StarParticle2 with maxs=true frames=true
[Architectury Transformer DEBUG] Writing com/github/starcatcher21/stargazer/renderer/CustomRederPipelines with maxs=true frames=true
[Architectury Transformer DEBUG] Writing com/github/starcatcher21/stargazer/renderer/CustomRenderLayers with maxs=true frames=true
[Architectury Transformer DEBUG] Writing com/github/starcatcher21/stargazer/renderer/SkyDimensionChecks with maxs=true frames=true
[Architectury Transformer DEBUG] Writing com/github/starcatcher21/stargazer/renderer/SkyStarRenderer$StarSettings with maxs=true frames=true
[Architectury Transformer DEBUG] Writing com/github/starcatcher21/stargazer/renderer/SkyStarRenderer with maxs=true frames=true
[Architectury Transformer DEBUG] Writing com/github/starcatcher21/stargazer/screens/MoonWelderScreenHandler with maxs=true frames=true
[Architectury Transformer DEBUG] Writing com/github/starcatcher21/stargazer/screens/NightWatcherScreenHandler$1 with maxs=true frames=true
[Architectury Transformer DEBUG] Writing com/github/starcatcher21/stargazer/screens/NightWatcherScreenHandler with maxs=true frames=true
[Architectury Transformer DEBUG] Writing com/github/starcatcher21/stargazer/screens/ScreenHandlerTypes with maxs=true frames=true
[Architectury Transformer DEBUG] Writing com/github/starcatcher21/stargazer/screens/StarBookScreenHandler with maxs=true frames=true
[Architectury Transformer DEBUG] Writing com/github/starcatcher21/stargazer/screens/StarCrusherScreenHandler$1 with maxs=true frames=true
[Architectury Transformer DEBUG] Writing com/github/starcatcher21/stargazer/screens/StarCrusherScreenHandler with maxs=true frames=true
[Architectury Transformer DEBUG] Writing com/github/starcatcher21/stargazer/screens/StarGeneratorScreenHandler$1 with maxs=true frames=true
[Architectury Transformer DEBUG] Writing com/github/starcatcher21/stargazer/screens/StarGeneratorScreenHandler$2 with maxs=true frames=true
[Architectury Transformer DEBUG] Writing com/github/starcatcher21/stargazer/screens/StarGeneratorScreenHandler with maxs=true frames=true
[Architectury Transformer DEBUG] Writing com/github/starcatcher21/stargazer/screens/StarforgeScreenHandler with maxs=true frames=true
[Architectury Transformer DEBUG] Writing com/github/starcatcher21/stargazer/screens/handled/MoonWelderHandled with maxs=true frames=true
[Architectury Transformer DEBUG] Writing com/github/starcatcher21/stargazer/screens/handled/NightWatcherHandled with maxs=true frames=true
[Architectury Transformer DEBUG] Writing com/github/starcatcher21/stargazer/screens/handled/StarBookHandled with maxs=true frames=true
[Architectury Transformer DEBUG] Writing com/github/starcatcher21/stargazer/screens/handled/StarCrusherHandled with maxs=true frames=true
[Architectury Transformer DEBUG] Writing com/github/starcatcher21/stargazer/screens/handled/StarforgeHandled with maxs=true frames=true
[Architectury Transformer DEBUG] Writing com/github/starcatcher21/stargazer/screens/handled/StargeneratorHandled with maxs=true frames=true
[Architectury Transformer DEBUG] Writing com/github/starcatcher21/stargazer/screens/handled/buttons/StarPageButton with maxs=true frames=true
[Architectury Transformer DEBUG] Writing com/github/starcatcher21/stargazer/screens/recipe/MoonWelderRecipe with maxs=true frames=true
[Architectury Transformer DEBUG] Writing com/github/starcatcher21/stargazer/screens/recipe/MoonWelderRecipeInput$Positioned with maxs=true frames=true
[Architectury Transformer DEBUG] Writing com/github/starcatcher21/stargazer/screens/recipe/MoonWelderRecipeInput with maxs=true frames=true
[Architectury Transformer DEBUG] Writing com/github/starcatcher21/stargazer/screens/recipe/MoonWelderRecipeInventory with maxs=true frames=true
[Architectury Transformer DEBUG] Writing com/github/starcatcher21/stargazer/screens/recipe/RecipeTypes$1 with maxs=true frames=true
[Architectury Transformer DEBUG] Writing com/github/starcatcher21/stargazer/screens/recipe/RecipeTypes with maxs=true frames=true
[Architectury Transformer DEBUG] Writing com/github/starcatcher21/stargazer/screens/recipe/StarCrusherRecipe with maxs=true frames=true
[Architectury Transformer DEBUG] Writing com/github/starcatcher21/stargazer/screens/recipe/StarCrusherRecipeInput$Positioned with maxs=true frames=true
[Architectury Transformer DEBUG] Writing com/github/starcatcher21/stargazer/screens/recipe/StarCrusherRecipeInput with maxs=true frames=true
[Architectury Transformer DEBUG] Writing com/github/starcatcher21/stargazer/screens/recipe/StarforgeRecipe with maxs=true frames=true
[Architectury Transformer DEBUG] Writing com/github/starcatcher21/stargazer/screens/recipe/StarforgeRecipeInput$Positioned with maxs=true frames=true
[Architectury Transformer DEBUG] Writing com/github/starcatcher21/stargazer/screens/recipe/StarforgeRecipeInput with maxs=true frames=true
[Architectury Transformer DEBUG] Writing com/github/starcatcher21/stargazer/screens/recipe/StarforgeRecipeInventory with maxs=true frames=true
[Architectury Transformer DEBUG] Writing com/github/starcatcher21/stargazer/screens/recipe/serializer/RawMoonWelderShapedRecipe$Data with maxs=true frames=true
[Architectury Transformer DEBUG] Writing com/github/starcatcher21/stargazer/screens/recipe/serializer/RawMoonWelderShapedRecipe with maxs=true frames=true
[Architectury Transformer DEBUG] Writing com/github/starcatcher21/stargazer/screens/recipe/serializer/RawStarforgeShapedRecipe$Data with maxs=true frames=true
[Architectury Transformer DEBUG] Writing com/github/starcatcher21/stargazer/screens/recipe/serializer/RawStarforgeShapedRecipe with maxs=true frames=true
[Architectury Transformer DEBUG] Writing com/github/starcatcher21/stargazer/screens/recipe/serializer/ShapedMoonWelderRecipe with maxs=true frames=true
[Architectury Transformer DEBUG] Writing com/github/starcatcher21/stargazer/screens/recipe/serializer/ShapedMoonWelderRecipeDisplay with maxs=true frames=true
[Architectury Transformer DEBUG] Writing com/github/starcatcher21/stargazer/screens/recipe/serializer/ShapedStarCrusherRecipe with maxs=true frames=true
[Architectury Transformer DEBUG] Writing com/github/starcatcher21/stargazer/screens/recipe/serializer/ShapedStarforgeRecipe with maxs=true frames=true
[Architectury Transformer DEBUG] Writing com/github/starcatcher21/stargazer/screens/recipe/serializer/ShapedStarforgeRecipeDisplay with maxs=true frames=true
[Architectury Transformer DEBUG] Writing com/github/starcatcher21/stargazer/screens/recipe/serializer/StarCrusherRecipeDisplay with maxs=true frames=true
[Architectury Transformer DEBUG] Writing com/github/starcatcher21/stargazer/screens/recipe/serializer/StarCrusherShapedRecipe$Data with maxs=true frames=true
[Architectury Transformer DEBUG] Writing com/github/starcatcher21/stargazer/screens/recipe/serializer/StarCrusherShapedRecipe with maxs=true frames=true
[Architectury Transformer DEBUG] Writing com/github/starcatcher21/stargazer/screens/recipeInputs/MoonWelderInventory with maxs=true frames=true
[Architectury Transformer DEBUG] Writing com/github/starcatcher21/stargazer/screens/recipeInputs/StarforgeInventory with maxs=true frames=true
[Architectury Transformer DEBUG] Writing com/github/starcatcher21/stargazer/screens/slots/MoonWelderResultSlot with maxs=true frames=true
[Architectury Transformer DEBUG] Writing com/github/starcatcher21/stargazer/screens/slots/StarforgeResultSlot with maxs=true frames=true
[Architectury Transformer DEBUG] Writing com/github/starcatcher21/stargazer/sound/DeferredSoundType with maxs=true frames=true
[Architectury Transformer DEBUG] Writing com/github/starcatcher21/stargazer/sound/SoundEffects with maxs=true frames=true
[Architectury Transformer DEBUG] Writing com/github/starcatcher21/stargazer/sound/SoundGroups with maxs=true frames=true
[Architectury Transformer DEBUG] Writing com/github/starcatcher21/stargazer/stats/ModStats with maxs=true frames=true
[Architectury Transformer DEBUG] Writing com/github/starcatcher21/stargazer/villager/ModTraids with maxs=true frames=true
[Architectury Transformer DEBUG] Writing com/github/starcatcher21/stargazer/villager/ModVillagers with maxs=true frames=true
[Architectury Transformer DEBUG] Writing com/github/starcatcher21/stargazer/worldgen/BiomeReg with maxs=true frames=true
[Architectury Transformer DEBUG] Writing com/github/starcatcher21/stargazer/worldgen/BiomeTags with maxs=true frames=true
[Architectury Transformer DEBUG] Writing com/github/starcatcher21/stargazer/worldgen/CustomFeatures with maxs=true frames=true
[Architectury Transformer DEBUG] Writing com/github/starcatcher21/stargazer/worldgen/dimensions/Dimensions with maxs=true frames=true
[Architectury Transformer DEBUG] Writing com/github/starcatcher21/stargazer/worldgen/features/Eyes with maxs=true frames=true
[Architectury Transformer DEBUG] Writing com/github/starcatcher21/stargazer/worldgen/features/ForgetMeNow with maxs=true frames=true
[Architectury Transformer DEBUG] Writing com/github/starcatcher21/stargazer/worldgen/features/Gradi with maxs=true frames=true
[Architectury Transformer DEBUG] Writing com/github/starcatcher21/stargazer/worldgen/features/PlacedFeatures with maxs=true frames=true
[Architectury Transformer DEBUG] Writing com/github/starcatcher21/stargazer/worldgen/features/amertylst/Amertylst with maxs=true frames=true
[Architectury Transformer DEBUG] Writing com/github/starcatcher21/stargazer/worldgen/features/amertylst/AmertylstConfig with maxs=true frames=true
[Architectury Transformer DEBUG] Writing com/github/starcatcher21/stargazer/worldgen/features/blackstone_pillars/BlackStonePillar1 with maxs=true frames=true
[Architectury Transformer DEBUG] Writing com/github/starcatcher21/stargazer/worldgen/features/blackstone_pillars/BlackStonePillar2 with maxs=true frames=true
[Architectury Transformer DEBUG] Writing com/github/starcatcher21/stargazer/worldgen/features/blackstone_pillars/BlackStonePillar3 with maxs=true frames=true
[Architectury Transformer DEBUG] Writing com/github/starcatcher21/stargazer/worldgen/features/blackstone_pillars/BlackStonePillars with maxs=true frames=true
[Architectury Transformer DEBUG] Writing com/github/starcatcher21/stargazer/worldgen/features/chess/Base with maxs=true frames=true
[Architectury Transformer DEBUG] Writing com/github/starcatcher21/stargazer/worldgen/features/chess/Bishop with maxs=true frames=true
[Architectury Transformer DEBUG] Writing com/github/starcatcher21/stargazer/worldgen/features/chess/ChessTrees with maxs=true frames=true
[Architectury Transformer DEBUG] Writing com/github/starcatcher21/stargazer/worldgen/features/chess/Horse with maxs=true frames=true
[Architectury Transformer DEBUG] Writing com/github/starcatcher21/stargazer/worldgen/features/chess/King with maxs=true frames=true
[Architectury Transformer DEBUG] Writing com/github/starcatcher21/stargazer/worldgen/features/chess/Pawn with maxs=true frames=true
[Architectury Transformer DEBUG] Writing com/github/starcatcher21/stargazer/worldgen/features/chess/Queen with maxs=true frames=true
[Architectury Transformer DEBUG] Writing com/github/starcatcher21/stargazer/worldgen/features/chess/Rook with maxs=true frames=true
[Architectury Transformer DEBUG] Writing com/github/starcatcher21/stargazer/worldgen/features/chess/Shaft with maxs=true frames=true
[Architectury Transformer DEBUG] Writing com/github/starcatcher21/stargazer/worldgen/features/crystals/CrystalOre with maxs=true frames=true
[Architectury Transformer DEBUG] Writing com/github/starcatcher21/stargazer/worldgen/features/crystals/crystal1 with maxs=true frames=true
[Architectury Transformer DEBUG] Writing com/github/starcatcher21/stargazer/worldgen/features/crystals/crystal2 with maxs=true frames=true
[Architectury Transformer DEBUG] Writing com/github/starcatcher21/stargazer/worldgen/features/iron/IronOre with maxs=true frames=true
[Architectury Transformer DEBUG] Writing com/github/starcatcher21/stargazer/worldgen/features/iron/iron1 with maxs=true frames=true
[Architectury Transformer DEBUG] Writing com/github/starcatcher21/stargazer/worldgen/features/iron/iron2 with maxs=true frames=true
[Architectury Transformer DEBUG] Writing com/github/starcatcher21/stargazer/worldgen/features/prismaticore/Prismatic1 with maxs=true frames=true
[Architectury Transformer DEBUG] Writing com/github/starcatcher21/stargazer/worldgen/features/prismaticore/PrismaticOre with maxs=true frames=true
[Architectury Transformer DEBUG] Writing com/github/starcatcher21/stargazer/worldgen/features/trees/TreesRegistry with maxs=true frames=true
[Architectury Transformer DEBUG] Writing com/github/starcatcher21/stargazer/worldgen/features/trees/bones/BoneTrees with maxs=true frames=true
[Architectury Transformer DEBUG] Writing com/github/starcatcher21/stargazer/worldgen/features/trees/bones/CinemaTree with maxs=true frames=true
[Architectury Transformer DEBUG] Writing com/github/starcatcher21/stargazer/worldgen/features/trees/bones/NotCinemaTree with maxs=true frames=true
[Architectury Transformer DEBUG] Writing com/github/starcatcher21/stargazer/worldgen/features/trees/bones/bald1 with maxs=true frames=true
[Architectury Transformer DEBUG] Writing com/github/starcatcher21/stargazer/worldgen/features/trees/bones/bald2 with maxs=true frames=true
[Architectury Transformer DEBUG] Writing com/github/starcatcher21/stargazer/worldgen/features/trees/bones/bald3 with maxs=true frames=true
[Architectury Transformer DEBUG] Writing com/github/starcatcher21/stargazer/worldgen/features/trees/bones/crown with maxs=true frames=true
[Architectury Transformer DEBUG] Writing com/github/starcatcher21/stargazer/worldgen/features/trees/bubbles/Bubbles with maxs=true frames=true
[Architectury Transformer DEBUG] Writing com/github/starcatcher21/stargazer/worldgen/features/trees/bubbles/dxd with maxs=true frames=true
[Architectury Transformer DEBUG] Writing com/github/starcatcher21/stargazer/worldgen/features/trees/bubbles/txt with maxs=true frames=true
[Architectury Transformer DEBUG] Writing com/github/starcatcher21/stargazer/worldgen/features/trees/curve/CurveBase with maxs=true frames=true
[Architectury Transformer DEBUG] Writing com/github/starcatcher21/stargazer/worldgen/features/trees/curve/CurveTree with maxs=true frames=true
[Architectury Transformer DEBUG] Writing com/github/starcatcher21/stargazer/worldgen/features/trees/curve/CurveTrees with maxs=true frames=true
[Architectury Transformer DEBUG] Writing com/github/starcatcher21/stargazer/worldgen/features/trees/darkness/DarkTree with maxs=true frames=true
[Architectury Transformer DEBUG] Writing com/github/starcatcher21/stargazer/worldgen/features/trees/darkness/DarkTree2 with maxs=true frames=true
[Architectury Transformer DEBUG] Writing com/github/starcatcher21/stargazer/worldgen/features/trees/darkness/DarkTree3 with maxs=true frames=true
[Architectury Transformer DEBUG] Writing com/github/starcatcher21/stargazer/worldgen/features/trees/darkness/DarknessTrees with maxs=true frames=true
[Architectury Transformer DEBUG] Writing com/github/starcatcher21/stargazer/worldgen/features/trees/eyeblodbirch/EyeBirch with maxs=true frames=true
[Architectury Transformer DEBUG] Writing com/github/starcatcher21/stargazer/worldgen/features/trees/eyeblodbirch/EyeBirchTrees with maxs=true frames=true
[Architectury Transformer DEBUG] Writing com/github/starcatcher21/stargazer/worldgen/features/trees/fullmoon/FullMoonTree1 with maxs=true frames=true
[Architectury Transformer DEBUG] Writing com/github/starcatcher21/stargazer/worldgen/features/trees/fullmoon/FullMoonTrees with maxs=true frames=true
[Architectury Transformer DEBUG] Writing com/github/starcatcher21/stargazer/worldgen/features/trees/glass/GlassTree1 with maxs=true frames=true
[Architectury Transformer DEBUG] Writing com/github/starcatcher21/stargazer/worldgen/features/trees/glass/GlassTrees with maxs=true frames=true
[Architectury Transformer DEBUG] Writing com/github/starcatcher21/stargazer/worldgen/features/trees/green_rocks/GreenRocks with maxs=true frames=true
[Architectury Transformer DEBUG] Writing com/github/starcatcher21/stargazer/worldgen/features/trees/green_rocks/Rock1 with maxs=true frames=true
[Architectury Transformer DEBUG] Writing com/github/starcatcher21/stargazer/worldgen/features/trees/green_rocks/Rock2 with maxs=true frames=true
[Architectury Transformer DEBUG] Writing com/github/starcatcher21/stargazer/worldgen/features/trees/green_rocks/Rock3 with maxs=true frames=true
[Architectury Transformer DEBUG] Writing com/github/starcatcher21/stargazer/worldgen/features/trees/green_rocks/Rock4 with maxs=true frames=true
[Architectury Transformer DEBUG] Writing com/github/starcatcher21/stargazer/worldgen/features/trees/green_rocks/Rock5 with maxs=true frames=true
[Architectury Transformer DEBUG] Writing com/github/starcatcher21/stargazer/worldgen/features/trees/moon/MoonBase with maxs=true frames=true
[Architectury Transformer DEBUG] Writing com/github/starcatcher21/stargazer/worldgen/features/trees/moon/MoonTree1 with maxs=true frames=true
[Architectury Transformer DEBUG] Writing com/github/starcatcher21/stargazer/worldgen/features/trees/moon/MoonTree2 with maxs=true frames=true
[Architectury Transformer DEBUG] Writing com/github/starcatcher21/stargazer/worldgen/features/trees/moon/MoonTree3 with maxs=true frames=true
[Architectury Transformer DEBUG] Writing com/github/starcatcher21/stargazer/worldgen/features/trees/moon/MoonTrees with maxs=true frames=true
[Architectury Transformer DEBUG] Writing com/github/starcatcher21/stargazer/worldgen/features/trees/nebulas/Blue with maxs=true frames=true
[Architectury Transformer DEBUG] Writing com/github/starcatcher21/stargazer/worldgen/features/trees/nebulas/NebulaTrees with maxs=true frames=true
[Architectury Transformer DEBUG] Writing com/github/starcatcher21/stargazer/worldgen/features/trees/nebulas/Purple with maxs=true frames=true
[Architectury Transformer DEBUG] Writing com/github/starcatcher21/stargazer/worldgen/features/trees/nebulas/Red with maxs=true frames=true
[Architectury Transformer DEBUG] Writing com/github/starcatcher21/stargazer/worldgen/features/trees/nebulas/Yellow with maxs=true frames=true
[Architectury Transformer DEBUG] Writing com/github/starcatcher21/stargazer/worldgen/features/trees/purple_shroom/Purple1 with maxs=true frames=true
[Architectury Transformer DEBUG] Writing com/github/starcatcher21/stargazer/worldgen/features/trees/purple_shroom/PurpleBase with maxs=true frames=true
[Architectury Transformer DEBUG] Writing com/github/starcatcher21/stargazer/worldgen/features/trees/purple_shroom/PurpleShrooms with maxs=true frames=true
[Architectury Transformer DEBUG] Writing com/github/starcatcher21/stargazer/worldgen/features/trees/spiro/SpiroTree1 with maxs=true frames=true
[Architectury Transformer DEBUG] Writing com/github/starcatcher21/stargazer/worldgen/features/trees/spiro/SpiroTrees with maxs=true frames=true
[Architectury Transformer DEBUG] Writing com/github/starcatcher21/stargazer/worldgen/features/trees/star/StarTree with maxs=true frames=true
[Architectury Transformer DEBUG] Writing com/github/starcatcher21/stargazer/worldgen/features/trees/star/StarTrees with maxs=true frames=true
[Architectury Transformer DEBUG] Writing com/github/starcatcher21/stargazer/worldgen/features/trees/trunn/TrunnTree with maxs=true frames=true
[Architectury Transformer DEBUG] Writing com/github/starcatcher21/stargazer/worldgen/features/trees/trunn/TrunnTrees with maxs=true frames=true
[Architectury Transformer DEBUG] Writing com/github/starcatcher21/stargazer/worldgen/features/trees/umbrella/UmbrellaTree1 with maxs=true frames=true
[Architectury Transformer DEBUG] Writing com/github/starcatcher21/stargazer/worldgen/features/trees/umbrella/UmbrellaTrees with maxs=true frames=true
[Architectury Transformer DEBUG] Writing com/github/starcatcher21/stargazer/worldgen/features/trees/yeri/YeriTree with maxs=true frames=true
[Architectury Transformer DEBUG] Writing com/github/starcatcher21/stargazer/worldgen/features/trees/yeri/YeriTrees with maxs=true frames=true
[Architectury Transformer DEBUG] Checking whether /stargazer.mixins.json is a mixin config.
[Architectury Transformer DEBUG] Closed File Systems for /tmp/7091575561694081162.jar
[Architectury Transformer] Listening at /home/wilwe/Dokumenty/GitHub/stargazer_mod/common/build/libs/stargazer-common-0.0.8.4-dev.jar
[Architectury Transformer DEBUG] Temporary jar [/tmp/7091575561694081162.jar] contains packages: com.github.starcatcher21.stargazer.block.clases.nebulas, com.github.starcatcher21.stargazer.block.clases.moon.log, com.github.starcatcher21.stargazer.block, com.github.starcatcher21.stargazer.worldgen.features.trees.eyeblodbirch, com.github.starcatcher21.stargazer.item.classes, com.github.starcatcher21.stargazer, com.github.starcatcher21.stargazer.screens.handled, com.github.starcatcher21.stargazer.block.clases.star.barrier, com.github.starcatcher21.stargazer.worldgen.features.crystals, com.github.starcatcher21.stargazer.item, com.github.starcatcher21.stargazer.worldgen.features.trees.bubbles, com.github.starcatcher21.stargazer.energy, com.github.starcatcher21.stargazer.block.clases.eyes, com.github.starcatcher21.stargazer.screens.handled.buttons, com.github.starcatcher21.stargazer.mechanics, com.github.starcatcher21.stargazer.worldgen.features.trees.curve, com.github.starcatcher21.stargazer.block.clases.nogreen, com.github.starcatcher21.stargazer.helpers, com.github.starcatcher21.stargazer.screens.recipeInputs, com.github.starcatcher21.stargazer.worldgen.features.trees.yeri, com.github.starcatcher21.stargazer.worldgen.dimensions, com.github.starcatcher21.stargazer.item.ConsumeEffects, com.github.starcatcher21.stargazer.worldgen.features.trees.nebulas, com.github.starcatcher21.stargazer.worldgen.features.trees.fullmoon, com.github.starcatcher21.stargazer.worldgen.features.prismaticore, com.github.starcatcher21.stargazer.worldgen.features.iron, com.github.starcatcher21.stargazer.block.register, com.github.starcatcher21.stargazer.mechanics.dash, com.github.starcatcher21.stargazer.worldgen.features.trees.star, com.github.starcatcher21.stargazer.block.clases.wander, com.github.starcatcher21.stargazer.worldgen.features.chess, com.github.starcatcher21.stargazer.entity.renderers, com.github.starcatcher21.stargazer.worldgen.features.trees.purple_shroom, com.github.starcatcher21.stargazer.worldgen, com.github.starcatcher21.stargazer.worldgen.features.trees.umbrella, com.github.starcatcher21.stargazer.worldgen.features.trees, com.github.starcatcher21.stargazer.block.clases.moon.star_stone, com.github.starcatcher21.stargazer.worldgen.features.trees.bones, com.github.starcatcher21.stargazer.compat, com.github.starcatcher21.stargazer.block.clases.star.border, com.github.starcatcher21.stargazer.worldgen.features.trees.glass, com.github.starcatcher21.stargazer.screens.recipe, com.github.starcatcher21.stargazer.nbt, com.github.starcatcher21.stargazer.screens.slots, com.github.starcatcher21.stargazer.block.clases.star.log, com.github.starcatcher21.stargazer.entity, com.github.starcatcher21.stargazer.block.clases.teleporter, com.github.starcatcher21.stargazer.block.clases.eyes.eyejar, com.github.starcatcher21.stargazer.block.clases.moon.starforge, com.github.starcatcher21.stargazer.block.clases.moon.star_trap, com.github.starcatcher21.stargazer.screens, com.github.starcatcher21.stargazer.worldgen.features.trees.trunn, com.github.starcatcher21.stargazer.block.clases.energy.machines, com.github.starcatcher21.stargazer.item.armor, com.github.starcatcher21.stargazer.block.clases.negative, com.github.starcatcher21.stargazer.renderer, com.github.starcatcher21.stargazer.CreativeTab, com.github.starcatcher21.stargazer.entity.models, com.github.starcatcher21.stargazer.block.clases.moon.plants, com.github.starcatcher21.stargazer.screens.recipe.serializer, com.github.starcatcher21.stargazer.block.clases.moon.leaves, com.github.starcatcher21.stargazer.stats, com.github.starcatcher21.stargazer.particle, com.github.starcatcher21.stargazer.block.clases, com.github.starcatcher21.stargazer.worldgen.features.trees.moon, com.github.starcatcher21.stargazer.block.clases.grave, com.github.starcatcher21.stargazer.mechanics.star, com.github.starcatcher21.stargazer.block.clases.nored, com.github.starcatcher21.stargazer.block.clases.star.aurora, com.github.starcatcher21.stargazer.block.clases.star.star_display, com.github.starcatcher21.stargazer.worldgen.features.blackstone_pillars, com.github.starcatcher21.stargazer.villager, com.github.starcatcher21.stargazer.block.clases.moon, com.github.starcatcher21.stargazer.block.clases.noblue, com.github.starcatcher21.stargazer.mixin, com.github.starcatcher21.stargazer.worldgen.features.trees.green_rocks, com.github.starcatcher21.stargazer.block.clases.energy.generators, com.github.starcatcher21.stargazer.worldgen.features.trees.darkness, com.github.starcatcher21.stargazer.effects, com.github.starcatcher21.stargazer.worldgen.features.amertylst, com.github.starcatcher21.stargazer.block.clases.energy.cables, com.github.starcatcher21.stargazer.sound, com.github.starcatcher21.stargazer.block.clases.moon.geode_fruit, com.github.starcatcher21.stargazer.worldgen.features.trees.spiro, com.github.starcatcher21.stargazer.block.clases.star.cosmic, com.github.starcatcher21.stargazer.mechanics.advancements, com.github.starcatcher21.stargazer.block.clases.star.leaves, com.github.starcatcher21.stargazer.worldgen.features
[Architectury Transformer DEBUG] Closed File Systems for /home/wilwe/Dokumenty/GitHub/stargazer_mod/common/build/libs/stargazer-common-0.0.8.4-dev.jar
[Architectury Transformer DEBUG] Classpath entry [/home/wilwe/Dokumenty/GitHub/stargazer_mod/fabric/build/classes/java/main] contains packages: com.github.starcatcher21.stargazer.fabric.datagen, com.github.starcatcher21.stargazer.fabric.datagen.lang, com.github.starcatcher21.stargazer.energy.fabric, com.github.starcatcher21.stargazer.fabric
[Architectury Transformer DEBUG] Classpath entry [/home/wilwe/Dokumenty/GitHub/stargazer_mod/fabric/build/resources/main] contains packages: 
[Architectury Transformer DEBUG] Transforming from com/github/starcatcher21/stargazer/Stargazer.class to com/github/starcatcher21/stargazer/Stargazer.class with 5 transformer(s) on dev.architectury.transformer.handler.TinyRemapperPreparedTransformerHandler
[Architectury Transformer DEBUG] Found class transformer
[Architectury Transformer DEBUG] Writing com/github/starcatcher21/stargazer/Stargazer with maxs=true frames=true
[Architectury Transformer DEBUG] Transformed com/github/starcatcher21/stargazer/Stargazer in 1.174 ms
[Architectury Transformer DEBUG] Transforming from com/github/starcatcher21/stargazer/entity/EntityRegistry.class to com/github/starcatcher21/stargazer/entity/EntityRegistry.class with 5 transformer(s) on dev.architectury.transformer.handler.TinyRemapperPreparedTransformerHandler
[Architectury Transformer DEBUG] Found class transformer
[Architectury Transformer DEBUG] Writing com/github/starcatcher21/stargazer/entity/EntityRegistry with maxs=true frames=true
[Architectury Transformer DEBUG] Transformed com/github/starcatcher21/stargazer/entity/EntityRegistry in 824.2 μs
[Architectury Transformer DEBUG] Transforming from com/github/starcatcher21/stargazer/entity/Ghost.class to com/github/starcatcher21/stargazer/entity/Ghost.class with 5 transformer(s) on dev.architectury.transformer.handler.TinyRemapperPreparedTransformerHandler
[Architectury Transformer DEBUG] Found class transformer
[Architectury Transformer DEBUG] Writing com/github/starcatcher21/stargazer/entity/Ghost with maxs=true frames=true
[Architectury Transformer DEBUG] Transformed com/github/starcatcher21/stargazer/entity/Ghost in 1.167 ms
[Architectury Transformer DEBUG] Transforming from com/github/starcatcher21/stargazer/entity/AmethystTurtle.class to com/github/starcatcher21/stargazer/entity/AmethystTurtle.class with 5 transformer(s) on dev.architectury.transformer.handler.TinyRemapperPreparedTransformerHandler
[Architectury Transformer DEBUG] Found class transformer
[Architectury Transformer DEBUG] Writing com/github/starcatcher21/stargazer/entity/AmethystTurtle with maxs=true frames=true
[Architectury Transformer DEBUG] Transformed com/github/starcatcher21/stargazer/entity/AmethystTurtle in 670.1 μs
[Architectury Transformer DEBUG] Transforming from com/github/starcatcher21/stargazer/entity/EyeBat.class to com/github/starcatcher21/stargazer/entity/EyeBat.class with 5 transformer(s) on dev.architectury.transformer.handler.TinyRemapperPreparedTransformerHandler
[Architectury Transformer DEBUG] Found class transformer
[Architectury Transformer DEBUG] Writing com/github/starcatcher21/stargazer/entity/EyeBat with maxs=true frames=true
[Architectury Transformer DEBUG] Transformed com/github/starcatcher21/stargazer/entity/EyeBat in 792.7 μs
[Architectury Transformer DEBUG] Transforming from com/github/starcatcher21/stargazer/entity/Star.class to com/github/starcatcher21/stargazer/entity/Star.class with 5 transformer(s) on dev.architectury.transformer.handler.TinyRemapperPreparedTransformerHandler
[Architectury Transformer DEBUG] Found class transformer
[Architectury Transformer DEBUG] Writing com/github/starcatcher21/stargazer/entity/Star with maxs=true frames=true
[Architectury Transformer DEBUG] Transformed com/github/starcatcher21/stargazer/entity/Star in 1.162 ms
[Architectury Transformer DEBUG] Transforming from com/github/starcatcher21/stargazer/entity/ThrowableStarEntity.class to com/github/starcatcher21/stargazer/entity/ThrowableStarEntity.class with 5 transformer(s) on dev.architectury.transformer.handler.TinyRemapperPreparedTransformerHandler
[Architectury Transformer DEBUG] Found class transformer
[Architectury Transformer DEBUG] Writing com/github/starcatcher21/stargazer/entity/ThrowableStarEntity with maxs=true frames=true
[Architectury Transformer DEBUG] Transformed com/github/starcatcher21/stargazer/entity/ThrowableStarEntity in 444.7 μs
[Architectury Transformer DEBUG] Transforming from com/github/starcatcher21/stargazer/entity/Rook.class to com/github/starcatcher21/stargazer/entity/Rook.class with 5 transformer(s) on dev.architectury.transformer.handler.TinyRemapperPreparedTransformerHandler
[Architectury Transformer DEBUG] Found class transformer
[Architectury Transformer DEBUG] Writing com/github/starcatcher21/stargazer/entity/Rook with maxs=true frames=true
[Architectury Transformer DEBUG] Transformed com/github/starcatcher21/stargazer/entity/Rook in 287.4 μs
[Architectury Transformer DEBUG] Transforming from com/github/starcatcher21/stargazer/entity/BlackRook.class to com/github/starcatcher21/stargazer/entity/BlackRook.class with 5 transformer(s) on dev.architectury.transformer.handler.TinyRemapperPreparedTransformerHandler
[Architectury Transformer DEBUG] Found class transformer
[Architectury Transformer DEBUG] Writing com/github/starcatcher21/stargazer/entity/BlackRook with maxs=true frames=true
[Architectury Transformer DEBUG] Transformed com/github/starcatcher21/stargazer/entity/BlackRook in 344.6 μs
[Architectury Transformer DEBUG] Transforming from com/github/starcatcher21/stargazer/entity/Scruby.class to com/github/starcatcher21/stargazer/entity/Scruby.class with 5 transformer(s) on dev.architectury.transformer.handler.TinyRemapperPreparedTransformerHandler
[Architectury Transformer DEBUG] Found class transformer
[Architectury Transformer DEBUG] Writing com/github/starcatcher21/stargazer/entity/Scruby with maxs=true frames=true
[Architectury Transformer DEBUG] Transformed com/github/starcatcher21/stargazer/entity/Scruby in 538.8 μs
[Architectury Transformer DEBUG] Transforming from com/github/starcatcher21/stargazer/entity/BlackFox.class to com/github/starcatcher21/stargazer/entity/BlackFox.class with 5 transformer(s) on dev.architectury.transformer.handler.TinyRemapperPreparedTransformerHandler
[Architectury Transformer DEBUG] Found class transformer
[Architectury Transformer DEBUG] Writing com/github/starcatcher21/stargazer/entity/BlackFox with maxs=true frames=true
[Architectury Transformer DEBUG] Transformed com/github/starcatcher21/stargazer/entity/BlackFox in 531.2 μs
[Architectury Transformer DEBUG] Transforming from com/github/starcatcher21/stargazer/StargazerNetworking.class to com/github/starcatcher21/stargazer/StargazerNetworking.class with 5 transformer(s) on dev.architectury.transformer.handler.TinyRemapperPreparedTransformerHandler
[Architectury Transformer DEBUG] Found class transformer
[Architectury Transformer DEBUG] Writing com/github/starcatcher21/stargazer/StargazerNetworking with maxs=true frames=true
[Architectury Transformer DEBUG] Transformed com/github/starcatcher21/stargazer/StargazerNetworking in 411.2 μs
[Architectury Transformer DEBUG] Transforming from com/github/starcatcher21/stargazer/mechanics/star/StargazePayload.class to com/github/starcatcher21/stargazer/mechanics/star/StargazePayload.class with 5 transformer(s) on dev.architectury.transformer.handler.TinyRemapperPreparedTransformerHandler
[Architectury Transformer DEBUG] Found class transformer
[Architectury Transformer DEBUG] Writing com/github/starcatcher21/stargazer/mechanics/star/StargazePayload with maxs=true frames=true
[Architectury Transformer DEBUG] Transformed com/github/starcatcher21/stargazer/mechanics/star/StargazePayload in 298.7 μs
[Architectury Transformer DEBUG] Transforming from com/github/starcatcher21/stargazer/mechanics/dash/DashPayload.class to com/github/starcatcher21/stargazer/mechanics/dash/DashPayload.class with 5 transformer(s) on dev.architectury.transformer.handler.TinyRemapperPreparedTransformerHandler
[Architectury Transformer DEBUG] Found class transformer
[Architectury Transformer DEBUG] Writing com/github/starcatcher21/stargazer/mechanics/dash/DashPayload with maxs=true frames=true
[Architectury Transformer DEBUG] Transformed com/github/starcatcher21/stargazer/mechanics/dash/DashPayload in 339.5 μs
[Architectury Transformer DEBUG] Transforming from com/github/starcatcher21/stargazer/item/ModItems.class to com/github/starcatcher21/stargazer/item/ModItems.class with 5 transformer(s) on dev.architectury.transformer.handler.TinyRemapperPreparedTransformerHandler
[Architectury Transformer DEBUG] Found class transformer
[Architectury Transformer DEBUG] Writing com/github/starcatcher21/stargazer/item/ModItems with maxs=true frames=true
[Architectury Transformer DEBUG] Transformed com/github/starcatcher21/stargazer/item/ModItems in 1.373 ms
[Architectury Transformer DEBUG] Transforming from com/github/starcatcher21/stargazer/helpers/BlockItem.class to com/github/starcatcher21/stargazer/helpers/BlockItem.class with 5 transformer(s) on dev.architectury.transformer.handler.TinyRemapperPreparedTransformerHandler
[Architectury Transformer DEBUG] Found class transformer
[Architectury Transformer DEBUG] Writing com/github/starcatcher21/stargazer/helpers/BlockItem with maxs=true frames=true
[Architectury Transformer DEBUG] Transformed com/github/starcatcher21/stargazer/helpers/BlockItem in 706.3 μs
[Architectury Transformer DEBUG] Transforming from com/github/starcatcher21/stargazer/item/classes/LodeStar.class to com/github/starcatcher21/stargazer/item/classes/LodeStar.class with 5 transformer(s) on dev.architectury.transformer.handler.TinyRemapperPreparedTransformerHandler
[Architectury Transformer DEBUG] Found class transformer
[Architectury Transformer DEBUG] Writing com/github/starcatcher21/stargazer/item/classes/LodeStar with maxs=true frames=true
[Architectury Transformer DEBUG] Transformed com/github/starcatcher21/stargazer/item/classes/LodeStar in 750.5 μs
[Architectury Transformer DEBUG] Transforming from com/github/starcatcher21/stargazer/item/classes/DarkStar.class to com/github/starcatcher21/stargazer/item/classes/DarkStar.class with 5 transformer(s) on dev.architectury.transformer.handler.TinyRemapperPreparedTransformerHandler
[Architectury Transformer DEBUG] Found class transformer
[Architectury Transformer DEBUG] Writing com/github/starcatcher21/stargazer/item/classes/DarkStar with maxs=true frames=true
[Architectury Transformer DEBUG] Transformed com/github/starcatcher21/stargazer/item/classes/DarkStar in 457.3 μs
[Architectury Transformer DEBUG] Transforming from com/github/starcatcher21/stargazer/item/ModItems$1.class to com/github/starcatcher21/stargazer/item/ModItems$1.class with 5 transformer(s) on dev.architectury.transformer.handler.TinyRemapperPreparedTransformerHandler
[Architectury Transformer DEBUG] Found class transformer
[Architectury Transformer DEBUG] Writing com/github/starcatcher21/stargazer/item/ModItems$1 with maxs=true frames=true
[Architectury Transformer DEBUG] Transformed com/github/starcatcher21/stargazer/item/ModItems$1 in 272.0 μs
[Architectury Transformer DEBUG] Transforming from com/github/starcatcher21/stargazer/item/ModItems$2.class to com/github/starcatcher21/stargazer/item/ModItems$2.class with 5 transformer(s) on dev.architectury.transformer.handler.TinyRemapperPreparedTransformerHandler
[Architectury Transformer DEBUG] Found class transformer
[Architectury Transformer DEBUG] Writing com/github/starcatcher21/stargazer/item/ModItems$2 with maxs=true frames=true
[Architectury Transformer DEBUG] Transformed com/github/starcatcher21/stargazer/item/ModItems$2 in 170.0 μs
[Architectury Transformer DEBUG] Transforming from com/github/starcatcher21/stargazer/item/ConsumableComponents.class to com/github/starcatcher21/stargazer/item/ConsumableComponents.class with 5 transformer(s) on dev.architectury.transformer.handler.TinyRemapperPreparedTransformerHandler
[Architectury Transformer DEBUG] Found class transformer
[Architectury Transformer DEBUG] Writing com/github/starcatcher21/stargazer/item/ConsumableComponents with maxs=true frames=true
[Architectury Transformer DEBUG] Transformed com/github/starcatcher21/stargazer/item/ConsumableComponents in 145.2 μs
[Architectury Transformer DEBUG] Transforming from com/github/starcatcher21/stargazer/item/ConsumeEffects/StarGazeConsume.class to com/github/starcatcher21/stargazer/item/ConsumeEffects/StarGazeConsume.class with 5 transformer(s) on dev.architectury.transformer.handler.TinyRemapperPreparedTransformerHandler
[Architectury Transformer DEBUG] Found class transformer
[Architectury Transformer DEBUG] Writing com/github/starcatcher21/stargazer/item/ConsumeEffects/StarGazeConsume with maxs=true frames=true
[Architectury Transformer DEBUG] Transformed com/github/starcatcher21/stargazer/item/ConsumeEffects/StarGazeConsume in 273.5 μs
[Architectury Transformer DEBUG] Transforming from com/github/starcatcher21/stargazer/CustomTags.class to com/github/starcatcher21/stargazer/CustomTags.class with 5 transformer(s) on dev.architectury.transformer.handler.TinyRemapperPreparedTransformerHandler
[Architectury Transformer DEBUG] Found class transformer
[Architectury Transformer DEBUG] Writing com/github/starcatcher21/stargazer/CustomTags with maxs=true frames=true
[Architectury Transformer DEBUG] Transformed com/github/starcatcher21/stargazer/CustomTags in 273.8 μs
[Architectury Transformer DEBUG] Transforming from com/github/starcatcher21/stargazer/item/classes/ThrowableStar.class to com/github/starcatcher21/stargazer/item/classes/ThrowableStar.class with 5 transformer(s) on dev.architectury.transformer.handler.TinyRemapperPreparedTransformerHandler
[Architectury Transformer DEBUG] Found class transformer
[Architectury Transformer DEBUG] Writing com/github/starcatcher21/stargazer/item/classes/ThrowableStar with maxs=true frames=true
[Architectury Transformer DEBUG] Transformed com/github/starcatcher21/stargazer/item/classes/ThrowableStar in 432.7 μs
[Architectury Transformer DEBUG] Transforming from com/github/starcatcher21/stargazer/item/classes/LuckyComet.class to com/github/starcatcher21/stargazer/item/classes/LuckyComet.class with 5 transformer(s) on dev.architectury.transformer.handler.TinyRemapperPreparedTransformerHandler
[Architectury Transformer DEBUG] Found class transformer
[Architectury Transformer DEBUG] Writing com/github/starcatcher21/stargazer/item/classes/LuckyComet with maxs=true frames=true
[Architectury Transformer DEBUG] Transformed com/github/starcatcher21/stargazer/item/classes/LuckyComet in 276.9 μs
[Architectury Transformer DEBUG] Transforming from com/github/starcatcher21/stargazer/item/classes/StarBook.class to com/github/starcatcher21/stargazer/item/classes/StarBook.class with 5 transformer(s) on dev.architectury.transformer.handler.TinyRemapperPreparedTransformerHandler
[Architectury Transformer DEBUG] Found class transformer
[Architectury Transformer DEBUG] Writing com/github/starcatcher21/stargazer/item/classes/StarBook with maxs=true frames=true
[Architectury Transformer DEBUG] Transformed com/github/starcatcher21/stargazer/item/classes/StarBook in 195.3 μs
[Architectury Transformer DEBUG] Transforming from com/github/starcatcher21/stargazer/screens/StarBookScreenHandler.class to com/github/starcatcher21/stargazer/screens/StarBookScreenHandler.class with 5 transformer(s) on dev.architectury.transformer.handler.TinyRemapperPreparedTransformerHandler
[Architectury Transformer DEBUG] Found class transformer
[Architectury Transformer DEBUG] Writing com/github/starcatcher21/stargazer/screens/StarBookScreenHandler with maxs=true frames=true
[Architectury Transformer DEBUG] Transformed com/github/starcatcher21/stargazer/screens/StarBookScreenHandler in 155.0 μs
[Architectury Transformer DEBUG] Transforming from com/github/starcatcher21/stargazer/item/armor/ArmorMaterial.class to com/github/starcatcher21/stargazer/item/armor/ArmorMaterial.class with 5 transformer(s) on dev.architectury.transformer.handler.TinyRemapperPreparedTransformerHandler
[Architectury Transformer DEBUG] Found class transformer
[Architectury Transformer DEBUG] Writing com/github/starcatcher21/stargazer/item/armor/ArmorMaterial with maxs=true frames=true
[Architectury Transformer DEBUG] Transformed com/github/starcatcher21/stargazer/item/armor/ArmorMaterial in 223.5 μs
[Architectury Transformer DEBUG] Transforming from com/github/starcatcher21/stargazer/item/armor/EquipmentAsset.class to com/github/starcatcher21/stargazer/item/armor/EquipmentAsset.class with 5 transformer(s) on dev.architectury.transformer.handler.TinyRemapperPreparedTransformerHandler
[Architectury Transformer DEBUG] Found class transformer
[Architectury Transformer DEBUG] Writing com/github/starcatcher21/stargazer/item/armor/EquipmentAsset with maxs=true frames=true
[Architectury Transformer DEBUG] Transformed com/github/starcatcher21/stargazer/item/armor/EquipmentAsset in 158.8 μs
[Architectury Transformer DEBUG] Transforming from com/github/starcatcher21/stargazer/item/classes/SeedPacket.class to com/github/starcatcher21/stargazer/item/classes/SeedPacket.class with 5 transformer(s) on dev.architectury.transformer.handler.TinyRemapperPreparedTransformerHandler
[Architectury Transformer DEBUG] Found class transformer
[Architectury Transformer DEBUG] Writing com/github/starcatcher21/stargazer/item/classes/SeedPacket with maxs=true frames=true
[Architectury Transformer DEBUG] Transformed com/github/starcatcher21/stargazer/item/classes/SeedPacket in 403.0 μs
[Architectury Transformer DEBUG] Transforming from com/github/starcatcher21/stargazer/item/WishingStars.class to com/github/starcatcher21/stargazer/item/WishingStars.class with 5 transformer(s) on dev.architectury.transformer.handler.TinyRemapperPreparedTransformerHandler
[Architectury Transformer DEBUG] Found class transformer
[Architectury Transformer DEBUG] Writing com/github/starcatcher21/stargazer/item/WishingStars with maxs=true frames=true
[Architectury Transformer DEBUG] Transformed com/github/starcatcher21/stargazer/item/WishingStars in 423.6 μs
[Architectury Transformer DEBUG] Transforming from com/github/starcatcher21/stargazer/item/classes/WishingStarItem.class to com/github/starcatcher21/stargazer/item/classes/WishingStarItem.class with 5 transformer(s) on dev.architectury.transformer.handler.TinyRemapperPreparedTransformerHandler
[Architectury Transformer DEBUG] Found class transformer
[Architectury Transformer DEBUG] Writing com/github/starcatcher21/stargazer/item/classes/WishingStarItem with maxs=true frames=true
[Architectury Transformer DEBUG] Transformed com/github/starcatcher21/stargazer/item/classes/WishingStarItem in 426.7 μs
[Architectury Transformer DEBUG] Transforming from com/github/starcatcher21/stargazer/StargazerAttributes.class to com/github/starcatcher21/stargazer/StargazerAttributes.class with 5 transformer(s) on dev.architectury.transformer.handler.TinyRemapperPreparedTransformerHandler
[Architectury Transformer DEBUG] Found class transformer
[Architectury Transformer DEBUG] Writing com/github/starcatcher21/stargazer/StargazerAttributes with maxs=true frames=true
[Architectury Transformer DEBUG] Transformed com/github/starcatcher21/stargazer/StargazerAttributes in 308.6 μs
[Architectury Transformer DEBUG] Transforming from com/github/starcatcher21/stargazer/sound/SoundEffects.class to com/github/starcatcher21/stargazer/sound/SoundEffects.class with 5 transformer(s) on dev.architectury.transformer.handler.TinyRemapperPreparedTransformerHandler
[Architectury Transformer DEBUG] Found class transformer
[Architectury Transformer DEBUG] Writing com/github/starcatcher21/stargazer/sound/SoundEffects with maxs=true frames=true
[Architectury Transformer DEBUG] Transformed com/github/starcatcher21/stargazer/sound/SoundEffects in 293.7 μs
[Architectury Transformer DEBUG] Transforming from com/github/starcatcher21/stargazer/block/ModBlock.class to com/github/starcatcher21/stargazer/block/ModBlock.class with 5 transformer(s) on dev.architectury.transformer.handler.TinyRemapperPreparedTransformerHandler
[Architectury Transformer DEBUG] Found class transformer
[Architectury Transformer DEBUG] Writing com/github/starcatcher21/stargazer/block/ModBlock with maxs=true frames=true
[Architectury Transformer DEBUG] Transformed com/github/starcatcher21/stargazer/block/ModBlock in 684.0 μs
[Architectury Transformer DEBUG] Transforming from com/github/starcatcher21/stargazer/block/clases/CosmicFlower.class to com/github/starcatcher21/stargazer/block/clases/CosmicFlower.class with 5 transformer(s) on dev.architectury.transformer.handler.TinyRemapperPreparedTransformerHandler
[Architectury Transformer DEBUG] Found class transformer
[Architectury Transformer DEBUG] Writing com/github/starcatcher21/stargazer/block/clases/CosmicFlower with maxs=true frames=true
[Architectury Transformer DEBUG] Transformed com/github/starcatcher21/stargazer/block/clases/CosmicFlower in 380.3 μs
[Architectury Transformer DEBUG] Transforming from com/github/starcatcher21/stargazer/block/clases/grave/Grave.class to com/github/starcatcher21/stargazer/block/clases/grave/Grave.class with 5 transformer(s) on dev.architectury.transformer.handler.TinyRemapperPreparedTransformerHandler
[Architectury Transformer DEBUG] Found class transformer
[Architectury Transformer DEBUG] Writing com/github/starcatcher21/stargazer/block/clases/grave/Grave with maxs=true frames=true
[Architectury Transformer DEBUG] Transformed com/github/starcatcher21/stargazer/block/clases/grave/Grave in 450.0 μs
[Architectury Transformer DEBUG] Transforming from com/github/starcatcher21/stargazer/block/clases/grave/GraveEntity.class to com/github/starcatcher21/stargazer/block/clases/grave/GraveEntity.class with 5 transformer(s) on dev.architectury.transformer.handler.TinyRemapperPreparedTransformerHandler
[Architectury Transformer DEBUG] Found class transformer
[Architectury Transformer DEBUG] Writing com/github/starcatcher21/stargazer/block/clases/grave/GraveEntity with maxs=true frames=true
[Architectury Transformer DEBUG] Transformed com/github/starcatcher21/stargazer/block/clases/grave/GraveEntity in 275.6 μs
[Architectury Transformer DEBUG] Transforming from com/github/starcatcher21/stargazer/block/clases/negative/NegativeBlock.class to com/github/starcatcher21/stargazer/block/clases/negative/NegativeBlock.class with 5 transformer(s) on dev.architectury.transformer.handler.TinyRemapperPreparedTransformerHandler
[Architectury Transformer DEBUG] Found class transformer
[Architectury Transformer DEBUG] Writing com/github/starcatcher21/stargazer/block/clases/negative/NegativeBlock with maxs=true frames=true
[Architectury Transformer DEBUG] Transformed com/github/starcatcher21/stargazer/block/clases/negative/NegativeBlock in 390.8 μs
[Architectury Transformer DEBUG] Transforming from com/github/starcatcher21/stargazer/block/clases/negative/NegativeBlockEntity.class to com/github/starcatcher21/stargazer/block/clases/negative/NegativeBlockEntity.class with 5 transformer(s) on dev.architectury.transformer.handler.TinyRemapperPreparedTransformerHandler
[Architectury Transformer DEBUG] Found class transformer
[Architectury Transformer DEBUG] Writing com/github/starcatcher21/stargazer/block/clases/negative/NegativeBlockEntity with maxs=true frames=true
[Architectury Transformer DEBUG] Transformed com/github/starcatcher21/stargazer/block/clases/negative/NegativeBlockEntity in 177.0 μs
[Architectury Transformer DEBUG] Transforming from com/github/starcatcher21/stargazer/block/clases/nored/NoRedBlock.class to com/github/starcatcher21/stargazer/block/clases/nored/NoRedBlock.class with 5 transformer(s) on dev.architectury.transformer.handler.TinyRemapperPreparedTransformerHandler
[Architectury Transformer DEBUG] Found class transformer
[Architectury Transformer DEBUG] Writing com/github/starcatcher21/stargazer/block/clases/nored/NoRedBlock with maxs=true frames=true
[Architectury Transformer DEBUG] Transformed com/github/starcatcher21/stargazer/block/clases/nored/NoRedBlock in 240.9 μs
[Architectury Transformer DEBUG] Transforming from com/github/starcatcher21/stargazer/block/clases/nored/NoRedBlockEntity.class to com/github/starcatcher21/stargazer/block/clases/nored/NoRedBlockEntity.class with 5 transformer(s) on dev.architectury.transformer.handler.TinyRemapperPreparedTransformerHandler
[Architectury Transformer DEBUG] Found class transformer
[Architectury Transformer DEBUG] Writing com/github/starcatcher21/stargazer/block/clases/nored/NoRedBlockEntity with maxs=true frames=true
[Architectury Transformer DEBUG] Transformed com/github/starcatcher21/stargazer/block/clases/nored/NoRedBlockEntity in 138.3 μs
[Architectury Transformer DEBUG] Transforming from com/github/starcatcher21/stargazer/block/clases/nogreen/NoGreenBlock.class to com/github/starcatcher21/stargazer/block/clases/nogreen/NoGreenBlock.class with 5 transformer(s) on dev.architectury.transformer.handler.TinyRemapperPreparedTransformerHandler
[Architectury Transformer DEBUG] Found class transformer
[Architectury Transformer DEBUG] Writing com/github/starcatcher21/stargazer/block/clases/nogreen/NoGreenBlock with maxs=true frames=true
[Architectury Transformer DEBUG] Transformed com/github/starcatcher21/stargazer/block/clases/nogreen/NoGreenBlock in 207.1 μs
[Architectury Transformer DEBUG] Transforming from com/github/starcatcher21/stargazer/block/clases/nogreen/NoGreenBlockEntity.class to com/github/starcatcher21/stargazer/block/clases/nogreen/NoGreenBlockEntity.class with 5 transformer(s) on dev.architectury.transformer.handler.TinyRemapperPreparedTransformerHandler
[Architectury Transformer DEBUG] Found class transformer
[Architectury Transformer DEBUG] Writing com/github/starcatcher21/stargazer/block/clases/nogreen/NoGreenBlockEntity with maxs=true frames=true
[Architectury Transformer DEBUG] Transformed com/github/starcatcher21/stargazer/block/clases/nogreen/NoGreenBlockEntity in 146.1 μs
[Architectury Transformer DEBUG] Transforming from com/github/starcatcher21/stargazer/block/clases/noblue/NoBlueBlock.class to com/github/starcatcher21/stargazer/block/clases/noblue/NoBlueBlock.class with 5 transformer(s) on dev.architectury.transformer.handler.TinyRemapperPreparedTransformerHandler
[Architectury Transformer DEBUG] Found class transformer
[Architectury Transformer DEBUG] Writing com/github/starcatcher21/stargazer/block/clases/noblue/NoBlueBlock with maxs=true frames=true
[Architectury Transformer DEBUG] Transformed com/github/starcatcher21/stargazer/block/clases/noblue/NoBlueBlock in 203.3 μs
[Architectury Transformer DEBUG] Transforming from com/github/starcatcher21/stargazer/block/clases/noblue/NoBlueBlockEntity.class to com/github/starcatcher21/stargazer/block/clases/noblue/NoBlueBlockEntity.class with 5 transformer(s) on dev.architectury.transformer.handler.TinyRemapperPreparedTransformerHandler
[Architectury Transformer DEBUG] Found class transformer
[Architectury Transformer DEBUG] Writing com/github/starcatcher21/stargazer/block/clases/noblue/NoBlueBlockEntity with maxs=true frames=true
[Architectury Transformer DEBUG] Transformed com/github/starcatcher21/stargazer/block/clases/noblue/NoBlueBlockEntity in 104.1 μs
[Architectury Transformer DEBUG] Transforming from com/github/starcatcher21/stargazer/block/clases/InfestedCalcite.class to com/github/starcatcher21/stargazer/block/clases/InfestedCalcite.class with 5 transformer(s) on dev.architectury.transformer.handler.TinyRemapperPreparedTransformerHandler
[Architectury Transformer DEBUG] Found class transformer
[Architectury Transformer DEBUG] Writing com/github/starcatcher21/stargazer/block/clases/InfestedCalcite with maxs=true frames=true
[Architectury Transformer DEBUG] Transformed com/github/starcatcher21/stargazer/block/clases/InfestedCalcite in 250.6 μs
[Architectury Transformer DEBUG] Transforming from com/github/starcatcher21/stargazer/block/clases/teleporter/CopperTeleporter.class to com/github/starcatcher21/stargazer/block/clases/teleporter/CopperTeleporter.class with 5 transformer(s) on dev.architectury.transformer.handler.TinyRemapperPreparedTransformerHandler
[Architectury Transformer DEBUG] Found class transformer
[Architectury Transformer DEBUG] Writing com/github/starcatcher21/stargazer/block/clases/teleporter/CopperTeleporter with maxs=true frames=true
[Architectury Transformer DEBUG] Transformed com/github/starcatcher21/stargazer/block/clases/teleporter/CopperTeleporter in 1.961 ms
[Architectury Transformer DEBUG] Transforming from com/github/starcatcher21/stargazer/block/clases/teleporter/DarkTeleporter.class to com/github/starcatcher21/stargazer/block/clases/teleporter/DarkTeleporter.class with 5 transformer(s) on dev.architectury.transformer.handler.TinyRemapperPreparedTransformerHandler
[Architectury Transformer DEBUG] Found class transformer
[Architectury Transformer DEBUG] Writing com/github/starcatcher21/stargazer/block/clases/teleporter/DarkTeleporter with maxs=true frames=true
[Architectury Transformer DEBUG] Transformed com/github/starcatcher21/stargazer/block/clases/teleporter/DarkTeleporter in 1.811 ms
[Architectury Transformer DEBUG] Transforming from com/github/starcatcher21/stargazer/block/clases/teleporter/EndTeleporter.class to com/github/starcatcher21/stargazer/block/clases/teleporter/EndTeleporter.class with 5 transformer(s) on dev.architectury.transformer.handler.TinyRemapperPreparedTransformerHandler
[Architectury Transformer DEBUG] Found class transformer
[Architectury Transformer DEBUG] Writing com/github/starcatcher21/stargazer/block/clases/teleporter/EndTeleporter with maxs=true frames=true
[Architectury Transformer DEBUG] Transformed com/github/starcatcher21/stargazer/block/clases/teleporter/EndTeleporter in 1.377 ms
[Architectury Transformer DEBUG] Transforming from com/github/starcatcher21/stargazer/block/clases/teleporter/RedTeleporter.class to com/github/starcatcher21/stargazer/block/clases/teleporter/RedTeleporter.class with 5 transformer(s) on dev.architectury.transformer.handler.TinyRemapperPreparedTransformerHandler
[Architectury Transformer DEBUG] Found class transformer
[Architectury Transformer DEBUG] Writing com/github/starcatcher21/stargazer/block/clases/teleporter/RedTeleporter with maxs=true frames=true
[Architectury Transformer DEBUG] Transformed com/github/starcatcher21/stargazer/block/clases/teleporter/RedTeleporter in 1.716 ms
[Architectury Transformer DEBUG] Transforming from com/github/starcatcher21/stargazer/block/clases/Sprinkler.class to com/github/starcatcher21/stargazer/block/clases/Sprinkler.class with 5 transformer(s) on dev.architectury.transformer.handler.TinyRemapperPreparedTransformerHandler
[Architectury Transformer DEBUG] Found class transformer
[Architectury Transformer DEBUG] Writing com/github/starcatcher21/stargazer/block/clases/Sprinkler with maxs=true frames=true
[Architectury Transformer DEBUG] Transformed com/github/starcatcher21/stargazer/block/clases/Sprinkler in 291.3 μs
[Architectury Transformer DEBUG] Transforming from com/github/starcatcher21/stargazer/block/clases/MoonWelder.class to com/github/starcatcher21/stargazer/block/clases/MoonWelder.class with 5 transformer(s) on dev.architectury.transformer.handler.TinyRemapperPreparedTransformerHandler
[Architectury Transformer DEBUG] Found class transformer
[Architectury Transformer DEBUG] Writing com/github/starcatcher21/stargazer/block/clases/MoonWelder with maxs=true frames=true
[Architectury Transformer DEBUG] Transformed com/github/starcatcher21/stargazer/block/clases/MoonWelder in 326.4 μs
[Architectury Transformer DEBUG] Transforming from com/github/starcatcher21/stargazer/screens/MoonWelderScreenHandler.class to com/github/starcatcher21/stargazer/screens/MoonWelderScreenHandler.class with 5 transformer(s) on dev.architectury.transformer.handler.TinyRemapperPreparedTransformerHandler
[Architectury Transformer DEBUG] Found class transformer
[Architectury Transformer DEBUG] Writing com/github/starcatcher21/stargazer/screens/MoonWelderScreenHandler with maxs=true frames=true
[Architectury Transformer DEBUG] Transformed com/github/starcatcher21/stargazer/screens/MoonWelderScreenHandler in 548.8 μs
[Architectury Transformer DEBUG] Transforming from com/github/starcatcher21/stargazer/block/register/MoonBlocks.class to com/github/starcatcher21/stargazer/block/register/MoonBlocks.class with 5 transformer(s) on dev.architectury.transformer.handler.TinyRemapperPreparedTransformerHandler
[Architectury Transformer DEBUG] Found class transformer
[Architectury Transformer DEBUG] Writing com/github/starcatcher21/stargazer/block/register/MoonBlocks with maxs=true frames=true
[Architectury Transformer DEBUG] Transformed com/github/starcatcher21/stargazer/block/register/MoonBlocks in 1.739 ms
[Architectury Transformer DEBUG] Transforming from com/github/starcatcher21/stargazer/block/clases/CustomLeaves.class to com/github/starcatcher21/stargazer/block/clases/CustomLeaves.class with 5 transformer(s) on dev.architectury.transformer.handler.TinyRemapperPreparedTransformerHandler
[Architectury Transformer DEBUG] Found class transformer
[Architectury Transformer DEBUG] Writing com/github/starcatcher21/stargazer/block/clases/CustomLeaves with maxs=true frames=true
[Architectury Transformer DEBUG] Transformed com/github/starcatcher21/stargazer/block/clases/CustomLeaves in 306.3 μs
[Architectury Transformer DEBUG] Transforming from com/github/starcatcher21/stargazer/block/clases/moon/log/MoonLog.class to com/github/starcatcher21/stargazer/block/clases/moon/log/MoonLog.class with 5 transformer(s) on dev.architectury.transformer.handler.TinyRemapperPreparedTransformerHandler
[Architectury Transformer DEBUG] Found class transformer
[Architectury Transformer DEBUG] Writing com/github/starcatcher21/stargazer/block/clases/moon/log/MoonLog with maxs=true frames=true
[Architectury Transformer DEBUG] Transformed com/github/starcatcher21/stargazer/block/clases/moon/log/MoonLog in 385.8 μs
[Architectury Transformer DEBUG] Transforming from com/github/starcatcher21/stargazer/block/clases/CustomSapling.class to com/github/starcatcher21/stargazer/block/clases/CustomSapling.class with 5 transformer(s) on dev.architectury.transformer.handler.TinyRemapperPreparedTransformerHandler
[Architectury Transformer DEBUG] Found class transformer
[Architectury Transformer DEBUG] Writing com/github/starcatcher21/stargazer/block/clases/CustomSapling with maxs=true frames=true
[Architectury Transformer DEBUG] Transformed com/github/starcatcher21/stargazer/block/clases/CustomSapling in 339.1 μs
[Architectury Transformer DEBUG] Transforming from com/github/starcatcher21/stargazer/block/clases/moon/leaves/MoonLeaves.class to com/github/starcatcher21/stargazer/block/clases/moon/leaves/MoonLeaves.class with 5 transformer(s) on dev.architectury.transformer.handler.TinyRemapperPreparedTransformerHandler
[Architectury Transformer DEBUG] Found class transformer
[Architectury Transformer DEBUG] Writing com/github/starcatcher21/stargazer/block/clases/moon/leaves/MoonLeaves with maxs=true frames=true
[Architectury Transformer DEBUG] Transformed com/github/starcatcher21/stargazer/block/clases/moon/leaves/MoonLeaves in 190.3 μs
[Architectury Transformer DEBUG] Transforming from com/github/starcatcher21/stargazer/block/clases/moon/MoonRock.class to com/github/starcatcher21/stargazer/block/clases/moon/MoonRock.class with 5 transformer(s) on dev.architectury.transformer.handler.TinyRemapperPreparedTransformerHandler
[Architectury Transformer DEBUG] Found class transformer
[Architectury Transformer DEBUG] Writing com/github/starcatcher21/stargazer/block/clases/moon/MoonRock with maxs=true frames=true
[Architectury Transformer DEBUG] Transformed com/github/starcatcher21/stargazer/block/clases/moon/MoonRock in 176.1 μs
[Architectury Transformer DEBUG] Transforming from com/github/starcatcher21/stargazer/block/clases/moon/MoonFarmland.class to com/github/starcatcher21/stargazer/block/clases/moon/MoonFarmland.class with 5 transformer(s) on dev.architectury.transformer.handler.TinyRemapperPreparedTransformerHandler
[Architectury Transformer DEBUG] Found class transformer
[Architectury Transformer DEBUG] Writing com/github/starcatcher21/stargazer/block/clases/moon/MoonFarmland with maxs=true frames=true
[Architectury Transformer DEBUG] Transformed com/github/starcatcher21/stargazer/block/clases/moon/MoonFarmland in 365.5 μs
[Architectury Transformer DEBUG] Transforming from com/github/starcatcher21/stargazer/block/clases/moon/MoonRockNylium.class to com/github/starcatcher21/stargazer/block/clases/moon/MoonRockNylium.class with 5 transformer(s) on dev.architectury.transformer.handler.TinyRemapperPreparedTransformerHandler
[Architectury Transformer DEBUG] Found class transformer
[Architectury Transformer DEBUG] Writing com/github/starcatcher21/stargazer/block/clases/moon/MoonRockNylium with maxs=true frames=true
[Architectury Transformer DEBUG] Transformed com/github/starcatcher21/stargazer/block/clases/moon/MoonRockNylium in 560.6 μs
[Architectury Transformer DEBUG] Transforming from com/github/starcatcher21/stargazer/block/clases/moon/starforge/Starforge.class to com/github/starcatcher21/stargazer/block/clases/moon/starforge/Starforge.class with 5 transformer(s) on dev.architectury.transformer.handler.TinyRemapperPreparedTransformerHandler
[Architectury Transformer DEBUG] Found class transformer
[Architectury Transformer DEBUG] Writing com/github/starcatcher21/stargazer/block/clases/moon/starforge/Starforge with maxs=true frames=true
[Architectury Transformer DEBUG] Transformed com/github/starcatcher21/stargazer/block/clases/moon/starforge/Starforge in 230.4 μs
[Architectury Transformer DEBUG] Transforming from com/github/starcatcher21/stargazer/screens/StarforgeScreenHandler.class to com/github/starcatcher21/stargazer/screens/StarforgeScreenHandler.class with 5 transformer(s) on dev.architectury.transformer.handler.TinyRemapperPreparedTransformerHandler
[Architectury Transformer DEBUG] Found class transformer
[Architectury Transformer DEBUG] Writing com/github/starcatcher21/stargazer/screens/StarforgeScreenHandler with maxs=true frames=true
[Architectury Transformer DEBUG] Transformed com/github/starcatcher21/stargazer/screens/StarforgeScreenHandler in 577.4 μs
[Architectury Transformer DEBUG] Transforming from com/github/starcatcher21/stargazer/block/clases/moon/log/StrippedMoonLog.class to com/github/starcatcher21/stargazer/block/clases/moon/log/StrippedMoonLog.class with 5 transformer(s) on dev.architectury.transformer.handler.TinyRemapperPreparedTransformerHandler
[Architectury Transformer DEBUG] Found class transformer
[Architectury Transformer DEBUG] Writing com/github/starcatcher21/stargazer/block/clases/moon/log/StrippedMoonLog with maxs=true frames=true
[Architectury Transformer DEBUG] Transformed com/github/starcatcher21/stargazer/block/clases/moon/log/StrippedMoonLog in 190.8 μs
[Architectury Transformer DEBUG] Transforming from com/github/starcatcher21/stargazer/block/clases/moon/MoonPlanks.class to com/github/starcatcher21/stargazer/block/clases/moon/MoonPlanks.class with 5 transformer(s) on dev.architectury.transformer.handler.TinyRemapperPreparedTransformerHandler
[Architectury Transformer DEBUG] Found class transformer
[Architectury Transformer DEBUG] Writing com/github/starcatcher21/stargazer/block/clases/moon/MoonPlanks with maxs=true frames=true
[Architectury Transformer DEBUG] Transformed com/github/starcatcher21/stargazer/block/clases/moon/MoonPlanks in 233.7 μs
[Architectury Transformer DEBUG] Transforming from com/github/starcatcher21/stargazer/block/clases/moon/star_stone/StarStone.class to com/github/starcatcher21/stargazer/block/clases/moon/star_stone/StarStone.class with 5 transformer(s) on dev.architectury.transformer.handler.TinyRemapperPreparedTransformerHandler
[Architectury Transformer DEBUG] Found class transformer
[Architectury Transformer DEBUG] Writing com/github/starcatcher21/stargazer/block/clases/moon/star_stone/StarStone with maxs=true frames=true
[Architectury Transformer DEBUG] Transformed com/github/starcatcher21/stargazer/block/clases/moon/star_stone/StarStone in 272.7 μs
[Architectury Transformer DEBUG] Transforming from com/github/starcatcher21/stargazer/block/clases/moon/MoonGrass.class to com/github/starcatcher21/stargazer/block/clases/moon/MoonGrass.class with 5 transformer(s) on dev.architectury.transformer.handler.TinyRemapperPreparedTransformerHandler
[Architectury Transformer DEBUG] Found class transformer
[Architectury Transformer DEBUG] Writing com/github/starcatcher21/stargazer/block/clases/moon/MoonGrass with maxs=true frames=true
[Architectury Transformer DEBUG] Transformed com/github/starcatcher21/stargazer/block/clases/moon/MoonGrass in 418.7 μs
[Architectury Transformer DEBUG] Transforming from com/github/starcatcher21/stargazer/block/clases/moon/MoonFern.class to com/github/starcatcher21/stargazer/block/clases/moon/MoonFern.class with 5 transformer(s) on dev.architectury.transformer.handler.TinyRemapperPreparedTransformerHandler
[Architectury Transformer DEBUG] Found class transformer
[Architectury Transformer DEBUG] Writing com/github/starcatcher21/stargazer/block/clases/moon/MoonFern with maxs=true frames=true
[Architectury Transformer DEBUG] Transformed com/github/starcatcher21/stargazer/block/clases/moon/MoonFern in 266.9 μs
[Architectury Transformer DEBUG] Transforming from com/github/starcatcher21/stargazer/block/clases/moon/TallMoonGrass.class to com/github/starcatcher21/stargazer/block/clases/moon/TallMoonGrass.class with 5 transformer(s) on dev.architectury.transformer.handler.TinyRemapperPreparedTransformerHandler
[Architectury Transformer DEBUG] Found class transformer
[Architectury Transformer DEBUG] Writing com/github/starcatcher21/stargazer/block/clases/moon/TallMoonGrass with maxs=true frames=true
[Architectury Transformer DEBUG] Transformed com/github/starcatcher21/stargazer/block/clases/moon/TallMoonGrass in 200.5 μs
[Architectury Transformer DEBUG] Transforming from com/github/starcatcher21/stargazer/block/clases/moon/geode_fruit/GeodeFruit.class to com/github/starcatcher21/stargazer/block/clases/moon/geode_fruit/GeodeFruit.class with 5 transformer(s) on dev.architectury.transformer.handler.TinyRemapperPreparedTransformerHandler
[Architectury Transformer DEBUG] Found class transformer
[Architectury Transformer DEBUG] Writing com/github/starcatcher21/stargazer/block/clases/moon/geode_fruit/GeodeFruit with maxs=true frames=true
[Architectury Transformer DEBUG] Transformed com/github/starcatcher21/stargazer/block/clases/moon/geode_fruit/GeodeFruit in 388.9 μs
[Architectury Transformer DEBUG] Transforming from com/github/starcatcher21/stargazer/block/clases/moon/star_trap/StarTrap.class to com/github/starcatcher21/stargazer/block/clases/moon/star_trap/StarTrap.class with 5 transformer(s) on dev.architectury.transformer.handler.TinyRemapperPreparedTransformerHandler
[Architectury Transformer DEBUG] Found class transformer
[Architectury Transformer DEBUG] Writing com/github/starcatcher21/stargazer/block/clases/moon/star_trap/StarTrap with maxs=true frames=true
[Architectury Transformer DEBUG] Transformed com/github/starcatcher21/stargazer/block/clases/moon/star_trap/StarTrap in 398.3 μs
[Architectury Transformer DEBUG] Transforming from com/github/starcatcher21/stargazer/block/clases/moon/star_trap/StarTrapEntity.class to com/github/starcatcher21/stargazer/block/clases/moon/star_trap/StarTrapEntity.class with 5 transformer(s) on dev.architectury.transformer.handler.TinyRemapperPreparedTransformerHandler
[Architectury Transformer DEBUG] Found class transformer
[Architectury Transformer DEBUG] Writing com/github/starcatcher21/stargazer/block/clases/moon/star_trap/StarTrapEntity with maxs=true frames=true
[Architectury Transformer DEBUG] Transformed com/github/starcatcher21/stargazer/block/clases/moon/star_trap/StarTrapEntity in 333.6 μs
[Architectury Transformer DEBUG] Transforming from com/github/starcatcher21/stargazer/block/clases/moon/ForgetMeNow.class to com/github/starcatcher21/stargazer/block/clases/moon/ForgetMeNow.class with 5 transformer(s) on dev.architectury.transformer.handler.TinyRemapperPreparedTransformerHandler
[Architectury Transformer DEBUG] Found class transformer
[Architectury Transformer DEBUG] Writing com/github/starcatcher21/stargazer/block/clases/moon/ForgetMeNow with maxs=true frames=true
[Architectury Transformer DEBUG] Transformed com/github/starcatcher21/stargazer/block/clases/moon/ForgetMeNow in 364.1 μs
[Architectury Transformer DEBUG] Transforming from com/github/starcatcher21/stargazer/block/register/StarBlocks.class to com/github/starcatcher21/stargazer/block/register/StarBlocks.class with 5 transformer(s) on dev.architectury.transformer.handler.TinyRemapperPreparedTransformerHandler
[Architectury Transformer DEBUG] Found class transformer
[Architectury Transformer DEBUG] Writing com/github/starcatcher21/stargazer/block/register/StarBlocks with maxs=true frames=true
[Architectury Transformer DEBUG] Transformed com/github/starcatcher21/stargazer/block/register/StarBlocks in 714.0 μs
[Architectury Transformer DEBUG] Transforming from com/github/starcatcher21/stargazer/block/clases/star/cosmic/CosmicBlock.class to com/github/starcatcher21/stargazer/block/clases/star/cosmic/CosmicBlock.class with 5 transformer(s) on dev.architectury.transformer.handler.TinyRemapperPreparedTransformerHandler
[Architectury Transformer DEBUG] Found class transformer
[Architectury Transformer DEBUG] Writing com/github/starcatcher21/stargazer/block/clases/star/cosmic/CosmicBlock with maxs=true frames=true
[Architectury Transformer DEBUG] Transformed com/github/starcatcher21/stargazer/block/clases/star/cosmic/CosmicBlock in 426.9 μs
[Architectury Transformer DEBUG] Transforming from com/github/starcatcher21/stargazer/block/clases/star/cosmic/CosmicBlockEntity.class to com/github/starcatcher21/stargazer/block/clases/star/cosmic/CosmicBlockEntity.class with 5 transformer(s) on dev.architectury.transformer.handler.TinyRemapperPreparedTransformerHandler
[Architectury Transformer DEBUG] Found class transformer
[Architectury Transformer DEBUG] Writing com/github/starcatcher21/stargazer/block/clases/star/cosmic/CosmicBlockEntity with maxs=true frames=true
[Architectury Transformer DEBUG] Transformed com/github/starcatcher21/stargazer/block/clases/star/cosmic/CosmicBlockEntity in 182.5 μs
[Architectury Transformer DEBUG] Transforming from com/github/starcatcher21/stargazer/sound/SoundGroups.class to com/github/starcatcher21/stargazer/sound/SoundGroups.class with 5 transformer(s) on dev.architectury.transformer.handler.TinyRemapperPreparedTransformerHandler
[Architectury Transformer DEBUG] Found class transformer
[Architectury Transformer DEBUG] Writing com/github/starcatcher21/stargazer/sound/SoundGroups with maxs=true frames=true
[Architectury Transformer DEBUG] Transformed com/github/starcatcher21/stargazer/sound/SoundGroups in 183.8 μs
[Architectury Transformer DEBUG] Transforming from com/github/starcatcher21/stargazer/sound/DeferredSoundType.class to com/github/starcatcher21/stargazer/sound/DeferredSoundType.class with 5 transformer(s) on dev.architectury.transformer.handler.TinyRemapperPreparedTransformerHandler
[Architectury Transformer DEBUG] Found class transformer
[Architectury Transformer DEBUG] Writing com/github/starcatcher21/stargazer/sound/DeferredSoundType with maxs=true frames=true
[Architectury Transformer DEBUG] Transformed com/github/starcatcher21/stargazer/sound/DeferredSoundType in 143.2 μs
[Architectury Transformer DEBUG] Transforming from com/github/starcatcher21/stargazer/block/clases/star/barrier/StarBarrierBlock.class to com/github/starcatcher21/stargazer/block/clases/star/barrier/StarBarrierBlock.class with 5 transformer(s) on dev.architectury.transformer.handler.TinyRemapperPreparedTransformerHandler
[Architectury Transformer DEBUG] Found class transformer
[Architectury Transformer DEBUG] Writing com/github/starcatcher21/stargazer/block/clases/star/barrier/StarBarrierBlock with maxs=true frames=true
[Architectury Transformer DEBUG] Transformed com/github/starcatcher21/stargazer/block/clases/star/barrier/StarBarrierBlock in 192.7 μs
[Architectury Transformer DEBUG] Transforming from com/github/starcatcher21/stargazer/block/clases/star/barrier/StarBarrierBlockEntity.class to com/github/starcatcher21/stargazer/block/clases/star/barrier/StarBarrierBlockEntity.class with 5 transformer(s) on dev.architectury.transformer.handler.TinyRemapperPreparedTransformerHandler
[Architectury Transformer DEBUG] Found class transformer
[Architectury Transformer DEBUG] Writing com/github/starcatcher21/stargazer/block/clases/star/barrier/StarBarrierBlockEntity with maxs=true frames=true
[Architectury Transformer DEBUG] Transformed com/github/starcatcher21/stargazer/block/clases/star/barrier/StarBarrierBlockEntity in 91.26 μs
[Architectury Transformer DEBUG] Transforming from com/github/starcatcher21/stargazer/block/clases/star/border/BorderBlock.class to com/github/starcatcher21/stargazer/block/clases/star/border/BorderBlock.class with 5 transformer(s) on dev.architectury.transformer.handler.TinyRemapperPreparedTransformerHandler
[Architectury Transformer DEBUG] Found class transformer
[Architectury Transformer DEBUG] Writing com/github/starcatcher21/stargazer/block/clases/star/border/BorderBlock with maxs=true frames=true
[Architectury Transformer DEBUG] Transformed com/github/starcatcher21/stargazer/block/clases/star/border/BorderBlock in 118.1 μs
[Architectury Transformer DEBUG] Transforming from com/github/starcatcher21/stargazer/block/clases/star/border/BorderBlockEntity.class to com/github/starcatcher21/stargazer/block/clases/star/border/BorderBlockEntity.class with 5 transformer(s) on dev.architectury.transformer.handler.TinyRemapperPreparedTransformerHandler
[Architectury Transformer DEBUG] Found class transformer
[Architectury Transformer DEBUG] Writing com/github/starcatcher21/stargazer/block/clases/star/border/BorderBlockEntity with maxs=true frames=true
[Architectury Transformer DEBUG] Transformed com/github/starcatcher21/stargazer/block/clases/star/border/BorderBlockEntity in 144.3 μs
[Architectury Transformer DEBUG] Transforming from com/github/starcatcher21/stargazer/block/clases/star/log/StarLog.class to com/github/starcatcher21/stargazer/block/clases/star/log/StarLog.class with 5 transformer(s) on dev.architectury.transformer.handler.TinyRemapperPreparedTransformerHandler
[Architectury Transformer DEBUG] Found class transformer
[Architectury Transformer DEBUG] Writing com/github/starcatcher21/stargazer/block/clases/star/log/StarLog with maxs=true frames=true
[Architectury Transformer DEBUG] Transformed com/github/starcatcher21/stargazer/block/clases/star/log/StarLog in 228.2 μs
[Architectury Transformer DEBUG] Transforming from com/github/starcatcher21/stargazer/block/clases/star/log/StrippedStarLog.class to com/github/starcatcher21/stargazer/block/clases/star/log/StrippedStarLog.class with 5 transformer(s) on dev.architectury.transformer.handler.TinyRemapperPreparedTransformerHandler
[Architectury Transformer DEBUG] Found class transformer
[Architectury Transformer DEBUG] Writing com/github/starcatcher21/stargazer/block/clases/star/log/StrippedStarLog with maxs=true frames=true
[Architectury Transformer DEBUG] Transformed com/github/starcatcher21/stargazer/block/clases/star/log/StrippedStarLog in 218.5 μs
[Architectury Transformer DEBUG] Transforming from com/github/starcatcher21/stargazer/block/clases/star/leaves/StarLeaves.class to com/github/starcatcher21/stargazer/block/clases/star/leaves/StarLeaves.class with 5 transformer(s) on dev.architectury.transformer.handler.TinyRemapperPreparedTransformerHandler
[Architectury Transformer DEBUG] Found class transformer
[Architectury Transformer DEBUG] Writing com/github/starcatcher21/stargazer/block/clases/star/leaves/StarLeaves with maxs=true frames=true
[Architectury Transformer DEBUG] Transformed com/github/starcatcher21/stargazer/block/clases/star/leaves/StarLeaves in 616.6 μs
[Architectury Transformer DEBUG] Transforming from com/github/starcatcher21/stargazer/block/clases/star/leaves/StarLeavesEntity.class to com/github/starcatcher21/stargazer/block/clases/star/leaves/StarLeavesEntity.class with 5 transformer(s) on dev.architectury.transformer.handler.TinyRemapperPreparedTransformerHandler
[Architectury Transformer DEBUG] Found class transformer
[Architectury Transformer DEBUG] Writing com/github/starcatcher21/stargazer/block/clases/star/leaves/StarLeavesEntity with maxs=true frames=true
[Architectury Transformer DEBUG] Transformed com/github/starcatcher21/stargazer/block/clases/star/leaves/StarLeavesEntity in 154.8 μs
[Architectury Transformer DEBUG] Transforming from com/github/starcatcher21/stargazer/block/clases/star/aurora/Aurora.class to com/github/starcatcher21/stargazer/block/clases/star/aurora/Aurora.class with 5 transformer(s) on dev.architectury.transformer.handler.TinyRemapperPreparedTransformerHandler
[Architectury Transformer DEBUG] Found class transformer
[Architectury Transformer DEBUG] Writing com/github/starcatcher21/stargazer/block/clases/star/aurora/Aurora with maxs=true frames=true
[Architectury Transformer DEBUG] Transformed com/github/starcatcher21/stargazer/block/clases/star/aurora/Aurora in 179.1 μs
[Architectury Transformer DEBUG] Transforming from com/github/starcatcher21/stargazer/block/clases/star/aurora/AuroraEntity.class to com/github/starcatcher21/stargazer/block/clases/star/aurora/AuroraEntity.class with 5 transformer(s) on dev.architectury.transformer.handler.TinyRemapperPreparedTransformerHandler
[Architectury Transformer DEBUG] Found class transformer
[Architectury Transformer DEBUG] Writing com/github/starcatcher21/stargazer/block/clases/star/aurora/AuroraEntity with maxs=true frames=true
[Architectury Transformer DEBUG] Transformed com/github/starcatcher21/stargazer/block/clases/star/aurora/AuroraEntity in 93.95 μs
[Architectury Transformer DEBUG] Transforming from com/github/starcatcher21/stargazer/block/clases/star/star_display/StarDisplay.class to com/github/starcatcher21/stargazer/block/clases/star/star_display/StarDisplay.class with 5 transformer(s) on dev.architectury.transformer.handler.TinyRemapperPreparedTransformerHandler
[Architectury Transformer DEBUG] Found class transformer
[Architectury Transformer DEBUG] Writing com/github/starcatcher21/stargazer/block/clases/star/star_display/StarDisplay with maxs=true frames=true
[Architectury Transformer DEBUG] Transformed com/github/starcatcher21/stargazer/block/clases/star/star_display/StarDisplay in 315.0 μs
[Architectury Transformer DEBUG] Transforming from com/github/starcatcher21/stargazer/block/clases/star/star_display/StarDisplayEntity.class to com/github/starcatcher21/stargazer/block/clases/star/star_display/StarDisplayEntity.class with 5 transformer(s) on dev.architectury.transformer.handler.TinyRemapperPreparedTransformerHandler
[Architectury Transformer DEBUG] Found class transformer
[Architectury Transformer DEBUG] Writing com/github/starcatcher21/stargazer/block/clases/star/star_display/StarDisplayEntity with maxs=true frames=true
[Architectury Transformer DEBUG] Transformed com/github/starcatcher21/stargazer/block/clases/star/star_display/StarDisplayEntity in 268.9 μs
[Architectury Transformer DEBUG] Transforming from com/github/starcatcher21/stargazer/block/register/EyeBloodBlocks.class to com/github/starcatcher21/stargazer/block/register/EyeBloodBlocks.class with 5 transformer(s) on dev.architectury.transformer.handler.TinyRemapperPreparedTransformerHandler
[Architectury Transformer DEBUG] Found class transformer
[Architectury Transformer DEBUG] Writing com/github/starcatcher21/stargazer/block/register/EyeBloodBlocks with maxs=true frames=true
[Architectury Transformer DEBUG] Transformed com/github/starcatcher21/stargazer/block/register/EyeBloodBlocks in 328.2 μs
[Architectury Transformer DEBUG] Transforming from com/github/starcatcher21/stargazer/block/clases/eyes/EyeLog.class to com/github/starcatcher21/stargazer/block/clases/eyes/EyeLog.class with 5 transformer(s) on dev.architectury.transformer.handler.TinyRemapperPreparedTransformerHandler
[Architectury Transformer DEBUG] Found class transformer
[Architectury Transformer DEBUG] Writing com/github/starcatcher21/stargazer/block/clases/eyes/EyeLog with maxs=true frames=true
[Architectury Transformer DEBUG] Transformed com/github/starcatcher21/stargazer/block/clases/eyes/EyeLog in 334.8 μs
[Architectury Transformer DEBUG] Transforming from com/github/starcatcher21/stargazer/block/clases/eyes/StrippedEyeLog.class to com/github/starcatcher21/stargazer/block/clases/eyes/StrippedEyeLog.class with 5 transformer(s) on dev.architectury.transformer.handler.TinyRemapperPreparedTransformerHandler
[Architectury Transformer DEBUG] Found class transformer
[Architectury Transformer DEBUG] Writing com/github/starcatcher21/stargazer/block/clases/eyes/StrippedEyeLog with maxs=true frames=true
[Architectury Transformer DEBUG] Transformed com/github/starcatcher21/stargazer/block/clases/eyes/StrippedEyeLog in 175.0 μs
[Architectury Transformer DEBUG] Transforming from com/github/starcatcher21/stargazer/block/clases/eyes/eyejar/EyeJar.class to com/github/starcatcher21/stargazer/block/clases/eyes/eyejar/EyeJar.class with 5 transformer(s) on dev.architectury.transformer.handler.TinyRemapperPreparedTransformerHandler
[Architectury Transformer DEBUG] Found class transformer
[Architectury Transformer DEBUG] Writing com/github/starcatcher21/stargazer/block/clases/eyes/eyejar/EyeJar with maxs=true frames=true
[Architectury Transformer DEBUG] Transformed com/github/starcatcher21/stargazer/block/clases/eyes/eyejar/EyeJar in 258.8 μs
[Architectury Transformer DEBUG] Transforming from com/github/starcatcher21/stargazer/block/clases/eyes/eyejar/EyeJarEntity.class to com/github/starcatcher21/stargazer/block/clases/eyes/eyejar/EyeJarEntity.class with 5 transformer(s) on dev.architectury.transformer.handler.TinyRemapperPreparedTransformerHandler
[Architectury Transformer DEBUG] Found class transformer
[Architectury Transformer DEBUG] Writing com/github/starcatcher21/stargazer/block/clases/eyes/eyejar/EyeJarEntity with maxs=true frames=true
[Architectury Transformer DEBUG] Transformed com/github/starcatcher21/stargazer/block/clases/eyes/eyejar/EyeJarEntity in 179.1 μs
[Architectury Transformer DEBUG] Transforming from com/github/starcatcher21/stargazer/block/clases/eyes/EyeFern.class to com/github/starcatcher21/stargazer/block/clases/eyes/EyeFern.class with 5 transformer(s) on dev.architectury.transformer.handler.TinyRemapperPreparedTransformerHandler
[Architectury Transformer DEBUG] Found class transformer
[Architectury Transformer DEBUG] Writing com/github/starcatcher21/stargazer/block/clases/eyes/EyeFern with maxs=true frames=true
[Architectury Transformer DEBUG] Transformed com/github/starcatcher21/stargazer/block/clases/eyes/EyeFern in 286.4 μs
[Architectury Transformer DEBUG] Transforming from com/github/starcatcher21/stargazer/block/clases/eyes/Eyes.class to com/github/starcatcher21/stargazer/block/clases/eyes/Eyes.class with 5 transformer(s) on dev.architectury.transformer.handler.TinyRemapperPreparedTransformerHandler
[Architectury Transformer DEBUG] Found class transformer
[Architectury Transformer DEBUG] Writing com/github/starcatcher21/stargazer/block/clases/eyes/Eyes with maxs=true frames=true
[Architectury Transformer DEBUG] Transformed com/github/starcatcher21/stargazer/block/clases/eyes/Eyes in 240.5 μs
[Architectury Transformer DEBUG] Transforming from com/github/starcatcher21/stargazer/block/register/Crops.class to com/github/starcatcher21/stargazer/block/register/Crops.class with 5 transformer(s) on dev.architectury.transformer.handler.TinyRemapperPreparedTransformerHandler
[Architectury Transformer DEBUG] Found class transformer
[Architectury Transformer DEBUG] Writing com/github/starcatcher21/stargazer/block/register/Crops with maxs=true frames=true
[Architectury Transformer DEBUG] Transformed com/github/starcatcher21/stargazer/block/register/Crops in 227.3 μs
[Architectury Transformer DEBUG] Transforming from com/github/starcatcher21/stargazer/block/clases/moon/plants/MoonCrop.class to com/github/starcatcher21/stargazer/block/clases/moon/plants/MoonCrop.class with 5 transformer(s) on dev.architectury.transformer.handler.TinyRemapperPreparedTransformerHandler
[Architectury Transformer DEBUG] Found class transformer
[Architectury Transformer DEBUG] Writing com/github/starcatcher21/stargazer/block/clases/moon/plants/MoonCrop with maxs=true frames=true
[Architectury Transformer DEBUG] Transformed com/github/starcatcher21/stargazer/block/clases/moon/plants/MoonCrop in 735.5 μs
[Architectury Transformer DEBUG] Transforming from com/github/starcatcher21/stargazer/block/clases/moon/plants/GiantDragonCarrot.class to com/github/starcatcher21/stargazer/block/clases/moon/plants/GiantDragonCarrot.class with 5 transformer(s) on dev.architectury.transformer.handler.TinyRemapperPreparedTransformerHandler
[Architectury Transformer DEBUG] Found class transformer
[Architectury Transformer DEBUG] Writing com/github/starcatcher21/stargazer/block/clases/moon/plants/GiantDragonCarrot with maxs=true frames=true
[Architectury Transformer DEBUG] Transformed com/github/starcatcher21/stargazer/block/clases/moon/plants/GiantDragonCarrot in 159.3 μs
[Architectury Transformer DEBUG] Transforming from com/github/starcatcher21/stargazer/block/clases/moon/plants/GiantCrop.class to com/github/starcatcher21/stargazer/block/clases/moon/plants/GiantCrop.class with 5 transformer(s) on dev.architectury.transformer.handler.TinyRemapperPreparedTransformerHandler
[Architectury Transformer DEBUG] Found class transformer
[Architectury Transformer DEBUG] Writing com/github/starcatcher21/stargazer/block/clases/moon/plants/GiantCrop with maxs=true frames=true
[Architectury Transformer DEBUG] Transformed com/github/starcatcher21/stargazer/block/clases/moon/plants/GiantCrop in 465.1 μs
[Architectury Transformer DEBUG] Transforming from com/github/starcatcher21/stargazer/block/register/Crops$1.class to com/github/starcatcher21/stargazer/block/register/Crops$1.class with 5 transformer(s) on dev.architectury.transformer.handler.TinyRemapperPreparedTransformerHandler
[Architectury Transformer DEBUG] Found class transformer
[Architectury Transformer DEBUG] Writing com/github/starcatcher21/stargazer/block/register/Crops$1 with maxs=true frames=true
[Architectury Transformer DEBUG] Transformed com/github/starcatcher21/stargazer/block/register/Crops$1 in 148.3 μs
[Architectury Transformer DEBUG] Transforming from com/github/starcatcher21/stargazer/block/register/Darkness.class to com/github/starcatcher21/stargazer/block/register/Darkness.class with 5 transformer(s) on dev.architectury.transformer.handler.TinyRemapperPreparedTransformerHandler
[Architectury Transformer DEBUG] Found class transformer
[Architectury Transformer DEBUG] Writing com/github/starcatcher21/stargazer/block/register/Darkness with maxs=true frames=true
[Architectury Transformer DEBUG] Transformed com/github/starcatcher21/stargazer/block/register/Darkness in 528.8 μs
[Architectury Transformer DEBUG] Transforming from com/github/starcatcher21/stargazer/block/register/Nebulas.class to com/github/starcatcher21/stargazer/block/register/Nebulas.class with 5 transformer(s) on dev.architectury.transformer.handler.TinyRemapperPreparedTransformerHandler
[Architectury Transformer DEBUG] Found class transformer
[Architectury Transformer DEBUG] Writing com/github/starcatcher21/stargazer/block/register/Nebulas with maxs=true frames=true
[Architectury Transformer DEBUG] Transformed com/github/starcatcher21/stargazer/block/register/Nebulas in 894.2 μs
[Architectury Transformer DEBUG] Transforming from com/github/starcatcher21/stargazer/block/clases/nebulas/NebulaLeaves.class to com/github/starcatcher21/stargazer/block/clases/nebulas/NebulaLeaves.class with 5 transformer(s) on dev.architectury.transformer.handler.TinyRemapperPreparedTransformerHandler
[Architectury Transformer DEBUG] Found class transformer
[Architectury Transformer DEBUG] Writing com/github/starcatcher21/stargazer/block/clases/nebulas/NebulaLeaves with maxs=true frames=true
[Architectury Transformer DEBUG] Transformed com/github/starcatcher21/stargazer/block/clases/nebulas/NebulaLeaves in 291.0 μs
[Architectury Transformer DEBUG] Transforming from com/github/starcatcher21/stargazer/block/clases/nebulas/NebulaCore.class to com/github/starcatcher21/stargazer/block/clases/nebulas/NebulaCore.class with 5 transformer(s) on dev.architectury.transformer.handler.TinyRemapperPreparedTransformerHandler
[Architectury Transformer DEBUG] Found class transformer
[Architectury Transformer DEBUG] Writing com/github/starcatcher21/stargazer/block/clases/nebulas/NebulaCore with maxs=true frames=true
[Architectury Transformer DEBUG] Transformed com/github/starcatcher21/stargazer/block/clases/nebulas/NebulaCore in 193.2 μs
[Architectury Transformer DEBUG] Transforming from com/github/starcatcher21/stargazer/block/register/Chess.class to com/github/starcatcher21/stargazer/block/register/Chess.class with 5 transformer(s) on dev.architectury.transformer.handler.TinyRemapperPreparedTransformerHandler
[Architectury Transformer DEBUG] Found class transformer
[Architectury Transformer DEBUG] Writing com/github/starcatcher21/stargazer/block/register/Chess with maxs=true frames=true
[Architectury Transformer DEBUG] Transformed com/github/starcatcher21/stargazer/block/register/Chess in 318.7 μs
[Architectury Transformer DEBUG] Transforming from com/github/starcatcher21/stargazer/block/clases/Chessboard.class to com/github/starcatcher21/stargazer/block/clases/Chessboard.class with 5 transformer(s) on dev.architectury.transformer.handler.TinyRemapperPreparedTransformerHandler
[Architectury Transformer DEBUG] Found class transformer
[Architectury Transformer DEBUG] Writing com/github/starcatcher21/stargazer/block/clases/Chessboard with maxs=true frames=true
[Architectury Transformer DEBUG] Transformed com/github/starcatcher21/stargazer/block/clases/Chessboard in 869.7 μs
[Architectury Transformer DEBUG] Transforming from com/github/starcatcher21/stargazer/block/register/RedOrbBlocks.class to com/github/starcatcher21/stargazer/block/register/RedOrbBlocks.class with 5 transformer(s) on dev.architectury.transformer.handler.TinyRemapperPreparedTransformerHandler
[Architectury Transformer DEBUG] Found class transformer
[Architectury Transformer DEBUG] Writing com/github/starcatcher21/stargazer/block/register/RedOrbBlocks with maxs=true frames=true
[Architectury Transformer DEBUG] Transformed com/github/starcatcher21/stargazer/block/register/RedOrbBlocks in 837.4 μs
[Architectury Transformer DEBUG] Transforming from com/github/starcatcher21/stargazer/block/clases/OrbFlower.class to com/github/starcatcher21/stargazer/block/clases/OrbFlower.class with 5 transformer(s) on dev.architectury.transformer.handler.TinyRemapperPreparedTransformerHandler
[Architectury Transformer DEBUG] Found class transformer
[Architectury Transformer DEBUG] Writing com/github/starcatcher21/stargazer/block/clases/OrbFlower with maxs=true frames=true
[Architectury Transformer DEBUG] Transformed com/github/starcatcher21/stargazer/block/clases/OrbFlower in 304.1 μs
[Architectury Transformer DEBUG] Transforming from com/github/starcatcher21/stargazer/block/clases/RedHangingFlower.class to com/github/starcatcher21/stargazer/block/clases/RedHangingFlower.class with 5 transformer(s) on dev.architectury.transformer.handler.TinyRemapperPreparedTransformerHandler
[Architectury Transformer DEBUG] Found class transformer
[Architectury Transformer DEBUG] Writing com/github/starcatcher21/stargazer/block/clases/RedHangingFlower with maxs=true frames=true
[Architectury Transformer DEBUG] Transformed com/github/starcatcher21/stargazer/block/clases/RedHangingFlower in 443.4 μs
[Architectury Transformer DEBUG] Transforming from com/github/starcatcher21/stargazer/block/clases/CustomRedSapling.class to com/github/starcatcher21/stargazer/block/clases/CustomRedSapling.class with 5 transformer(s) on dev.architectury.transformer.handler.TinyRemapperPreparedTransformerHandler
[Architectury Transformer DEBUG] Found class transformer
[Architectury Transformer DEBUG] Writing com/github/starcatcher21/stargazer/block/clases/CustomRedSapling with maxs=true frames=true
[Architectury Transformer DEBUG] Transformed com/github/starcatcher21/stargazer/block/clases/CustomRedSapling in 309.6 μs
[Architectury Transformer DEBUG] Transforming from com/github/starcatcher21/stargazer/block/clases/RedGrass.class to com/github/starcatcher21/stargazer/block/clases/RedGrass.class with 5 transformer(s) on dev.architectury.transformer.handler.TinyRemapperPreparedTransformerHandler
[Architectury Transformer DEBUG] Found class transformer
[Architectury Transformer DEBUG] Writing com/github/starcatcher21/stargazer/block/clases/RedGrass with maxs=true frames=true
[Architectury Transformer DEBUG] Transformed com/github/starcatcher21/stargazer/block/clases/RedGrass in 214.5 μs
[Architectury Transformer DEBUG] Transforming from com/github/starcatcher21/stargazer/block/clases/RedOrbPlatform.class to com/github/starcatcher21/stargazer/block/clases/RedOrbPlatform.class with 5 transformer(s) on dev.architectury.transformer.handler.TinyRemapperPreparedTransformerHandler
[Architectury Transformer DEBUG] Found class transformer
[Architectury Transformer DEBUG] Writing com/github/starcatcher21/stargazer/block/clases/RedOrbPlatform with maxs=true frames=true
[Architectury Transformer DEBUG] Transformed com/github/starcatcher21/stargazer/block/clases/RedOrbPlatform in 872.0 μs
[Architectury Transformer DEBUG] Transforming from com/github/starcatcher21/stargazer/block/register/Hedges.class to com/github/starcatcher21/stargazer/block/register/Hedges.class with 5 transformer(s) on dev.architectury.transformer.handler.TinyRemapperPreparedTransformerHandler
[Architectury Transformer DEBUG] Found class transformer
[Architectury Transformer DEBUG] Writing com/github/starcatcher21/stargazer/block/register/Hedges with maxs=true frames=true
[Architectury Transformer DEBUG] Transformed com/github/starcatcher21/stargazer/block/register/Hedges in 581.9 μs
[Architectury Transformer DEBUG] Transforming from com/github/starcatcher21/stargazer/block/clases/Hedge.class to com/github/starcatcher21/stargazer/block/clases/Hedge.class with 5 transformer(s) on dev.architectury.transformer.handler.TinyRemapperPreparedTransformerHandler
[Architectury Transformer DEBUG] Found class transformer
[Architectury Transformer DEBUG] Writing com/github/starcatcher21/stargazer/block/clases/Hedge with maxs=true frames=true
[Architectury Transformer DEBUG] Transformed com/github/starcatcher21/stargazer/block/clases/Hedge in 244.6 μs
[Architectury Transformer DEBUG] Transforming from com/github/starcatcher21/stargazer/block/register/Wander.class to com/github/starcatcher21/stargazer/block/register/Wander.class with 5 transformer(s) on dev.architectury.transformer.handler.TinyRemapperPreparedTransformerHandler
[Architectury Transformer DEBUG] Found class transformer
[Architectury Transformer DEBUG] Writing com/github/starcatcher21/stargazer/block/register/Wander with maxs=true frames=true
[Architectury Transformer DEBUG] Transformed com/github/starcatcher21/stargazer/block/register/Wander in 436.8 μs
[Architectury Transformer DEBUG] Transforming from com/github/starcatcher21/stargazer/block/clases/CustomWanderSapling.class to com/github/starcatcher21/stargazer/block/clases/CustomWanderSapling.class with 5 transformer(s) on dev.architectury.transformer.handler.TinyRemapperPreparedTransformerHandler
[Architectury Transformer DEBUG] Found class transformer
[Architectury Transformer DEBUG] Writing com/github/starcatcher21/stargazer/block/clases/CustomWanderSapling with maxs=true frames=true
[Architectury Transformer DEBUG] Transformed com/github/starcatcher21/stargazer/block/clases/CustomWanderSapling in 393.2 μs
[Architectury Transformer DEBUG] Transforming from com/github/starcatcher21/stargazer/block/clases/wander/Boril.class to com/github/starcatcher21/stargazer/block/clases/wander/Boril.class with 5 transformer(s) on dev.architectury.transformer.handler.TinyRemapperPreparedTransformerHandler
[Architectury Transformer DEBUG] Found class transformer
[Architectury Transformer DEBUG] Writing com/github/starcatcher21/stargazer/block/clases/wander/Boril with maxs=true frames=true
[Architectury Transformer DEBUG] Transformed com/github/starcatcher21/stargazer/block/clases/wander/Boril in 323.8 μs
[Architectury Transformer DEBUG] Transforming from com/github/starcatcher21/stargazer/block/register/Energy.class to com/github/starcatcher21/stargazer/block/register/Energy.class with 5 transformer(s) on dev.architectury.transformer.handler.TinyRemapperPreparedTransformerHandler
[Architectury Transformer DEBUG] Found class transformer
[Architectury Transformer DEBUG] Writing com/github/starcatcher21/stargazer/block/register/Energy with maxs=true frames=true
[Architectury Transformer DEBUG] Transformed com/github/starcatcher21/stargazer/block/register/Energy in 420.9 μs
[Architectury Transformer DEBUG] Transforming from com/github/starcatcher21/stargazer/block/clases/energy/generators/StarGenerator.class to com/github/starcatcher21/stargazer/block/clases/energy/generators/StarGenerator.class with 5 transformer(s) on dev.architectury.transformer.handler.TinyRemapperPreparedTransformerHandler
[Architectury Transformer DEBUG] Found class transformer
[Architectury Transformer DEBUG] Writing com/github/starcatcher21/stargazer/block/clases/energy/generators/StarGenerator with maxs=true frames=true
[Architectury Transformer DEBUG] Transformed com/github/starcatcher21/stargazer/block/clases/energy/generators/StarGenerator in 329.2 μs
[Architectury Transformer DEBUG] Transforming from com/github/starcatcher21/stargazer/screens/StarGeneratorScreenHandler.class to com/github/starcatcher21/stargazer/screens/StarGeneratorScreenHandler.class with 5 transformer(s) on dev.architectury.transformer.handler.TinyRemapperPreparedTransformerHandler
[Architectury Transformer DEBUG] Found class transformer
[Architectury Transformer DEBUG] Writing com/github/starcatcher21/stargazer/screens/StarGeneratorScreenHandler with maxs=true frames=true
[Architectury Transformer DEBUG] Transformed com/github/starcatcher21/stargazer/screens/StarGeneratorScreenHandler in 346.2 μs
[Architectury Transformer DEBUG] Transforming from com/github/starcatcher21/stargazer/block/clases/energy/generators/StarGeneratorEntity.class to com/github/starcatcher21/stargazer/block/clases/energy/generators/StarGeneratorEntity.class with 5 transformer(s) on dev.architectury.transformer.handler.TinyRemapperPreparedTransformerHandler
[Architectury Transformer DEBUG] Found class transformer
[Architectury Transformer DEBUG] Writing com/github/starcatcher21/stargazer/block/clases/energy/generators/StarGeneratorEntity with maxs=true frames=true
[Architectury Transformer DEBUG] Transformed com/github/starcatcher21/stargazer/block/clases/energy/generators/StarGeneratorEntity in 607.1 μs
[Architectury Transformer DEBUG] Transforming from com/github/starcatcher21/stargazer/block/clases/energy/cables/YellowCable.class to com/github/starcatcher21/stargazer/block/clases/energy/cables/YellowCable.class with 5 transformer(s) on dev.architectury.transformer.handler.TinyRemapperPreparedTransformerHandler
[Architectury Transformer DEBUG] Found class transformer
[Architectury Transformer DEBUG] Writing com/github/starcatcher21/stargazer/block/clases/energy/cables/YellowCable with maxs=true frames=true
[Architectury Transformer DEBUG] Transformed com/github/starcatcher21/stargazer/block/clases/energy/cables/YellowCable in 511.6 μs
[Architectury Transformer DEBUG] Transforming from com/github/starcatcher21/stargazer/block/clases/energy/cables/YellowCableEntity.class to com/github/starcatcher21/stargazer/block/clases/energy/cables/YellowCableEntity.class with 5 transformer(s) on dev.architectury.transformer.handler.TinyRemapperPreparedTransformerHandler
[Architectury Transformer DEBUG] Found class transformer
[Architectury Transformer DEBUG] Writing com/github/starcatcher21/stargazer/block/clases/energy/cables/YellowCableEntity with maxs=true frames=true
[Architectury Transformer DEBUG] Transformed com/github/starcatcher21/stargazer/block/clases/energy/cables/YellowCableEntity in 131.7 μs
[Architectury Transformer DEBUG] Transforming from com/github/starcatcher21/stargazer/block/clases/energy/cables/BaseCableEntity.class to com/github/starcatcher21/stargazer/block/clases/energy/cables/BaseCableEntity.class with 5 transformer(s) on dev.architectury.transformer.handler.TinyRemapperPreparedTransformerHandler
[Architectury Transformer DEBUG] Found class transformer
[Architectury Transformer DEBUG] Writing com/github/starcatcher21/stargazer/block/clases/energy/cables/BaseCableEntity with maxs=true frames=true
[Architectury Transformer DEBUG] Transformed com/github/starcatcher21/stargazer/block/clases/energy/cables/BaseCableEntity in 222.7 μs
[Architectury Transformer DEBUG] Transforming from com/github/starcatcher21/stargazer/block/clases/energy/cables/BlueCable.class to com/github/starcatcher21/stargazer/block/clases/energy/cables/BlueCable.class with 5 transformer(s) on dev.architectury.transformer.handler.TinyRemapperPreparedTransformerHandler
[Architectury Transformer DEBUG] Found class transformer
[Architectury Transformer DEBUG] Writing com/github/starcatcher21/stargazer/block/clases/energy/cables/BlueCable with maxs=true frames=true
[Architectury Transformer DEBUG] Transformed com/github/starcatcher21/stargazer/block/clases/energy/cables/BlueCable in 782.4 μs
[Architectury Transformer DEBUG] Transforming from com/github/starcatcher21/stargazer/block/clases/energy/cables/BlueCableEntity.class to com/github/starcatcher21/stargazer/block/clases/energy/cables/BlueCableEntity.class with 5 transformer(s) on dev.architectury.transformer.handler.TinyRemapperPreparedTransformerHandler
[Architectury Transformer DEBUG] Found class transformer
[Architectury Transformer DEBUG] Writing com/github/starcatcher21/stargazer/block/clases/energy/cables/BlueCableEntity with maxs=true frames=true
[Architectury Transformer DEBUG] Transformed com/github/starcatcher21/stargazer/block/clases/energy/cables/BlueCableEntity in 265.6 μs
[Architectury Transformer DEBUG] Transforming from com/github/starcatcher21/stargazer/block/clases/energy/cables/RedCable.class to com/github/starcatcher21/stargazer/block/clases/energy/cables/RedCable.class with 5 transformer(s) on dev.architectury.transformer.handler.TinyRemapperPreparedTransformerHandler
[Architectury Transformer DEBUG] Found class transformer
[Architectury Transformer DEBUG] Writing com/github/starcatcher21/stargazer/block/clases/energy/cables/RedCable with maxs=true frames=true
[Architectury Transformer DEBUG] Transformed com/github/starcatcher21/stargazer/block/clases/energy/cables/RedCable in 511.0 μs
[Architectury Transformer DEBUG] Transforming from com/github/starcatcher21/stargazer/block/clases/energy/cables/RedCableEntity.class to com/github/starcatcher21/stargazer/block/clases/energy/cables/RedCableEntity.class with 5 transformer(s) on dev.architectury.transformer.handler.TinyRemapperPreparedTransformerHandler
[Architectury Transformer DEBUG] Found class transformer
[Architectury Transformer DEBUG] Writing com/github/starcatcher21/stargazer/block/clases/energy/cables/RedCableEntity with maxs=true frames=true
[Architectury Transformer DEBUG] Transformed com/github/starcatcher21/stargazer/block/clases/energy/cables/RedCableEntity in 159.0 μs
[Architectury Transformer DEBUG] Transforming from com/github/starcatcher21/stargazer/block/clases/energy/cables/PurpleCable.class to com/github/starcatcher21/stargazer/block/clases/energy/cables/PurpleCable.class with 5 transformer(s) on dev.architectury.transformer.handler.TinyRemapperPreparedTransformerHandler
[Architectury Transformer DEBUG] Found class transformer
[Architectury Transformer DEBUG] Writing com/github/starcatcher21/stargazer/block/clases/energy/cables/PurpleCable with maxs=true frames=true
[Architectury Transformer DEBUG] Transformed com/github/starcatcher21/stargazer/block/clases/energy/cables/PurpleCable in 439.3 μs
[Architectury Transformer DEBUG] Transforming from com/github/starcatcher21/stargazer/block/clases/energy/cables/PurpleCableEntity.class to com/github/starcatcher21/stargazer/block/clases/energy/cables/PurpleCableEntity.class with 5 transformer(s) on dev.architectury.transformer.handler.TinyRemapperPreparedTransformerHandler
[Architectury Transformer DEBUG] Found class transformer
[Architectury Transformer DEBUG] Writing com/github/starcatcher21/stargazer/block/clases/energy/cables/PurpleCableEntity with maxs=true frames=true
[Architectury Transformer DEBUG] Transformed com/github/starcatcher21/stargazer/block/clases/energy/cables/PurpleCableEntity in 132.8 μs
[Architectury Transformer DEBUG] Transforming from com/github/starcatcher21/stargazer/block/clases/energy/machines/NightWatcher.class to com/github/starcatcher21/stargazer/block/clases/energy/machines/NightWatcher.class with 5 transformer(s) on dev.architectury.transformer.handler.TinyRemapperPreparedTransformerHandler
[Architectury Transformer DEBUG] Found class transformer
[Architectury Transformer DEBUG] Writing com/github/starcatcher21/stargazer/block/clases/energy/machines/NightWatcher with maxs=true frames=true
[Architectury Transformer DEBUG] Transformed com/github/starcatcher21/stargazer/block/clases/energy/machines/NightWatcher in 275.2 μs
[Architectury Transformer DEBUG] Transforming from com/github/starcatcher21/stargazer/screens/NightWatcherScreenHandler.class to com/github/starcatcher21/stargazer/screens/NightWatcherScreenHandler.class with 5 transformer(s) on dev.architectury.transformer.handler.TinyRemapperPreparedTransformerHandler
[Architectury Transformer DEBUG] Found class transformer
[Architectury Transformer DEBUG] Writing com/github/starcatcher21/stargazer/screens/NightWatcherScreenHandler with maxs=true frames=true
[Architectury Transformer DEBUG] Transformed com/github/starcatcher21/stargazer/screens/NightWatcherScreenHandler in 293.7 μs
[Architectury Transformer DEBUG] Transforming from com/github/starcatcher21/stargazer/block/clases/energy/machines/NightWatcherEntity.class to com/github/starcatcher21/stargazer/block/clases/energy/machines/NightWatcherEntity.class with 5 transformer(s) on dev.architectury.transformer.handler.TinyRemapperPreparedTransformerHandler
[Architectury Transformer DEBUG] Found class transformer
[Architectury Transformer DEBUG] Writing com/github/starcatcher21/stargazer/block/clases/energy/machines/NightWatcherEntity with maxs=true frames=true
[Architectury Transformer DEBUG] Transformed com/github/starcatcher21/stargazer/block/clases/energy/machines/NightWatcherEntity in 396.9 μs
[Architectury Transformer DEBUG] Transforming from com/github/starcatcher21/stargazer/block/clases/energy/machines/StarCrusher.class to com/github/starcatcher21/stargazer/block/clases/energy/machines/StarCrusher.class with 5 transformer(s) on dev.architectury.transformer.handler.TinyRemapperPreparedTransformerHandler
[Architectury Transformer DEBUG] Found class transformer
[Architectury Transformer DEBUG] Writing com/github/starcatcher21/stargazer/block/clases/energy/machines/StarCrusher with maxs=true frames=true
[Architectury Transformer DEBUG] Transformed com/github/starcatcher21/stargazer/block/clases/energy/machines/StarCrusher in 287.3 μs
[Architectury Transformer DEBUG] Transforming from com/github/starcatcher21/stargazer/screens/StarCrusherScreenHandler.class to com/github/starcatcher21/stargazer/screens/StarCrusherScreenHandler.class with 5 transformer(s) on dev.architectury.transformer.handler.TinyRemapperPreparedTransformerHandler
[Architectury Transformer DEBUG] Found class transformer
[Architectury Transformer DEBUG] Writing com/github/starcatcher21/stargazer/screens/StarCrusherScreenHandler with maxs=true frames=true
[Architectury Transformer DEBUG] Transformed com/github/starcatcher21/stargazer/screens/StarCrusherScreenHandler in 350.1 μs
[Architectury Transformer DEBUG] Transforming from com/github/starcatcher21/stargazer/block/clases/energy/machines/StarCrusherEntity.class to com/github/starcatcher21/stargazer/block/clases/energy/machines/StarCrusherEntity.class with 5 transformer(s) on dev.architectury.transformer.handler.TinyRemapperPreparedTransformerHandler
[Architectury Transformer DEBUG] Found class transformer
[Architectury Transformer DEBUG] Writing com/github/starcatcher21/stargazer/block/clases/energy/machines/StarCrusherEntity with maxs=true frames=true
[Architectury Transformer DEBUG] Transformed com/github/starcatcher21/stargazer/block/clases/energy/machines/StarCrusherEntity in 639.7 μs
[Architectury Transformer DEBUG] Transforming from com/github/starcatcher21/stargazer/block/clases/teleporter/CopperTeleporterState.class to com/github/starcatcher21/stargazer/block/clases/teleporter/CopperTeleporterState.class with 5 transformer(s) on dev.architectury.transformer.handler.TinyRemapperPreparedTransformerHandler
[Architectury Transformer DEBUG] Found class transformer
[Architectury Transformer DEBUG] Writing com/github/starcatcher21/stargazer/block/clases/teleporter/CopperTeleporterState with maxs=true frames=true
[Architectury Transformer DEBUG] Transformed com/github/starcatcher21/stargazer/block/clases/teleporter/CopperTeleporterState in 438.0 μs
[Architectury Transformer DEBUG] Transforming from com/github/starcatcher21/stargazer/block/clases/teleporter/DarkTeleporterState.class to com/github/starcatcher21/stargazer/block/clases/teleporter/DarkTeleporterState.class with 5 transformer(s) on dev.architectury.transformer.handler.TinyRemapperPreparedTransformerHandler
[Architectury Transformer DEBUG] Found class transformer
[Architectury Transformer DEBUG] Writing com/github/starcatcher21/stargazer/block/clases/teleporter/DarkTeleporterState with maxs=true frames=true
[Architectury Transformer DEBUG] Transformed com/github/starcatcher21/stargazer/block/clases/teleporter/DarkTeleporterState in 544.3 μs
[Architectury Transformer DEBUG] Transforming from com/github/starcatcher21/stargazer/block/clases/teleporter/EndTeleporterState.class to com/github/starcatcher21/stargazer/block/clases/teleporter/EndTeleporterState.class with 5 transformer(s) on dev.architectury.transformer.handler.TinyRemapperPreparedTransformerHandler
[Architectury Transformer DEBUG] Found class transformer
[Architectury Transformer DEBUG] Writing com/github/starcatcher21/stargazer/block/clases/teleporter/EndTeleporterState with maxs=true frames=true
[Architectury Transformer DEBUG] Transformed com/github/starcatcher21/stargazer/block/clases/teleporter/EndTeleporterState in 488.4 μs
[Architectury Transformer DEBUG] Transforming from com/github/starcatcher21/stargazer/block/clases/teleporter/RedTeleporterState.class to com/github/starcatcher21/stargazer/block/clases/teleporter/RedTeleporterState.class with 5 transformer(s) on dev.architectury.transformer.handler.TinyRemapperPreparedTransformerHandler
[Architectury Transformer DEBUG] Found class transformer
[Architectury Transformer DEBUG] Writing com/github/starcatcher21/stargazer/block/clases/teleporter/RedTeleporterState with maxs=true frames=true
[Architectury Transformer DEBUG] Transformed com/github/starcatcher21/stargazer/block/clases/teleporter/RedTeleporterState in 491.1 μs
[Architectury Transformer DEBUG] Transforming from com/github/starcatcher21/stargazer/block/clases/moon/geode_fruit/GeodeFruitStage.class to com/github/starcatcher21/stargazer/block/clases/moon/geode_fruit/GeodeFruitStage.class with 5 transformer(s) on dev.architectury.transformer.handler.TinyRemapperPreparedTransformerHandler
[Architectury Transformer DEBUG] Found class transformer
[Architectury Transformer DEBUG] Writing com/github/starcatcher21/stargazer/block/clases/moon/geode_fruit/GeodeFruitStage with maxs=true frames=true
[Architectury Transformer DEBUG] Transformed com/github/starcatcher21/stargazer/block/clases/moon/geode_fruit/GeodeFruitStage in 777.9 μs
[Architectury Transformer DEBUG] Transforming from com/github/starcatcher21/stargazer/effects/StatusEffects.class to com/github/starcatcher21/stargazer/effects/StatusEffects.class with 5 transformer(s) on dev.architectury.transformer.handler.TinyRemapperPreparedTransformerHandler
[Architectury Transformer DEBUG] Found class transformer
[Architectury Transformer DEBUG] Writing com/github/starcatcher21/stargazer/effects/StatusEffects with maxs=true frames=true
[Architectury Transformer DEBUG] Transformed com/github/starcatcher21/stargazer/effects/StatusEffects in 563.4 μs
[Architectury Transformer DEBUG] Transforming from com/github/starcatcher21/stargazer/effects/Hydrophobic.class to com/github/starcatcher21/stargazer/effects/Hydrophobic.class with 5 transformer(s) on dev.architectury.transformer.handler.TinyRemapperPreparedTransformerHandler
[Architectury Transformer DEBUG] Found class transformer
[Architectury Transformer DEBUG] Writing com/github/starcatcher21/stargazer/effects/Hydrophobic with maxs=true frames=true
[Architectury Transformer DEBUG] Transformed com/github/starcatcher21/stargazer/effects/Hydrophobic in 218.3 μs
[Architectury Transformer DEBUG] Transforming from com/github/starcatcher21/stargazer/effects/CosmoFeeling.class to com/github/starcatcher21/stargazer/effects/CosmoFeeling.class with 5 transformer(s) on dev.architectury.transformer.handler.TinyRemapperPreparedTransformerHandler
[Architectury Transformer DEBUG] Found class transformer
[Architectury Transformer DEBUG] Writing com/github/starcatcher21/stargazer/effects/CosmoFeeling with maxs=true frames=true
[Architectury Transformer DEBUG] Transformed com/github/starcatcher21/stargazer/effects/CosmoFeeling in 292.4 μs
[Architectury Transformer DEBUG] Transforming from com/github/starcatcher21/stargazer/effects/GlassHands.class to com/github/starcatcher21/stargazer/effects/GlassHands.class with 5 transformer(s) on dev.architectury.transformer.handler.TinyRemapperPreparedTransformerHandler
[Architectury Transformer DEBUG] Found class transformer
[Architectury Transformer DEBUG] Writing com/github/starcatcher21/stargazer/effects/GlassHands with maxs=true frames=true
[Architectury Transformer DEBUG] Transformed com/github/starcatcher21/stargazer/effects/GlassHands in 301.6 μs
[Architectury Transformer DEBUG] Transforming from com/github/starcatcher21/stargazer/block/clases/moon/plants/GiantCropSide.class to com/github/starcatcher21/stargazer/block/clases/moon/plants/GiantCropSide.class with 5 transformer(s) on dev.architectury.transformer.handler.TinyRemapperPreparedTransformerHandler
[Architectury Transformer DEBUG] Found class transformer
[Architectury Transformer DEBUG] Writing com/github/starcatcher21/stargazer/block/clases/moon/plants/GiantCropSide with maxs=true frames=true
[Architectury Transformer DEBUG] Transformed com/github/starcatcher21/stargazer/block/clases/moon/plants/GiantCropSide in 708.2 μs
[Architectury Transformer DEBUG] Transforming from com/github/starcatcher21/stargazer/RegistryKeys.class to com/github/starcatcher21/stargazer/RegistryKeys.class with 5 transformer(s) on dev.architectury.transformer.handler.TinyRemapperPreparedTransformerHandler
[Architectury Transformer DEBUG] Found class transformer
[Architectury Transformer DEBUG] Writing com/github/starcatcher21/stargazer/RegistryKeys with maxs=true frames=true
[Architectury Transformer DEBUG] Transformed com/github/starcatcher21/stargazer/RegistryKeys in 954.9 μs
[Architectury Transformer DEBUG] Transforming from com/github/starcatcher21/stargazer/nbt/StarPatternsComponent.class to com/github/starcatcher21/stargazer/nbt/StarPatternsComponent.class with 5 transformer(s) on dev.architectury.transformer.handler.TinyRemapperPreparedTransformerHandler
[Architectury Transformer DEBUG] Found class transformer
[Architectury Transformer DEBUG] Writing com/github/starcatcher21/stargazer/nbt/StarPatternsComponent with maxs=true frames=true
[Architectury Transformer DEBUG] Transformed com/github/starcatcher21/stargazer/nbt/StarPatternsComponent in 831.6 μs
[Architectury Transformer DEBUG] Transforming from com/github/starcatcher21/stargazer/nbt/StarPatternsComponent$Layer.class to com/github/starcatcher21/stargazer/nbt/StarPatternsComponent$Layer.class with 5 transformer(s) on dev.architectury.transformer.handler.TinyRemapperPreparedTransformerHandler
[Architectury Transformer DEBUG] Found class transformer
[Architectury Transformer DEBUG] Writing com/github/starcatcher21/stargazer/nbt/StarPatternsComponent$Layer with maxs=true frames=true
[Architectury Transformer DEBUG] Transformed com/github/starcatcher21/stargazer/nbt/StarPatternsComponent$Layer in 498.3 μs
[Architectury Transformer DEBUG] Transforming from com/github/starcatcher21/stargazer/nbt/StarPattern.class to com/github/starcatcher21/stargazer/nbt/StarPattern.class with 5 transformer(s) on dev.architectury.transformer.handler.TinyRemapperPreparedTransformerHandler
[Architectury Transformer DEBUG] Found class transformer
[Architectury Transformer DEBUG] Writing com/github/starcatcher21/stargazer/nbt/StarPattern with maxs=true frames=true
[Architectury Transformer DEBUG] Transformed com/github/starcatcher21/stargazer/nbt/StarPattern in 450.9 μs
[Architectury Transformer DEBUG] Transforming from com/github/starcatcher21/stargazer/nbt/Patterns.class to com/github/starcatcher21/stargazer/nbt/Patterns.class with 5 transformer(s) on dev.architectury.transformer.handler.TinyRemapperPreparedTransformerHandler
[Architectury Transformer DEBUG] Found class transformer
[Architectury Transformer DEBUG] Writing com/github/starcatcher21/stargazer/nbt/Patterns with maxs=true frames=true
[Architectury Transformer DEBUG] Transformed com/github/starcatcher21/stargazer/nbt/Patterns in 1.270 ms
[Architectury Transformer DEBUG] Transforming from com/github/starcatcher21/stargazer/nbt/ComponentTypes.class to com/github/starcatcher21/stargazer/nbt/ComponentTypes.class with 5 transformer(s) on dev.architectury.transformer.handler.TinyRemapperPreparedTransformerHandler
[Architectury Transformer DEBUG] Found class transformer
[Architectury Transformer DEBUG] Writing com/github/starcatcher21/stargazer/nbt/ComponentTypes with maxs=true frames=true
[Architectury Transformer DEBUG] Transformed com/github/starcatcher21/stargazer/nbt/ComponentTypes in 560.9 μs
[Architectury Transformer DEBUG] Transforming from com/github/starcatcher21/stargazer/screens/ScreenHandlerTypes.class to com/github/starcatcher21/stargazer/screens/ScreenHandlerTypes.class with 5 transformer(s) on dev.architectury.transformer.handler.TinyRemapperPreparedTransformerHandler
[Architectury Transformer DEBUG] Found class transformer
[Architectury Transformer DEBUG] Writing com/github/starcatcher21/stargazer/screens/ScreenHandlerTypes with maxs=true frames=true
[Architectury Transformer DEBUG] Transformed com/github/starcatcher21/stargazer/screens/ScreenHandlerTypes in 407.2 μs
[Architectury Transformer DEBUG] Transforming from com/github/starcatcher21/stargazer/screens/recipe/StarforgeRecipeInventory.class to com/github/starcatcher21/stargazer/screens/recipe/StarforgeRecipeInventory.class with 5 transformer(s) on dev.architectury.transformer.handler.TinyRemapperPreparedTransformerHandler
[Architectury Transformer DEBUG] Found class transformer
[Architectury Transformer DEBUG] Writing com/github/starcatcher21/stargazer/screens/recipe/StarforgeRecipeInventory with maxs=true frames=true
[Architectury Transformer DEBUG] Transformed com/github/starcatcher21/stargazer/screens/recipe/StarforgeRecipeInventory in 179.0 μs
[Architectury Transformer DEBUG] Transforming from com/github/starcatcher21/stargazer/screens/slots/StarforgeResultSlot.class to com/github/starcatcher21/stargazer/screens/slots/StarforgeResultSlot.class with 5 transformer(s) on dev.architectury.transformer.handler.TinyRemapperPreparedTransformerHandler
[Architectury Transformer DEBUG] Found class transformer
[Architectury Transformer DEBUG] Writing com/github/starcatcher21/stargazer/screens/slots/StarforgeResultSlot with maxs=true frames=true
[Architectury Transformer DEBUG] Transformed com/github/starcatcher21/stargazer/screens/slots/StarforgeResultSlot in 481.0 μs
[Architectury Transformer DEBUG] Transforming from com/github/starcatcher21/stargazer/screens/recipe/MoonWelderRecipeInventory.class to com/github/starcatcher21/stargazer/screens/recipe/MoonWelderRecipeInventory.class with 5 transformer(s) on dev.architectury.transformer.handler.TinyRemapperPreparedTransformerHandler
[Architectury Transformer DEBUG] Found class transformer
[Architectury Transformer DEBUG] Writing com/github/starcatcher21/stargazer/screens/recipe/MoonWelderRecipeInventory with maxs=true frames=true
[Architectury Transformer DEBUG] Transformed com/github/starcatcher21/stargazer/screens/recipe/MoonWelderRecipeInventory in 205.1 μs
[Architectury Transformer DEBUG] Transforming from com/github/starcatcher21/stargazer/screens/slots/MoonWelderResultSlot.class to com/github/starcatcher21/stargazer/screens/slots/MoonWelderResultSlot.class with 5 transformer(s) on dev.architectury.transformer.handler.TinyRemapperPreparedTransformerHandler
[Architectury Transformer DEBUG] Found class transformer
[Architectury Transformer DEBUG] Writing com/github/starcatcher21/stargazer/screens/slots/MoonWelderResultSlot with maxs=true frames=true
[Architectury Transformer DEBUG] Transformed com/github/starcatcher21/stargazer/screens/slots/MoonWelderResultSlot in 447.8 μs
[Architectury Transformer DEBUG] Transforming from com/github/starcatcher21/stargazer/screens/StarGeneratorScreenHandler$1.class to com/github/starcatcher21/stargazer/screens/StarGeneratorScreenHandler$1.class with 5 transformer(s) on dev.architectury.transformer.handler.TinyRemapperPreparedTransformerHandler
[Architectury Transformer DEBUG] Found class transformer
[Architectury Transformer DEBUG] Writing com/github/starcatcher21/stargazer/screens/StarGeneratorScreenHandler$1 with maxs=true frames=true
[Architectury Transformer DEBUG] Transformed com/github/starcatcher21/stargazer/screens/StarGeneratorScreenHandler$1 in 198.9 μs
[Architectury Transformer DEBUG] Transforming from com/github/starcatcher21/stargazer/screens/StarGeneratorScreenHandler$2.class to com/github/starcatcher21/stargazer/screens/StarGeneratorScreenHandler$2.class with 5 transformer(s) on dev.architectury.transformer.handler.TinyRemapperPreparedTransformerHandler
[Architectury Transformer DEBUG] Found class transformer
[Architectury Transformer DEBUG] Writing com/github/starcatcher21/stargazer/screens/StarGeneratorScreenHandler$2 with maxs=true frames=true
[Architectury Transformer DEBUG] Transformed com/github/starcatcher21/stargazer/screens/StarGeneratorScreenHandler$2 in 221.7 μs
[Architectury Transformer DEBUG] Transforming from com/github/starcatcher21/stargazer/screens/NightWatcherScreenHandler$1.class to com/github/starcatcher21/stargazer/screens/NightWatcherScreenHandler$1.class with 5 transformer(s) on dev.architectury.transformer.handler.TinyRemapperPreparedTransformerHandler
[Architectury Transformer DEBUG] Found class transformer
[Architectury Transformer DEBUG] Writing com/github/starcatcher21/stargazer/screens/NightWatcherScreenHandler$1 with maxs=true frames=true
[Architectury Transformer DEBUG] Transformed com/github/starcatcher21/stargazer/screens/NightWatcherScreenHandler$1 in 187.2 μs
[Architectury Transformer DEBUG] Transforming from com/github/starcatcher21/stargazer/screens/StarCrusherScreenHandler$1.class to com/github/starcatcher21/stargazer/screens/StarCrusherScreenHandler$1.class with 5 transformer(s) on dev.architectury.transformer.handler.TinyRemapperPreparedTransformerHandler
[Architectury Transformer DEBUG] Found class transformer
[Architectury Transformer DEBUG] Writing com/github/starcatcher21/stargazer/screens/StarCrusherScreenHandler$1 with maxs=true frames=true
[Architectury Transformer DEBUG] Transformed com/github/starcatcher21/stargazer/screens/StarCrusherScreenHandler$1 in 147.9 μs
[Architectury Transformer DEBUG] Transforming from com/github/starcatcher21/stargazer/worldgen/CustomFeatures.class to com/github/starcatcher21/stargazer/worldgen/CustomFeatures.class with 5 transformer(s) on dev.architectury.transformer.handler.TinyRemapperPreparedTransformerHandler
[Architectury Transformer DEBUG] Found class transformer
[Architectury Transformer DEBUG] Writing com/github/starcatcher21/stargazer/worldgen/CustomFeatures with maxs=true frames=true
[Architectury Transformer DEBUG] Transformed com/github/starcatcher21/stargazer/worldgen/CustomFeatures in 940.8 μs
[Architectury Transformer DEBUG] Transforming from com/github/starcatcher21/stargazer/worldgen/features/trees/moon/MoonTrees.class to com/github/starcatcher21/stargazer/worldgen/features/trees/moon/MoonTrees.class with 5 transformer(s) on dev.architectury.transformer.handler.TinyRemapperPreparedTransformerHandler
[Architectury Transformer DEBUG] Found class transformer
[Architectury Transformer DEBUG] Writing com/github/starcatcher21/stargazer/worldgen/features/trees/moon/MoonTrees with maxs=true frames=true
[Architectury Transformer DEBUG] Transformed com/github/starcatcher21/stargazer/worldgen/features/trees/moon/MoonTrees in 738.0 μs
[Architectury Transformer DEBUG] Transforming from com/github/starcatcher21/stargazer/worldgen/features/amertylst/Amertylst.class to com/github/starcatcher21/stargazer/worldgen/features/amertylst/Amertylst.class with 5 transformer(s) on dev.architectury.transformer.handler.TinyRemapperPreparedTransformerHandler
[Architectury Transformer DEBUG] Found class transformer
[Architectury Transformer DEBUG] Writing com/github/starcatcher21/stargazer/worldgen/features/amertylst/Amertylst with maxs=true frames=true
[Architectury Transformer DEBUG] Transformed com/github/starcatcher21/stargazer/worldgen/features/amertylst/Amertylst in 568.3 μs
[Architectury Transformer DEBUG] Transforming from com/github/starcatcher21/stargazer/worldgen/features/trees/bones/BoneTrees.class to com/github/starcatcher21/stargazer/worldgen/features/trees/bones/BoneTrees.class with 5 transformer(s) on dev.architectury.transformer.handler.TinyRemapperPreparedTransformerHandler
[Architectury Transformer DEBUG] Found class transformer
[Architectury Transformer DEBUG] Writing com/github/starcatcher21/stargazer/worldgen/features/trees/bones/BoneTrees with maxs=true frames=true
[Architectury Transformer DEBUG] Transformed com/github/starcatcher21/stargazer/worldgen/features/trees/bones/BoneTrees in 732.2 μs
[Architectury Transformer DEBUG] Transforming from com/github/starcatcher21/stargazer/worldgen/features/trees/purple_shroom/PurpleShrooms.class to com/github/starcatcher21/stargazer/worldgen/features/trees/purple_shroom/PurpleShrooms.class with 5 transformer(s) on dev.architectury.transformer.handler.TinyRemapperPreparedTransformerHandler
[Architectury Transformer DEBUG] Found class transformer
[Architectury Transformer DEBUG] Writing com/github/starcatcher21/stargazer/worldgen/features/trees/purple_shroom/PurpleShrooms with maxs=true frames=true
[Architectury Transformer DEBUG] Transformed com/github/starcatcher21/stargazer/worldgen/features/trees/purple_shroom/PurpleShrooms in 592.9 μs
[Architectury Transformer DEBUG] Transforming from com/github/starcatcher21/stargazer/worldgen/features/trees/curve/CurveTrees.class to com/github/starcatcher21/stargazer/worldgen/features/trees/curve/CurveTrees.class with 5 transformer(s) on dev.architectury.transformer.handler.TinyRemapperPreparedTransformerHandler
[Architectury Transformer DEBUG] Found class transformer
[Architectury Transformer DEBUG] Writing com/github/starcatcher21/stargazer/worldgen/features/trees/curve/CurveTrees with maxs=true frames=true
[Architectury Transformer DEBUG] Transformed com/github/starcatcher21/stargazer/worldgen/features/trees/curve/CurveTrees in 926.7 μs
[Architectury Transformer DEBUG] Transforming from com/github/starcatcher21/stargazer/worldgen/features/trees/eyeblodbirch/EyeBirchTrees.class to com/github/starcatcher21/stargazer/worldgen/features/trees/eyeblodbirch/EyeBirchTrees.class with 5 transformer(s) on dev.architectury.transformer.handler.TinyRemapperPreparedTransformerHandler
[Architectury Transformer DEBUG] Found class transformer
[Architectury Transformer DEBUG] Writing com/github/starcatcher21/stargazer/worldgen/features/trees/eyeblodbirch/EyeBirchTrees with maxs=true frames=true
[Architectury Transformer DEBUG] Transformed com/github/starcatcher21/stargazer/worldgen/features/trees/eyeblodbirch/EyeBirchTrees in 645.8 μs
[Architectury Transformer DEBUG] Transforming from com/github/starcatcher21/stargazer/worldgen/features/trees/star/StarTrees.class to com/github/starcatcher21/stargazer/worldgen/features/trees/star/StarTrees.class with 5 transformer(s) on dev.architectury.transformer.handler.TinyRemapperPreparedTransformerHandler
[Architectury Transformer DEBUG] Found class transformer
[Architectury Transformer DEBUG] Writing com/github/starcatcher21/stargazer/worldgen/features/trees/star/StarTrees with maxs=true frames=true
[Architectury Transformer DEBUG] Transformed com/github/starcatcher21/stargazer/worldgen/features/trees/star/StarTrees in 500.1 μs
[Architectury Transformer DEBUG] Transforming from com/github/starcatcher21/stargazer/worldgen/features/trees/yeri/YeriTrees.class to com/github/starcatcher21/stargazer/worldgen/features/trees/yeri/YeriTrees.class with 5 transformer(s) on dev.architectury.transformer.handler.TinyRemapperPreparedTransformerHandler
[Architectury Transformer DEBUG] Found class transformer
[Architectury Transformer DEBUG] Writing com/github/starcatcher21/stargazer/worldgen/features/trees/yeri/YeriTrees with maxs=true frames=true
[Architectury Transformer DEBUG] Transformed com/github/starcatcher21/stargazer/worldgen/features/trees/yeri/YeriTrees in 482.9 μs
[Architectury Transformer DEBUG] Transforming from com/github/starcatcher21/stargazer/worldgen/features/chess/ChessTrees.class to com/github/starcatcher21/stargazer/worldgen/features/chess/ChessTrees.class with 5 transformer(s) on dev.architectury.transformer.handler.TinyRemapperPreparedTransformerHandler
[Architectury Transformer DEBUG] Found class transformer
[Architectury Transformer DEBUG] Writing com/github/starcatcher21/stargazer/worldgen/features/chess/ChessTrees with maxs=true frames=true
[Architectury Transformer DEBUG] Transformed com/github/starcatcher21/stargazer/worldgen/features/chess/ChessTrees in 465.9 μs
[Architectury Transformer DEBUG] Transforming from com/github/starcatcher21/stargazer/worldgen/features/trees/nebulas/NebulaTrees.class to com/github/starcatcher21/stargazer/worldgen/features/trees/nebulas/NebulaTrees.class with 5 transformer(s) on dev.architectury.transformer.handler.TinyRemapperPreparedTransformerHandler
[Architectury Transformer DEBUG] Found class transformer
[Architectury Transformer DEBUG] Writing com/github/starcatcher21/stargazer/worldgen/features/trees/nebulas/NebulaTrees with maxs=true frames=true
[Architectury Transformer DEBUG] Transformed com/github/starcatcher21/stargazer/worldgen/features/trees/nebulas/NebulaTrees in 513.1 μs
[Architectury Transformer DEBUG] Transforming from com/github/starcatcher21/stargazer/worldgen/features/trees/darkness/DarknessTrees.class to com/github/starcatcher21/stargazer/worldgen/features/trees/darkness/DarknessTrees.class with 5 transformer(s) on dev.architectury.transformer.handler.TinyRemapperPreparedTransformerHandler
[Architectury Transformer DEBUG] Found class transformer
[Architectury Transformer DEBUG] Writing com/github/starcatcher21/stargazer/worldgen/features/trees/darkness/DarknessTrees with maxs=true frames=true
[Architectury Transformer DEBUG] Transformed com/github/starcatcher21/stargazer/worldgen/features/trees/darkness/DarknessTrees in 516.6 μs
[Architectury Transformer DEBUG] Transforming from com/github/starcatcher21/stargazer/worldgen/features/Eyes.class to com/github/starcatcher21/stargazer/worldgen/features/Eyes.class with 5 transformer(s) on dev.architectury.transformer.handler.TinyRemapperPreparedTransformerHandler
[Architectury Transformer DEBUG] Found class transformer
[Architectury Transformer DEBUG] Writing com/github/starcatcher21/stargazer/worldgen/features/Eyes with maxs=true frames=true
[Architectury Transformer DEBUG] Transformed com/github/starcatcher21/stargazer/worldgen/features/Eyes in 536.1 μs
[Architectury Transformer DEBUG] Transforming from com/github/starcatcher21/stargazer/worldgen/features/Gradi.class to com/github/starcatcher21/stargazer/worldgen/features/Gradi.class with 5 transformer(s) on dev.architectury.transformer.handler.TinyRemapperPreparedTransformerHandler
[Architectury Transformer DEBUG] Found class transformer
[Architectury Transformer DEBUG] Writing com/github/starcatcher21/stargazer/worldgen/features/Gradi with maxs=true frames=true
[Architectury Transformer DEBUG] Transformed com/github/starcatcher21/stargazer/worldgen/features/Gradi in 502.3 μs
[Architectury Transformer DEBUG] Transforming from com/github/starcatcher21/stargazer/worldgen/features/ForgetMeNow.class to com/github/starcatcher21/stargazer/worldgen/features/ForgetMeNow.class with 5 transformer(s) on dev.architectury.transformer.handler.TinyRemapperPreparedTransformerHandler
[Architectury Transformer DEBUG] Found class transformer
[Architectury Transformer DEBUG] Writing com/github/starcatcher21/stargazer/worldgen/features/ForgetMeNow with maxs=true frames=true
[Architectury Transformer DEBUG] Transformed com/github/starcatcher21/stargazer/worldgen/features/ForgetMeNow in 508.8 μs
[Architectury Transformer DEBUG] Transforming from com/github/starcatcher21/stargazer/worldgen/features/iron/IronOre.class to com/github/starcatcher21/stargazer/worldgen/features/iron/IronOre.class with 5 transformer(s) on dev.architectury.transformer.handler.TinyRemapperPreparedTransformerHandler
[Architectury Transformer DEBUG] Found class transformer
[Architectury Transformer DEBUG] Writing com/github/starcatcher21/stargazer/worldgen/features/iron/IronOre with maxs=true frames=true
[Architectury Transformer DEBUG] Transformed com/github/starcatcher21/stargazer/worldgen/features/iron/IronOre in 475.3 μs
[Architectury Transformer DEBUG] Transforming from com/github/starcatcher21/stargazer/worldgen/features/crystals/CrystalOre.class to com/github/starcatcher21/stargazer/worldgen/features/crystals/CrystalOre.class with 5 transformer(s) on dev.architectury.transformer.handler.TinyRemapperPreparedTransformerHandler
[Architectury Transformer DEBUG] Found class transformer
[Architectury Transformer DEBUG] Writing com/github/starcatcher21/stargazer/worldgen/features/crystals/CrystalOre with maxs=true frames=true
[Architectury Transformer DEBUG] Transformed com/github/starcatcher21/stargazer/worldgen/features/crystals/CrystalOre in 484.6 μs
[Architectury Transformer DEBUG] Transforming from com/github/starcatcher21/stargazer/worldgen/features/prismaticore/PrismaticOre.class to com/github/starcatcher21/stargazer/worldgen/features/prismaticore/PrismaticOre.class with 5 transformer(s) on dev.architectury.transformer.handler.TinyRemapperPreparedTransformerHandler
[Architectury Transformer DEBUG] Found class transformer
[Architectury Transformer DEBUG] Writing com/github/starcatcher21/stargazer/worldgen/features/prismaticore/PrismaticOre with maxs=true frames=true
[Architectury Transformer DEBUG] Transformed com/github/starcatcher21/stargazer/worldgen/features/prismaticore/PrismaticOre in 590.6 μs
[Architectury Transformer DEBUG] Transforming from com/github/starcatcher21/stargazer/worldgen/features/trees/glass/GlassTrees.class to com/github/starcatcher21/stargazer/worldgen/features/trees/glass/GlassTrees.class with 5 transformer(s) on dev.architectury.transformer.handler.TinyRemapperPreparedTransformerHandler
[Architectury Transformer DEBUG] Found class transformer
[Architectury Transformer DEBUG] Writing com/github/starcatcher21/stargazer/worldgen/features/trees/glass/GlassTrees with maxs=true frames=true
[Architectury Transformer DEBUG] Transformed com/github/starcatcher21/stargazer/worldgen/features/trees/glass/GlassTrees in 800.7 μs
[Architectury Transformer DEBUG] Transforming from com/github/starcatcher21/stargazer/worldgen/features/trees/umbrella/UmbrellaTrees.class to com/github/starcatcher21/stargazer/worldgen/features/trees/umbrella/UmbrellaTrees.class with 5 transformer(s) on dev.architectury.transformer.handler.TinyRemapperPreparedTransformerHandler
[Architectury Transformer DEBUG] Found class transformer
[Architectury Transformer DEBUG] Writing com/github/starcatcher21/stargazer/worldgen/features/trees/umbrella/UmbrellaTrees with maxs=true frames=true
[Architectury Transformer DEBUG] Transformed com/github/starcatcher21/stargazer/worldgen/features/trees/umbrella/UmbrellaTrees in 584.9 μs
[Architectury Transformer DEBUG] Transforming from com/github/starcatcher21/stargazer/worldgen/features/trees/trunn/TrunnTrees.class to com/github/starcatcher21/stargazer/worldgen/features/trees/trunn/TrunnTrees.class with 5 transformer(s) on dev.architectury.transformer.handler.TinyRemapperPreparedTransformerHandler
[Architectury Transformer DEBUG] Found class transformer
[Architectury Transformer DEBUG] Writing com/github/starcatcher21/stargazer/worldgen/features/trees/trunn/TrunnTrees with maxs=true frames=true
[Architectury Transformer DEBUG] Transformed com/github/starcatcher21/stargazer/worldgen/features/trees/trunn/TrunnTrees in 607.2 μs
[Architectury Transformer DEBUG] Transforming from com/github/starcatcher21/stargazer/worldgen/features/trees/bubbles/Bubbles.class to com/github/starcatcher21/stargazer/worldgen/features/trees/bubbles/Bubbles.class with 5 transformer(s) on dev.architectury.transformer.handler.TinyRemapperPreparedTransformerHandler
[Architectury Transformer DEBUG] Found class transformer
[Architectury Transformer DEBUG] Writing com/github/starcatcher21/stargazer/worldgen/features/trees/bubbles/Bubbles with maxs=true frames=true
[Architectury Transformer DEBUG] Transformed com/github/starcatcher21/stargazer/worldgen/features/trees/bubbles/Bubbles in 595.5 μs
[Architectury Transformer DEBUG] Transforming from com/github/starcatcher21/stargazer/worldgen/features/blackstone_pillars/BlackStonePillars.class to com/github/starcatcher21/stargazer/worldgen/features/blackstone_pillars/BlackStonePillars.class with 5 transformer(s) on dev.architectury.transformer.handler.TinyRemapperPreparedTransformerHandler
[Architectury Transformer DEBUG] Found class transformer
[Architectury Transformer DEBUG] Writing com/github/starcatcher21/stargazer/worldgen/features/blackstone_pillars/BlackStonePillars with maxs=true frames=true
[Architectury Transformer DEBUG] Transformed com/github/starcatcher21/stargazer/worldgen/features/blackstone_pillars/BlackStonePillars in 767.6 μs
[Architectury Transformer DEBUG] Transforming from com/github/starcatcher21/stargazer/worldgen/features/trees/fullmoon/FullMoonTrees.class to com/github/starcatcher21/stargazer/worldgen/features/trees/fullmoon/FullMoonTrees.class with 5 transformer(s) on dev.architectury.transformer.handler.TinyRemapperPreparedTransformerHandler
[Architectury Transformer DEBUG] Found class transformer
[Architectury Transformer DEBUG] Writing com/github/starcatcher21/stargazer/worldgen/features/trees/fullmoon/FullMoonTrees with maxs=true frames=true
[Architectury Transformer DEBUG] Transformed com/github/starcatcher21/stargazer/worldgen/features/trees/fullmoon/FullMoonTrees in 622.5 μs
[Architectury Transformer DEBUG] Transforming from com/github/starcatcher21/stargazer/worldgen/features/trees/spiro/SpiroTrees.class to com/github/starcatcher21/stargazer/worldgen/features/trees/spiro/SpiroTrees.class with 5 transformer(s) on dev.architectury.transformer.handler.TinyRemapperPreparedTransformerHandler
[Architectury Transformer DEBUG] Found class transformer
[Architectury Transformer DEBUG] Writing com/github/starcatcher21/stargazer/worldgen/features/trees/spiro/SpiroTrees with maxs=true frames=true
[Architectury Transformer DEBUG] Transformed com/github/starcatcher21/stargazer/worldgen/features/trees/spiro/SpiroTrees in 606.3 μs
[Architectury Transformer DEBUG] Transforming from com/github/starcatcher21/stargazer/worldgen/features/trees/green_rocks/GreenRocks.class to com/github/starcatcher21/stargazer/worldgen/features/trees/green_rocks/GreenRocks.class with 5 transformer(s) on dev.architectury.transformer.handler.TinyRemapperPreparedTransformerHandler
[Architectury Transformer DEBUG] Found class transformer
[Architectury Transformer DEBUG] Writing com/github/starcatcher21/stargazer/worldgen/features/trees/green_rocks/GreenRocks with maxs=true frames=true
[Architectury Transformer DEBUG] Transformed com/github/starcatcher21/stargazer/worldgen/features/trees/green_rocks/GreenRocks in 539.0 μs
[Architectury Transformer DEBUG] Transforming from com/github/starcatcher21/stargazer/worldgen/features/amertylst/AmertylstConfig.class to com/github/starcatcher21/stargazer/worldgen/features/amertylst/AmertylstConfig.class with 5 transformer(s) on dev.architectury.transformer.handler.TinyRemapperPreparedTransformerHandler
[Architectury Transformer DEBUG] Found class transformer
[Architectury Transformer DEBUG] Writing com/github/starcatcher21/stargazer/worldgen/features/amertylst/AmertylstConfig with maxs=true frames=true
[Architectury Transformer DEBUG] Transformed com/github/starcatcher21/stargazer/worldgen/features/amertylst/AmertylstConfig in 683.1 μs
[Architectury Transformer DEBUG] Transforming from com/github/starcatcher21/stargazer/effects/Potions.class to com/github/starcatcher21/stargazer/effects/Potions.class with 5 transformer(s) on dev.architectury.transformer.handler.TinyRemapperPreparedTransformerHandler
[Architectury Transformer DEBUG] Found class transformer
[Architectury Transformer DEBUG] Writing com/github/starcatcher21/stargazer/effects/Potions with maxs=true frames=true
[Architectury Transformer DEBUG] Transformed com/github/starcatcher21/stargazer/effects/Potions in 434.9 μs
[Architectury Transformer DEBUG] Transforming from com/github/starcatcher21/stargazer/GameRules.class to com/github/starcatcher21/stargazer/GameRules.class with 5 transformer(s) on dev.architectury.transformer.handler.TinyRemapperPreparedTransformerHandler
[Architectury Transformer DEBUG] Found class transformer
[Architectury Transformer DEBUG] Writing com/github/starcatcher21/stargazer/GameRules with maxs=true frames=true
[Architectury Transformer DEBUG] Transformed com/github/starcatcher21/stargazer/GameRules in 540.5 μs
[Architectury Transformer DEBUG] Transforming from com/github/starcatcher21/stargazer/mechanics/DamageTypeRegistry.class to com/github/starcatcher21/stargazer/mechanics/DamageTypeRegistry.class with 5 transformer(s) on dev.architectury.transformer.handler.TinyRemapperPreparedTransformerHandler
[Architectury Transformer DEBUG] Found class transformer
[Architectury Transformer DEBUG] Writing com/github/starcatcher21/stargazer/mechanics/DamageTypeRegistry with maxs=true frames=true
[Architectury Transformer DEBUG] Transformed com/github/starcatcher21/stargazer/mechanics/DamageTypeRegistry in 284.3 μs
[Architectury Transformer DEBUG] Transforming from com/github/starcatcher21/stargazer/worldgen/BiomeReg.class to com/github/starcatcher21/stargazer/worldgen/BiomeReg.class with 5 transformer(s) on dev.architectury.transformer.handler.TinyRemapperPreparedTransformerHandler
[Architectury Transformer DEBUG] Found class transformer
[Architectury Transformer DEBUG] Writing com/github/starcatcher21/stargazer/worldgen/BiomeReg with maxs=true frames=true
[Architectury Transformer DEBUG] Transformed com/github/starcatcher21/stargazer/worldgen/BiomeReg in 224.8 μs
[Architectury Transformer DEBUG] Transforming from com/github/starcatcher21/stargazer/worldgen/BiomeTags.class to com/github/starcatcher21/stargazer/worldgen/BiomeTags.class with 5 transformer(s) on dev.architectury.transformer.handler.TinyRemapperPreparedTransformerHandler
[Architectury Transformer DEBUG] Found class transformer
[Architectury Transformer DEBUG] Writing com/github/starcatcher21/stargazer/worldgen/BiomeTags with maxs=true frames=true
[Architectury Transformer DEBUG] Transformed com/github/starcatcher21/stargazer/worldgen/BiomeTags in 157.4 μs
[Architectury Transformer DEBUG] Transforming from com/github/starcatcher21/stargazer/item/ConsumeEffectsRegistry.class to com/github/starcatcher21/stargazer/item/ConsumeEffectsRegistry.class with 5 transformer(s) on dev.architectury.transformer.handler.TinyRemapperPreparedTransformerHandler
[Architectury Transformer DEBUG] Found class transformer
[Architectury Transformer DEBUG] Writing com/github/starcatcher21/stargazer/item/ConsumeEffectsRegistry with maxs=true frames=true
[Architectury Transformer DEBUG] Transformed com/github/starcatcher21/stargazer/item/ConsumeEffectsRegistry in 204.6 μs
[Architectury Transformer DEBUG] Transforming from com/github/starcatcher21/stargazer/block/BlockTypes.class to com/github/starcatcher21/stargazer/block/BlockTypes.class with 5 transformer(s) on dev.architectury.transformer.handler.TinyRemapperPreparedTransformerHandler
[Architectury Transformer DEBUG] Found class transformer
[Architectury Transformer DEBUG] Writing com/github/starcatcher21/stargazer/block/BlockTypes with maxs=true frames=true
[Architectury Transformer DEBUG] Transformed com/github/starcatcher21/stargazer/block/BlockTypes in 681.3 μs
[Architectury Transformer DEBUG] Transforming from com/github/starcatcher21/stargazer/energy/ModEnergyStorage.class to com/github/starcatcher21/stargazer/energy/ModEnergyStorage.class with 5 transformer(s) on dev.architectury.transformer.handler.TinyRemapperPreparedTransformerHandler
[Architectury Transformer DEBUG] Found class transformer
[Architectury Transformer DEBUG] Writing com/github/starcatcher21/stargazer/energy/ModEnergyStorage with maxs=true frames=true
[Architectury Transformer DEBUG] Transformed com/github/starcatcher21/stargazer/energy/ModEnergyStorage in 182.0 μs
[Architectury Transformer DEBUG] Transforming from com/github/starcatcher21/stargazer/mechanics/PointOfIntrests.class to com/github/starcatcher21/stargazer/mechanics/PointOfIntrests.class with 5 transformer(s) on dev.architectury.transformer.handler.TinyRemapperPreparedTransformerHandler
[Architectury Transformer DEBUG] Found class transformer
[Architectury Transformer DEBUG] Writing com/github/starcatcher21/stargazer/mechanics/PointOfIntrests with maxs=true frames=true
[Architectury Transformer DEBUG] Transformed com/github/starcatcher21/stargazer/mechanics/PointOfIntrests in 439.6 μs
[Architectury Transformer DEBUG] Transforming from com/github/starcatcher21/stargazer/CreativeTab/ItemGroup.class to com/github/starcatcher21/stargazer/CreativeTab/ItemGroup.class with 5 transformer(s) on dev.architectury.transformer.handler.TinyRemapperPreparedTransformerHandler
[Architectury Transformer DEBUG] Found class transformer
[Architectury Transformer DEBUG] Writing com/github/starcatcher21/stargazer/CreativeTab/ItemGroup with maxs=true frames=true
[Architectury Transformer DEBUG] Transformed com/github/starcatcher21/stargazer/CreativeTab/ItemGroup in 1.910 ms
[Architectury Transformer DEBUG] Transforming from com/github/starcatcher21/stargazer/particle/Particles.class to com/github/starcatcher21/stargazer/particle/Particles.class with 5 transformer(s) on dev.architectury.transformer.handler.TinyRemapperPreparedTransformerHandler
[Architectury Transformer DEBUG] Found class transformer
[Architectury Transformer DEBUG] Writing com/github/starcatcher21/stargazer/particle/Particles with maxs=true frames=true
[Architectury Transformer DEBUG] Transformed com/github/starcatcher21/stargazer/particle/Particles in 461.6 μs
[Architectury Transformer DEBUG] Transforming from com/github/starcatcher21/stargazer/particle/Particles$2.class to com/github/starcatcher21/stargazer/particle/Particles$2.class with 5 transformer(s) on dev.architectury.transformer.handler.TinyRemapperPreparedTransformerHandler
[Architectury Transformer DEBUG] Found class transformer
[Architectury Transformer DEBUG] Writing com/github/starcatcher21/stargazer/particle/Particles$2 with maxs=true frames=true
[Architectury Transformer DEBUG] Transformed com/github/starcatcher21/stargazer/particle/Particles$2 in 153.1 μs
[Architectury Transformer DEBUG] Transforming from com/github/starcatcher21/stargazer/particle/Particles$1.class to com/github/starcatcher21/stargazer/particle/Particles$1.class with 5 transformer(s) on dev.architectury.transformer.handler.TinyRemapperPreparedTransformerHandler
[Architectury Transformer DEBUG] Found class transformer
[Architectury Transformer DEBUG] Writing com/github/starcatcher21/stargazer/particle/Particles$1 with maxs=true frames=true
[Architectury Transformer DEBUG] Transformed com/github/starcatcher21/stargazer/particle/Particles$1 in 111.7 μs
[Architectury Transformer DEBUG] Transforming from com/github/starcatcher21/stargazer/particle/Particles$6.class to com/github/starcatcher21/stargazer/particle/Particles$6.class with 5 transformer(s) on dev.architectury.transformer.handler.TinyRemapperPreparedTransformerHandler
[Architectury Transformer DEBUG] Found class transformer
[Architectury Transformer DEBUG] Writing com/github/starcatcher21/stargazer/particle/Particles$6 with maxs=true frames=true
[Architectury Transformer DEBUG] Transformed com/github/starcatcher21/stargazer/particle/Particles$6 in 111.9 μs
[Architectury Transformer DEBUG] Transforming from com/github/starcatcher21/stargazer/particle/Particles$5.class to com/github/starcatcher21/stargazer/particle/Particles$5.class with 5 transformer(s) on dev.architectury.transformer.handler.TinyRemapperPreparedTransformerHandler
[Architectury Transformer DEBUG] Found class transformer
[Architectury Transformer DEBUG] Writing com/github/starcatcher21/stargazer/particle/Particles$5 with maxs=true frames=true
[Architectury Transformer DEBUG] Transformed com/github/starcatcher21/stargazer/particle/Particles$5 in 83.68 μs
[Architectury Transformer DEBUG] Transforming from com/github/starcatcher21/stargazer/particle/Particles$4.class to com/github/starcatcher21/stargazer/particle/Particles$4.class with 5 transformer(s) on dev.architectury.transformer.handler.TinyRemapperPreparedTransformerHandler
[Architectury Transformer DEBUG] Found class transformer
[Architectury Transformer DEBUG] Writing com/github/starcatcher21/stargazer/particle/Particles$4 with maxs=true frames=true
[Architectury Transformer DEBUG] Transformed com/github/starcatcher21/stargazer/particle/Particles$4 in 229.9 μs
[Architectury Transformer DEBUG] Transforming from com/github/starcatcher21/stargazer/particle/Particles$3.class to com/github/starcatcher21/stargazer/particle/Particles$3.class with 5 transformer(s) on dev.architectury.transformer.handler.TinyRemapperPreparedTransformerHandler
[Architectury Transformer DEBUG] Found class transformer
[Architectury Transformer DEBUG] Writing com/github/starcatcher21/stargazer/particle/Particles$3 with maxs=true frames=true
[Architectury Transformer DEBUG] Transformed com/github/starcatcher21/stargazer/particle/Particles$3 in 84.61 μs
[Architectury Transformer DEBUG] Transforming from com/github/starcatcher21/stargazer/worldgen/features/trees/TreesRegistry.class to com/github/starcatcher21/stargazer/worldgen/features/trees/TreesRegistry.class with 5 transformer(s) on dev.architectury.transformer.handler.TinyRemapperPreparedTransformerHandler
[Architectury Transformer DEBUG] Found class transformer
[Architectury Transformer DEBUG] Writing com/github/starcatcher21/stargazer/worldgen/features/trees/TreesRegistry with maxs=true frames=true
[Architectury Transformer DEBUG] Transformed com/github/starcatcher21/stargazer/worldgen/features/trees/TreesRegistry in 249.7 μs
[Architectury Transformer DEBUG] Transforming from com/github/starcatcher21/stargazer/worldgen/features/trees/moon/MoonBase.class to com/github/starcatcher21/stargazer/worldgen/features/trees/moon/MoonBase.class with 5 transformer(s) on dev.architectury.transformer.handler.TinyRemapperPreparedTransformerHandler
[Architectury Transformer DEBUG] Found class transformer
[Architectury Transformer DEBUG] Writing com/github/starcatcher21/stargazer/worldgen/features/trees/moon/MoonBase with maxs=true frames=true
[Architectury Transformer DEBUG] Transformed com/github/starcatcher21/stargazer/worldgen/features/trees/moon/MoonBase in 307.9 μs
[Architectury Transformer DEBUG] Transforming from com/github/starcatcher21/stargazer/worldgen/features/trees/moon/MoonTree1.class to com/github/starcatcher21/stargazer/worldgen/features/trees/moon/MoonTree1.class with 5 transformer(s) on dev.architectury.transformer.handler.TinyRemapperPreparedTransformerHandler
[Architectury Transformer DEBUG] Found class transformer
[Architectury Transformer DEBUG] Writing com/github/starcatcher21/stargazer/worldgen/features/trees/moon/MoonTree1 with maxs=true frames=true
[Architectury Transformer DEBUG] Transformed com/github/starcatcher21/stargazer/worldgen/features/trees/moon/MoonTree1 in 260.9 μs
[Architectury Transformer DEBUG] Transforming from com/github/starcatcher21/stargazer/worldgen/features/trees/moon/MoonTree2.class to com/github/starcatcher21/stargazer/worldgen/features/trees/moon/MoonTree2.class with 5 transformer(s) on dev.architectury.transformer.handler.TinyRemapperPreparedTransformerHandler
[Architectury Transformer DEBUG] Found class transformer
[Architectury Transformer DEBUG] Writing com/github/starcatcher21/stargazer/worldgen/features/trees/moon/MoonTree2 with maxs=true frames=true
[Architectury Transformer DEBUG] Transformed com/github/starcatcher21/stargazer/worldgen/features/trees/moon/MoonTree2 in 363.0 μs
[Architectury Transformer DEBUG] Transforming from com/github/starcatcher21/stargazer/worldgen/features/trees/moon/MoonTree3.class to com/github/starcatcher21/stargazer/worldgen/features/trees/moon/MoonTree3.class with 5 transformer(s) on dev.architectury.transformer.handler.TinyRemapperPreparedTransformerHandler
[Architectury Transformer DEBUG] Found class transformer
[Architectury Transformer DEBUG] Writing com/github/starcatcher21/stargazer/worldgen/features/trees/moon/MoonTree3 with maxs=true frames=true
[Architectury Transformer DEBUG] Transformed com/github/starcatcher21/stargazer/worldgen/features/trees/moon/MoonTree3 in 1.522 ms
[Architectury Transformer DEBUG] Transforming from com/github/starcatcher21/stargazer/worldgen/features/trees/star/StarTree.class to com/github/starcatcher21/stargazer/worldgen/features/trees/star/StarTree.class with 5 transformer(s) on dev.architectury.transformer.handler.TinyRemapperPreparedTransformerHandler
[Architectury Transformer DEBUG] Found class transformer
[Architectury Transformer DEBUG] Writing com/github/starcatcher21/stargazer/worldgen/features/trees/star/StarTree with maxs=true frames=true
[Architectury Transformer DEBUG] Transformed com/github/starcatcher21/stargazer/worldgen/features/trees/star/StarTree in 961.7 μs
[Architectury Transformer DEBUG] Transforming from com/github/starcatcher21/stargazer/worldgen/features/trees/curve/CurveBase.class to com/github/starcatcher21/stargazer/worldgen/features/trees/curve/CurveBase.class with 5 transformer(s) on dev.architectury.transformer.handler.TinyRemapperPreparedTransformerHandler
[Architectury Transformer DEBUG] Found class transformer
[Architectury Transformer DEBUG] Writing com/github/starcatcher21/stargazer/worldgen/features/trees/curve/CurveBase with maxs=true frames=true
[Architectury Transformer DEBUG] Transformed com/github/starcatcher21/stargazer/worldgen/features/trees/curve/CurveBase in 352.2 μs
[Architectury Transformer DEBUG] Transforming from com/github/starcatcher21/stargazer/worldgen/features/trees/curve/CurveTree.class to com/github/starcatcher21/stargazer/worldgen/features/trees/curve/CurveTree.class with 5 transformer(s) on dev.architectury.transformer.handler.TinyRemapperPreparedTransformerHandler
[Architectury Transformer DEBUG] Found class transformer
[Architectury Transformer DEBUG] Writing com/github/starcatcher21/stargazer/worldgen/features/trees/curve/CurveTree with maxs=true frames=true
[Architectury Transformer DEBUG] Transformed com/github/starcatcher21/stargazer/worldgen/features/trees/curve/CurveTree in 674.7 μs
[Architectury Transformer DEBUG] Transforming from com/github/starcatcher21/stargazer/worldgen/features/trees/purple_shroom/PurpleBase.class to com/github/starcatcher21/stargazer/worldgen/features/trees/purple_shroom/PurpleBase.class with 5 transformer(s) on dev.architectury.transformer.handler.TinyRemapperPreparedTransformerHandler
[Architectury Transformer DEBUG] Found class transformer
[Architectury Transformer DEBUG] Writing com/github/starcatcher21/stargazer/worldgen/features/trees/purple_shroom/PurpleBase with maxs=true frames=true
[Architectury Transformer DEBUG] Transformed com/github/starcatcher21/stargazer/worldgen/features/trees/purple_shroom/PurpleBase in 829.6 μs
[Architectury Transformer DEBUG] Transforming from com/github/starcatcher21/stargazer/worldgen/features/trees/purple_shroom/Purple1.class to com/github/starcatcher21/stargazer/worldgen/features/trees/purple_shroom/Purple1.class with 5 transformer(s) on dev.architectury.transformer.handler.TinyRemapperPreparedTransformerHandler
[Architectury Transformer DEBUG] Found class transformer
[Architectury Transformer DEBUG] Writing com/github/starcatcher21/stargazer/worldgen/features/trees/purple_shroom/Purple1 with maxs=true frames=true
[Architectury Transformer DEBUG] Transformed com/github/starcatcher21/stargazer/worldgen/features/trees/purple_shroom/Purple1 in 303.7 μs
[Architectury Transformer DEBUG] Transforming from com/github/starcatcher21/stargazer/worldgen/features/trees/bones/CinemaTree.class to com/github/starcatcher21/stargazer/worldgen/features/trees/bones/CinemaTree.class with 5 transformer(s) on dev.architectury.transformer.handler.TinyRemapperPreparedTransformerHandler
[Architectury Transformer DEBUG] Found class transformer
[Architectury Transformer DEBUG] Writing com/github/starcatcher21/stargazer/worldgen/features/trees/bones/CinemaTree with maxs=true frames=true
[Architectury Transformer DEBUG] Transformed com/github/starcatcher21/stargazer/worldgen/features/trees/bones/CinemaTree in 541.0 μs
[Architectury Transformer DEBUG] Transforming from com/github/starcatcher21/stargazer/worldgen/features/trees/bones/NotCinemaTree.class to com/github/starcatcher21/stargazer/worldgen/features/trees/bones/NotCinemaTree.class with 5 transformer(s) on dev.architectury.transformer.handler.TinyRemapperPreparedTransformerHandler
[Architectury Transformer DEBUG] Found class transformer
[Architectury Transformer DEBUG] Writing com/github/starcatcher21/stargazer/worldgen/features/trees/bones/NotCinemaTree with maxs=true frames=true
[Architectury Transformer DEBUG] Transformed com/github/starcatcher21/stargazer/worldgen/features/trees/bones/NotCinemaTree in 775.0 μs
[Architectury Transformer DEBUG] Transforming from com/github/starcatcher21/stargazer/worldgen/features/trees/bones/bald1.class to com/github/starcatcher21/stargazer/worldgen/features/trees/bones/bald1.class with 5 transformer(s) on dev.architectury.transformer.handler.TinyRemapperPreparedTransformerHandler
[Architectury Transformer DEBUG] Found class transformer
[Architectury Transformer DEBUG] Writing com/github/starcatcher21/stargazer/worldgen/features/trees/bones/bald1 with maxs=true frames=true
[Architectury Transformer DEBUG] Transformed com/github/starcatcher21/stargazer/worldgen/features/trees/bones/bald1 in 720.0 μs
[Architectury Transformer DEBUG] Transforming from com/github/starcatcher21/stargazer/worldgen/features/trees/bones/bald2.class to com/github/starcatcher21/stargazer/worldgen/features/trees/bones/bald2.class with 5 transformer(s) on dev.architectury.transformer.handler.TinyRemapperPreparedTransformerHandler
[Architectury Transformer DEBUG] Found class transformer
[Architectury Transformer DEBUG] Writing com/github/starcatcher21/stargazer/worldgen/features/trees/bones/bald2 with maxs=true frames=true
[Architectury Transformer DEBUG] Transformed com/github/starcatcher21/stargazer/worldgen/features/trees/bones/bald2 in 534.6 μs
[Architectury Transformer DEBUG] Transforming from com/github/starcatcher21/stargazer/worldgen/features/trees/bones/bald3.class to com/github/starcatcher21/stargazer/worldgen/features/trees/bones/bald3.class with 5 transformer(s) on dev.architectury.transformer.handler.TinyRemapperPreparedTransformerHandler
[Architectury Transformer DEBUG] Found class transformer
[Architectury Transformer DEBUG] Writing com/github/starcatcher21/stargazer/worldgen/features/trees/bones/bald3 with maxs=true frames=true
[Architectury Transformer DEBUG] Transformed com/github/starcatcher21/stargazer/worldgen/features/trees/bones/bald3 in 323.7 μs
[Architectury Transformer DEBUG] Transforming from com/github/starcatcher21/stargazer/worldgen/features/trees/bones/crown.class to com/github/starcatcher21/stargazer/worldgen/features/trees/bones/crown.class with 5 transformer(s) on dev.architectury.transformer.handler.TinyRemapperPreparedTransformerHandler
[Architectury Transformer DEBUG] Found class transformer
[Architectury Transformer DEBUG] Writing com/github/starcatcher21/stargazer/worldgen/features/trees/bones/crown with maxs=true frames=true
[Architectury Transformer DEBUG] Transformed com/github/starcatcher21/stargazer/worldgen/features/trees/bones/crown in 912.8 μs
[Architectury Transformer DEBUG] Transforming from com/github/starcatcher21/stargazer/worldgen/features/trees/eyeblodbirch/EyeBirch.class to com/github/starcatcher21/stargazer/worldgen/features/trees/eyeblodbirch/EyeBirch.class with 5 transformer(s) on dev.architectury.transformer.handler.TinyRemapperPreparedTransformerHandler
[Architectury Transformer DEBUG] Found class transformer
[Architectury Transformer DEBUG] Writing com/github/starcatcher21/stargazer/worldgen/features/trees/eyeblodbirch/EyeBirch with maxs=true frames=true
[Architectury Transformer DEBUG] Transformed com/github/starcatcher21/stargazer/worldgen/features/trees/eyeblodbirch/EyeBirch in 925.6 μs
[Architectury Transformer DEBUG] Transforming from com/github/starcatcher21/stargazer/worldgen/features/prismaticore/Prismatic1.class to com/github/starcatcher21/stargazer/worldgen/features/prismaticore/Prismatic1.class with 5 transformer(s) on dev.architectury.transformer.handler.TinyRemapperPreparedTransformerHandler
[Architectury Transformer DEBUG] Found class transformer
[Architectury Transformer DEBUG] Writing com/github/starcatcher21/stargazer/worldgen/features/prismaticore/Prismatic1 with maxs=true frames=true
[Architectury Transformer DEBUG] Transformed com/github/starcatcher21/stargazer/worldgen/features/prismaticore/Prismatic1 in 386.1 μs
[Architectury Transformer DEBUG] Transforming from com/github/starcatcher21/stargazer/worldgen/features/trees/darkness/DarkTree.class to com/github/starcatcher21/stargazer/worldgen/features/trees/darkness/DarkTree.class with 5 transformer(s) on dev.architectury.transformer.handler.TinyRemapperPreparedTransformerHandler
[Architectury Transformer DEBUG] Found class transformer
[Architectury Transformer DEBUG] Writing com/github/starcatcher21/stargazer/worldgen/features/trees/darkness/DarkTree with maxs=true frames=true
[Architectury Transformer DEBUG] Transformed com/github/starcatcher21/stargazer/worldgen/features/trees/darkness/DarkTree in 461.7 μs
[Architectury Transformer DEBUG] Transforming from com/github/starcatcher21/stargazer/worldgen/features/trees/darkness/DarkTree2.class to com/github/starcatcher21/stargazer/worldgen/features/trees/darkness/DarkTree2.class with 5 transformer(s) on dev.architectury.transformer.handler.TinyRemapperPreparedTransformerHandler
[Architectury Transformer DEBUG] Found class transformer
[Architectury Transformer DEBUG] Writing com/github/starcatcher21/stargazer/worldgen/features/trees/darkness/DarkTree2 with maxs=true frames=true
[Architectury Transformer DEBUG] Transformed com/github/starcatcher21/stargazer/worldgen/features/trees/darkness/DarkTree2 in 919.6 μs
[Architectury Transformer DEBUG] Transforming from com/github/starcatcher21/stargazer/worldgen/features/trees/darkness/DarkTree3.class to com/github/starcatcher21/stargazer/worldgen/features/trees/darkness/DarkTree3.class with 5 transformer(s) on dev.architectury.transformer.handler.TinyRemapperPreparedTransformerHandler
[Architectury Transformer DEBUG] Found class transformer
[Architectury Transformer DEBUG] Writing com/github/starcatcher21/stargazer/worldgen/features/trees/darkness/DarkTree3 with maxs=true frames=true
[Architectury Transformer DEBUG] Transformed com/github/starcatcher21/stargazer/worldgen/features/trees/darkness/DarkTree3 in 741.3 μs
[Architectury Transformer DEBUG] Transforming from com/github/starcatcher21/stargazer/worldgen/features/trees/nebulas/Purple.class to com/github/starcatcher21/stargazer/worldgen/features/trees/nebulas/Purple.class with 5 transformer(s) on dev.architectury.transformer.handler.TinyRemapperPreparedTransformerHandler
[Architectury Transformer DEBUG] Found class transformer
[Architectury Transformer DEBUG] Writing com/github/starcatcher21/stargazer/worldgen/features/trees/nebulas/Purple with maxs=true frames=true
[Architectury Transformer DEBUG] Transformed com/github/starcatcher21/stargazer/worldgen/features/trees/nebulas/Purple in 538.8 μs
[Architectury Transformer DEBUG] Transforming from com/github/starcatcher21/stargazer/worldgen/features/trees/nebulas/Blue.class to com/github/starcatcher21/stargazer/worldgen/features/trees/nebulas/Blue.class with 5 transformer(s) on dev.architectury.transformer.handler.TinyRemapperPreparedTransformerHandler
[Architectury Transformer DEBUG] Found class transformer
[Architectury Transformer DEBUG] Writing com/github/starcatcher21/stargazer/worldgen/features/trees/nebulas/Blue with maxs=true frames=true
[Architectury Transformer DEBUG] Transformed com/github/starcatcher21/stargazer/worldgen/features/trees/nebulas/Blue in 535.6 μs
[Architectury Transformer DEBUG] Transforming from com/github/starcatcher21/stargazer/worldgen/features/trees/nebulas/Red.class to com/github/starcatcher21/stargazer/worldgen/features/trees/nebulas/Red.class with 5 transformer(s) on dev.architectury.transformer.handler.TinyRemapperPreparedTransformerHandler
[Architectury Transformer DEBUG] Found class transformer
[Architectury Transformer DEBUG] Writing com/github/starcatcher21/stargazer/worldgen/features/trees/nebulas/Red with maxs=true frames=true
[Architectury Transformer DEBUG] Transformed com/github/starcatcher21/stargazer/worldgen/features/trees/nebulas/Red in 1.065 ms
[Architectury Transformer DEBUG] Transforming from com/github/starcatcher21/stargazer/worldgen/features/trees/nebulas/Yellow.class to com/github/starcatcher21/stargazer/worldgen/features/trees/nebulas/Yellow.class with 5 transformer(s) on dev.architectury.transformer.handler.TinyRemapperPreparedTransformerHandler
[Architectury Transformer DEBUG] Found class transformer
[Architectury Transformer DEBUG] Writing com/github/starcatcher21/stargazer/worldgen/features/trees/nebulas/Yellow with maxs=true frames=true
[Architectury Transformer DEBUG] Transformed com/github/starcatcher21/stargazer/worldgen/features/trees/nebulas/Yellow in 647.3 μs
[Architectury Transformer DEBUG] Transforming from com/github/starcatcher21/stargazer/worldgen/features/chess/Pawn.class to com/github/starcatcher21/stargazer/worldgen/features/chess/Pawn.class with 5 transformer(s) on dev.architectury.transformer.handler.TinyRemapperPreparedTransformerHandler
[Architectury Transformer DEBUG] Found class transformer
[Architectury Transformer DEBUG] Writing com/github/starcatcher21/stargazer/worldgen/features/chess/Pawn with maxs=true frames=true
[Architectury Transformer DEBUG] Transformed com/github/starcatcher21/stargazer/worldgen/features/chess/Pawn in 334.0 μs
[Architectury Transformer DEBUG] Transforming from com/github/starcatcher21/stargazer/worldgen/features/chess/Base.class to com/github/starcatcher21/stargazer/worldgen/features/chess/Base.class with 5 transformer(s) on dev.architectury.transformer.handler.TinyRemapperPreparedTransformerHandler
[Architectury Transformer DEBUG] Found class transformer
[Architectury Transformer DEBUG] Writing com/github/starcatcher21/stargazer/worldgen/features/chess/Base with maxs=true frames=true
[Architectury Transformer DEBUG] Transformed com/github/starcatcher21/stargazer/worldgen/features/chess/Base in 228.8 μs
[Architectury Transformer DEBUG] Transforming from com/github/starcatcher21/stargazer/worldgen/features/chess/Shaft.class to com/github/starcatcher21/stargazer/worldgen/features/chess/Shaft.class with 5 transformer(s) on dev.architectury.transformer.handler.TinyRemapperPreparedTransformerHandler
[Architectury Transformer DEBUG] Found class transformer
[Architectury Transformer DEBUG] Writing com/github/starcatcher21/stargazer/worldgen/features/chess/Shaft with maxs=true frames=true
[Architectury Transformer DEBUG] Transformed com/github/starcatcher21/stargazer/worldgen/features/chess/Shaft in 128.4 μs
[Architectury Transformer DEBUG] Transforming from com/github/starcatcher21/stargazer/worldgen/features/chess/Rook.class to com/github/starcatcher21/stargazer/worldgen/features/chess/Rook.class with 5 transformer(s) on dev.architectury.transformer.handler.TinyRemapperPreparedTransformerHandler
[Architectury Transformer DEBUG] Found class transformer
[Architectury Transformer DEBUG] Writing com/github/starcatcher21/stargazer/worldgen/features/chess/Rook with maxs=true frames=true
[Architectury Transformer DEBUG] Transformed com/github/starcatcher21/stargazer/worldgen/features/chess/Rook in 852.2 μs
[Architectury Transformer DEBUG] Transforming from com/github/starcatcher21/stargazer/worldgen/features/chess/Bishop.class to com/github/starcatcher21/stargazer/worldgen/features/chess/Bishop.class with 5 transformer(s) on dev.architectury.transformer.handler.TinyRemapperPreparedTransformerHandler
[Architectury Transformer DEBUG] Found class transformer
[Architectury Transformer DEBUG] Writing com/github/starcatcher21/stargazer/worldgen/features/chess/Bishop with maxs=true frames=true
[Architectury Transformer DEBUG] Transformed com/github/starcatcher21/stargazer/worldgen/features/chess/Bishop in 1.289 ms
[Architectury Transformer DEBUG] Transforming from com/github/starcatcher21/stargazer/worldgen/features/chess/King.class to com/github/starcatcher21/stargazer/worldgen/features/chess/King.class with 5 transformer(s) on dev.architectury.transformer.handler.TinyRemapperPreparedTransformerHandler
[Architectury Transformer DEBUG] Found class transformer
[Architectury Transformer DEBUG] Writing com/github/starcatcher21/stargazer/worldgen/features/chess/King with maxs=true frames=true
[Architectury Transformer DEBUG] Transformed com/github/starcatcher21/stargazer/worldgen/features/chess/King in 1.285 ms
[Architectury Transformer DEBUG] Transforming from com/github/starcatcher21/stargazer/worldgen/features/chess/Queen.class to com/github/starcatcher21/stargazer/worldgen/features/chess/Queen.class with 5 transformer(s) on dev.architectury.transformer.handler.TinyRemapperPreparedTransformerHandler
[Architectury Transformer DEBUG] Found class transformer
[Architectury Transformer DEBUG] Writing com/github/starcatcher21/stargazer/worldgen/features/chess/Queen with maxs=true frames=true
[Architectury Transformer DEBUG] Transformed com/github/starcatcher21/stargazer/worldgen/features/chess/Queen in 619.1 μs
[Architectury Transformer DEBUG] Transforming from com/github/starcatcher21/stargazer/worldgen/features/chess/Horse.class to com/github/starcatcher21/stargazer/worldgen/features/chess/Horse.class with 5 transformer(s) on dev.architectury.transformer.handler.TinyRemapperPreparedTransformerHandler
[Architectury Transformer DEBUG] Found class transformer
[Architectury Transformer DEBUG] Writing com/github/starcatcher21/stargazer/worldgen/features/chess/Horse with maxs=true frames=true
[Architectury Transformer DEBUG] Transformed com/github/starcatcher21/stargazer/worldgen/features/chess/Horse in 338.0 μs
[Architectury Transformer DEBUG] Transforming from com/github/starcatcher21/stargazer/worldgen/features/trees/yeri/YeriTree.class to com/github/starcatcher21/stargazer/worldgen/features/trees/yeri/YeriTree.class with 5 transformer(s) on dev.architectury.transformer.handler.TinyRemapperPreparedTransformerHandler
[Architectury Transformer DEBUG] Found class transformer
[Architectury Transformer DEBUG] Writing com/github/starcatcher21/stargazer/worldgen/features/trees/yeri/YeriTree with maxs=true frames=true
[Architectury Transformer DEBUG] Transformed com/github/starcatcher21/stargazer/worldgen/features/trees/yeri/YeriTree in 860.9 μs
[Architectury Transformer DEBUG] Transforming from com/github/starcatcher21/stargazer/worldgen/features/trees/green_rocks/Rock1.class to com/github/starcatcher21/stargazer/worldgen/features/trees/green_rocks/Rock1.class with 5 transformer(s) on dev.architectury.transformer.handler.TinyRemapperPreparedTransformerHandler
[Architectury Transformer DEBUG] Found class transformer
[Architectury Transformer DEBUG] Writing com/github/starcatcher21/stargazer/worldgen/features/trees/green_rocks/Rock1 with maxs=true frames=true
[Architectury Transformer DEBUG] Transformed com/github/starcatcher21/stargazer/worldgen/features/trees/green_rocks/Rock1 in 610.4 μs
[Architectury Transformer DEBUG] Transforming from com/github/starcatcher21/stargazer/worldgen/features/trees/green_rocks/Rock2.class to com/github/starcatcher21/stargazer/worldgen/features/trees/green_rocks/Rock2.class with 5 transformer(s) on dev.architectury.transformer.handler.TinyRemapperPreparedTransformerHandler
[Architectury Transformer DEBUG] Found class transformer
[Architectury Transformer DEBUG] Writing com/github/starcatcher21/stargazer/worldgen/features/trees/green_rocks/Rock2 with maxs=true frames=true
[Architectury Transformer DEBUG] Transformed com/github/starcatcher21/stargazer/worldgen/features/trees/green_rocks/Rock2 in 370.6 μs
[Architectury Transformer DEBUG] Transforming from com/github/starcatcher21/stargazer/worldgen/features/trees/green_rocks/Rock3.class to com/github/starcatcher21/stargazer/worldgen/features/trees/green_rocks/Rock3.class with 5 transformer(s) on dev.architectury.transformer.handler.TinyRemapperPreparedTransformerHandler
[Architectury Transformer DEBUG] Found class transformer
[Architectury Transformer DEBUG] Writing com/github/starcatcher21/stargazer/worldgen/features/trees/green_rocks/Rock3 with maxs=true frames=true
[Architectury Transformer DEBUG] Transformed com/github/starcatcher21/stargazer/worldgen/features/trees/green_rocks/Rock3 in 247.7 μs
[Architectury Transformer DEBUG] Transforming from com/github/starcatcher21/stargazer/worldgen/features/trees/green_rocks/Rock4.class to com/github/starcatcher21/stargazer/worldgen/features/trees/green_rocks/Rock4.class with 5 transformer(s) on dev.architectury.transformer.handler.TinyRemapperPreparedTransformerHandler
[Architectury Transformer DEBUG] Found class transformer
[Architectury Transformer DEBUG] Writing com/github/starcatcher21/stargazer/worldgen/features/trees/green_rocks/Rock4 with maxs=true frames=true
[Architectury Transformer DEBUG] Transformed com/github/starcatcher21/stargazer/worldgen/features/trees/green_rocks/Rock4 in 239.9 μs
[Architectury Transformer DEBUG] Transforming from com/github/starcatcher21/stargazer/worldgen/features/trees/green_rocks/Rock5.class to com/github/starcatcher21/stargazer/worldgen/features/trees/green_rocks/Rock5.class with 5 transformer(s) on dev.architectury.transformer.handler.TinyRemapperPreparedTransformerHandler
[Architectury Transformer DEBUG] Found class transformer
[Architectury Transformer DEBUG] Writing com/github/starcatcher21/stargazer/worldgen/features/trees/green_rocks/Rock5 with maxs=true frames=true
[Architectury Transformer DEBUG] Transformed com/github/starcatcher21/stargazer/worldgen/features/trees/green_rocks/Rock5 in 185.0 μs
[Architectury Transformer DEBUG] Transforming from com/github/starcatcher21/stargazer/worldgen/features/trees/fullmoon/FullMoonTree1.class to com/github/starcatcher21/stargazer/worldgen/features/trees/fullmoon/FullMoonTree1.class with 5 transformer(s) on dev.architectury.transformer.handler.TinyRemapperPreparedTransformerHandler
[Architectury Transformer DEBUG] Found class transformer
[Architectury Transformer DEBUG] Writing com/github/starcatcher21/stargazer/worldgen/features/trees/fullmoon/FullMoonTree1 with maxs=true frames=true
[Architectury Transformer DEBUG] Transformed com/github/starcatcher21/stargazer/worldgen/features/trees/fullmoon/FullMoonTree1 in 374.8 μs
[Architectury Transformer DEBUG] Transforming from com/github/starcatcher21/stargazer/worldgen/features/trees/spiro/SpiroTree1.class to com/github/starcatcher21/stargazer/worldgen/features/trees/spiro/SpiroTree1.class with 5 transformer(s) on dev.architectury.transformer.handler.TinyRemapperPreparedTransformerHandler
[Architectury Transformer DEBUG] Found class transformer
[Architectury Transformer DEBUG] Writing com/github/starcatcher21/stargazer/worldgen/features/trees/spiro/SpiroTree1 with maxs=true frames=true
[Architectury Transformer DEBUG] Transformed com/github/starcatcher21/stargazer/worldgen/features/trees/spiro/SpiroTree1 in 388.0 μs
[Architectury Transformer DEBUG] Transforming from com/github/starcatcher21/stargazer/worldgen/features/blackstone_pillars/BlackStonePillar1.class to com/github/starcatcher21/stargazer/worldgen/features/blackstone_pillars/BlackStonePillar1.class with 5 transformer(s) on dev.architectury.transformer.handler.TinyRemapperPreparedTransformerHandler
[Architectury Transformer DEBUG] Found class transformer
[Architectury Transformer DEBUG] Writing com/github/starcatcher21/stargazer/worldgen/features/blackstone_pillars/BlackStonePillar1 with maxs=true frames=true
[Architectury Transformer DEBUG] Transformed com/github/starcatcher21/stargazer/worldgen/features/blackstone_pillars/BlackStonePillar1 in 246.2 μs
[Architectury Transformer DEBUG] Transforming from com/github/starcatcher21/stargazer/worldgen/features/blackstone_pillars/BlackStonePillar2.class to com/github/starcatcher21/stargazer/worldgen/features/blackstone_pillars/BlackStonePillar2.class with 5 transformer(s) on dev.architectury.transformer.handler.TinyRemapperPreparedTransformerHandler
[Architectury Transformer DEBUG] Found class transformer
[Architectury Transformer DEBUG] Writing com/github/starcatcher21/stargazer/worldgen/features/blackstone_pillars/BlackStonePillar2 with maxs=true frames=true
[Architectury Transformer DEBUG] Transformed com/github/starcatcher21/stargazer/worldgen/features/blackstone_pillars/BlackStonePillar2 in 188.3 μs
[Architectury Transformer DEBUG] Transforming from com/github/starcatcher21/stargazer/worldgen/features/blackstone_pillars/BlackStonePillar3.class to com/github/starcatcher21/stargazer/worldgen/features/blackstone_pillars/BlackStonePillar3.class with 5 transformer(s) on dev.architectury.transformer.handler.TinyRemapperPreparedTransformerHandler
[Architectury Transformer DEBUG] Found class transformer
[Architectury Transformer DEBUG] Writing com/github/starcatcher21/stargazer/worldgen/features/blackstone_pillars/BlackStonePillar3 with maxs=true frames=true
[Architectury Transformer DEBUG] Transformed com/github/starcatcher21/stargazer/worldgen/features/blackstone_pillars/BlackStonePillar3 in 208.8 μs
[Architectury Transformer DEBUG] Transforming from com/github/starcatcher21/stargazer/worldgen/features/trees/bubbles/txt.class to com/github/starcatcher21/stargazer/worldgen/features/trees/bubbles/txt.class with 5 transformer(s) on dev.architectury.transformer.handler.TinyRemapperPreparedTransformerHandler
[Architectury Transformer DEBUG] Found class transformer
[Architectury Transformer DEBUG] Writing com/github/starcatcher21/stargazer/worldgen/features/trees/bubbles/txt with maxs=true frames=true
[Architectury Transformer DEBUG] Transformed com/github/starcatcher21/stargazer/worldgen/features/trees/bubbles/txt in 365.6 μs
[Architectury Transformer DEBUG] Transforming from com/github/starcatcher21/stargazer/worldgen/features/trees/bubbles/dxd.class to com/github/starcatcher21/stargazer/worldgen/features/trees/bubbles/dxd.class with 5 transformer(s) on dev.architectury.transformer.handler.TinyRemapperPreparedTransformerHandler
[Architectury Transformer DEBUG] Found class transformer
[Architectury Transformer DEBUG] Writing com/github/starcatcher21/stargazer/worldgen/features/trees/bubbles/dxd with maxs=true frames=true
[Architectury Transformer DEBUG] Transformed com/github/starcatcher21/stargazer/worldgen/features/trees/bubbles/dxd in 383.6 μs
[Architectury Transformer DEBUG] Transforming from com/github/starcatcher21/stargazer/worldgen/features/trees/trunn/TrunnTree.class to com/github/starcatcher21/stargazer/worldgen/features/trees/trunn/TrunnTree.class with 5 transformer(s) on dev.architectury.transformer.handler.TinyRemapperPreparedTransformerHandler
[Architectury Transformer DEBUG] Found class transformer
[Architectury Transformer DEBUG] Writing com/github/starcatcher21/stargazer/worldgen/features/trees/trunn/TrunnTree with maxs=true frames=true
[Architectury Transformer DEBUG] Transformed com/github/starcatcher21/stargazer/worldgen/features/trees/trunn/TrunnTree in 540.3 μs
[Architectury Transformer DEBUG] Transforming from com/github/starcatcher21/stargazer/worldgen/features/trees/glass/GlassTree1.class to com/github/starcatcher21/stargazer/worldgen/features/trees/glass/GlassTree1.class with 5 transformer(s) on dev.architectury.transformer.handler.TinyRemapperPreparedTransformerHandler
[Architectury Transformer DEBUG] Found class transformer
[Architectury Transformer DEBUG] Writing com/github/starcatcher21/stargazer/worldgen/features/trees/glass/GlassTree1 with maxs=true frames=true
[Architectury Transformer DEBUG] Transformed com/github/starcatcher21/stargazer/worldgen/features/trees/glass/GlassTree1 in 601.7 μs
[Architectury Transformer DEBUG] Transforming from com/github/starcatcher21/stargazer/worldgen/features/crystals/crystal1.class to com/github/starcatcher21/stargazer/worldgen/features/crystals/crystal1.class with 5 transformer(s) on dev.architectury.transformer.handler.TinyRemapperPreparedTransformerHandler
[Architectury Transformer DEBUG] Found class transformer
[Architectury Transformer DEBUG] Writing com/github/starcatcher21/stargazer/worldgen/features/crystals/crystal1 with maxs=true frames=true
[Architectury Transformer DEBUG] Transformed com/github/starcatcher21/stargazer/worldgen/features/crystals/crystal1 in 455.5 μs
[Architectury Transformer DEBUG] Transforming from com/github/starcatcher21/stargazer/worldgen/features/crystals/crystal2.class to com/github/starcatcher21/stargazer/worldgen/features/crystals/crystal2.class with 5 transformer(s) on dev.architectury.transformer.handler.TinyRemapperPreparedTransformerHandler
[Architectury Transformer DEBUG] Found class transformer
[Architectury Transformer DEBUG] Writing com/github/starcatcher21/stargazer/worldgen/features/crystals/crystal2 with maxs=true frames=true
[Architectury Transformer DEBUG] Transformed com/github/starcatcher21/stargazer/worldgen/features/crystals/crystal2 in 196.2 μs
[Architectury Transformer DEBUG] Transforming from com/github/starcatcher21/stargazer/worldgen/features/iron/iron1.class to com/github/starcatcher21/stargazer/worldgen/features/iron/iron1.class with 5 transformer(s) on dev.architectury.transformer.handler.TinyRemapperPreparedTransformerHandler
[Architectury Transformer DEBUG] Found class transformer
[Architectury Transformer DEBUG] Writing com/github/starcatcher21/stargazer/worldgen/features/iron/iron1 with maxs=true frames=true
[Architectury Transformer DEBUG] Transformed com/github/starcatcher21/stargazer/worldgen/features/iron/iron1 in 233.5 μs
[Architectury Transformer DEBUG] Transforming from com/github/starcatcher21/stargazer/worldgen/features/iron/iron2.class to com/github/starcatcher21/stargazer/worldgen/features/iron/iron2.class with 5 transformer(s) on dev.architectury.transformer.handler.TinyRemapperPreparedTransformerHandler
[Architectury Transformer DEBUG] Found class transformer
[Architectury Transformer DEBUG] Writing com/github/starcatcher21/stargazer/worldgen/features/iron/iron2 with maxs=true frames=true
[Architectury Transformer DEBUG] Transformed com/github/starcatcher21/stargazer/worldgen/features/iron/iron2 in 276.4 μs
[Architectury Transformer DEBUG] Transforming from com/github/starcatcher21/stargazer/worldgen/features/trees/umbrella/UmbrellaTree1.class to com/github/starcatcher21/stargazer/worldgen/features/trees/umbrella/UmbrellaTree1.class with 5 transformer(s) on dev.architectury.transformer.handler.TinyRemapperPreparedTransformerHandler
[Architectury Transformer DEBUG] Found class transformer
[Architectury Transformer DEBUG] Writing com/github/starcatcher21/stargazer/worldgen/features/trees/umbrella/UmbrellaTree1 with maxs=true frames=true
[Architectury Transformer DEBUG] Transformed com/github/starcatcher21/stargazer/worldgen/features/trees/umbrella/UmbrellaTree1 in 567.1 μs
[Architectury Transformer DEBUG] Transforming from com/github/starcatcher21/stargazer/worldgen/features/PlacedFeatures.class to com/github/starcatcher21/stargazer/worldgen/features/PlacedFeatures.class with 5 transformer(s) on dev.architectury.transformer.handler.TinyRemapperPreparedTransformerHandler
[Architectury Transformer DEBUG] Found class transformer
[Architectury Transformer DEBUG] Writing com/github/starcatcher21/stargazer/worldgen/features/PlacedFeatures with maxs=true frames=true
[Architectury Transformer DEBUG] Transformed com/github/starcatcher21/stargazer/worldgen/features/PlacedFeatures in 249.5 μs
[Architectury Transformer DEBUG] Transforming from com/github/starcatcher21/stargazer/stats/ModStats.class to com/github/starcatcher21/stargazer/stats/ModStats.class with 5 transformer(s) on dev.architectury.transformer.handler.TinyRemapperPreparedTransformerHandler
[Architectury Transformer DEBUG] Found class transformer
[Architectury Transformer DEBUG] Writing com/github/starcatcher21/stargazer/stats/ModStats with maxs=true frames=true
[Architectury Transformer DEBUG] Transformed com/github/starcatcher21/stargazer/stats/ModStats in 275.1 μs
[Architectury Transformer DEBUG] Transforming from com/github/starcatcher21/stargazer/villager/ModVillagers.class to com/github/starcatcher21/stargazer/villager/ModVillagers.class with 5 transformer(s) on dev.architectury.transformer.handler.TinyRemapperPreparedTransformerHandler
[Architectury Transformer DEBUG] Found class transformer
[Architectury Transformer DEBUG] Writing com/github/starcatcher21/stargazer/villager/ModVillagers with maxs=true frames=true
[Architectury Transformer DEBUG] Transformed com/github/starcatcher21/stargazer/villager/ModVillagers in 450.7 μs
[Architectury Transformer DEBUG] Transforming from com/github/starcatcher21/stargazer/villager/ModTraids.class to com/github/starcatcher21/stargazer/villager/ModTraids.class with 5 transformer(s) on dev.architectury.transformer.handler.TinyRemapperPreparedTransformerHandler
[Architectury Transformer DEBUG] Found class transformer
[Architectury Transformer DEBUG] Writing com/github/starcatcher21/stargazer/villager/ModTraids with maxs=true frames=true
[Architectury Transformer DEBUG] Transformed com/github/starcatcher21/stargazer/villager/ModTraids in 483.3 μs
[Architectury Transformer DEBUG] Transforming from com/github/starcatcher21/stargazer/mechanics/advancements/Criterias.class to com/github/starcatcher21/stargazer/mechanics/advancements/Criterias.class with 5 transformer(s) on dev.architectury.transformer.handler.TinyRemapperPreparedTransformerHandler
[Architectury Transformer DEBUG] Found class transformer
[Architectury Transformer DEBUG] Writing com/github/starcatcher21/stargazer/mechanics/advancements/Criterias with maxs=true frames=true
[Architectury Transformer DEBUG] Transformed com/github/starcatcher21/stargazer/mechanics/advancements/Criterias in 560.5 μs
[Architectury Transformer DEBUG] Transforming from com/github/starcatcher21/stargazer/mechanics/advancements/Starcatching.class to com/github/starcatcher21/stargazer/mechanics/advancements/Starcatching.class with 5 transformer(s) on dev.architectury.transformer.handler.TinyRemapperPreparedTransformerHandler
[Architectury Transformer DEBUG] Found class transformer
[Architectury Transformer DEBUG] Writing com/github/starcatcher21/stargazer/mechanics/advancements/Starcatching with maxs=true frames=true
[Architectury Transformer DEBUG] Transformed com/github/starcatcher21/stargazer/mechanics/advancements/Starcatching in 389.8 μs
[Architectury Transformer DEBUG] Transforming from com/github/starcatcher21/stargazer/mechanics/advancements/StarModifier.class to com/github/starcatcher21/stargazer/mechanics/advancements/StarModifier.class with 5 transformer(s) on dev.architectury.transformer.handler.TinyRemapperPreparedTransformerHandler
[Architectury Transformer DEBUG] Found class transformer
[Architectury Transformer DEBUG] Writing com/github/starcatcher21/stargazer/mechanics/advancements/StarModifier with maxs=true frames=true
[Architectury Transformer DEBUG] Transformed com/github/starcatcher21/stargazer/mechanics/advancements/StarModifier in 315.2 μs
[Architectury Transformer DEBUG] Transforming from com/github/starcatcher21/stargazer/mechanics/advancements/CosmicPortal.class to com/github/starcatcher21/stargazer/mechanics/advancements/CosmicPortal.class with 5 transformer(s) on dev.architectury.transformer.handler.TinyRemapperPreparedTransformerHandler
[Architectury Transformer DEBUG] Found class transformer
[Architectury Transformer DEBUG] Writing com/github/starcatcher21/stargazer/mechanics/advancements/CosmicPortal with maxs=true frames=true
[Architectury Transformer DEBUG] Transformed com/github/starcatcher21/stargazer/mechanics/advancements/CosmicPortal in 262.1 μs
[Architectury Transformer DEBUG] Transforming from com/github/starcatcher21/stargazer/mechanics/advancements/StarTrap.class to com/github/starcatcher21/stargazer/mechanics/advancements/StarTrap.class with 5 transformer(s) on dev.architectury.transformer.handler.TinyRemapperPreparedTransformerHandler
[Architectury Transformer DEBUG] Found class transformer
[Architectury Transformer DEBUG] Writing com/github/starcatcher21/stargazer/mechanics/advancements/StarTrap with maxs=true frames=true
[Architectury Transformer DEBUG] Transformed com/github/starcatcher21/stargazer/mechanics/advancements/StarTrap in 199.6 μs
[Architectury Transformer DEBUG] Transforming from com/github/starcatcher21/stargazer/mechanics/advancements/ForgeCraft.class to com/github/starcatcher21/stargazer/mechanics/advancements/ForgeCraft.class with 5 transformer(s) on dev.architectury.transformer.handler.TinyRemapperPreparedTransformerHandler
[Architectury Transformer DEBUG] Found class transformer
[Architectury Transformer DEBUG] Writing com/github/starcatcher21/stargazer/mechanics/advancements/ForgeCraft with maxs=true frames=true
[Architectury Transformer DEBUG] Transformed com/github/starcatcher21/stargazer/mechanics/advancements/ForgeCraft in 192.3 μs
[Architectury Transformer DEBUG] Transforming from com/github/starcatcher21/stargazer/mechanics/advancements/MoonWeld.class to com/github/starcatcher21/stargazer/mechanics/advancements/MoonWeld.class with 5 transformer(s) on dev.architectury.transformer.handler.TinyRemapperPreparedTransformerHandler
[Architectury Transformer DEBUG] Found class transformer
[Architectury Transformer DEBUG] Writing com/github/starcatcher21/stargazer/mechanics/advancements/MoonWeld with maxs=true frames=true
[Architectury Transformer DEBUG] Transformed com/github/starcatcher21/stargazer/mechanics/advancements/MoonWeld in 207.9 μs
[Architectury Transformer DEBUG] Transforming from com/github/starcatcher21/stargazer/mechanics/advancements/Negative.class to com/github/starcatcher21/stargazer/mechanics/advancements/Negative.class with 5 transformer(s) on dev.architectury.transformer.handler.TinyRemapperPreparedTransformerHandler
[Architectury Transformer DEBUG] Found class transformer
[Architectury Transformer DEBUG] Writing com/github/starcatcher21/stargazer/mechanics/advancements/Negative with maxs=true frames=true
[Architectury Transformer DEBUG] Transformed com/github/starcatcher21/stargazer/mechanics/advancements/Negative in 202.6 μs
[Architectury Transformer DEBUG] Transforming from com/github/starcatcher21/stargazer/screens/recipe/RecipeTypes.class to com/github/starcatcher21/stargazer/screens/recipe/RecipeTypes.class with 5 transformer(s) on dev.architectury.transformer.handler.TinyRemapperPreparedTransformerHandler
[Architectury Transformer DEBUG] Found class transformer
[Architectury Transformer DEBUG] Writing com/github/starcatcher21/stargazer/screens/recipe/RecipeTypes with maxs=true frames=true
[Architectury Transformer DEBUG] Transformed com/github/starcatcher21/stargazer/screens/recipe/RecipeTypes in 550.2 μs
[Architectury Transformer DEBUG] Transforming from com/github/starcatcher21/stargazer/screens/recipe/RecipeTypes$1.class to com/github/starcatcher21/stargazer/screens/recipe/RecipeTypes$1.class with 5 transformer(s) on dev.architectury.transformer.handler.TinyRemapperPreparedTransformerHandler
[Architectury Transformer DEBUG] Found class transformer
[Architectury Transformer DEBUG] Writing com/github/starcatcher21/stargazer/screens/recipe/RecipeTypes$1 with maxs=true frames=true
[Architectury Transformer DEBUG] Transformed com/github/starcatcher21/stargazer/screens/recipe/RecipeTypes$1 in 699.9 μs
[Architectury Transformer DEBUG] Transforming from com/github/starcatcher21/stargazer/screens/recipe/serializer/ShapedStarforgeRecipe.class to com/github/starcatcher21/stargazer/screens/recipe/serializer/ShapedStarforgeRecipe.class with 5 transformer(s) on dev.architectury.transformer.handler.TinyRemapperPreparedTransformerHandler
[Architectury Transformer DEBUG] Found class transformer
[Architectury Transformer DEBUG] Writing com/github/starcatcher21/stargazer/screens/recipe/serializer/ShapedStarforgeRecipe with maxs=true frames=true
[Architectury Transformer DEBUG] Transformed com/github/starcatcher21/stargazer/screens/recipe/serializer/ShapedStarforgeRecipe in 1.161 ms
[Architectury Transformer DEBUG] Transforming from com/github/starcatcher21/stargazer/screens/recipe/StarforgeRecipe.class to com/github/starcatcher21/stargazer/screens/recipe/StarforgeRecipe.class with 5 transformer(s) on dev.architectury.transformer.handler.TinyRemapperPreparedTransformerHandler
[Architectury Transformer DEBUG] Found class transformer
[Architectury Transformer DEBUG] Writing com/github/starcatcher21/stargazer/screens/recipe/StarforgeRecipe with maxs=true frames=true
[Architectury Transformer DEBUG] Transformed com/github/starcatcher21/stargazer/screens/recipe/StarforgeRecipe in 334.8 μs
[Architectury Transformer DEBUG] Transforming from com/github/starcatcher21/stargazer/screens/recipe/serializer/RawStarforgeShapedRecipe.class to com/github/starcatcher21/stargazer/screens/recipe/serializer/RawStarforgeShapedRecipe.class with 5 transformer(s) on dev.architectury.transformer.handler.TinyRemapperPreparedTransformerHandler
[Architectury Transformer DEBUG] Found class transformer
[Architectury Transformer DEBUG] Writing com/github/starcatcher21/stargazer/screens/recipe/serializer/RawStarforgeShapedRecipe with maxs=true frames=true
[Architectury Transformer DEBUG] Transformed com/github/starcatcher21/stargazer/screens/recipe/serializer/RawStarforgeShapedRecipe in 975.6 μs
[Architectury Transformer DEBUG] Transforming from com/github/starcatcher21/stargazer/screens/recipe/serializer/RawStarforgeShapedRecipe$Data.class to com/github/starcatcher21/stargazer/screens/recipe/serializer/RawStarforgeShapedRecipe$Data.class with 5 transformer(s) on dev.architectury.transformer.handler.TinyRemapperPreparedTransformerHandler
[Architectury Transformer DEBUG] Found class transformer
[Architectury Transformer DEBUG] Writing com/github/starcatcher21/stargazer/screens/recipe/serializer/RawStarforgeShapedRecipe$Data with maxs=true frames=true
[Architectury Transformer DEBUG] Transformed com/github/starcatcher21/stargazer/screens/recipe/serializer/RawStarforgeShapedRecipe$Data in 992.7 μs
[Architectury Transformer DEBUG] Transforming from com/github/starcatcher21/stargazer/screens/recipe/serializer/ShapedMoonWelderRecipe.class to com/github/starcatcher21/stargazer/screens/recipe/serializer/ShapedMoonWelderRecipe.class with 5 transformer(s) on dev.architectury.transformer.handler.TinyRemapperPreparedTransformerHandler
[Architectury Transformer DEBUG] Found class transformer
[Architectury Transformer DEBUG] Writing com/github/starcatcher21/stargazer/screens/recipe/serializer/ShapedMoonWelderRecipe with maxs=true frames=true
[Architectury Transformer DEBUG] Transformed com/github/starcatcher21/stargazer/screens/recipe/serializer/ShapedMoonWelderRecipe in 1.059 ms
[Architectury Transformer DEBUG] Transforming from com/github/starcatcher21/stargazer/screens/recipe/MoonWelderRecipe.class to com/github/starcatcher21/stargazer/screens/recipe/MoonWelderRecipe.class with 5 transformer(s) on dev.architectury.transformer.handler.TinyRemapperPreparedTransformerHandler
[Architectury Transformer DEBUG] Found class transformer
[Architectury Transformer DEBUG] Writing com/github/starcatcher21/stargazer/screens/recipe/MoonWelderRecipe with maxs=true frames=true
[Architectury Transformer DEBUG] Transformed com/github/starcatcher21/stargazer/screens/recipe/MoonWelderRecipe in 361.6 μs
[Architectury Transformer DEBUG] Transforming from com/github/starcatcher21/stargazer/screens/recipe/serializer/RawMoonWelderShapedRecipe.class to com/github/starcatcher21/stargazer/screens/recipe/serializer/RawMoonWelderShapedRecipe.class with 5 transformer(s) on dev.architectury.transformer.handler.TinyRemapperPreparedTransformerHandler
[Architectury Transformer DEBUG] Found class transformer
[Architectury Transformer DEBUG] Writing com/github/starcatcher21/stargazer/screens/recipe/serializer/RawMoonWelderShapedRecipe with maxs=true frames=true
[Architectury Transformer DEBUG] Transformed com/github/starcatcher21/stargazer/screens/recipe/serializer/RawMoonWelderShapedRecipe in 1.327 ms
[Architectury Transformer DEBUG] Transforming from com/github/starcatcher21/stargazer/screens/recipe/serializer/RawMoonWelderShapedRecipe$Data.class to com/github/starcatcher21/stargazer/screens/recipe/serializer/RawMoonWelderShapedRecipe$Data.class with 5 transformer(s) on dev.architectury.transformer.handler.TinyRemapperPreparedTransformerHandler
[Architectury Transformer DEBUG] Found class transformer
[Architectury Transformer DEBUG] Writing com/github/starcatcher21/stargazer/screens/recipe/serializer/RawMoonWelderShapedRecipe$Data with maxs=true frames=true
[Architectury Transformer DEBUG] Transformed com/github/starcatcher21/stargazer/screens/recipe/serializer/RawMoonWelderShapedRecipe$Data in 687.6 μs
[Architectury Transformer DEBUG] Transforming from com/github/starcatcher21/stargazer/screens/recipe/serializer/ShapedStarCrusherRecipe.class to com/github/starcatcher21/stargazer/screens/recipe/serializer/ShapedStarCrusherRecipe.class with 5 transformer(s) on dev.architectury.transformer.handler.TinyRemapperPreparedTransformerHandler
[Architectury Transformer DEBUG] Found class transformer
[Architectury Transformer DEBUG] Writing com/github/starcatcher21/stargazer/screens/recipe/serializer/ShapedStarCrusherRecipe with maxs=true frames=true
[Architectury Transformer DEBUG] Transformed com/github/starcatcher21/stargazer/screens/recipe/serializer/ShapedStarCrusherRecipe in 965.5 μs
[Architectury Transformer DEBUG] Transforming from com/github/starcatcher21/stargazer/screens/recipe/StarCrusherRecipe.class to com/github/starcatcher21/stargazer/screens/recipe/StarCrusherRecipe.class with 5 transformer(s) on dev.architectury.transformer.handler.TinyRemapperPreparedTransformerHandler
[Architectury Transformer DEBUG] Found class transformer
[Architectury Transformer DEBUG] Writing com/github/starcatcher21/stargazer/screens/recipe/StarCrusherRecipe with maxs=true frames=true
[Architectury Transformer DEBUG] Transformed com/github/starcatcher21/stargazer/screens/recipe/StarCrusherRecipe in 248.3 μs
[Architectury Transformer DEBUG] Transforming from com/github/starcatcher21/stargazer/screens/recipe/serializer/StarCrusherShapedRecipe.class to com/github/starcatcher21/stargazer/screens/recipe/serializer/StarCrusherShapedRecipe.class with 5 transformer(s) on dev.architectury.transformer.handler.TinyRemapperPreparedTransformerHandler
[Architectury Transformer DEBUG] Found class transformer
[Architectury Transformer DEBUG] Writing com/github/starcatcher21/stargazer/screens/recipe/serializer/StarCrusherShapedRecipe with maxs=true frames=true
[Architectury Transformer DEBUG] Transformed com/github/starcatcher21/stargazer/screens/recipe/serializer/StarCrusherShapedRecipe in 992.8 μs
[Architectury Transformer DEBUG] Transforming from com/github/starcatcher21/stargazer/screens/recipe/serializer/StarCrusherShapedRecipe$Data.class to com/github/starcatcher21/stargazer/screens/recipe/serializer/StarCrusherShapedRecipe$Data.class with 5 transformer(s) on dev.architectury.transformer.handler.TinyRemapperPreparedTransformerHandler
[Architectury Transformer DEBUG] Found class transformer
[Architectury Transformer DEBUG] Writing com/github/starcatcher21/stargazer/screens/recipe/serializer/StarCrusherShapedRecipe$Data with maxs=true frames=true
[Architectury Transformer DEBUG] Transformed com/github/starcatcher21/stargazer/screens/recipe/serializer/StarCrusherShapedRecipe$Data in 348.7 μs
[Architectury Transformer DEBUG] Transforming from com/github/starcatcher21/stargazer/compat/StargazerREICommon.class to com/github/starcatcher21/stargazer/compat/StargazerREICommon.class with 5 transformer(s) on dev.architectury.transformer.handler.TinyRemapperPreparedTransformerHandler
[Architectury Transformer DEBUG] Found class transformer
[Architectury Transformer DEBUG] Writing com/github/starcatcher21/stargazer/compat/StargazerREICommon with maxs=true frames=true
[Architectury Transformer DEBUG] Transformed com/github/starcatcher21/stargazer/compat/StargazerREICommon in 428.1 μs
[Architectury Transformer DEBUG] Transforming from com/github/starcatcher21/stargazer/compat/StarforgeDisplaySerializer.class to com/github/starcatcher21/stargazer/compat/StarforgeDisplaySerializer.class with 5 transformer(s) on dev.architectury.transformer.handler.TinyRemapperPreparedTransformerHandler
[Architectury Transformer DEBUG] Found class transformer
[Architectury Transformer DEBUG] Writing com/github/starcatcher21/stargazer/compat/StarforgeDisplaySerializer with maxs=true frames=true
[Architectury Transformer DEBUG] Transformed com/github/starcatcher21/stargazer/compat/StarforgeDisplaySerializer in 191.1 μs
[Architectury Transformer DEBUG] Transforming from com/github/starcatcher21/stargazer/compat/StarforgeDisplay.class to com/github/starcatcher21/stargazer/compat/StarforgeDisplay.class with 5 transformer(s) on dev.architectury.transformer.handler.TinyRemapperPreparedTransformerHandler
[Architectury Transformer DEBUG] Found class transformer
[Architectury Transformer DEBUG] Writing com/github/starcatcher21/stargazer/compat/StarforgeDisplay with maxs=true frames=true
[Architectury Transformer DEBUG] Transformed com/github/starcatcher21/stargazer/compat/StarforgeDisplay in 382.2 μs
[Architectury Transformer DEBUG] Transforming from com/github/starcatcher21/stargazer/compat/MoonWelderDisplaySerializer.class to com/github/starcatcher21/stargazer/compat/MoonWelderDisplaySerializer.class with 5 transformer(s) on dev.architectury.transformer.handler.TinyRemapperPreparedTransformerHandler
[Architectury Transformer DEBUG] Found class transformer
[Architectury Transformer DEBUG] Writing com/github/starcatcher21/stargazer/compat/MoonWelderDisplaySerializer with maxs=true frames=true
[Architectury Transformer DEBUG] Transformed com/github/starcatcher21/stargazer/compat/MoonWelderDisplaySerializer in 156.1 μs
[Architectury Transformer DEBUG] Transforming from com/github/starcatcher21/stargazer/compat/MoonWelderDisplay.class to com/github/starcatcher21/stargazer/compat/MoonWelderDisplay.class with 5 transformer(s) on dev.architectury.transformer.handler.TinyRemapperPreparedTransformerHandler
[Architectury Transformer DEBUG] Found class transformer
[Architectury Transformer DEBUG] Writing com/github/starcatcher21/stargazer/compat/MoonWelderDisplay with maxs=true frames=true
[Architectury Transformer DEBUG] Transformed com/github/starcatcher21/stargazer/compat/MoonWelderDisplay in 437.4 μs
[Architectury Transformer DEBUG] Transforming from com/github/starcatcher21/stargazer/compat/StargazingDisplaySerializer.class to com/github/starcatcher21/stargazer/compat/StargazingDisplaySerializer.class with 5 transformer(s) on dev.architectury.transformer.handler.TinyRemapperPreparedTransformerHandler
[Architectury Transformer DEBUG] Found class transformer
[Architectury Transformer DEBUG] Writing com/github/starcatcher21/stargazer/compat/StargazingDisplaySerializer with maxs=true frames=true
[Architectury Transformer DEBUG] Transformed com/github/starcatcher21/stargazer/compat/StargazingDisplaySerializer in 225.2 μs
[Architectury Transformer DEBUG] Transforming from com/github/starcatcher21/stargazer/compat/StargazingDisplay.class to com/github/starcatcher21/stargazer/compat/StargazingDisplay.class with 5 transformer(s) on dev.architectury.transformer.handler.TinyRemapperPreparedTransformerHandler
[Architectury Transformer DEBUG] Found class transformer
[Architectury Transformer DEBUG] Writing com/github/starcatcher21/stargazer/compat/StargazingDisplay with maxs=true frames=true
[Architectury Transformer DEBUG] Transformed com/github/starcatcher21/stargazer/compat/StargazingDisplay in 312.6 μs
[Architectury Transformer DEBUG] Transforming from com/github/starcatcher21/stargazer/compat/StarCrusherDisplaySerializer.class to com/github/starcatcher21/stargazer/compat/StarCrusherDisplaySerializer.class with 5 transformer(s) on dev.architectury.transformer.handler.TinyRemapperPreparedTransformerHandler
[Architectury Transformer DEBUG] Found class transformer
[Architectury Transformer DEBUG] Writing com/github/starcatcher21/stargazer/compat/StarCrusherDisplaySerializer with maxs=true frames=true
[Architectury Transformer DEBUG] Transformed com/github/starcatcher21/stargazer/compat/StarCrusherDisplaySerializer in 196.8 μs
[Architectury Transformer DEBUG] Transforming from com/github/starcatcher21/stargazer/compat/StarCrusherDisplay.class to com/github/starcatcher21/stargazer/compat/StarCrusherDisplay.class with 5 transformer(s) on dev.architectury.transformer.handler.TinyRemapperPreparedTransformerHandler
[Architectury Transformer DEBUG] Found class transformer
[Architectury Transformer DEBUG] Writing com/github/starcatcher21/stargazer/compat/StarCrusherDisplay with maxs=true frames=true
[Architectury Transformer DEBUG] Transformed com/github/starcatcher21/stargazer/compat/StarCrusherDisplay in 523.8 μs
[Architectury Transformer DEBUG] Transforming from com/github/starcatcher21/stargazer/compat/StargazerREIClient.class to com/github/starcatcher21/stargazer/compat/StargazerREIClient.class with 5 transformer(s) on dev.architectury.transformer.handler.TinyRemapperPreparedTransformerHandler
[Architectury Transformer DEBUG] Found class transformer
[Architectury Transformer DEBUG] Writing com/github/starcatcher21/stargazer/compat/StargazerREIClient with maxs=true frames=true
[Architectury Transformer DEBUG] Transformed com/github/starcatcher21/stargazer/compat/StargazerREIClient in 357.7 μs
[Architectury Transformer DEBUG] Transforming from com/github/starcatcher21/stargazer/StargazerClient.class to com/github/starcatcher21/stargazer/StargazerClient.class with 5 transformer(s) on dev.architectury.transformer.handler.TinyRemapperPreparedTransformerHandler
[Architectury Transformer DEBUG] Found class transformer
[Architectury Transformer DEBUG] Writing com/github/starcatcher21/stargazer/StargazerClient with maxs=true frames=true
[Architectury Transformer DEBUG] Transformed com/github/starcatcher21/stargazer/StargazerClient in 557.7 μs
[Architectury Transformer DEBUG] Transforming from com/github/starcatcher21/stargazer/block/clases/moon/star_trap/StarTrapModel.class to com/github/starcatcher21/stargazer/block/clases/moon/star_trap/StarTrapModel.class with 5 transformer(s) on dev.architectury.transformer.handler.TinyRemapperPreparedTransformerHandler
[Architectury Transformer DEBUG] Found class transformer
[Architectury Transformer DEBUG] Writing com/github/starcatcher21/stargazer/block/clases/moon/star_trap/StarTrapModel with maxs=true frames=true
[Architectury Transformer DEBUG] Transformed com/github/starcatcher21/stargazer/block/clases/moon/star_trap/StarTrapModel in 165.6 μs
[Architectury Transformer DEBUG] Transforming from com/github/starcatcher21/stargazer/block/clases/star/star_display/StarDisplayModel.class to com/github/starcatcher21/stargazer/block/clases/star/star_display/StarDisplayModel.class with 5 transformer(s) on dev.architectury.transformer.handler.TinyRemapperPreparedTransformerHandler
[Architectury Transformer DEBUG] Found class transformer
[Architectury Transformer DEBUG] Writing com/github/starcatcher21/stargazer/block/clases/star/star_display/StarDisplayModel with maxs=true frames=true
[Architectury Transformer DEBUG] Transformed com/github/starcatcher21/stargazer/block/clases/star/star_display/StarDisplayModel in 122.4 μs
[Architectury Transformer DEBUG] Transforming from com/github/starcatcher21/stargazer/block/clases/eyes/eyejar/EyeJarModel.class to com/github/starcatcher21/stargazer/block/clases/eyes/eyejar/EyeJarModel.class with 5 transformer(s) on dev.architectury.transformer.handler.TinyRemapperPreparedTransformerHandler
[Architectury Transformer DEBUG] Found class transformer
[Architectury Transformer DEBUG] Writing com/github/starcatcher21/stargazer/block/clases/eyes/eyejar/EyeJarModel with maxs=true frames=true
[Architectury Transformer DEBUG] Transformed com/github/starcatcher21/stargazer/block/clases/eyes/eyejar/EyeJarModel in 86.73 μs
[Architectury Transformer DEBUG] Transforming from com/github/starcatcher21/stargazer/block/clases/star/cosmic/CosmicBlockEntityRenderer.class to com/github/starcatcher21/stargazer/block/clases/star/cosmic/CosmicBlockEntityRenderer.class with 5 transformer(s) on dev.architectury.transformer.handler.TinyRemapperPreparedTransformerHandler
[Architectury Transformer DEBUG] Found class transformer
[Architectury Transformer DEBUG] Writing com/github/starcatcher21/stargazer/block/clases/star/cosmic/CosmicBlockEntityRenderer with maxs=true frames=true
[Architectury Transformer DEBUG] Transformed com/github/starcatcher21/stargazer/block/clases/star/cosmic/CosmicBlockEntityRenderer in 525.8 μs
[Architectury Transformer DEBUG] Transforming from com/github/starcatcher21/stargazer/block/clases/star/cosmic/CosmicBlockEntityRenderState.class to com/github/starcatcher21/stargazer/block/clases/star/cosmic/CosmicBlockEntityRenderState.class with 5 transformer(s) on dev.architectury.transformer.handler.TinyRemapperPreparedTransformerHandler
[Architectury Transformer DEBUG] Found class transformer
[Architectury Transformer DEBUG] Writing com/github/starcatcher21/stargazer/block/clases/star/cosmic/CosmicBlockEntityRenderState with maxs=true frames=true
[Architectury Transformer DEBUG] Transformed com/github/starcatcher21/stargazer/block/clases/star/cosmic/CosmicBlockEntityRenderState in 263.6 μs
[Architectury Transformer DEBUG] Transforming from com/github/starcatcher21/stargazer/block/clases/star/barrier/StarBarrierBlockEntityRenderer.class to com/github/starcatcher21/stargazer/block/clases/star/barrier/StarBarrierBlockEntityRenderer.class with 5 transformer(s) on dev.architectury.transformer.handler.TinyRemapperPreparedTransformerHandler
[Architectury Transformer DEBUG] Found class transformer
[Architectury Transformer DEBUG] Writing com/github/starcatcher21/stargazer/block/clases/star/barrier/StarBarrierBlockEntityRenderer with maxs=true frames=true
[Architectury Transformer DEBUG] Transformed com/github/starcatcher21/stargazer/block/clases/star/barrier/StarBarrierBlockEntityRenderer in 812.2 μs
[Architectury Transformer DEBUG] Transforming from com/github/starcatcher21/stargazer/block/clases/star/barrier/StarBarrierBlockEntityRenderState.class to com/github/starcatcher21/stargazer/block/clases/star/barrier/StarBarrierBlockEntityRenderState.class with 5 transformer(s) on dev.architectury.transformer.handler.TinyRemapperPreparedTransformerHandler
[Architectury Transformer DEBUG] Found class transformer
[Architectury Transformer DEBUG] Writing com/github/starcatcher21/stargazer/block/clases/star/barrier/StarBarrierBlockEntityRenderState with maxs=true frames=true
[Architectury Transformer DEBUG] Transformed com/github/starcatcher21/stargazer/block/clases/star/barrier/StarBarrierBlockEntityRenderState in 131.3 μs
[Architectury Transformer DEBUG] Transforming from com/github/starcatcher21/stargazer/block/clases/negative/NegativeBlockEntityRenderer.class to com/github/starcatcher21/stargazer/block/clases/negative/NegativeBlockEntityRenderer.class with 5 transformer(s) on dev.architectury.transformer.handler.TinyRemapperPreparedTransformerHandler
[Architectury Transformer DEBUG] Found class transformer
[Architectury Transformer DEBUG] Writing com/github/starcatcher21/stargazer/block/clases/negative/NegativeBlockEntityRenderer with maxs=true frames=true
[Architectury Transformer DEBUG] Transformed com/github/starcatcher21/stargazer/block/clases/negative/NegativeBlockEntityRenderer in 777.6 μs
[Architectury Transformer DEBUG] Transforming from com/github/starcatcher21/stargazer/block/clases/negative/NegativeBlockEntityRenderState.class to com/github/starcatcher21/stargazer/block/clases/negative/NegativeBlockEntityRenderState.class with 5 transformer(s) on dev.architectury.transformer.handler.TinyRemapperPreparedTransformerHandler
[Architectury Transformer DEBUG] Found class transformer
[Architectury Transformer DEBUG] Writing com/github/starcatcher21/stargazer/block/clases/negative/NegativeBlockEntityRenderState with maxs=true frames=true
[Architectury Transformer DEBUG] Transformed com/github/starcatcher21/stargazer/block/clases/negative/NegativeBlockEntityRenderState in 106.6 μs
[Architectury Transformer DEBUG] Transforming from com/github/starcatcher21/stargazer/block/clases/star/aurora/AuroraEntityRenderer.class to com/github/starcatcher21/stargazer/block/clases/star/aurora/AuroraEntityRenderer.class with 5 transformer(s) on dev.architectury.transformer.handler.TinyRemapperPreparedTransformerHandler
[Architectury Transformer DEBUG] Found class transformer
[Architectury Transformer DEBUG] Writing com/github/starcatcher21/stargazer/block/clases/star/aurora/AuroraEntityRenderer with maxs=true frames=true
[Architectury Transformer DEBUG] Transformed com/github/starcatcher21/stargazer/block/clases/star/aurora/AuroraEntityRenderer in 381.5 μs
[Architectury Transformer DEBUG] Transforming from com/github/starcatcher21/stargazer/block/clases/star/aurora/AuroraBlockEntityRenderState.class to com/github/starcatcher21/stargazer/block/clases/star/aurora/AuroraBlockEntityRenderState.class with 5 transformer(s) on dev.architectury.transformer.handler.TinyRemapperPreparedTransformerHandler
[Architectury Transformer DEBUG] Found class transformer
[Architectury Transformer DEBUG] Writing com/github/starcatcher21/stargazer/block/clases/star/aurora/AuroraBlockEntityRenderState with maxs=true frames=true
[Architectury Transformer DEBUG] Transformed com/github/starcatcher21/stargazer/block/clases/star/aurora/AuroraBlockEntityRenderState in 78.03 μs
[Architectury Transformer DEBUG] Transforming from com/github/starcatcher21/stargazer/block/clases/nored/NoRedBlockEntityRenderer.class to com/github/starcatcher21/stargazer/block/clases/nored/NoRedBlockEntityRenderer.class with 5 transformer(s) on dev.architectury.transformer.handler.TinyRemapperPreparedTransformerHandler
[Architectury Transformer DEBUG] Found class transformer
[Architectury Transformer DEBUG] Writing com/github/starcatcher21/stargazer/block/clases/nored/NoRedBlockEntityRenderer with maxs=true frames=true
[Architectury Transformer DEBUG] Transformed com/github/starcatcher21/stargazer/block/clases/nored/NoRedBlockEntityRenderer in 561.3 μs
[Architectury Transformer DEBUG] Transforming from com/github/starcatcher21/stargazer/block/clases/nored/NoRedBlockEntityRenderState.class to com/github/starcatcher21/stargazer/block/clases/nored/NoRedBlockEntityRenderState.class with 5 transformer(s) on dev.architectury.transformer.handler.TinyRemapperPreparedTransformerHandler
[Architectury Transformer DEBUG] Found class transformer
[Architectury Transformer DEBUG] Writing com/github/starcatcher21/stargazer/block/clases/nored/NoRedBlockEntityRenderState with maxs=true frames=true
[Architectury Transformer DEBUG] Transformed com/github/starcatcher21/stargazer/block/clases/nored/NoRedBlockEntityRenderState in 145.8 μs
[Architectury Transformer DEBUG] Transforming from com/github/starcatcher21/stargazer/block/clases/nogreen/NoGreenBlockEntityRenderer.class to com/github/starcatcher21/stargazer/block/clases/nogreen/NoGreenBlockEntityRenderer.class with 5 transformer(s) on dev.architectury.transformer.handler.TinyRemapperPreparedTransformerHandler
[Architectury Transformer DEBUG] Found class transformer
[Architectury Transformer DEBUG] Writing com/github/starcatcher21/stargazer/block/clases/nogreen/NoGreenBlockEntityRenderer with maxs=true frames=true
[Architectury Transformer DEBUG] Transformed com/github/starcatcher21/stargazer/block/clases/nogreen/NoGreenBlockEntityRenderer in 424.2 μs
[Architectury Transformer DEBUG] Transforming from com/github/starcatcher21/stargazer/block/clases/nogreen/NoGreenBlockEntityRenderState.class to com/github/starcatcher21/stargazer/block/clases/nogreen/NoGreenBlockEntityRenderState.class with 5 transformer(s) on dev.architectury.transformer.handler.TinyRemapperPreparedTransformerHandler
[Architectury Transformer DEBUG] Found class transformer
[Architectury Transformer DEBUG] Writing com/github/starcatcher21/stargazer/block/clases/nogreen/NoGreenBlockEntityRenderState with maxs=true frames=true
[Architectury Transformer DEBUG] Transformed com/github/starcatcher21/stargazer/block/clases/nogreen/NoGreenBlockEntityRenderState in 94.50 μs
[Architectury Transformer DEBUG] Transforming from com/github/starcatcher21/stargazer/block/clases/noblue/NoBlueBlockEntityRenderer.class to com/github/starcatcher21/stargazer/block/clases/noblue/NoBlueBlockEntityRenderer.class with 5 transformer(s) on dev.architectury.transformer.handler.TinyRemapperPreparedTransformerHandler
[Architectury Transformer DEBUG] Found class transformer
[Architectury Transformer DEBUG] Writing com/github/starcatcher21/stargazer/block/clases/noblue/NoBlueBlockEntityRenderer with maxs=true frames=true
[Architectury Transformer DEBUG] Transformed com/github/starcatcher21/stargazer/block/clases/noblue/NoBlueBlockEntityRenderer in 457.4 μs
[Architectury Transformer DEBUG] Transforming from com/github/starcatcher21/stargazer/block/clases/noblue/NoBlueBlockEntityRenderState.class to com/github/starcatcher21/stargazer/block/clases/noblue/NoBlueBlockEntityRenderState.class with 5 transformer(s) on dev.architectury.transformer.handler.TinyRemapperPreparedTransformerHandler
[Architectury Transformer DEBUG] Found class transformer
[Architectury Transformer DEBUG] Writing com/github/starcatcher21/stargazer/block/clases/noblue/NoBlueBlockEntityRenderState with maxs=true frames=true
[Architectury Transformer DEBUG] Transformed com/github/starcatcher21/stargazer/block/clases/noblue/NoBlueBlockEntityRenderState in 133.6 μs
[Architectury Transformer DEBUG] Transforming from com/github/starcatcher21/stargazer/block/clases/star/leaves/StarLeavesEntityRenderer.class to com/github/starcatcher21/stargazer/block/clases/star/leaves/StarLeavesEntityRenderer.class with 5 transformer(s) on dev.architectury.transformer.handler.TinyRemapperPreparedTransformerHandler
[Architectury Transformer DEBUG] Found class transformer
[Architectury Transformer DEBUG] Writing com/github/starcatcher21/stargazer/block/clases/star/leaves/StarLeavesEntityRenderer with maxs=true frames=true
[Architectury Transformer DEBUG] Transformed com/github/starcatcher21/stargazer/block/clases/star/leaves/StarLeavesEntityRenderer in 368.1 μs
[Architectury Transformer DEBUG] Transforming from com/github/starcatcher21/stargazer/block/clases/star/leaves/StarLeavesBlockEntityRenderState.class to com/github/starcatcher21/stargazer/block/clases/star/leaves/StarLeavesBlockEntityRenderState.class with 5 transformer(s) on dev.architectury.transformer.handler.TinyRemapperPreparedTransformerHandler
[Architectury Transformer DEBUG] Found class transformer
[Architectury Transformer DEBUG] Writing com/github/starcatcher21/stargazer/block/clases/star/leaves/StarLeavesBlockEntityRenderState with maxs=true frames=true
[Architectury Transformer DEBUG] Transformed com/github/starcatcher21/stargazer/block/clases/star/leaves/StarLeavesBlockEntityRenderState in 122.4 μs
[Architectury Transformer DEBUG] Transforming from com/github/starcatcher21/stargazer/particle/ParticlesClient.class to com/github/starcatcher21/stargazer/particle/ParticlesClient.class with 5 transformer(s) on dev.architectury.transformer.handler.TinyRemapperPreparedTransformerHandler
[Architectury Transformer DEBUG] Found class transformer
[Architectury Transformer DEBUG] Writing com/github/starcatcher21/stargazer/particle/ParticlesClient with maxs=true frames=true
[Architectury Transformer DEBUG] Transformed com/github/starcatcher21/stargazer/particle/ParticlesClient in 310.6 μs
[Architectury Transformer DEBUG] Transforming from com/github/starcatcher21/stargazer/particle/StarParticle2$Factory.class to com/github/starcatcher21/stargazer/particle/StarParticle2$Factory.class with 5 transformer(s) on dev.architectury.transformer.handler.TinyRemapperPreparedTransformerHandler
[Architectury Transformer DEBUG] Found class transformer
[Architectury Transformer DEBUG] Writing com/github/starcatcher21/stargazer/particle/StarParticle2$Factory with maxs=true frames=true
[Architectury Transformer DEBUG] Transformed com/github/starcatcher21/stargazer/particle/StarParticle2$Factory in 284.1 μs
[Architectury Transformer DEBUG] Transforming from com/github/starcatcher21/stargazer/particle/StarParticle2.class to com/github/starcatcher21/stargazer/particle/StarParticle2.class with 5 transformer(s) on dev.architectury.transformer.handler.TinyRemapperPreparedTransformerHandler
[Architectury Transformer DEBUG] Found class transformer
[Architectury Transformer DEBUG] Writing com/github/starcatcher21/stargazer/particle/StarParticle2 with maxs=true frames=true
[Architectury Transformer DEBUG] Transformed com/github/starcatcher21/stargazer/particle/StarParticle2 in 383.0 μs
[Architectury Transformer DEBUG] Transforming from com/github/starcatcher21/stargazer/particle/StarParticle$TintedLeavesFactory.class to com/github/starcatcher21/stargazer/particle/StarParticle$TintedLeavesFactory.class with 5 transformer(s) on dev.architectury.transformer.handler.TinyRemapperPreparedTransformerHandler
[Architectury Transformer DEBUG] Found class transformer
[Architectury Transformer DEBUG] Writing com/github/starcatcher21/stargazer/particle/StarParticle$TintedLeavesFactory with maxs=true frames=true
[Architectury Transformer DEBUG] Transformed com/github/starcatcher21/stargazer/particle/StarParticle$TintedLeavesFactory in 459.9 μs
[Architectury Transformer DEBUG] Transforming from com/github/starcatcher21/stargazer/particle/StarParticle.class to com/github/starcatcher21/stargazer/particle/StarParticle.class with 5 transformer(s) on dev.architectury.transformer.handler.TinyRemapperPreparedTransformerHandler
[Architectury Transformer DEBUG] Found class transformer
[Architectury Transformer DEBUG] Writing com/github/starcatcher21/stargazer/particle/StarParticle with maxs=true frames=true
[Architectury Transformer DEBUG] Transformed com/github/starcatcher21/stargazer/particle/StarParticle in 434.4 μs
[Architectury Transformer DEBUG] Transforming from com/github/starcatcher21/stargazer/Keybinds.class to com/github/starcatcher21/stargazer/Keybinds.class with 5 transformer(s) on dev.architectury.transformer.handler.TinyRemapperPreparedTransformerHandler
[Architectury Transformer DEBUG] Found class transformer
[Architectury Transformer DEBUG] Writing com/github/starcatcher21/stargazer/Keybinds with maxs=true frames=true
[Architectury Transformer DEBUG] Transformed com/github/starcatcher21/stargazer/Keybinds in 183.1 μs
[Architectury Transformer DEBUG] Transforming from com/github/starcatcher21/stargazer/entity/renderers/GhostRenderer.class to com/github/starcatcher21/stargazer/entity/renderers/GhostRenderer.class with 5 transformer(s) on dev.architectury.transformer.handler.TinyRemapperPreparedTransformerHandler
[Architectury Transformer DEBUG] Found class transformer
[Architectury Transformer DEBUG] Writing com/github/starcatcher21/stargazer/entity/renderers/GhostRenderer with maxs=true frames=true
[Architectury Transformer DEBUG] Transformed com/github/starcatcher21/stargazer/entity/renderers/GhostRenderer in 314.5 μs
[Architectury Transformer DEBUG] Transforming from com/github/starcatcher21/stargazer/entity/models/GhostModel.class to com/github/starcatcher21/stargazer/entity/models/GhostModel.class with 5 transformer(s) on dev.architectury.transformer.handler.TinyRemapperPreparedTransformerHandler
[Architectury Transformer DEBUG] Found class transformer
[Architectury Transformer DEBUG] Writing com/github/starcatcher21/stargazer/entity/models/GhostModel with maxs=true frames=true
[Architectury Transformer DEBUG] Transformed com/github/starcatcher21/stargazer/entity/models/GhostModel in 708.7 μs
[Architectury Transformer DEBUG] Transforming from com/github/starcatcher21/stargazer/entity/renderers/AmethystTurtleRenderer.class to com/github/starcatcher21/stargazer/entity/renderers/AmethystTurtleRenderer.class with 5 transformer(s) on dev.architectury.transformer.handler.TinyRemapperPreparedTransformerHandler
[Architectury Transformer DEBUG] Found class transformer
[Architectury Transformer DEBUG] Writing com/github/starcatcher21/stargazer/entity/renderers/AmethystTurtleRenderer with maxs=true frames=true
[Architectury Transformer DEBUG] Transformed com/github/starcatcher21/stargazer/entity/renderers/AmethystTurtleRenderer in 145.7 μs
[Architectury Transformer DEBUG] Transforming from com/github/starcatcher21/stargazer/entity/models/AmethystTurtleModel.class to com/github/starcatcher21/stargazer/entity/models/AmethystTurtleModel.class with 5 transformer(s) on dev.architectury.transformer.handler.TinyRemapperPreparedTransformerHandler
[Architectury Transformer DEBUG] Found class transformer
[Architectury Transformer DEBUG] Writing com/github/starcatcher21/stargazer/entity/models/AmethystTurtleModel with maxs=true frames=true
[Architectury Transformer DEBUG] Transformed com/github/starcatcher21/stargazer/entity/models/AmethystTurtleModel in 107.6 μs
[Architectury Transformer DEBUG] Transforming from com/github/starcatcher21/stargazer/entity/renderers/EyeBatRenderer.class to com/github/starcatcher21/stargazer/entity/renderers/EyeBatRenderer.class with 5 transformer(s) on dev.architectury.transformer.handler.TinyRemapperPreparedTransformerHandler
[Architectury Transformer DEBUG] Found class transformer
[Architectury Transformer DEBUG] Writing com/github/starcatcher21/stargazer/entity/renderers/EyeBatRenderer with maxs=true frames=true
[Architectury Transformer DEBUG] Transformed com/github/starcatcher21/stargazer/entity/renderers/EyeBatRenderer in 75.01 μs
[Architectury Transformer DEBUG] Transforming from com/github/starcatcher21/stargazer/entity/models/EyeBatModel.class to com/github/starcatcher21/stargazer/entity/models/EyeBatModel.class with 5 transformer(s) on dev.architectury.transformer.handler.TinyRemapperPreparedTransformerHandler
[Architectury Transformer DEBUG] Found class transformer
[Architectury Transformer DEBUG] Writing com/github/starcatcher21/stargazer/entity/models/EyeBatModel with maxs=true frames=true
[Architectury Transformer DEBUG] Transformed com/github/starcatcher21/stargazer/entity/models/EyeBatModel in 89.82 μs
[Architectury Transformer DEBUG] Transforming from com/github/starcatcher21/stargazer/entity/renderers/StarRenderer.class to com/github/starcatcher21/stargazer/entity/renderers/StarRenderer.class with 5 transformer(s) on dev.architectury.transformer.handler.TinyRemapperPreparedTransformerHandler
[Architectury Transformer DEBUG] Found class transformer
[Architectury Transformer DEBUG] Writing com/github/starcatcher21/stargazer/entity/renderers/StarRenderer with maxs=true frames=true
[Architectury Transformer DEBUG] Transformed com/github/starcatcher21/stargazer/entity/renderers/StarRenderer in 206.0 μs
[Architectury Transformer DEBUG] Transforming from com/github/starcatcher21/stargazer/entity/models/StarModel.class to com/github/starcatcher21/stargazer/entity/models/StarModel.class with 5 transformer(s) on dev.architectury.transformer.handler.TinyRemapperPreparedTransformerHandler
[Architectury Transformer DEBUG] Found class transformer
[Architectury Transformer DEBUG] Writing com/github/starcatcher21/stargazer/entity/models/StarModel with maxs=true frames=true
[Architectury Transformer DEBUG] Transformed com/github/starcatcher21/stargazer/entity/models/StarModel in 239.3 μs
[Architectury Transformer DEBUG] Transforming from com/github/starcatcher21/stargazer/entity/renderers/StarRenderer$1.class to com/github/starcatcher21/stargazer/entity/renderers/StarRenderer$1.class with 5 transformer(s) on dev.architectury.transformer.handler.TinyRemapperPreparedTransformerHandler
[Architectury Transformer DEBUG] Found class transformer
[Architectury Transformer DEBUG] Writing com/github/starcatcher21/stargazer/entity/renderers/StarRenderer$1 with maxs=true frames=true
[Architectury Transformer DEBUG] Transformed com/github/starcatcher21/stargazer/entity/renderers/StarRenderer$1 in 218.8 μs
[Architectury Transformer DEBUG] Transforming from com/github/starcatcher21/stargazer/entity/renderers/RookRenderer.class to com/github/starcatcher21/stargazer/entity/renderers/RookRenderer.class with 5 transformer(s) on dev.architectury.transformer.handler.TinyRemapperPreparedTransformerHandler
[Architectury Transformer DEBUG] Found class transformer
[Architectury Transformer DEBUG] Writing com/github/starcatcher21/stargazer/entity/renderers/RookRenderer with maxs=true frames=true
[Architectury Transformer DEBUG] Transformed com/github/starcatcher21/stargazer/entity/renderers/RookRenderer in 78.24 μs
[Architectury Transformer DEBUG] Transforming from com/github/starcatcher21/stargazer/entity/models/RookModel.class to com/github/starcatcher21/stargazer/entity/models/RookModel.class with 5 transformer(s) on dev.architectury.transformer.handler.TinyRemapperPreparedTransformerHandler
[Architectury Transformer DEBUG] Found class transformer
[Architectury Transformer DEBUG] Writing com/github/starcatcher21/stargazer/entity/models/RookModel with maxs=true frames=true
[Architectury Transformer DEBUG] Transformed com/github/starcatcher21/stargazer/entity/models/RookModel in 116.0 μs
[Architectury Transformer DEBUG] Transforming from com/github/starcatcher21/stargazer/entity/renderers/BlackRookRenderer.class to com/github/starcatcher21/stargazer/entity/renderers/BlackRookRenderer.class with 5 transformer(s) on dev.architectury.transformer.handler.TinyRemapperPreparedTransformerHandler
[Architectury Transformer DEBUG] Found class transformer
[Architectury Transformer DEBUG] Writing com/github/starcatcher21/stargazer/entity/renderers/BlackRookRenderer with maxs=true frames=true
[Architectury Transformer DEBUG] Transformed com/github/starcatcher21/stargazer/entity/renderers/BlackRookRenderer in 86.22 μs
[Architectury Transformer DEBUG] Transforming from com/github/starcatcher21/stargazer/entity/models/BlackRookModel.class to com/github/starcatcher21/stargazer/entity/models/BlackRookModel.class with 5 transformer(s) on dev.architectury.transformer.handler.TinyRemapperPreparedTransformerHandler
[Architectury Transformer DEBUG] Found class transformer
[Architectury Transformer DEBUG] Writing com/github/starcatcher21/stargazer/entity/models/BlackRookModel with maxs=true frames=true
[Architectury Transformer DEBUG] Transformed com/github/starcatcher21/stargazer/entity/models/BlackRookModel in 95.97 μs
[Architectury Transformer DEBUG] Transforming from com/github/starcatcher21/stargazer/entity/renderers/ScrubyRenderer.class to com/github/starcatcher21/stargazer/entity/renderers/ScrubyRenderer.class with 5 transformer(s) on dev.architectury.transformer.handler.TinyRemapperPreparedTransformerHandler
[Architectury Transformer DEBUG] Found class transformer
[Architectury Transformer DEBUG] Writing com/github/starcatcher21/stargazer/entity/renderers/ScrubyRenderer with maxs=true frames=true
[Architectury Transformer DEBUG] Transformed com/github/starcatcher21/stargazer/entity/renderers/ScrubyRenderer in 86.37 μs
[Architectury Transformer DEBUG] Transforming from com/github/starcatcher21/stargazer/entity/models/ScrubyModel.class to com/github/starcatcher21/stargazer/entity/models/ScrubyModel.class with 5 transformer(s) on dev.architectury.transformer.handler.TinyRemapperPreparedTransformerHandler
[Architectury Transformer DEBUG] Found class transformer
[Architectury Transformer DEBUG] Writing com/github/starcatcher21/stargazer/entity/models/ScrubyModel with maxs=true frames=true
[Architectury Transformer DEBUG] Transformed com/github/starcatcher21/stargazer/entity/models/ScrubyModel in 103.5 μs
[Architectury Transformer DEBUG] Transforming from com/github/starcatcher21/stargazer/entity/renderers/BlackFoxRenderer.class to com/github/starcatcher21/stargazer/entity/renderers/BlackFoxRenderer.class with 5 transformer(s) on dev.architectury.transformer.handler.TinyRemapperPreparedTransformerHandler
[Architectury Transformer DEBUG] Found class transformer
[Architectury Transformer DEBUG] Writing com/github/starcatcher21/stargazer/entity/renderers/BlackFoxRenderer with maxs=true frames=true
[Architectury Transformer DEBUG] Transformed com/github/starcatcher21/stargazer/entity/renderers/BlackFoxRenderer in 71.81 μs
[Architectury Transformer DEBUG] Transforming from com/github/starcatcher21/stargazer/entity/models/BlackFoxModel.class to com/github/starcatcher21/stargazer/entity/models/BlackFoxModel.class with 5 transformer(s) on dev.architectury.transformer.handler.TinyRemapperPreparedTransformerHandler
[Architectury Transformer DEBUG] Found class transformer
[Architectury Transformer DEBUG] Writing com/github/starcatcher21/stargazer/entity/models/BlackFoxModel with maxs=true frames=true
[Architectury Transformer DEBUG] Transformed com/github/starcatcher21/stargazer/entity/models/BlackFoxModel in 86.94 μs
[Architectury Transformer DEBUG] Transforming from com/github/starcatcher21/stargazer/screens/handled/StarforgeHandled.class to com/github/starcatcher21/stargazer/screens/handled/StarforgeHandled.class with 5 transformer(s) on dev.architectury.transformer.handler.TinyRemapperPreparedTransformerHandler
[Architectury Transformer DEBUG] Found class transformer
[Architectury Transformer DEBUG] Writing com/github/starcatcher21/stargazer/screens/handled/StarforgeHandled with maxs=true frames=true
[Architectury Transformer DEBUG] Transformed com/github/starcatcher21/stargazer/screens/handled/StarforgeHandled in 102.0 μs
[Architectury Transformer DEBUG] Transforming from com/github/starcatcher21/stargazer/screens/handled/MoonWelderHandled.class to com/github/starcatcher21/stargazer/screens/handled/MoonWelderHandled.class with 5 transformer(s) on dev.architectury.transformer.handler.TinyRemapperPreparedTransformerHandler
[Architectury Transformer DEBUG] Found class transformer
[Architectury Transformer DEBUG] Writing com/github/starcatcher21/stargazer/screens/handled/MoonWelderHandled with maxs=true frames=true
[Architectury Transformer DEBUG] Transformed com/github/starcatcher21/stargazer/screens/handled/MoonWelderHandled in 389.8 μs
[Architectury Transformer DEBUG] Transforming from com/github/starcatcher21/stargazer/screens/handled/NightWatcherHandled.class to com/github/starcatcher21/stargazer/screens/handled/NightWatcherHandled.class with 5 transformer(s) on dev.architectury.transformer.handler.TinyRemapperPreparedTransformerHandler
[Architectury Transformer DEBUG] Found class transformer
[Architectury Transformer DEBUG] Writing com/github/starcatcher21/stargazer/screens/handled/NightWatcherHandled with maxs=true frames=true
[Architectury Transformer DEBUG] Transformed com/github/starcatcher21/stargazer/screens/handled/NightWatcherHandled in 312.3 μs
[Architectury Transformer DEBUG] Transforming from com/github/starcatcher21/stargazer/screens/handled/StargeneratorHandled.class to com/github/starcatcher21/stargazer/screens/handled/StargeneratorHandled.class with 5 transformer(s) on dev.architectury.transformer.handler.TinyRemapperPreparedTransformerHandler
[Architectury Transformer DEBUG] Found class transformer
[Architectury Transformer DEBUG] Writing com/github/starcatcher21/stargazer/screens/handled/StargeneratorHandled with maxs=true frames=true
[Architectury Transformer DEBUG] Transformed com/github/starcatcher21/stargazer/screens/handled/StargeneratorHandled in 190.0 μs
[Architectury Transformer DEBUG] Transforming from com/github/starcatcher21/stargazer/screens/handled/StarBookHandled.class to com/github/starcatcher21/stargazer/screens/handled/StarBookHandled.class with 5 transformer(s) on dev.architectury.transformer.handler.TinyRemapperPreparedTransformerHandler
[Architectury Transformer DEBUG] Found class transformer
[Architectury Transformer DEBUG] Writing com/github/starcatcher21/stargazer/screens/handled/StarBookHandled with maxs=true frames=true
[Architectury Transformer DEBUG] Transformed com/github/starcatcher21/stargazer/screens/handled/StarBookHandled in 222.6 μs
[Architectury Transformer DEBUG] Transforming from com/github/starcatcher21/stargazer/screens/handled/StarCrusherHandled.class to com/github/starcatcher21/stargazer/screens/handled/StarCrusherHandled.class with 5 transformer(s) on dev.architectury.transformer.handler.TinyRemapperPreparedTransformerHandler
[Architectury Transformer DEBUG] Found class transformer
[Architectury Transformer DEBUG] Writing com/github/starcatcher21/stargazer/screens/handled/StarCrusherHandled with maxs=true frames=true
[Architectury Transformer DEBUG] Transformed com/github/starcatcher21/stargazer/screens/handled/StarCrusherHandled in 177.4 μs
[Architectury Transformer DEBUG] Transforming from com/github/starcatcher21/stargazer/block/clases/star/star_display/StarDisplayRenderer.class to com/github/starcatcher21/stargazer/block/clases/star/star_display/StarDisplayRenderer.class with 5 transformer(s) on dev.architectury.transformer.handler.TinyRemapperPreparedTransformerHandler
[Architectury Transformer DEBUG] Found class transformer
[Architectury Transformer DEBUG] Writing com/github/starcatcher21/stargazer/block/clases/star/star_display/StarDisplayRenderer with maxs=true frames=true
[Architectury Transformer DEBUG] Transformed com/github/starcatcher21/stargazer/block/clases/star/star_display/StarDisplayRenderer in 697.9 μs
[Architectury Transformer DEBUG] Transforming from com/github/starcatcher21/stargazer/mechanics/advancements/Starcatching$Conditions.class to com/github/starcatcher21/stargazer/mechanics/advancements/Starcatching$Conditions.class with 5 transformer(s) on dev.architectury.transformer.handler.TinyRemapperPreparedTransformerHandler
[Architectury Transformer DEBUG] Found class transformer
[Architectury Transformer DEBUG] Writing com/github/starcatcher21/stargazer/mechanics/advancements/Starcatching$Conditions with maxs=true frames=true
[Architectury Transformer DEBUG] Transformed com/github/starcatcher21/stargazer/mechanics/advancements/Starcatching$Conditions in 689.9 μs
[Architectury Transformer DEBUG] Transforming from com/github/starcatcher21/stargazer/mechanics/advancements/ForgeCraft$Conditions.class to com/github/starcatcher21/stargazer/mechanics/advancements/ForgeCraft$Conditions.class with 5 transformer(s) on dev.architectury.transformer.handler.TinyRemapperPreparedTransformerHandler
[Architectury Transformer DEBUG] Found class transformer
[Architectury Transformer DEBUG] Writing com/github/starcatcher21/stargazer/mechanics/advancements/ForgeCraft$Conditions with maxs=true frames=true
[Architectury Transformer DEBUG] Transformed com/github/starcatcher21/stargazer/mechanics/advancements/ForgeCraft$Conditions in 455.5 μs
[Architectury Transformer DEBUG] Transforming from com/github/starcatcher21/stargazer/mechanics/advancements/StarModifier$Conditions.class to com/github/starcatcher21/stargazer/mechanics/advancements/StarModifier$Conditions.class with 5 transformer(s) on dev.architectury.transformer.handler.TinyRemapperPreparedTransformerHandler
[Architectury Transformer DEBUG] Found class transformer
[Architectury Transformer DEBUG] Writing com/github/starcatcher21/stargazer/mechanics/advancements/StarModifier$Conditions with maxs=true frames=true
[Architectury Transformer DEBUG] Transformed com/github/starcatcher21/stargazer/mechanics/advancements/StarModifier$Conditions in 350.5 μs
[Architectury Transformer DEBUG] Transforming from com/github/starcatcher21/stargazer/mechanics/advancements/Negative$Conditions.class to com/github/starcatcher21/stargazer/mechanics/advancements/Negative$Conditions.class with 5 transformer(s) on dev.architectury.transformer.handler.TinyRemapperPreparedTransformerHandler
[Architectury Transformer DEBUG] Found class transformer
[Architectury Transformer DEBUG] Writing com/github/starcatcher21/stargazer/mechanics/advancements/Negative$Conditions with maxs=true frames=true
[Architectury Transformer DEBUG] Transformed com/github/starcatcher21/stargazer/mechanics/advancements/Negative$Conditions in 185.0 μs
[Architectury Transformer DEBUG] Transforming from com/github/starcatcher21/stargazer/mechanics/advancements/CosmicPortal$Conditions.class to com/github/starcatcher21/stargazer/mechanics/advancements/CosmicPortal$Conditions.class with 5 transformer(s) on dev.architectury.transformer.handler.TinyRemapperPreparedTransformerHandler
[Architectury Transformer DEBUG] Found class transformer
[Architectury Transformer DEBUG] Writing com/github/starcatcher21/stargazer/mechanics/advancements/CosmicPortal$Conditions with maxs=true frames=true
[Architectury Transformer DEBUG] Transformed com/github/starcatcher21/stargazer/mechanics/advancements/CosmicPortal$Conditions in 304.3 μs
[Architectury Transformer DEBUG] Transforming from com/github/starcatcher21/stargazer/mechanics/advancements/MoonWeld$Conditions.class to com/github/starcatcher21/stargazer/mechanics/advancements/MoonWeld$Conditions.class with 5 transformer(s) on dev.architectury.transformer.handler.TinyRemapperPreparedTransformerHandler
[Architectury Transformer DEBUG] Found class transformer
[Architectury Transformer DEBUG] Writing com/github/starcatcher21/stargazer/mechanics/advancements/MoonWeld$Conditions with maxs=true frames=true
[Architectury Transformer DEBUG] Transformed com/github/starcatcher21/stargazer/mechanics/advancements/MoonWeld$Conditions in 389.0 μs
[Architectury Transformer DEBUG] Transforming from com/github/starcatcher21/stargazer/mechanics/advancements/StarTrap$Conditions.class to com/github/starcatcher21/stargazer/mechanics/advancements/StarTrap$Conditions.class with 5 transformer(s) on dev.architectury.transformer.handler.TinyRemapperPreparedTransformerHandler
[Architectury Transformer DEBUG] Found class transformer
[Architectury Transformer DEBUG] Writing com/github/starcatcher21/stargazer/mechanics/advancements/StarTrap$Conditions with maxs=true frames=true
[Architectury Transformer DEBUG] Transformed com/github/starcatcher21/stargazer/mechanics/advancements/StarTrap$Conditions in 255.4 μs
[Architectury Transformer DEBUG] Transforming from com/github/starcatcher21/stargazer/renderer/SkyDimensionChecks.class to com/github/starcatcher21/stargazer/renderer/SkyDimensionChecks.class with 5 transformer(s) on dev.architectury.transformer.handler.TinyRemapperPreparedTransformerHandler
[Architectury Transformer DEBUG] Found class transformer
[Architectury Transformer DEBUG] Writing com/github/starcatcher21/stargazer/renderer/SkyDimensionChecks with maxs=true frames=true
[Architectury Transformer DEBUG] Transformed com/github/starcatcher21/stargazer/renderer/SkyDimensionChecks in 265.0 μs
[Architectury Transformer DEBUG] Transforming from com/github/starcatcher21/stargazer/CustomWorlds.class to com/github/starcatcher21/stargazer/CustomWorlds.class with 5 transformer(s) on dev.architectury.transformer.handler.TinyRemapperPreparedTransformerHandler
[Architectury Transformer DEBUG] Found class transformer
[Architectury Transformer DEBUG] Writing com/github/starcatcher21/stargazer/CustomWorlds with maxs=true frames=true
[Architectury Transformer DEBUG] Transformed com/github/starcatcher21/stargazer/CustomWorlds in 131.6 μs
[Architectury Transformer DEBUG] Transforming from com/github/starcatcher21/stargazer/mechanics/PlayerCosmicGrav.class to com/github/starcatcher21/stargazer/mechanics/PlayerCosmicGrav.class with 5 transformer(s) on dev.architectury.transformer.handler.TinyRemapperPreparedTransformerHandler
[Architectury Transformer DEBUG] Found class transformer
[Architectury Transformer DEBUG] Writing com/github/starcatcher21/stargazer/mechanics/PlayerCosmicGrav with maxs=true frames=true
[Architectury Transformer DEBUG] Transformed com/github/starcatcher21/stargazer/mechanics/PlayerCosmicGrav in 287.2 μs
[Architectury Transformer DEBUG] Transforming from com/github/starcatcher21/stargazer/mechanics/PlayerRedOrbGrav.class to com/github/starcatcher21/stargazer/mechanics/PlayerRedOrbGrav.class with 5 transformer(s) on dev.architectury.transformer.handler.TinyRemapperPreparedTransformerHandler
[Architectury Transformer DEBUG] Found class transformer
[Architectury Transformer DEBUG] Writing com/github/starcatcher21/stargazer/mechanics/PlayerRedOrbGrav with maxs=true frames=true
[Architectury Transformer DEBUG] Transformed com/github/starcatcher21/stargazer/mechanics/PlayerRedOrbGrav in 162.5 μs
[Architectury Transformer DEBUG] Transforming from com/github/starcatcher21/stargazer/mechanics/dash/DashClient.class to com/github/starcatcher21/stargazer/mechanics/dash/DashClient.class with 5 transformer(s) on dev.architectury.transformer.handler.TinyRemapperPreparedTransformerHandler
[Architectury Transformer DEBUG] Found class transformer
[Architectury Transformer DEBUG] Writing com/github/starcatcher21/stargazer/mechanics/dash/DashClient with maxs=true frames=true
[Architectury Transformer DEBUG] Transformed com/github/starcatcher21/stargazer/mechanics/dash/DashClient in 474.2 μs
[Architectury Transformer DEBUG] Transforming from com/github/starcatcher21/stargazer/mechanics/star/StargazeClient.class to com/github/starcatcher21/stargazer/mechanics/star/StargazeClient.class with 5 transformer(s) on dev.architectury.transformer.handler.TinyRemapperPreparedTransformerHandler
[Architectury Transformer DEBUG] Found class transformer
[Architectury Transformer DEBUG] Writing com/github/starcatcher21/stargazer/mechanics/star/StargazeClient with maxs=true frames=true
[Architectury Transformer DEBUG] Transformed com/github/starcatcher21/stargazer/mechanics/star/StargazeClient in 137.5 μs
[Architectury Transformer DEBUG] Transforming from com/github/starcatcher21/stargazer/compat/StarforgeCategory.class to com/github/starcatcher21/stargazer/compat/StarforgeCategory.class with 5 transformer(s) on dev.architectury.transformer.handler.TinyRemapperPreparedTransformerHandler
[Architectury Transformer DEBUG] Found class transformer
[Architectury Transformer DEBUG] Writing com/github/starcatcher21/stargazer/compat/StarforgeCategory with maxs=true frames=true
[Architectury Transformer DEBUG] Transformed com/github/starcatcher21/stargazer/compat/StarforgeCategory in 427.6 μs
[Architectury Transformer DEBUG] Transforming from com/github/starcatcher21/stargazer/compat/MoonWelderCategory.class to com/github/starcatcher21/stargazer/compat/MoonWelderCategory.class with 5 transformer(s) on dev.architectury.transformer.handler.TinyRemapperPreparedTransformerHandler
[Architectury Transformer DEBUG] Found class transformer
[Architectury Transformer DEBUG] Writing com/github/starcatcher21/stargazer/compat/MoonWelderCategory with maxs=true frames=true
[Architectury Transformer DEBUG] Transformed com/github/starcatcher21/stargazer/compat/MoonWelderCategory in 468.3 μs
[Architectury Transformer DEBUG] Transforming from com/github/starcatcher21/stargazer/compat/StarCrusherCategory.class to com/github/starcatcher21/stargazer/compat/StarCrusherCategory.class with 5 transformer(s) on dev.architectury.transformer.handler.TinyRemapperPreparedTransformerHandler
[Architectury Transformer DEBUG] Found class transformer
[Architectury Transformer DEBUG] Writing com/github/starcatcher21/stargazer/compat/StarCrusherCategory with maxs=true frames=true
[Architectury Transformer DEBUG] Transformed com/github/starcatcher21/stargazer/compat/StarCrusherCategory in 309.6 μs
[Architectury Transformer DEBUG] Transforming from com/github/starcatcher21/stargazer/renderer/SkyStarRenderer.class to com/github/starcatcher21/stargazer/renderer/SkyStarRenderer.class with 5 transformer(s) on dev.architectury.transformer.handler.TinyRemapperPreparedTransformerHandler
[Architectury Transformer DEBUG] Found class transformer
[Architectury Transformer DEBUG] Writing com/github/starcatcher21/stargazer/renderer/SkyStarRenderer with maxs=true frames=true
[Architectury Transformer DEBUG] Transformed com/github/starcatcher21/stargazer/renderer/SkyStarRenderer in 665.7 μs
[Architectury Transformer DEBUG] Transforming from com/github/starcatcher21/stargazer/renderer/SkyStarRenderer$StarSettings.class to com/github/starcatcher21/stargazer/renderer/SkyStarRenderer$StarSettings.class with 5 transformer(s) on dev.architectury.transformer.handler.TinyRemapperPreparedTransformerHandler
[Architectury Transformer DEBUG] Found class transformer
[Architectury Transformer DEBUG] Writing com/github/starcatcher21/stargazer/renderer/SkyStarRenderer$StarSettings with maxs=true frames=true
[Architectury Transformer DEBUG] Transformed com/github/starcatcher21/stargazer/renderer/SkyStarRenderer$StarSettings in 480.7 μs
[Architectury Transformer DEBUG] Transforming from com/github/starcatcher21/stargazer/renderer/CustomRederPipelines.class to com/github/starcatcher21/stargazer/renderer/CustomRederPipelines.class with 5 transformer(s) on dev.architectury.transformer.handler.TinyRemapperPreparedTransformerHandler
[Architectury Transformer DEBUG] Found class transformer
[Architectury Transformer DEBUG] Writing com/github/starcatcher21/stargazer/renderer/CustomRederPipelines with maxs=true frames=true
[Architectury Transformer DEBUG] Transformed com/github/starcatcher21/stargazer/renderer/CustomRederPipelines in 323.2 μs
[Architectury Transformer DEBUG] Transforming from com/github/starcatcher21/stargazer/compat/StargazingCategory.class to com/github/starcatcher21/stargazer/compat/StargazingCategory.class with 5 transformer(s) on dev.architectury.transformer.handler.TinyRemapperPreparedTransformerHandler
[Architectury Transformer DEBUG] Found class transformer
[Architectury Transformer DEBUG] Writing com/github/starcatcher21/stargazer/compat/StargazingCategory with maxs=true frames=true
[Architectury Transformer DEBUG] Transformed com/github/starcatcher21/stargazer/compat/StargazingCategory in 417.1 μs
[Architectury Transformer DEBUG] Transforming from com/github/starcatcher21/stargazer/renderer/CustomRenderLayers.class to com/github/starcatcher21/stargazer/renderer/CustomRenderLayers.class with 5 transformer(s) on dev.architectury.transformer.handler.TinyRemapperPreparedTransformerHandler
[Architectury Transformer DEBUG] Found class transformer
[Architectury Transformer DEBUG] Writing com/github/starcatcher21/stargazer/renderer/CustomRenderLayers with maxs=true frames=true
[Architectury Transformer DEBUG] Transformed com/github/starcatcher21/stargazer/renderer/CustomRenderLayers in 260.1 μs
[Architectury Transformer DEBUG] Transforming from com/github/starcatcher21/stargazer/screens/recipe/serializer/ShapedStarforgeRecipeDisplay.class to com/github/starcatcher21/stargazer/screens/recipe/serializer/ShapedStarforgeRecipeDisplay.class with 5 transformer(s) on dev.architectury.transformer.handler.TinyRemapperPreparedTransformerHandler
[Architectury Transformer DEBUG] Found class transformer
[Architectury Transformer DEBUG] Writing com/github/starcatcher21/stargazer/screens/recipe/serializer/ShapedStarforgeRecipeDisplay with maxs=true frames=true
[Architectury Transformer DEBUG] Transformed com/github/starcatcher21/stargazer/screens/recipe/serializer/ShapedStarforgeRecipeDisplay in 2.434 ms
[Architectury Transformer DEBUG] Transforming from com/github/starcatcher21/stargazer/screens/recipe/serializer/ShapedMoonWelderRecipeDisplay.class to com/github/starcatcher21/stargazer/screens/recipe/serializer/ShapedMoonWelderRecipeDisplay.class with 5 transformer(s) on dev.architectury.transformer.handler.TinyRemapperPreparedTransformerHandler
[Architectury Transformer DEBUG] Found class transformer
[Architectury Transformer DEBUG] Writing com/github/starcatcher21/stargazer/screens/recipe/serializer/ShapedMoonWelderRecipeDisplay with maxs=true frames=true
[Architectury Transformer DEBUG] Transformed com/github/starcatcher21/stargazer/screens/recipe/serializer/ShapedMoonWelderRecipeDisplay in 1.183 ms
[Architectury Transformer DEBUG] Transforming from com/github/starcatcher21/stargazer/screens/recipe/serializer/StarCrusherRecipeDisplay.class to com/github/starcatcher21/stargazer/screens/recipe/serializer/StarCrusherRecipeDisplay.class with 5 transformer(s) on dev.architectury.transformer.handler.TinyRemapperPreparedTransformerHandler
[Architectury Transformer DEBUG] Found class transformer
[Architectury Transformer DEBUG] Writing com/github/starcatcher21/stargazer/screens/recipe/serializer/StarCrusherRecipeDisplay with maxs=true frames=true
[Architectury Transformer DEBUG] Transformed com/github/starcatcher21/stargazer/screens/recipe/serializer/StarCrusherRecipeDisplay in 481.9 μs
